timestamp,middleware_tddl_read_table_rt
1747042380000,0.8983
1747042440000,0.8531
1747042500000,0.8854
1747042560000,0.9305
1747042620000,0.8794
1747042680000,0.9324
1747042740000,0.9472
1747042800000,0.876
1747042860000,0.9381
1747042920000,0.9377
1747042980000,0.9775
1747043040000,0.8668
1747043100000,1.0601
1747043160000,1.2682
1747043220000,0.8443
1747043280000,0.9628
1747043340000,1.2315
1747043400000,0.9423
1747043460000,1.0355
1747043520000,0.8265
1747043580000,0.8152
1747043640000,0.8288
1747043700000,0.924
1747043760000,0.848
1747043820000,0.9114
1747043880000,0.8675
1747043940000,0.8945
1747044000000,0.9124
1747044060000,0.9566
1747044120000,1.0488
1747044180000,0.9551
1747044240000,0.8828
1747044300000,0.9383
1747044360000,0.8302
1747044420000,0.9253
1747044480000,1.0012
1747044540000,0.9199
1747044600000,0.8837
1747044660000,0.9462
1747044720000,0.9158
1747044780000,0.9919
1747044840000,0.8586
1747044900000,0.9561
1747044960000,1.257
1747045020000,0.8859
1747045080000,0.8965
1747045140000,1.2754
1747045200000,0.9752
1747045260000,1.0126
1747045320000,0.8266
1747045380000,0.8244
1747045440000,0.8186
1747045500000,0.9223
1747045560000,0.8925
1747045620000,0.8919
1747045680000,0.8559
1747045740000,0.8298
1747045800000,0.855
1747045860000,0.9605
1747045920000,1.078
1747045980000,0.9475
1747046040000,0.8462
1747046100000,0.9087
1747046160000,0.8041
1747046220000,0.9008
1747046280000,1.0498
1747046340000,0.8573
1747046400000,0.9429
1747046460000,0.9333
1747046520000,0.9035
1747046580000,1.0085
1747046640000,0.9038
1747046700000,0.9271
1747046760000,1.1496
1747046820000,1.1058
1747046880000,0.9114
1747046940000,1.3297
1747047000000,0.9829
1747047060000,1.0474
1747047120000,0.8279
1747047180000,0.8162
1747047240000,0.8059
1747047300000,0.8984
1747047360000,0.9533
1747047420000,0.8993
1747047480000,0.8582
1747047540000,0.8621
1747047600000,0.8947
1747047660000,0.9862
1747047720000,0.9911
1747047780000,1.1543
1747047840000,0.8649
1747047900000,0.9225
1747047960000,0.8096
1747048020000,0.9236
1747048080000,1.0224
1747048140000,0.8853
1747048200000,0.9468
1747048260000,0.9414
1747048320000,0.946
1747048380000,0.9401
1747048440000,0.9393
1747048500000,0.9264
1747048560000,1.0445
1747048620000,1.2157
1747048680000,0.9173
1747048740000,1.055
1747048800000,1.1716
1747048860000,1.0219
1747048920000,0.8844
1747048980000,0.8129
1747049040000,0.8022
1747049100000,0.8651
1747049160000,0.9096
1747049220000,0.887
1747049280000,0.8471
1747049340000,0.8086
1747049400000,0.8965
1747049460000,0.9477
1747049520000,0.9302
1747049580000,1.1167
1747049640000,0.8774
1747049700000,0.9537
1747049760000,0.8036
1747049820000,0.9416
1747049880000,0.9969
1747049940000,0.8617
1747050000000,0.9029
1747050060000,0.9003
1747050120000,0.9565
1747050180000,0.9523
1747050240000,0.9355
1747050300000,0.8874
1747050360000,1.1007
1747050420000,1.2323
1747050480000,0.8894
1747050540000,0.9828
1747050600000,1.2754
1747050660000,0.9089
1747050720000,1.0904
1747050780000,0.8089
1747050840000,0.7987
1747050900000,0.8696
1747050960000,0.9025
1747051020000,0.8753
1747051080000,0.8682
1747051140000,0.7996
1747051200000,0.9202
1747051260000,0.9603
1747051320000,0.9634
1747051380000,1.1312
1747051440000,0.8483
1747051500000,0.9506
1747051560000,0.8296
1747051620000,0.9279
1747051680000,0.9272
1747051740000,0.931
1747051800000,0.9353
1747051860000,0.8994
1747051920000,0.9502
1747051980000,0.9295
1747052040000,0.945
1747052100000,0.8692
1747052160000,1.0822
1747052220000,1.3045
1747052280000,0.9962
1747052340000,0.8312
1747052400000,1.3993
1747052460000,0.9397
1747052520000,1.0604
1747052580000,0.8153
1747052640000,0.793
1747052700000,0.8427
1747052760000,0.9306
1747052820000,0.8659
1747052880000,0.8525
1747052940000,0.8445
1747053000000,0.9143
1747053060000,0.8822
1747053120000,0.9613
1747053180000,1.0463
1747053240000,0.9169
1747053300000,0.8639
1747053360000,0.9011
1747053420000,0.8874
1747053480000,0.996
1747053540000,0.9349
1747053600000,1.0258
1747053660000,0.8684
1747053720000,0.9736
1747053780000,0.9578
1747053840000,0.9778
1747053900000,0.8565
1747053960000,1.0201
1747054020000,1.107
1747054080000,1.0978
1747054140000,0.8562
1747054200000,1.3687
1747054260000,1.0958
1747054320000,1.0856
1747054380000,0.8069
1747054440000,0.8081
1747054500000,0.8322
1747054560000,0.9714
1747054620000,0.8783
1747054680000,0.8839
1747054740000,0.8626
1747054800000,0.9192
1747054860000,0.8765
1747054920000,0.9854
1747054980000,1.1387
1747055040000,0.9643
1747055100000,0.8485
1747055160000,0.9005
1747055220000,0.7969
1747055280000,0.9906
1747055340000,1.0007
1747055400000,0.9941
1747055460000,0.9469
1747055520000,0.9503
1747055580000,0.9342
1747055640000,0.9872
1747055700000,0.9071
1747055760000,0.9763
1747055820000,1.1724
1747055880000,1.206
1747055940000,0.921
1747056000000,1.2204
1747056060000,1.3149
1747056120000,1.0772
1747056180000,0.7939
1747056240000,0.8258
1747056300000,0.7976
1747056360000,0.8835
1747056420000,0.9147
1747056480000,0.9133
1747056540000,0.8694
1747056600000,0.8642
1747056660000,0.9013
1747056720000,1.0106
1747056780000,1.0188
1747056840000,1.1322
1747056900000,0.8694
1747056960000,0.9389
1747057020000,0.7948
1747057080000,0.936
1747057140000,1.0489
1747057200000,0.9695
1747057260000,0.9078
1747057320000,1.0761
1747057380000,0.9427
1747057440000,0.9761
1747057500000,0.9097
1747057560000,0.9714
1747057620000,1.0814
1747057680000,1.3595
1747057740000,0.9524
1747057800000,1.1265
1747057860000,1.3828
1747057920000,0.9868
1747057980000,0.9777
1747058040000,0.8196
1747058100000,0.7845
1747058160000,0.9115
1747058220000,0.91
1747058280000,0.9093
1747058340000,0.8981
1747058400000,0.8529
1747058460000,1.0137
1747058520000,1.0
1747058580000,0.9715
1747058640000,1.3172
1747058700000,0.8727
1747058760000,1.0141
1747058820000,0.7982
1747058880000,1.0386
1747058940000,1.2359
1747059000000,0.9586
1747059060000,0.9854
1747059120000,1.1026
1747059180000,1.0308
1747059240000,1.0872
1747059300000,1.0508
1747059360000,0.9776
1747059420000,1.5762
1747059480000,1.6356
1747059540000,0.9984
1747059600000,1.0493
1747059660000,2.1391
1747059720000,1.0009
1747059780000,1.0515
1747059840000,0.8208
1747059900000,0.7917
1747059960000,0.9161
1747060020000,0.9937
1747060080000,1.022
1747060140000,0.9667
1747060200000,0.9237
1747060260000,0.9577
1747060320000,1.2272
1747060380000,1.0342
1747060440000,1.4643
1747060500000,0.79
1747060560000,1.0565
1747060620000,0.8129
1747060680000,1.1124
1747060740000,1.3008
1747060800000,0.9297
1747060860000,1.1866
1747060920000,1.1125
1747060980000,1.1229
1747061040000,1.2899
1747061100000,1.0454
1747061160000,0.8106
1747061220000,1.5521
1747061280000,1.514
1747061340000,1.4747
1747061400000,0.8538
1747061460000,2.0853
1747061520000,1.1736
1747061580000,1.3805
1747061640000,0.8168
1747061700000,0.7674
1747061760000,0.9529
1747061820000,1.0211
1747061880000,1.0885
1747061940000,0.9292
1747062000000,0.9052
1747062060000,1.1517
1747062120000,1.2532
1747062180000,1.2471
1747062240000,1.5777
1747062300000,0.8826
1747062360000,1.1494
1747062420000,0.8229
1747062480000,1.1838
1747062540000,1.3512
1747062600000,1.0245
1747062660000,1.0841
1747062720000,1.1146
1747062780000,1.4896
1747062840000,1.2333
1747062900000,1.1641
1747062960000,0.8727
1747063020000,1.4726
1747063080000,1.5805
1747063140000,1.511
1747063200000,0.784
1747063260000,1.9486
1747063320000,1.7498
1747063380000,1.4142
1747063440000,0.8424
1747063500000,0.8012
1747063560000,0.9407
1747063620000,1.0176
1747063680000,1.1103
1747063740000,1.0098
1747063800000,0.806
1747063860000,1.152
1747063920000,1.1661
1747063980000,1.1752
1747064040000,1.5047
1747064100000,0.9727
1747064160000,1.0955
1747064220000,0.8449
1747064280000,0.971
1747064340000,1.3333
1747064400000,1.3271
1747064460000,1.1985
1747064520000,1.133
1747064580000,1.4006
1747064640000,1.1304
1747064700000,1.1478
1747064760000,1.0108
1747064820000,1.5785
1747064880000,1.3812
1747064940000,1.9683
1747065000000,0.8087
1747065060000,2.0388
1747065120000,1.8138
1747065180000,1.3674
1747065240000,0.8733
1747065300000,0.7994
1747065360000,0.8643
1747065420000,0.9583
1747065480000,1.078
1747065540000,0.9943
1747065600000,0.8884
1747065660000,1.0977
1747065720000,0.9678
1747065780000,1.2015
1747065840000,1.4053
1747065900000,1.4179
1747065960000,0.9342
1747066020000,1.1219
1747066080000,0.8311
1747066140000,1.3643
1747066200000,1.5645
1747066260000,1.2647
1747066320000,1.0602
1747066380000,1.3528
1747066440000,1.3687
1747066500000,1.4749
1747066560000,0.965
1747066620000,1.4831
1747066680000,1.5322
1747066740000,2.1491
1747066800000,1.1944
1747066860000,2.847
1747066920000,2.9304
1747066980000,1.1752
1747067040000,1.2637
1747067100000,0.8729
1747067160000,0.8694
1747067220000,0.903
1747067280000,1.243
1747067340000,1.0922
1747067400000,1.1089
1747067460000,1.2884
1747067520000,1.1044
1747067580000,1.1295
1747067640000,1.3002
1747067700000,1.9948
1747067760000,0.8268
1747067820000,1.2603
1747067880000,0.8586
1747067940000,1.3695
1747068000000,1.5849
1747068060000,1.2808
1747068120000,1.287
1747068180000,1.6155
1747068240000,1.3727
1747068300000,1.4407
1747068360000,1.1034
1747068420000,1.2377
1747068480000,1.9272
1747068540000,2.2583
1747068600000,1.3928
1747068660000,1.4192
1747068720000,3.4067
1747068780000,1.2007
1747068840000,1.1166
1747068900000,0.8638
1747068960000,0.82
1747069020000,0.9272
1747069080000,0.9993
1747069140000,1.3795
1747069200000,1.1375
1747069260000,1.1738
1747069320000,1.1688
1747069380000,1.1071
1747069440000,1.4947
1747069500000,2.3369
1747069560000,0.8447
1747069620000,1.3654
1747069680000,0.8754
1747069740000,1.6789
1747069800000,1.8504
1747069860000,1.415
1747069920000,1.6253
1747069980000,1.8877
1747070040000,1.4644
1747070100000,1.4013
1747070160000,1.3557
1747070220000,0.876
1747070280000,2.7211
1747070340000,1.864
1747070400000,1.8299
1747070460000,1.0576
1747070520000,3.1341
1747070580000,2.8295
1747070640000,1.1798
1747070700000,0.8864
1747070760000,0.841
1747070820000,1.0807
1747070880000,1.2563
1747070940000,1.5089
1747071000000,1.2926
1747071060000,1.1293
1747071120000,1.5569
1747071180000,1.3071
1747071240000,1.7497
1747071300000,3.2283
1747071360000,0.8674
1747071420000,1.9407
1747071480000,0.9428
1747071540000,2.1215
1747071600000,2.0952
1747071660000,2.1842
1747071720000,1.4482
1747071780000,2.4633
1747071840000,1.799
1747071900000,2.0449
1747071960000,1.9666
1747072020000,0.9646
1747072080000,3.2823
1747072140000,3.0114
1747072200000,2.6309
1747072260000,1.5203
1747072320000,4.2101
1747072380000,3.6109
1747072440000,2.2148
1747072500000,1.0137
1747072560000,0.8976
1747072620000,1.0442
1747072680000,1.2278
1747072740000,2.0151
1747072800000,1.8752
1747072860000,1.4229
1747072920000,2.052
1747072980000,1.6525
1747073040000,1.944
1747073100000,3.5635
1747073160000,0.8624
1747073220000,1.7642
1747073280000,0.9804
1747073340000,2.0222
1747073400000,2.4331
1747073460000,1.547
1747073520000,2.0405
1747073580000,2.4334
1747073640000,1.6481
1747073700000,2.8111
1747073760000,2.5448
1747073820000,0.9879
1747073880000,2.8708
1747073940000,4.3518
1747074000000,3.8881
1747074060000,1.4125
1747074120000,3.2644
1747074180000,5.4591
1747074240000,2.5327
1747074300000,1.1271
1747074360000,0.9312
1747074420000,1.0686
1747074480000,1.0962
1747074540000,1.9637
1747074600000,1.3696
1747074660000,1.4117
1747074720000,1.4099
1747074780000,2.0797
1747074840000,1.683
1747074900000,3.1497
1747074960000,1.967
1747075020000,2.2865
1747075080000,1.0463
1747075140000,1.3609
1747075200000,3.8587
1747075260000,2.2639
1747075320000,2.5142
1747075380000,3.099
1747075440000,2.9633
1747075500000,3.1407
1747075560000,2.6207
1747075620000,1.1175
1747075680000,3.5794
1747075740000,3.25
1747075800000,5.0504
1747075860000,1.2331
1747075920000,3.3736
1747075980000,7.731
1747076040000,2.9431
1747076100000,1.1954
1747076160000,0.9801
1747076220000,1.0595
1747076280000,1.1811
1747076340000,2.7509
1747076400000,1.7374
1747076460000,1.0277
1747076520000,2.7621
1747076580000,1.9515
1747076640000,1.831
1747076700000,2.8136
1747076760000,2.4391
1747076820000,2.1027
1747076880000,1.1374
1747076940000,1.0069
1747077000000,2.9519
1747077060000,4.6541
1747077120000,2.7859
1747077180000,2.3309
1747077240000,3.1597
1747077300000,2.5421
1747077360000,2.9544
1747077420000,1.5597
1747077480000,3.1295
1747077540000,3.5173
1747077600000,4.6108
1747077660000,2.164
1747077720000,2.5739
1747077780000,8.8561
1747077840000,3.6059
1747077900000,1.0299
1747077960000,1.1852
1747078020000,1.104
1747078080000,1.1316
1747078140000,2.5995
1747078200000,1.6583
1747078260000,1.1103
1747078320000,2.7668
1747078380000,2.1147
1747078440000,2.7561
1747078500000,2.8021
1747078560000,4.3152
1747078620000,1.9992
1747078680000,1.5537
1747078740000,1.1588
1747078800000,2.8301
1747078860000,4.3646
1747078920000,2.8451
1747078980000,2.6771
1747079040000,3.8148
1747079100000,2.9235
1747079160000,2.9917
1747079220000,1.8103
1747079280000,2.36
1747079340000,4.1247
1747079400000,3.695
1747079460000,2.8256
1747079520000,2.5942
1747079580000,4.7551
1747079640000,6.3028
1747079700000,1.3122
1747079760000,1.1305
1747079820000,1.0541
1747079880000,1.0838
1747079940000,1.6052
1747080000000,1.9867
1747080060000,1.6946
1747080120000,2.6689
1747080180000,2.0261
1747080240000,2.6436
1747080300000,2.6523
1747080360000,3.6889
1747080420000,0.9848
1747080480000,2.1533
1747080540000,1.2056
1747080600000,3.0592
1747080660000,3.0623
1747080720000,2.4682
1747080780000,2.5648
1747080840000,3.7275
1747080900000,3.2331
1747080960000,2.5717
1747081020000,2.5055
1747081080000,1.1588
1747081140000,4.1868
1747081200000,3.7887
1747081260000,3.9855
1747081320000,2.056
1747081380000,6.2205
1747081440000,5.3129
1747081500000,2.673
1747081560000,1.2332
1747081620000,1.0082
1747081680000,1.1342
1747081740000,1.8269
1747081800000,2.9606
1747081860000,1.8404
1747081920000,2.8759
1747081980000,2.0441
1747082040000,1.9735
1747082100000,3.3461
1747082160000,4.6381
1747082220000,0.9695
1747082280000,2.1633
1747082340000,1.2291
1747082400000,3.977
1747082460000,3.366
1747082520000,3.0909
1747082580000,3.6506
1747082640000,3.5569
1747082700000,2.6663
1747082760000,2.7297
1747082820000,2.9653
1747082880000,1.2104
1747082940000,3.6468
1747083000000,5.1819
1747083060000,3.2139
1747083120000,2.2401
1747083180000,6.1133
1747083240000,5.5744
1747083300000,3.8224
1747083360000,1.1221
1747083420000,1.0573
1747083480000,1.1362
1747083540000,1.119
1747083600000,2.4488
1747083660000,1.5654
1747083720000,1.9264
1747083780000,2.2339
1747083840000,2.2122
1747083900000,2.7008
1747083960000,3.5652
1747084020000,1.3603
1747084080000,2.1749
1747084140000,1.1436
1747084200000,2.6284
1747084260000,3.1047
1747084320000,2.383
1747084380000,1.9375
1747084440000,2.8178
1747084500000,2.1465
1747084560000,2.3723
1747084620000,2.3392
1747084680000,0.9655
1747084740000,3.4051
1747084800000,3.6094
1747084860000,3.9906
1747084920000,1.8126
1747084980000,2.8744
1747085040000,6.5987
1747085100000,2.2633
1747085160000,1.1353
1747085220000,1.0046
1747085280000,1.1092
1747085340000,1.1342
1747085400000,2.3315
1747085460000,1.5689
1747085520000,1.4746
1747085580000,1.7939
1747085640000,1.5934
1747085700000,2.1068
1747085760000,2.1363
1747085820000,2.4166
1747085880000,2.6027
1747085940000,1.0927
1747086000000,0.9417
1747086060000,3.49
1747086120000,2.1694
1747086180000,1.0982
1747086240000,2.6435
1747086300000,1.7387
1747086360000,2.0255
1747086420000,2.0655
1747086480000,0.9399
1747086540000,2.3428
1747086600000,2.2875
1747086660000,3.3659
1747086720000,1.338
1747086780000,1.3507
1747086840000,4.3662
1747086900000,2.8021
1747086960000,1.0012
1747087020000,0.9371
1747087080000,0.8866
1747087140000,0.935
1747087200000,2.2763
1747087260000,1.2215
1747087320000,1.3033
1747087380000,1.332
1747087440000,1.8115
1747087500000,1.5088
1747087560000,2.0261
1747087620000,2.0468
1747087680000,1.725
1747087740000,0.9183
1747087800000,0.9622
1747087860000,2.1677
1747087920000,1.9296
1747087980000,1.5843
1747088040000,1.8864
1747088100000,1.7195
1747088160000,1.5838
1747088220000,1.4811
1747088280000,0.8547
1747088340000,1.6626
1747088400000,2.3184
1747088460000,2.4867
1747088520000,2.0128
1747088580000,1.1914
1747088640000,2.8386
1747088700000,2.475
1747088760000,0.9803
1747088820000,0.8954
1747088880000,0.9387
1747088940000,0.8896
1747089000000,1.8012
1747089060000,1.1245
1747089120000,1.059
1747089180000,1.1738
1747089240000,1.2289
1747089300000,1.3125
1747089360000,1.5947
1747089420000,1.4508
1747089480000,1.2193
1747089540000,0.8419
1747089600000,0.8737
1747089660000,1.4148
1747089720000,1.7164
1747089780000,1.267
1747089840000,1.1939
1747089900000,1.4656
1747089960000,1.2986
1747090020000,1.3905
1747090080000,0.9379
1747090140000,1.1791
1747090200000,1.6103
1747090260000,1.6989
1747090320000,1.1806
1747090380000,1.1393
1747090440000,1.9383
1747090500000,1.7169
1747090560000,0.9794
1747090620000,0.8304
1747090680000,0.8884
1747090740000,0.8313
1747090800000,1.3558
1747090860000,0.9932
1747090920000,0.8351
1747090980000,1.0575
1747091040000,0.9437
1747091100000,1.1685
1747091160000,0.9818
1747091220000,1.3705
1747091280000,0.9699
1747091340000,0.8744
1747091400000,0.8205
1747091460000,1.0677
1747091520000,1.3076
1747091580000,0.955
1747091640000,1.1474
1747091700000,1.1664
1747091760000,1.0399
1747091820000,0.9756
1747091880000,1.0675
1747091940000,0.8862
1747092000000,1.3838
1747092060000,1.3529
1747092120000,1.1435
1747092180000,0.898
1747092240000,1.2171
1747092300000,1.5134
1747092360000,0.9693
1747092420000,0.8284
1747092480000,0.8339
1747092540000,0.835
1747092600000,0.902
1747092660000,1.143
1747092720000,0.8552
1747092780000,1.0349
1747092840000,0.8736
1747092900000,1.2319
1747092960000,0.9284
1747093020000,1.2375
1747093080000,0.8275
1747093140000,0.978
1747093200000,0.8297
1747093260000,0.9824
1747093320000,1.2037
1747093380000,0.9681
1747093440000,0.9967
1747093500000,1.0327
1747093560000,0.9936
1747093620000,0.9535
1747093680000,1.0155
1747093740000,0.8128
1747093800000,1.1656
1747093860000,1.2225
1747093920000,1.0838
1747093980000,0.8723
1747094040000,1.015
1747094100000,1.4335
1747094160000,1.0328
1747094220000,0.8354
1747094280000,0.8359
1747094340000,0.8594
1747094400000,0.8617
1747094460000,1.1335
1747094520000,0.9036
1747094580000,0.9529
1747094640000,0.8938
1747094700000,1.041
1747094760000,0.9283
1747094820000,1.0522
1747094880000,0.8711
1747094940000,0.912
1747095000000,0.8306
1747095060000,0.9287
1747095120000,1.1002
1747095180000,0.9795
1747095240000,0.9395
1747095300000,0.9816
1747095360000,0.9739
1747095420000,0.9166
1747095480000,0.9831
1747095540000,0.8218
1747095600000,1.0496
1747095660000,1.1281
1747095720000,1.1261
1747095780000,0.9237
1747095840000,0.9811
1747095900000,1.211
1747095960000,1.1129
1747096020000,0.8436
1747096080000,0.8576
1747096140000,0.9017
1747096200000,0.8703
1747096260000,1.067
1747096320000,0.8957
1747096380000,0.9329
1747096440000,0.9128
1747096500000,1.0074
1747096560000,0.9267
1747096620000,0.9491
1747096680000,0.9559
1747096740000,0.95
1747096800000,0.8471
1747096860000,0.8522
1747096920000,1.1127
1747096980000,0.9754
1747097040000,0.9134
1747097100000,0.9527
1747097160000,0.9616
1747097220000,0.8982
1747097280000,0.9562
1747097340000,0.8341
1747097400000,1.0509
1747097460000,1.0883
1747097520000,1.1229
1747097580000,0.9176
1747097640000,0.9957
1747097700000,1.157
1747097760000,1.1253
1747097820000,0.8801
1747097880000,0.8442
1747097940000,0.9081
1747098000000,0.8608
1747098060000,1.0649
1747098120000,0.9084
1747098180000,0.8924
1747098240000,0.9116
1747098300000,0.9729
1747098360000,0.9463
1747098420000,0.9542
1747098480000,0.9507
1747098540000,0.9367
1747098600000,0.8475
1747098660000,0.8455
1747098720000,1.0539
1747098780000,1.0439
1747098840000,0.9709
1747098900000,1.0109
1747098960000,0.9481
1747099020000,0.9716
1747099080000,1.005
1747099140000,0.8424
1747099200000,0.9645
1747099260000,1.1058
1747099320000,1.1396
1747099380000,1.0372
1747099440000,0.9596
1747099500000,1.1469
1747099560000,1.1451
1747099620000,0.9046
1747099680000,0.8653
1747099740000,0.9296
1747099800000,0.8504
1747099860000,0.9834
1747099920000,0.9896
1747099980000,0.886
1747100040000,0.9325
1747100100000,0.9802
1747100160000,0.9951
1747100220000,1.0209
1747100280000,0.9648
1747100340000,0.9557
1747100400000,0.8604
1747100460000,0.8966
1747100520000,1.0592
1747100580000,1.1314
1747100640000,0.9829
1747100700000,1.0043
1747100760000,0.9792
1747100820000,1.0362
1747100880000,0.9967
1747100940000,0.8676
1747101000000,0.9801
1747101060000,1.0592
1747101120000,1.1707
1747101180000,1.0047
1747101240000,0.9372
1747101300000,1.0246
1747101360000,1.276
1747101420000,0.9266
1747101480000,0.8549
1747101540000,0.9206
1747101600000,0.8709
1747101660000,0.9264
1747101720000,1.0731
1747101780000,0.8915
1747101840000,0.8877
1747101900000,0.9662
1747101960000,1.0319
1747102020000,0.9955
1747102080000,0.982
1747102140000,0.9312
1747102200000,0.8565
1747102260000,0.8494
1747102320000,0.9568
1747102380000,1.1686
1747102440000,0.9316
1747102500000,1.0278
1747102560000,1.0068
1747102620000,1.0462
1747102680000,0.865
1747102740000,0.9521
1747102800000,0.8718
1747102860000,1.1614
1747102920000,1.1848
1747102980000,1.0284
1747103040000,0.881
1747103100000,1.0906
1747103160000,1.2438
1747103220000,0.9765
1747103280000,0.8667
1747103340000,0.9231
1747103400000,0.8512
1747103460000,0.8972
1747103520000,1.0803
1747103580000,0.8574
1747103640000,0.9284
1747103700000,0.9559
1747103760000,1.0824
1747103820000,0.9246
1747103880000,1.0751
1747103940000,0.9439
1747104000000,0.8757
1747104060000,0.8764
1747104120000,0.9538
1747104180000,1.1317
1747104240000,0.8925
1747104300000,1.0376
1747104360000,0.9821
1747104420000,1.0032
1747104480000,0.9093
1747104540000,0.9722
1747104600000,0.8405
1747104660000,1.1405
1747104720000,1.1864
1747104780000,1.0179
1747104840000,0.8863
1747104900000,1.0159
1747104960000,1.1743
1747105020000,1.1222
1747105080000,0.8766
1747105140000,0.8851
1747105200000,0.9202
1747105260000,0.8692
1747105320000,1.1205
1747105380000,0.8778
1747105440000,0.9768
1747105500000,0.9016
1747105560000,1.0924
1747105620000,0.9034
1747105680000,1.0635
1747105740000,0.9408
1747105800000,0.9339
1747105860000,0.8552
1747105920000,0.8776
1747105980000,1.1412
1747106040000,1.016
1747106100000,0.9685
1747106160000,1.0412
1747106220000,0.974
1747106280000,0.929
1747106340000,0.9827
1747106400000,0.8519
1747106460000,1.084
1747106520000,1.0244
1747106580000,1.1045
1747106640000,0.885
1747106700000,1.0193
1747106760000,1.1163
1747106820000,1.208
1747106880000,0.8618
1747106940000,0.8818
1747107000000,0.8938
1747107060000,0.8796
1747107120000,1.048
1747107180000,0.9244
1747107240000,0.9456
1747107300000,0.9075
1747107360000,1.0684
1747107420000,0.9309
1747107480000,0.9813
1747107540000,1.008
1747107600000,0.9577
1747107660000,0.8515
1747107720000,0.853
1747107780000,1.1502
1747107840000,1.0158
1747107900000,0.9956
1747107960000,0.9928
1747108020000,1.0186
1747108080000,0.9272
1747108140000,1.0264
1747108200000,0.8369
1747108260000,0.9731
1747108320000,1.1235
1747108380000,1.1528
1747108440000,0.9813
1747108500000,0.9923
1747108560000,1.1321
1747108620000,1.2097
1747108680000,0.8909
1747108740000,0.8426
1747108800000,0.9448
1747108860000,0.8643
1747108920000,1.0055
1747108980000,0.9594
1747109040000,0.9083
1747109100000,0.8933
1747109160000,1.0213
1747109220000,1.0097
1747109280000,0.988
1747109340000,0.9568
1747109400000,0.9573
1747109460000,0.8461
1747109520000,0.8455
1747109580000,1.0629
1747109640000,1.1064
1747109700000,0.9511
1747109760000,0.9887
1747109820000,0.969
1747109880000,0.9351
1747109940000,0.9956
1747110000000,0.8359
1747110060000,0.9483
1747110120000,1.1565
1747110180000,1.1482
1747110240000,1.0115
1747110300000,0.9693
1747110360000,1.0304
1747110420000,1.3906
1747110480000,0.9076
1747110540000,0.8317
1747110600000,0.9689
1747110660000,0.8331
1747110720000,0.9095
1747110780000,1.067
1747110840000,0.9011
1747110900000,0.9415
1747110960000,0.9667
1747111020000,1.0057
1747111080000,0.9981
1747111140000,0.9429
1747111200000,0.9846
1747111260000,0.8304
1747111320000,0.8396
1747111380000,1.0632
1747111440000,1.1637
1747111500000,1.0156
1747111560000,1.0426
1747111620000,0.9989
1747111680000,0.9411
1747111740000,1.0034
1747111800000,0.8515
1747111860000,0.9785
1747111920000,1.1401
1747111980000,1.1537
1747112040000,1.0297
1747112100000,0.918
1747112160000,1.1125
1747112220000,1.2032
1747112280000,0.9944
1747112340000,0.8153
1747112400000,0.9914
1747112460000,0.8251
1747112520000,1.0165
1747112580000,1.0482
1747112640000,0.8613
1747112700000,0.9214
1747112760000,0.9759
1747112820000,0.9802
1747112880000,0.9929
1747112940000,0.9828
1747113000000,0.9339
1747113060000,0.8161
1747113120000,0.8146
1747113180000,0.9658
1747113240000,1.2067
1747113300000,0.8878
1747113360000,1.0523
1747113420000,0.9381
1747113480000,0.988
1747113540000,0.8856
1747113600000,0.9471
1747113660000,0.8842
1747113720000,1.2292
1747113780000,1.1975
1747113840000,1.1284
1747113900000,0.8266
1747113960000,1.1237
1747114020000,1.2744
1747114080000,1.0366
1747114140000,0.8184
1747114200000,0.8978
1747114260000,0.8529
1747114320000,0.9422
1747114380000,1.141
1747114440000,0.884
1747114500000,0.8867
1747114560000,1.0728
1747114620000,1.0104
1747114680000,0.9039
1747114740000,1.1085
1747114800000,0.9439
1747114860000,0.8092
1747114920000,0.8252
1747114980000,0.9484
1747115040000,1.278
1747115100000,0.9282
1747115160000,1.0818
1747115220000,1.0011
1747115280000,1.031
1747115340000,0.8654
1747115400000,1.0142
1747115460000,0.8297
1747115520000,1.134
1747115580000,1.2188
1747115640000,1.1782
1747115700000,0.834
1747115760000,1.0268
1747115820000,1.2323
1747115880000,1.1589
1747115940000,0.8224
1747116000000,0.9649
1747116060000,0.8378
1747116120000,0.9102
1747116180000,1.1103
1747116240000,0.8398
1747116300000,0.954
1747116360000,0.9417
1747116420000,1.0728
1747116480000,0.8864
1747116540000,1.0921
1747116600000,0.972
1747116660000,0.8671
1747116720000,0.8307
1747116780000,0.8289
1747116840000,1.2438
1747116900000,0.9971
1747116960000,1.0648
1747117020000,0.9789
1747117080000,1.0118
1747117140000,0.9262
1747117200000,1.027
1747117260000,0.8213
1747117320000,1.0645
1747117380000,1.258
1747117440000,1.2503
1747117500000,0.8801
1747117560000,1.064
1747117620000,1.0993
1747117680000,1.269
1747117740000,0.8371
1747117800000,0.863
1747117860000,0.8948
1747117920000,0.8605
1747117980000,1.0326
1747118040000,0.9975
1747118100000,0.9576
1747118160000,0.9135
1747118220000,1.0333
1747118280000,0.8776
1747118340000,0.9955
1747118400000,0.9927
1747118460000,0.9499
1747118520000,0.8276
1747118580000,0.8241
1747118640000,1.1682
1747118700000,1.0448
1747118760000,1.0446
1747118820000,1.038
1747118880000,0.9578
1747118940000,0.9452
1747119000000,1.0368
1747119060000,0.8248
1747119120000,0.9754
1747119180000,1.0984
1747119240000,1.1577
1747119300000,0.9776
1747119360000,1.0188
1747119420000,0.959
1747119480000,1.2529
1747119540000,0.9205
1747119600000,0.8649
1747119660000,0.9092
1747119720000,0.8641
1747119780000,0.8848
1747119840000,1.0662
1747119900000,0.9208
1747119960000,0.8709
1747120020000,0.9831
1747120080000,0.9713
1747120140000,0.9928
1747120200000,0.9318
1747120260000,0.9068
1747120320000,0.8191
1747120380000,0.8201
1747120440000,1.1185
1747120500000,1.108
1747120560000,0.9698
1747120620000,0.9421
1747120680000,0.9713
1747120740000,0.9233
1747120800000,0.9888
1747120860000,0.8257
1747120920000,0.9988
1747120980000,1.1068
1747121040000,1.1585
1747121100000,1.0593
1747121160000,0.9923
1747121220000,1.0486
1747121280000,1.2427
1747121340000,0.8843
1747121400000,0.8686
1747121460000,0.879
1747121520000,0.8671
1747121580000,0.9191
1747121640000,1.0493
1747121700000,0.9291
1747121760000,0.8734
1747121820000,0.9622
1747121880000,0.9883
1747121940000,0.9412
1747122000000,0.9287
1747122060000,0.9065
1747122120000,0.8243
1747122180000,0.8166
1747122240000,1.0937
1747122300000,1.1151
1747122360000,0.9576
1747122420000,1.0381
1747122480000,0.9734
1747122540000,0.9093
1747122600000,0.9929
1747122660000,0.8786
1747122720000,0.967
1747122780000,1.102
1747122840000,1.1373
1747122900000,1.0378
1747122960000,0.9424
1747123020000,1.0238
1747123080000,1.1155
1747123140000,0.9544
1747123200000,0.8409
1747123260000,0.9414
1747123320000,0.8448
1747123380000,0.9171
1747123440000,1.0435
1747123500000,0.8774
1747123560000,0.917
1747123620000,0.9342
1747123680000,0.9931
1747123740000,0.9365
1747123800000,0.9665
1747123860000,0.9018
1747123920000,0.8307
1747123980000,0.8213
1747124040000,0.9811
1747124100000,1.1232
1747124160000,0.8691
1747124220000,1.0246
1747124280000,0.948
1747124340000,0.9027
1747124400000,0.8579
1747124460000,0.961
1747124520000,0.8843
1747124580000,1.0955
1747124640000,1.0947
1747124700000,1.0332
1747124760000,0.8762
1747124820000,1.0414
1747124880000,1.1413
1747124940000,1.071
1747125000000,0.8491
1747125060000,0.9194
1747125120000,0.8246
1747125180000,0.8944
1747125240000,1.02
1747125300000,0.8563
1747125360000,0.9297
1747125420000,0.8978
1747125480000,0.9555
1747125540000,0.8689
1747125600000,0.9795
1747125660000,0.9135
1747125720000,0.8357
1747125780000,0.8355
1747125840000,0.849
1747125900000,1.1878
1747125960000,0.872
1747126020000,1.0566
1747126080000,0.9396
1747126140000,0.958
1747126200000,0.8785
1747126260000,0.9508
1747126320000,0.8315
1747126380000,1.0826
1747126440000,1.0854
1747126500000,1.105
1747126560000,0.8514
1747126620000,1.019
1747126680000,1.0386
1747126740000,1.0817
1747126800000,0.8573
1747126860000,0.9093
1747126920000,0.852
1747126980000,0.9165
1747127040000,0.8723
1747127100000,1.0911
1747127160000,0.8835
1747127220000,0.9225
1747127280000,0.9915
1747127340000,0.8963
1747127400000,1.0065
1747127460000,0.9089
1747127520000,0.8299
1747127580000,0.82
1747127640000,0.8312
1747127700000,1.1364
1747127760000,0.9264
1747127820000,0.9948
1747127880000,0.9404
1747127940000,0.9808
1747128000000,0.8915
1747128060000,0.9973
1747128120000,0.8206
1747128180000,1.0162
1747128240000,0.9931
1747128300000,1.1351
1747128360000,0.8757
1747128420000,1.0408
1747128480000,1.0016
1747128540000,1.2251
1747128600000,0.8936
1747128660000,0.8812
1747128720000,0.8418
1747128780000,0.849
1747128840000,0.8472
1747128900000,1.0205
1747128960000,0.8757
1747129020000,0.8882
1747129080000,0.9579
1747129140000,0.8577
1747129200000,0.9941
1747129260000,0.9211
1747129320000,0.8657
1747129380000,0.8304
1747129440000,0.834
1747129500000,1.111
1747129560000,0.9321
1747129620000,0.9755
1747129680000,0.9657
1747129740000,0.9644
1747129800000,0.9002
1747129860000,0.9725
1747129920000,0.8219
1747129980000,0.9981
1747130040000,1.0243
1747130100000,1.1304
1747130160000,0.9637
1747130220000,1.0009
1747130280000,1.0105
1747130340000,1.1325
1747130400000,0.9235
1747130460000,0.9127
1747130520000,0.8699
1747130580000,0.8663
1747130640000,0.9087
1747130700000,0.9879
1747130760000,0.958
1747130820000,0.8835
1747130880000,0.9437
1747130940000,0.9081
1747131000000,0.9039
1747131060000,0.9054
1747131120000,0.9058
1747131180000,0.8165
1747131240000,0.8312
1747131300000,1.0772
1747131360000,1.005
1747131420000,0.9575
1747131480000,0.9638
1747131540000,0.9722
1747131600000,0.8875
1747131660000,0.9696
1747131720000,0.8166
1747131780000,0.9574
1747131840000,1.0268
1747131900000,1.0619
1747131960000,0.9976
1747132020000,1.0246
1747132080000,1.0048
1747132140000,1.1306
1747132200000,0.9589
1747132260000,0.9056
1747132320000,0.8654
1747132380000,0.8393
1747132440000,0.8716
1747132500000,0.9414
1747132560000,0.9444
1747132620000,0.8553
1747132680000,0.9437
1747132740000,0.9384
1747132800000,0.8934
1747132860000,0.9121
1747132920000,0.9391
1747132980000,0.8285
1747133040000,0.8248
1747133100000,1.0225
1747133160000,1.08
1747133220000,0.9035
1747133280000,0.9831
1747133340000,0.921
1747133400000,0.9104
1747133460000,0.8898
1747133520000,0.8929
1747133580000,0.9381
1747133640000,1.0669
1747133700000,1.0761
1747133760000,1.0123
1747133820000,0.901
1747133880000,1.0545
1747133940000,1.0648
1747134000000,1.0433
1747134060000,0.8846
1747134120000,0.8539
1747134180000,0.848
1747134240000,0.8689
1747134300000,1.0024
1747134360000,0.9552
1747134420000,0.8582
1747134480000,0.9161
1747134540000,0.9537
1747134600000,0.9005
1747134660000,0.8915
1747134720000,0.8966
1747134780000,0.8085
1747134840000,0.8122
1747134900000,0.9292
1747134960000,1.1084
1747135020000,0.8251
1747135080000,1.0059
1747135140000,0.9327
1747135200000,0.9013
1747135260000,0.8636
1747135320000,0.8916
1747135380000,0.8388
1747135440000,1.0322
1747135500000,1.0638
1747135560000,1.1104
1747135620000,0.8444
1747135680000,1.0221
1747135740000,1.0507
1747135800000,1.1448
1747135860000,0.8719
1747135920000,0.9063
1747135980000,0.8304
1747136040000,0.8673
1747136100000,0.8605
1747136160000,1.0541
1747136220000,0.883
1747136280000,0.8744
1747136340000,0.9921
1747136400000,0.8782
1747136460000,0.9149
1747136520000,0.9043
1747136580000,0.8126
1747136640000,0.8156
1747136700000,0.8711
1747136760000,1.1658
1747136820000,0.8563
1747136880000,1.0616
1747136940000,0.9529
1747137000000,0.9146
1747137060000,0.842
1747137120000,0.9153
1747137180000,0.8028
1747137240000,1.0221
1747137300000,0.9598
1747137360000,1.1461
1747137420000,0.8453
1747137480000,0.9845
1747137540000,1.048
1747137600000,1.087
1747137660000,0.8824
1747137720000,0.9222
1747137780000,0.8103
1747137840000,0.9056
1747137900000,0.8398
1747137960000,1.0704
1747138020000,0.901
1747138080000,0.8638
1747138140000,0.9502
1747138200000,0.877
1747138260000,0.9368
1747138320000,0.8921
1747138380000,0.7951
1747138440000,0.8004
1747138500000,0.8302
1747138560000,1.1248
1747138620000,0.9319
1747138680000,1.0195
1747138740000,0.921
1747138800000,0.9252
1747138860000,0.8739
1747138920000,0.9392
1747138980000,0.8012
1747139040000,1.0768
1747139100000,0.9772
1747139160000,1.0813
1747139220000,0.9533
1747139280000,0.9622
1747139340000,1.0364
1747139400000,1.1577
1747139460000,0.9154
1747139520000,0.9065
1747139580000,0.8112
1747139640000,0.8946
1747139700000,0.8133
1747139760000,1.0041
1747139820000,0.9271
1747139880000,0.8725
1747139940000,0.936
1747140000000,0.8691
1747140060000,0.9848
1747140120000,0.8862
1747140180000,0.8059
1747140240000,0.8059
1747140300000,0.8008
1747140360000,1.1957
1747140420000,0.9035
1747140480000,1.0738
1747140540000,0.9343
1747140600000,0.993
1747140660000,0.8651
1747140720000,0.9591
1747140780000,0.7973
1747140840000,1.0268
1747140900000,0.9709
1747140960000,1.1707
1747141020000,0.9456
1747141080000,1.0081
1747141140000,1.0162
1747141200000,1.1639
1747141260000,0.8644
1747141320000,1.0052
1747141380000,0.8238
1747141440000,0.8873
1747141500000,0.8413
1747141560000,1.0607
1747141620000,0.9382
1747141680000,0.9004
1747141740000,0.9404
1747141800000,0.8998
1747141860000,0.971
1747141920000,0.8972
1747141980000,0.8626
1747142040000,0.8023
1747142100000,0.8033
1747142160000,1.0543
1747142220000,1.0183
1747142280000,1.0786
1747142340000,0.9512
1747142400000,1.0113
1747142460000,0.8482
1747142520000,0.9088
1747142580000,0.7904
1747142640000,1.0333
1747142700000,1.0274
1747142760000,1.2428
1747142820000,0.989
1747142880000,0.9833
1747142940000,0.9895
1747143000000,1.1261
1747143060000,1.0812
1747143120000,0.9208
1747143180000,0.8225
1747143240000,0.8545
1747143300000,0.8146
1747143360000,1.063
1747143420000,0.959
1747143480000,0.8992
1747143540000,0.8811
1747143600000,0.9691
1747143660000,0.9181
1747143720000,0.9247
1747143780000,0.9242
1747143840000,0.7795
1747143900000,0.7822
1747143960000,1.1042
1747144020000,1.1657
1747144080000,0.9787
1747144140000,1.1998
1747144200000,0.9485
1747144260000,0.9323
1747144320000,0.8634
1747144380000,0.8971
1747144440000,1.0707
1747144500000,1.0512
1747144560000,1.1442
1747144620000,1.2915
1747144680000,1.0026
1747144740000,1.1754
1747144800000,1.1231
1747144860000,1.372
1747144920000,0.9983
1747144980000,0.8915
1747145040000,0.8357
1747145100000,0.8182
1747145160000,1.0229
1747145220000,1.127
1747145280000,0.8981
1747145340000,0.9231
1747145400000,1.0482
1747145460000,0.9657
1747145520000,1.0663
1747145580000,1.0461
1747145640000,0.7915
1747145700000,0.7985
1747145760000,1.1078
1747145820000,1.3951
1747145880000,0.8873
1747145940000,1.3096
1747146000000,1.0484
1747146060000,0.9778
1747146120000,0.8796
1747146180000,1.0488
1747146240000,0.8627
1747146300000,1.3422
1747146360000,1.319
1747146420000,1.4952
1747146480000,0.9365
1747146540000,1.2999
1747146600000,1.232
1747146660000,1.3538
1747146720000,0.9182
1747146780000,0.9245
1747146840000,0.8389
1747146900000,0.8884
1747146960000,0.8946
1747147020000,1.377
1747147080000,0.8709
1747147140000,1.0308
1747147200000,0.9972
1747147260000,0.9958
1747147320000,1.0812
1747147380000,1.0794
1747147440000,0.7934
1747147500000,0.798
1747147560000,1.0377
1747147620000,1.5176
1747147680000,0.876
1747147740000,1.4089
1747147800000,1.1555
1747147860000,1.0219
1747147920000,0.8251
1747147980000,1.0439
1747148040000,0.7981
1747148100000,1.3657
1747148160000,1.1012
1747148220000,1.7105
1747148280000,1.094
1747148340000,1.2429
1747148400000,1.2789
1747148460000,1.4316
1747148520000,1.0501
1747148580000,0.9233
1747148640000,0.9199
1747148700000,0.8352
1747148760000,0.9272
1747148820000,1.6128
1747148880000,1.0182
1747148940000,0.947
1747149000000,1.2375
1747149060000,1.067
1747149120000,1.1107
1747149180000,1.1329
1747149240000,0.7987
1747149300000,0.8143
1747149360000,0.8993
1747149420000,1.6174
1747149480000,1.0477
1747149540000,1.4047
1747149600000,1.0808
1747149660000,1.0178
1747149720000,0.8274
1747149780000,1.1624
1747149840000,0.8012
1747149900000,1.5332
1747149960000,1.075
1747150020000,1.501
1747150080000,1.1406
1747150140000,1.2157
1747150200000,1.3277
1747150260000,1.4642
1747150320000,0.8257
1747150380000,0.9458
1747150440000,0.7896
1747150500000,0.8598
1747150560000,0.9161
1747150620000,1.3046
1747150680000,1.0777
1747150740000,0.9641
1747150800000,1.0996
1747150860000,0.9076
1747150920000,1.1585
1747150980000,1.0607
1747151040000,0.7883
1747151100000,0.7876
1747151160000,0.8289
1747151220000,1.6072
1747151280000,1.2033
1747151340000,1.4742
1747151400000,1.1515
1747151460000,1.0741
1747151520000,0.8425
1747151580000,1.1683
1747151640000,0.7999
1747151700000,1.3869
1747151760000,0.9938
1747151820000,1.5493
1747151880000,1.3329
1747151940000,1.1964
1747152000000,1.1093
1747152060000,1.4456
1747152120000,0.9621
1747152180000,0.9398
1747152240000,0.8023
1747152300000,0.8879
1747152360000,0.8753
1747152420000,1.6753
1747152480000,1.2373
1747152540000,0.9929
1747152600000,1.0881
1747152660000,1.1902
1747152720000,1.5017
1747152780000,1.1466
1747152840000,0.9617
1747152900000,0.8614
1747152960000,0.8521
1747153020000,1.6497
1747153080000,1.9421
1747153140000,1.6136
1747153200000,1.3941
1747153260000,1.5014
1747153320000,0.9518
1747153380000,1.4076
1747153440000,0.8414
1747153500000,1.62
1747153560000,1.4391
1747153620000,1.6076
1747153680000,2.1416
1747153740000,1.4244
1747153800000,1.4136
1747153860000,1.8221
1747153920000,1.5533
1747153980000,1.1158
1747154040000,0.8701
1747154100000,0.9249
1747154160000,0.874
1747154220000,1.9212
1747154280000,1.2804
1747154340000,1.1038
1747154400000,1.0824
1747154460000,1.2684
1747154520000,1.5196
1747154580000,1.0891
1747154640000,1.4381
1747154700000,0.8521
1747154760000,0.8654
1747154820000,1.6463
1747154880000,2.0188
1747154940000,1.3473
1747155000000,1.7981
1747155060000,1.546
1747155120000,0.8839
1747155180000,1.2822
1747155240000,0.9993
1747155300000,1.3433
1747155360000,1.3975
1747155420000,1.6207
1747155480000,2.6314
1747155540000,1.4661
1747155600000,1.48
1747155660000,1.8136
1747155720000,1.5842
1747155780000,1.0809
1747155840000,0.8437
1747155900000,0.9273
1747155960000,0.9375
1747156020000,1.1264
1747156080000,2.1207
1747156140000,1.0972
1747156200000,1.192
1747156260000,1.697
1747156320000,1.5027
1747156380000,1.2485
1747156440000,1.4547
1747156500000,0.8708
1747156560000,0.8704
1747156620000,1.6489
1747156680000,2.5345
1747156740000,1.4159
1747156800000,1.9313
1747156860000,1.431
1747156920000,1.3649
1747156980000,0.9597
1747157040000,1.6529
1747157100000,1.3742
1747157160000,1.543
1747157220000,2.2289
1747157280000,2.3765
1747157340000,1.325
1747157400000,1.9926
1747157460000,2.0375
1747157520000,2.1987
1747157580000,1.0073
1747157640000,0.8464
1747157700000,1.0526
1747157760000,1.1161
1747157820000,1.4249
1747157880000,2.8884
1747157940000,1.1461
1747158000000,1.2561
1747158060000,1.7939
1747158120000,1.6455
1747158180000,1.7872
1747158240000,1.4934
1747158300000,0.9455
1747158360000,0.9591
1747158420000,1.708
1747158480000,3.2204
1747158540000,1.4986
1747158600000,2.9821
1747158660000,1.4147
1747158720000,2.0502
1747158780000,1.0714
1747158840000,2.069
1747158900000,1.2427
1747158960000,2.7592
1747159020000,2.5483
1747159080000,2.6765
1747159140000,2.1777
1747159200000,2.3693
1747159260000,2.0787
1747159320000,2.6166
1747159380000,1.2601
1747159440000,1.3471
1747159500000,1.2237
1747159560000,1.4364
1747159620000,1.4008
1747159680000,3.5211
1747159740000,1.3537
1747159800000,1.4516
1747159860000,1.9388
1747159920000,2.1023
1747159980000,1.9485
1747160040000,2.0878
1747160100000,0.935
1747160160000,1.0094
1747160220000,2.2791
1747160280000,4.4679
1747160340000,1.6266
1747160400000,3.361
1747160460000,1.872
1747160520000,2.0771
1747160580000,1.0128
1747160640000,2.4424
1747160700000,0.9661
1747160760000,3.1995
1747160820000,1.7138
1747160880000,4.0086
1747160940000,2.78
1747161000000,2.6351
1747161060000,2.3562
1747161120000,3.0775
1747161180000,1.2827
1747161240000,1.303
1747161300000,0.983
1747161360000,1.19
1747161420000,1.6148
1747161480000,3.1946
1747161540000,1.8256
1747161600000,1.3777
1747161660000,2.254
1747161720000,2.0676
1747161780000,2.2676
1747161840000,2.0062
1747161900000,0.9566
1747161960000,0.9977
1747162020000,1.6804
1747162080000,3.6023
1747162140000,2.897
1747162200000,3.8023
1747162260000,1.9337
1747162320000,2.4591
1747162380000,1.2881
1747162440000,2.5092
1747162500000,0.9693
1747162560000,3.4712
1747162620000,1.5421
1747162680000,2.204
1747162740000,3.7752
1747162800000,2.4665
1747162860000,1.5805
1747162920000,3.3402
1747162980000,1.6471
1747163040000,1.1789
1747163100000,1.0289
1747163160000,1.0498
1747163220000,1.6487
1747163280000,2.3272
1747163340000,2.9247
1747163400000,1.634
1747163460000,2.3256
1747163520000,2.2483
1747163580000,2.8548
1747163640000,2.5487
1747163700000,1.0332
1747163760000,1.0589
1747163820000,1.0618
1747163880000,3.4388
1747163940000,3.1658
1747164000000,3.2743
1747164060000,2.1717
1747164120000,2.3543
1747164180000,1.0519
1747164240000,2.7717
1747164300000,1.0214
1747164360000,3.2851
1747164420000,2.1487
1747164480000,2.828
1747164540000,5.1844
1747164600000,2.7348
1747164660000,2.8824
1747164720000,4.1019
1747164780000,2.0795
1747164840000,1.2774
1747164900000,0.9559
1747164960000,1.3855
1747165020000,1.95
1747165080000,2.0695
1747165140000,4.1255
1747165200000,1.7821
1747165260000,1.8616
1747165320000,2.3107
1747165380000,3.4302
1747165440000,1.7907
1747165500000,2.0778
1747165560000,0.9683
1747165620000,1.0509
1747165680000,3.3457
1747165740000,4.6024
1747165800000,2.3497
1747165860000,3.7114
1747165920000,3.4434
1747165980000,1.1694
1747166040000,2.559
1747166100000,1.5932
1747166160000,2.2269
1747166220000,3.3538
1747166280000,3.3382
1747166340000,4.1515
1747166400000,2.8997
1747166460000,3.0497
1747166520000,4.2731
1747166580000,2.1219
1747166640000,1.2238
1747166700000,1.0465
1747166760000,1.0818
1747166820000,1.1849
1747166880000,2.1516
1747166940000,4.1409
1747167000000,1.4949
1747167060000,1.164
1747167120000,2.8701
1747167180000,2.7784
1747167240000,1.3286
1747167300000,2.273
1747167360000,0.9824
1747167420000,1.0491
1747167480000,2.8967
1747167540000,5.0424
1747167600000,3.0652
1747167660000,4.017
1747167720000,3.1515
1747167780000,1.1525
1747167840000,1.2096
1747167900000,2.5985
1747167960000,1.9632
1747168020000,2.791
1747168080000,3.7139
1747168140000,5.4383
1747168200000,2.8904
1747168260000,3.3947
1747168320000,3.6314
1747168380000,3.3574
1747168440000,1.1817
1747168500000,1.3484
1747168560000,1.2464
1747168620000,1.0713
1747168680000,1.7931
1747168740000,4.4614
1747168800000,2.3915
1747168860000,1.6496
1747168920000,3.0544
1747168980000,3.3051
1747169040000,1.7224
1747169100000,2.4828
1747169160000,1.1568
1747169220000,1.0839
1747169280000,2.5505
1747169340000,4.3885
1747169400000,2.2261
1747169460000,3.7361
1747169520000,2.3929
1747169580000,2.1306
1747169640000,1.1441
1747169700000,2.3916
1747169760000,2.5007
1747169820000,2.0758
1747169880000,2.8527
1747169940000,2.8402
1747170000000,3.29
1747170060000,3.0866
1747170120000,3.2864
1747170180000,3.3872
1747170240000,1.4868
1747170300000,1.2297
1747170360000,1.1027
1747170420000,1.0287
1747170480000,1.7503
1747170540000,3.9251
1747170600000,1.7514
1747170660000,1.5698
1747170720000,2.1163
1747170780000,2.5382
1747170840000,1.9887
1747170900000,2.2333
1747170960000,0.9956
1747171020000,1.0
1747171080000,2.34
1747171140000,3.8051
1747171200000,2.2047
1747171260000,3.8109
1747171320000,1.653
1747171380000,2.1868
1747171440000,1.0356
1747171500000,2.5413
1747171560000,1.7733
1747171620000,2.5264
1747171680000,2.2652
1747171740000,3.1157
1747171800000,3.7466
1747171860000,3.1775
1747171920000,2.8192
1747171980000,2.8441
1747172040000,1.5049
1747172100000,1.1541
1747172160000,1.0088
1747172220000,0.8978
1747172280000,1.4242
1747172340000,2.3831
1747172400000,2.3385
1747172460000,1.5476
1747172520000,1.6452
1747172580000,2.256
1747172640000,2.0669
1747172700000,2.1421
1747172760000,0.9609
1747172820000,0.9192
1747172880000,1.8056
1747172940000,2.2349
1747173000000,2.6448
1747173060000,2.9799
1747173120000,1.3531
1747173180000,1.6253
1747173240000,0.9644
1747173300000,1.8134
1747173360000,1.1219
1747173420000,2.0821
1747173480000,1.5343
1747173540000,2.4183
1747173600000,3.1363
1747173660000,1.8231
1747173720000,1.4718
1747173780000,2.2552
1747173840000,1.4378
1747173900000,1.174
1747173960000,0.949
1747174020000,0.9151
1747174080000,1.2416
1747174140000,1.4609
1747174200000,2.0106
1747174260000,1.2829
1747174320000,1.5175
1747174380000,1.5492
1747174440000,1.5829
1747174500000,1.6662
1747174560000,0.9088
1747174620000,0.861
1747174680000,1.3221
1747174740000,1.9644
1747174800000,2.5329
1747174860000,1.9542
1747174920000,1.4973
1747174980000,1.4188
1747175040000,0.9077
1747175100000,1.6806
1747175160000,0.8686
1747175220000,1.7184
1747175280000,1.1598
1747175340000,2.2509
1747175400000,2.6624
1747175460000,1.5517
1747175520000,1.25
1747175580000,1.9181
1747175640000,1.324
1747175700000,1.0031
1747175760000,0.9507
1747175820000,0.8601
1747175880000,1.044
1747175940000,1.287
1747176000000,1.5192
1747176060000,1.0593
1747176120000,1.4006
1747176180000,1.2648
1747176240000,1.2866
1747176300000,1.3024
1747176360000,0.8567
1747176420000,0.8194
1747176480000,0.9089
1747176540000,1.2905
1747176600000,1.8913
1747176660000,1.3016
1747176720000,1.4323
1747176780000,1.186
1747176840000,0.8535
1747176900000,1.0785
1747176960000,1.0502
1747177020000,1.3756
1747177080000,1.1475
1747177140000,1.5892
1747177200000,1.3925
1747177260000,1.6226
1747177320000,1.0545
1747177380000,1.4742
1747177440000,1.2206
1747177500000,0.9582
1747177560000,0.8725
1747177620000,0.9047
1747177680000,0.9276
1747177740000,1.0655
1747177800000,1.4643
1747177860000,1.0056
1747177920000,1.0087
1747177980000,1.0337
1747178040000,1.1083
1747178100000,0.8961
1747178160000,0.9794
1747178220000,0.8192
1747178280000,0.8368
1747178340000,1.1997
1747178400000,1.466
1747178460000,1.0364
1747178520000,1.2543
1747178580000,1.0041
1747178640000,0.8565
1747178700000,0.8305
1747178760000,1.1088
1747178820000,1.0697
1747178880000,1.0331
1747178940000,1.2048
1747179000000,1.2367
1747179060000,1.3857
1747179120000,1.1312
1747179180000,1.3241
1747179240000,1.1189
1747179300000,0.9769
1747179360000,0.8204
1747179420000,0.9161
1747179480000,0.8546
1747179540000,0.9253
1747179600000,1.2028
1747179660000,0.9268
1747179720000,0.8597
1747179780000,1.0627
1747179840000,1.0458
1747179900000,0.8004
1747179960000,0.9503
1747180020000,0.8025
1747180080000,0.8145
1747180140000,1.0552
1747180200000,1.2882
1747180260000,1.0645
1747180320000,1.0969
1747180380000,1.0187
1747180440000,0.9005
1747180500000,0.8039
1747180560000,0.9575
1747180620000,1.0165
1747180680000,1.0106
1747180740000,1.1408
1747180800000,1.0251
1747180860000,1.2659
1747180920000,1.103
1747180980000,1.0035
1747181040000,1.0712
1747181100000,0.9672
1747181160000,0.8852
1747181220000,0.9146
1747181280000,0.8318
1747181340000,0.8817
1747181400000,1.0055
1747181460000,1.0301
1747181520000,0.8845
1747181580000,1.0072
1747181640000,0.9727
1747181700000,0.8774
1747181760000,0.95
1747181820000,0.8297
1747181880000,0.8239
1747181940000,0.9068
1747182000000,1.0929
1747182060000,1.0981
1747182120000,1.1174
1747182180000,0.8989
1747182240000,0.9949
1747182300000,0.8309
1747182360000,0.9368
1747182420000,0.9634
1747182480000,0.9844
1747182540000,0.9984
1747182600000,0.8865
1747182660000,1.2951
1747182720000,1.0638
1747182780000,0.9744
1747182840000,1.0641
1747182900000,0.986
1747182960000,0.8909
1747183020000,0.8709
1747183080000,0.8481
1747183140000,0.8712
1747183200000,0.9514
1747183260000,1.0688
1747183320000,0.8948
1747183380000,0.9724
1747183440000,0.9525
1747183500000,0.8783
1747183560000,0.9502
1747183620000,0.832
1747183680000,0.8269
1747183740000,0.9252
1747183800000,1.0824
1747183860000,1.1067
1747183920000,1.0515
1747183980000,0.9193
1747184040000,1.0153
1747184100000,0.8437
1747184160000,0.991
1747184220000,0.9496
1747184280000,0.9626
1747184340000,0.9789
1747184400000,1.0253
1747184460000,1.1762
1747184520000,1.0891
1747184580000,0.9774
1747184640000,1.109
1747184700000,1.0279
1747184760000,0.8638
1747184820000,0.882
1747184880000,0.8403
1747184940000,0.878
1747185000000,0.9871
1747185060000,1.0298
1747185120000,0.9514
1747185180000,0.9764
1747185240000,0.9197
1747185300000,0.9426
1747185360000,0.9591
1747185420000,0.8385
1747185480000,0.8517
1747185540000,0.9424
1747185600000,0.9962
1747185660000,1.1083
1747185720000,1.0992
1747185780000,0.9534
1747185840000,0.9683
1747185900000,0.8511
1747185960000,0.9859
1747186020000,0.9144
1747186080000,0.9986
1747186140000,0.8794
1747186200000,1.1705
1747186260000,1.1012
1747186320000,1.2182
1747186380000,0.9366
1747186440000,1.0413
1747186500000,1.056
1747186560000,0.9273
1747186620000,0.8788
1747186680000,0.872
1747186740000,0.9101
1747186800000,0.9326
1747186860000,1.0681
1747186920000,0.9487
1747186980000,1.0023
1747187040000,0.9183
1747187100000,0.9529
1747187160000,0.9657
1747187220000,0.8504
1747187280000,0.851
1747187340000,0.9117
1747187400000,0.9179
1747187460000,1.1499
1747187520000,0.9936
1747187580000,0.9856
1747187640000,0.9691
1747187700000,0.8913
1747187760000,0.8622
1747187820000,0.9508
1747187880000,0.9999
1747187940000,0.9021
1747188000000,1.1644
1747188060000,1.0757
1747188120000,1.2022
1747188180000,0.9632
1747188240000,1.1021
1747188300000,1.0925
1747188360000,0.9106
1747188420000,0.886
1747188480000,0.899
1747188540000,0.914
1747188600000,0.9509
1747188660000,1.0617
1747188720000,0.9179
1747188780000,0.9456
1747188840000,0.9193
1747188900000,0.9403
1747188960000,0.9111
1747189020000,0.8897
1747189080000,0.8383
1747189140000,0.884
1747189200000,1.0438
1747189260000,1.0717
1747189320000,0.9998
1747189380000,0.9968
1747189440000,0.9558
1747189500000,0.883
1747189560000,0.8342
1747189620000,0.9656
1747189680000,0.9781
1747189740000,0.9593
1747189800000,1.164
1747189860000,0.9582
1747189920000,1.3435
1747189980000,0.9702
1747190040000,1.0887
1747190100000,0.9894
1747190160000,1.0749
1747190220000,0.8757
1747190280000,0.9278
1747190340000,0.9057
1747190400000,0.946
1747190460000,0.9432
1747190520000,1.0525
1747190580000,0.9618
1747190640000,0.9613
1747190700000,0.9377
1747190760000,0.8419
1747190820000,0.9566
1747190880000,0.8443
1747190940000,0.8321
1747191000000,1.0591
1747191060000,1.0338
1747191120000,1.069
1747191180000,1.0638
1747191240000,0.8836
1747191300000,0.9531
1747191360000,0.8359
1747191420000,0.9939
1747191480000,1.0126
1747191540000,0.9554
1747191600000,1.118
1747191660000,0.9414
1747191720000,1.4113
1747191780000,1.0101
1747191840000,1.0315
1747191900000,1.0141
1747191960000,1.0456
1747192020000,0.882
1747192080000,0.9568
1747192140000,0.8904
1747192200000,0.9024
1747192260000,0.9414
1747192320000,1.0459
1747192380000,0.8841
1747192440000,1.0046
1747192500000,0.9865
1747192560000,0.866
1747192620000,0.9453
1747192680000,0.8463
1747192740000,0.8612
1747192800000,0.9369
1747192860000,1.1283
1747192920000,1.0662
1747192980000,1.0609
1747193040000,0.8714
1747193100000,0.9666
1747193160000,0.8544
1747193220000,0.9801
1747193280000,1.0215
1747193340000,0.9871
1747193400000,1.0177
1747193460000,1.0671
1747193520000,1.2522
1747193580000,1.1788
1747193640000,0.9692
1747193700000,1.0101
1747193760000,1.0174
1747193820000,0.9212
1747193880000,0.9538
1747193940000,0.8457
1747194000000,0.9201
1747194060000,0.9732
1747194120000,1.0354
1747194180000,0.9338
1747194240000,0.997
1747194300000,0.9799
1747194360000,0.8692
1747194420000,1.0183
1747194480000,0.8383
1747194540000,0.8304
1747194600000,0.9361
1747194660000,1.0884
1747194720000,1.1261
1747194780000,1.0566
1747194840000,0.8783
1747194900000,0.9515
1747194960000,0.8388
1747195020000,0.9692
1747195080000,1.0146
1747195140000,0.9815
1747195200000,0.8773
1747195260000,1.2156
1747195320000,1.1741
1747195380000,1.2401
1747195440000,0.9405
1747195500000,1.1444
1747195560000,1.0467
1747195620000,0.8741
1747195680000,0.9471
1747195740000,0.8567
1747195800000,0.8836
1747195860000,0.9791
1747195920000,0.9867
1747195980000,0.9613
1747196040000,1.0302
1747196100000,0.9658
1747196160000,0.8802
1747196220000,0.9855
1747196280000,0.8287
1747196340000,0.8199
1747196400000,0.9801
1747196460000,0.9921
1747196520000,1.2626
1747196580000,1.0747
1747196640000,0.9238
1747196700000,0.9732
1747196760000,0.8223
1747196820000,0.9474
1747196880000,0.9457
1747196940000,0.9635
1747197000000,0.8686
1747197060000,1.2591
1747197120000,1.0358
1747197180000,1.407
1747197240000,0.952
1747197300000,1.1446
1747197360000,1.0541
1747197420000,0.9567
1747197480000,1.0043
1747197540000,0.8445
1747197600000,0.8961
1747197660000,1.0155
1747197720000,0.9918
1747197780000,0.985
1747197840000,0.9842
1747197900000,0.9371
1747197960000,0.922
1747198020000,0.991
1747198080000,0.8378
1747198140000,0.8279
1747198200000,0.9336
1747198260000,0.9059
1747198320000,1.2014
1747198380000,1.048
1747198440000,1.0318
1747198500000,0.9786
1747198560000,0.8359
1747198620000,0.8205
1747198680000,1.0947
1747198740000,0.9959
1747198800000,0.9184
1747198860000,1.3124
1747198920000,0.877
1747198980000,1.5494
1747199040000,0.9601
1747199100000,1.1043
1747199160000,1.009
1747199220000,1.0271
1747199280000,0.9653
1747199340000,0.8874
1747199400000,0.9015
1747199460000,0.9908
1747199520000,0.9259
1747199580000,1.1744
1747199640000,0.9579
1747199700000,0.9787
1747199760000,0.9418
1747199820000,0.8649
1747199880000,0.9472
1747199940000,0.8151
1747200000000,0.9738
1747200060000,0.9859
1747200120000,1.0573
1747200180000,1.1916
1747200240000,1.0829
1747200300000,1.0268
1747200360000,0.8291
1747200420000,0.8252
1747200480000,1.0234
1747200540000,0.9757
1747200600000,0.9593
1747200660000,1.1376
1747200720000,1.0184
1747200780000,1.5521
1747200840000,1.0844
1747200900000,1.1284
1747200960000,0.9626
1747201020000,1.0216
1747201080000,0.9084
1747201140000,0.916
1747201200000,0.8937
1747201260000,0.9721
1747201320000,0.991
1747201380000,1.1955
1747201440000,1.033
1747201500000,1.0042
1747201560000,0.9438
1747201620000,0.8275
1747201680000,1.0136
1747201740000,0.8178
1747201800000,0.8604
1747201860000,0.9971
1747201920000,1.0825
1747201980000,1.2227
1747202040000,1.0525
1747202100000,0.8332
1747202160000,0.977
1747202220000,0.8171
1747202280000,1.0148
1747202340000,0.9915
1747202400000,1.0293
1747202460000,1.0155
1747202520000,1.0912
1747202580000,1.3332
1747202640000,1.2455
1747202700000,1.1014
1747202760000,1.0169
1747202820000,1.0417
1747202880000,0.958
1747202940000,0.8934
1747203000000,0.872
1747203060000,0.921
1747203120000,0.8823
1747203180000,1.1776
1747203240000,0.9813
1747203300000,1.0632
1747203360000,1.0258
1747203420000,0.8256
1747203480000,1.0244
1747203540000,0.8176
1747203600000,0.8227
1747203660000,0.968
1747203720000,1.1112
1747203780000,1.1551
1747203840000,1.1856
1747203900000,0.8265
1747203960000,1.0513
1747204020000,0.815
1747204080000,1.0354
1747204140000,0.9539
1747204200000,1.0168
1747204260000,0.8553
1747204320000,1.3763
1747204380000,1.1221
1747204440000,1.4044
1747204500000,1.0028
1747204560000,1.049
1747204620000,0.9903
1747204680000,0.9812
1747204740000,0.9582
1747204800000,0.9415
1747204860000,0.9237
1747204920000,0.9143
1747204980000,1.0453
1747205040000,0.8996
1747205100000,1.1061
1747205160000,1.0969
1747205220000,0.8424
1747205280000,1.0917
1747205340000,0.8713
1747205400000,0.8277
1747205460000,0.9645
1747205520000,1.1472
1747205580000,1.2064
1747205640000,1.1067
1747205700000,0.8976
1747205760000,0.9677
1747205820000,0.8254
1747205880000,0.9834
1747205940000,0.9736
1747206000000,1.008
1747206060000,0.8725
1747206120000,1.2513
1747206180000,0.9844
1747206240000,1.2314
1747206300000,0.9647
1747206360000,1.2525
1747206420000,0.884
1747206480000,0.949
1747206540000,0.9648
1747206600000,0.8755
1747206660000,0.9531
1747206720000,0.9596
1747206780000,0.9917
1747206840000,0.9588
1747206900000,1.0687
1747206960000,0.9667
1747207020000,0.8454
1747207080000,1.037
1747207140000,0.8691
1747207200000,0.8487
1747207260000,0.9387
1747207320000,1.0167
1747207380000,1.1053
1747207440000,1.1054
1747207500000,0.9136
1747207560000,0.9992
1747207620000,0.8591
1747207680000,0.9253
1747207740000,1.1704
1747207800000,1.0499
1747207860000,0.9947
1747207920000,1.2293
1747207980000,0.8764
1747208040000,1.2395
1747208100000,0.9289
1747208160000,1.0862
1747208220000,1.0043
1747208280000,0.8869
1747208340000,1.0766
1747208400000,0.8763
1747208460000,0.8694
1747208520000,0.9607
1747208580000,0.8509
1747208640000,1.0511
1747208700000,1.0095
1747208760000,0.9596
1747208820000,0.8924
1747208880000,1.1062
1747208940000,0.8906
1747209000000,0.8713
1747209060000,0.9209
1747209120000,0.9361
1747209180000,1.0156
1747209240000,1.0855
1747209300000,1.0786
1747209360000,0.9415
1747209420000,0.9106
1747209480000,0.8275
1747209540000,1.0654
1747209600000,0.9724
1747209660000,0.9226
1747209720000,0.9718
1747209780000,0.9776
1747209840000,1.2037
1747209900000,0.9626
1747209960000,1.0288
1747210020000,0.9513
1747210080000,0.8771
1747210140000,0.9803
1747210200000,0.865
1747210260000,0.8877
1747210320000,0.956
1747210380000,0.8207
1747210440000,1.0762
1747210500000,0.9937
1747210560000,0.996
1747210620000,0.8938
1747210680000,0.8877
1747210740000,0.9658
1747210800000,0.8853
1747210860000,0.9328
1747210920000,0.8682
1747210980000,1.0145
1747211040000,1.0606
1747211100000,0.9408
1747211160000,0.8831
1747211220000,0.998
1747211280000,0.8448
1747211340000,1.0211
1747211400000,0.937
1747211460000,1.016
1747211520000,0.9263
1747211580000,1.0374
1747211640000,1.0379
1747211700000,1.0199
1747211760000,0.9845
1747211820000,0.9133
1747211880000,0.8583
1747211940000,0.9734
1747212000000,0.8855
1747212060000,0.937
1747212120000,0.9416
1747212180000,0.8532
1747212240000,1.051
1747212300000,0.8957
1747212360000,1.1071
1747212420000,0.9179
1747212480000,0.8666
1747212540000,0.9594
1747212600000,0.8783
1747212660000,0.9048
1747212720000,0.8672
1747212780000,1.0265
1747212840000,1.0379
1747212900000,0.9844
1747212960000,0.8289
1747213020000,1.005
1747213080000,0.8538
1747213140000,0.9516
1747213200000,0.9526
1747213260000,1.0243
1747213320000,0.898
1747213380000,1.0613
1747213440000,1.0826
1747213500000,1.0569
1747213560000,1.0386
1747213620000,0.9434
1747213680000,0.8814
1747213740000,0.9714
1747213800000,0.9421
1747213860000,0.9263
1747213920000,0.9066
1747213980000,0.8617
1747214040000,1.0291
1747214100000,0.8761
1747214160000,1.0111
1747214220000,0.9314
1747214280000,0.8456
1747214340000,0.9578
1747214400000,0.8497
1747214460000,0.8915
1747214520000,0.9037
1747214580000,0.9641
1747214640000,1.0841
1747214700000,0.9809
1747214760000,0.8433
1747214820000,1.03
1747214880000,0.8681
1747214940000,0.9376
1747215000000,0.9981
1747215060000,0.9569
1747215120000,0.9219
1747215180000,1.0644
1747215240000,1.0128
1747215300000,1.1338
1747215360000,0.9419
1747215420000,0.9692
1747215480000,0.8665
1747215540000,0.9474
1747215600000,0.8981
1747215660000,0.9328
1747215720000,0.9127
1747215780000,0.8505
1747215840000,0.9485
1747215900000,0.963
1747215960000,1.0081
1747216020000,0.9128
1747216080000,0.8263
1747216140000,0.9437
1747216200000,0.8469
1747216260000,0.8531
1747216320000,0.9227
1747216380000,0.9911
1747216440000,1.0034
1747216500000,0.9883
1747216560000,0.8836
1747216620000,1.0316
1747216680000,0.8639
1747216740000,0.9075
1747216800000,0.9667
1747216860000,0.9647
1747216920000,0.9076
1747216980000,1.0793
1747217040000,0.9179
1747217100000,1.1984
1747217160000,0.9082
1747217220000,1.0266
1747217280000,0.857
1747217340000,0.8985
1747217400000,0.9293
1747217460000,0.9176
1747217520000,0.9052
1747217580000,0.8559
1747217640000,0.8654
1747217700000,1.0685
1747217760000,1.0584
1747217820000,0.9594
1747217880000,0.8173
1747217940000,0.9699
1747218000000,0.8601
1747218060000,0.8746
1747218120000,0.9133
1747218180000,0.9594
1747218240000,0.9954
1747218300000,1.0457
1747218360000,0.8781
1747218420000,0.9989
1747218480000,0.8419
1747218540000,0.8921
1747218600000,0.923
1747218660000,0.9821
1747218720000,0.9061
1747218780000,0.9831
1747218840000,0.9826
1747218900000,1.1726
1747218960000,0.9432
1747219020000,1.0596
1747219080000,0.9127
1747219140000,0.9344
1747219200000,0.9869
1747219260000,0.8706
1747219320000,0.8937
1747219380000,0.8987
1747219440000,0.8422
1747219500000,1.0507
1747219560000,1.0252
1747219620000,1.0067
1747219680000,0.829
1747219740000,0.9755
1747219800000,0.9208
1747219860000,0.9065
1747219920000,0.8874
1747219980000,0.889
1747220040000,0.9951
1747220100000,1.0958
1747220160000,0.894
1747220220000,0.9114
1747220280000,0.9776
1747220340000,0.8394
1747220400000,1.0253
1747220460000,0.9617
1747220520000,0.9427
1747220580000,0.9638
1747220640000,0.9685
1747220700000,1.0826
1747220760000,0.9956
1747220820000,1.0175
1747220880000,0.9191
1747220940000,0.8582
1747221000000,1.0239
1747221060000,0.8533
1747221120000,0.8734
1747221180000,0.9322
1747221240000,0.8473
1747221300000,1.0852
1747221360000,0.8513
1747221420000,1.1368
1747221480000,0.8607
1747221540000,0.8407
1747221600000,0.9826
1747221660000,0.8682
1747221720000,0.913
1747221780000,0.9619
1747221840000,0.9987
1747221900000,1.085
1747221960000,0.9469
1747222020000,0.8187
1747222080000,1.0519
1747222140000,0.8125
1747222200000,1.0835
1747222260000,0.9553
1747222320000,0.9399
1747222380000,0.9496
1747222440000,0.984
1747222500000,1.1105
1747222560000,1.0087
1747222620000,1.0284
1747222680000,0.9292
1747222740000,0.8514
1747222800000,1.0027
1747222860000,0.8438
1747222920000,0.8863
1747222980000,0.9387
1747223040000,0.8323
1747223100000,1.0542
1747223160000,0.8859
1747223220000,1.0872
1747223280000,0.8715
1747223340000,0.8572
1747223400000,1.0323
1747223460000,0.8737
1747223520000,0.9751
1747223580000,0.8667
1747223640000,1.002
1747223700000,1.0783
1747223760000,0.9048
1747223820000,0.8113
1747223880000,1.0392
1747223940000,0.8228
1747224000000,1.0287
1747224060000,0.8793
1747224120000,0.9383
1747224180000,0.9218
1747224240000,1.0118
1747224300000,1.0114
1747224360000,1.0065
1747224420000,1.0086
1747224480000,0.9398
1747224540000,0.8174
1747224600000,0.9148
1747224660000,0.8587
1747224720000,0.9237
1747224780000,0.9374
1747224840000,0.8338
1747224900000,0.9223
1747224960000,1.1024
1747225020000,1.0578
1747225080000,0.8835
1747225140000,0.8617
1747225200000,0.9959
1747225260000,0.8959
1747225320000,0.9064
1747225380000,1.0196
1747225440000,1.0086
1747225500000,1.0057
1747225560000,1.0241
1747225620000,0.8185
1747225680000,1.0642
1747225740000,0.8516
1747225800000,0.9547
1747225860000,0.9094
1747225920000,0.9645
1747225980000,0.9253
1747226040000,1.0221
1747226100000,0.954
1747226160000,1.1068
1747226220000,0.9768
1747226280000,0.942
1747226340000,0.8359
1747226400000,0.9203
1747226460000,0.9152
1747226520000,0.9178
1747226580000,0.9416
1747226640000,0.8592
1747226700000,0.8842
1747226760000,1.1062
1747226820000,1.1256
1747226880000,0.9494
1747226940000,0.8814
1747227000000,0.9914
1747227060000,0.8764
1747227120000,0.8995
1747227180000,1.0507
1747227240000,0.9896
1747227300000,1.0749
1747227360000,1.0123
1747227420000,0.8079
1747227480000,1.0375
1747227540000,0.8249
1747227600000,0.9139
1747227660000,0.9841
1747227720000,0.9602
1747227780000,0.9134
1747227840000,1.1306
1747227900000,0.9928
1747227960000,1.1581
1747228020000,1.0833
1747228080000,1.0038
1747228140000,0.8659
1747228200000,0.935
1747228260000,0.8942
1747228320000,0.9771
1747228380000,0.9687
1747228440000,0.8989
1747228500000,0.8369
1747228560000,1.1091
1747228620000,0.981
1747228680000,1.0898
1747228740000,0.808
1747228800000,0.9855
1747228860000,0.8625
1747228920000,0.8572
1747228980000,0.9016
1747229040000,1.0125
1747229100000,1.0092
1747229160000,1.0921
1747229220000,0.8418
1747229280000,0.9682
1747229340000,1.0354
1747229400000,0.945
1747229460000,0.9994
1747229520000,0.9693
1747229580000,0.8682
1747229640000,0.9962
1747229700000,1.079
1747229760000,1.1422
1747229820000,1.1498
1747229880000,0.9964
1747229940000,0.9795
1747230000000,0.9188
1747230060000,0.9359
1747230120000,0.9717
1747230180000,0.9666
1747230240000,0.9398
1747230300000,0.9029
1747230360000,1.0745
1747230420000,0.9364
1747230480000,1.2686
1747230540000,0.7947
1747230600000,0.988
1747230660000,0.9133
1747230720000,0.8659
1747230780000,0.9342
1747230840000,0.973
1747230900000,1.0643
1747230960000,1.2895
1747231020000,0.86
1747231080000,0.8861
1747231140000,0.9907
1747231200000,0.8968
1747231260000,1.0585
1747231320000,1.0513
1747231380000,0.8469
1747231440000,1.0816
1747231500000,1.2593
1747231560000,1.2269
1747231620000,1.1541
1747231680000,1.2276
1747231740000,1.0645
1747231800000,0.9142
1747231860000,1.0972
1747231920000,0.8919
1747231980000,0.9736
1747232040000,1.0271
1747232100000,0.9446
1747232160000,1.0927
1747232220000,1.0598
1747232280000,1.5735
1747232340000,0.8064
1747232400000,0.8867
1747232460000,1.2135
1747232520000,0.8845
1747232580000,1.0466
1747232640000,1.0049
1747232700000,1.1272
1747232760000,1.4447
1747232820000,0.924
1747232880000,0.8337
1747232940000,1.1648
1747233000000,0.8167
1747233060000,1.3565
1747233120000,1.1093
1747233180000,0.9084
1747233240000,1.1576
1747233300000,1.2317
1747233360000,1.4358
1747233420000,1.3382
1747233480000,1.406
1747233540000,1.1193
1747233600000,0.8749
1747233660000,1.1484
1747233720000,0.8878
1747233780000,0.9741
1747233840000,1.1969
1747233900000,1.0217
1747233960000,0.9468
1747234020000,1.2602
1747234080000,1.6158
1747234140000,0.9622
1747234200000,0.8892
1747234260000,1.2371
1747234320000,0.9103
1747234380000,1.0262
1747234440000,1.0333
1747234500000,1.2545
1747234560000,1.6561
1747234620000,1.0467
1747234680000,0.8314
1747234740000,1.323
1747234800000,0.8319
1747234860000,1.5157
1747234920000,1.0879
1747234980000,0.9579
1747235040000,1.2109
1747235100000,1.1459
1747235160000,1.5617
1747235220000,1.45
1747235280000,1.6273
1747235340000,1.0168
1747235400000,0.8396
1747235460000,1.161
1747235520000,0.8198
1747235580000,0.9534
1747235640000,1.2691
1747235700000,0.961
1747235760000,0.956
1747235820000,1.3348
1747235880000,1.5943
1747235940000,1.0378
1747236000000,0.834
1747236060000,1.3855
1747236120000,0.823
1747236180000,1.0839
1747236240000,1.0147
1747236300000,1.4109
1747236360000,1.4821
1747236420000,1.0735
1747236480000,0.8262
1747236540000,1.1119
1747236600000,0.8295
1747236660000,1.3934
1747236720000,0.9191
1747236780000,1.2802
1747236840000,1.1738
1747236900000,1.3175
1747236960000,1.3904
1747237020000,1.2929
1747237080000,1.8696
1747237140000,1.0244
1747237200000,0.8424
1747237260000,1.0099
1747237320000,0.8398
1747237380000,0.9862
1747237440000,1.2552
1747237500000,0.8748
1747237560000,0.9707
1747237620000,1.5438
1747237680000,1.1556
1747237740000,1.6354
1747237800000,0.8662
1747237860000,1.4277
1747237920000,0.9605
1747237980000,1.0631
1747238040000,1.0231
1747238100000,1.3814
1747238160000,1.4533
1747238220000,1.1316
1747238280000,0.8224
1747238340000,1.0985
1747238400000,0.8594
1747238460000,1.1605
1747238520000,1.0494
1747238580000,1.222
1747238640000,1.2071
1747238700000,1.1808
1747238760000,1.8579
1747238820000,1.3921
1747238880000,1.9423
1747238940000,1.1405
1747239000000,0.9295
1747239060000,0.9497
1747239120000,0.9966
1747239180000,1.0761
1747239240000,1.1577
1747239300000,1.0852
1747239360000,1.0311
1747239420000,1.6511
1747239480000,1.0735
1747239540000,2.1101
1747239600000,0.8795
1747239660000,1.3059
1747239720000,0.9492
1747239780000,1.0386
1747239840000,1.2524
1747239900000,1.6062
1747239960000,1.3857
1747240020000,1.7106
1747240080000,0.8459
1747240140000,1.2689
1747240200000,1.0355
1747240260000,1.3618
1747240320000,1.2962
1747240380000,1.312
1747240440000,1.1291
1747240500000,1.243
1747240560000,1.8427
1747240620000,1.929
1747240680000,1.8327
1747240740000,1.2812
1747240800000,1.2515
1747240860000,0.935
1747240920000,0.9309
1747240980000,1.0827
1747241040000,1.2454
1747241100000,1.2323
1747241160000,1.0756
1747241220000,1.3934
1747241280000,1.3097
1747241340000,2.2922
1747241400000,0.8664
1747241460000,1.0559
1747241520000,1.2714
1747241580000,0.9513
1747241640000,1.2938
1747241700000,1.7788
1747241760000,1.6313
1747241820000,2.1455
1747241880000,0.8804
1747241940000,1.2887
1747242000000,1.2173
1747242060000,1.3808
1747242120000,1.316
1747242180000,1.4108
1747242240000,0.957
1747242300000,1.7785
1747242360000,1.9036
1747242420000,1.8889
1747242480000,1.8046
1747242540000,1.5077
1747242600000,1.3043
1747242660000,0.9081
1747242720000,1.062
1747242780000,1.1063
1747242840000,1.4421
1747242900000,1.1017
1747242960000,1.0619
1747243020000,1.2264
1747243080000,1.7715
1747243140000,2.7269
1747243200000,0.8945
1747243260000,1.0142
1747243320000,1.5775
1747243380000,0.9645
1747243440000,1.5285
1747243500000,1.7789
1747243560000,1.9336
1747243620000,2.5053
1747243680000,0.9288
1747243740000,1.4551
1747243800000,1.0435
1747243860000,1.353
1747243920000,2.0644
1747243980000,1.5306
1747244040000,1.0039
1747244100000,1.9712
1747244160000,1.8791
1747244220000,2.4742
1747244280000,1.7283
1747244340000,2.2705
1747244400000,1.4076
1747244460000,0.924
1747244520000,1.0703
1747244580000,1.3821
1747244640000,1.5756
1747244700000,1.3629
1747244760000,1.2355
1747244820000,1.5625
1747244880000,2.1897
1747244940000,3.1272
1747245000000,1.2802
1747245060000,0.9122
1747245120000,1.8484
1747245180000,0.8797
1747245240000,1.5461
1747245300000,1.8223
1747245360000,2.1219
1747245420000,2.8341
1747245480000,1.0501
1747245540000,1.3886
1747245600000,1.7545
1747245660000,0.8756
1747245720000,2.5106
1747245780000,1.7249
1747245840000,1.1558
1747245900000,2.0951
1747245960000,2.3902
1747246020000,2.3768
1747246080000,1.9368
1747246140000,2.7991
1747246200000,1.5957
1747246260000,0.9355
1747246320000,1.2112
1747246380000,1.1298
1747246440000,1.7237
1747246500000,1.8281
1747246560000,1.2759
1747246620000,1.4191
1747246680000,2.356
1747246740000,1.7989
1747246800000,2.6553
1747246860000,0.9909
1747246920000,1.9487
1747246980000,0.9221
1747247040000,1.8123
1747247100000,1.602
1747247160000,2.3163
1747247220000,3.0307
1747247280000,1.3103
1747247340000,1.0188
1747247400000,1.7887
1747247460000,0.8857
1747247520000,2.9541
1747247580000,1.4015
1747247640000,1.3686
1747247700000,2.3026
1747247760000,1.696
1747247820000,3.1287
1747247880000,2.4561
1747247940000,3.3695
1747248000000,1.5567
1747248060000,0.9701
1747248120000,1.3164
1747248180000,0.9868
1747248240000,1.4272
1747248300000,2.0236
1747248360000,1.3078
1747248420000,1.2852
1747248480000,3.1264
1747248540000,2.1269
1747248600000,3.2092
1747248660000,1.0289
1747248720000,2.1439
1747248780000,1.0562
1747248840000,1.9955
1747248900000,2.0953
1747248960000,2.9189
1747249020000,3.263
1747249080000,2.6307
1747249140000,1.0036
1747249200000,2.1823
1747249260000,0.9858
1747249320000,3.0546
1747249380000,1.4185
1747249440000,2.2966
1747249500000,3.0627
1747249560000,1.5097
1747249620000,3.7865
1747249680000,3.0158
1747249740000,4.7588
1747249800000,1.3
1747249860000,1.4571
1747249920000,1.2691
1747249980000,1.0396
1747250040000,1.8857
1747250100000,2.8336
1747250160000,1.2824
1747250220000,1.4952
1747250280000,2.0967
1747250340000,3.5131
1747250400000,3.4241
1747250460000,1.0426
1747250520000,2.2204
1747250580000,1.2873
1747250640000,2.0023
1747250700000,1.5437
1747250760000,3.2358
1747250820000,2.1447
1747250880000,3.8638
1747250940000,1.2883
1747251000000,3.1735
1747251060000,1.1739
1747251120000,2.9023
1747251180000,2.0538
1747251240000,2.3624
1747251300000,2.2305
1747251360000,2.306
1747251420000,4.8001
1747251480000,3.1315
1747251540000,5.4367
1747251600000,1.6582
1747251660000,1.7299
1747251720000,1.2915
1747251780000,1.0487
1747251840000,1.8998
1747251900000,3.0729
1747251960000,1.4486
1747252020000,1.6411
1747252080000,1.7412
1747252140000,3.9426
1747252200000,4.5067
1747252260000,1.0455
1747252320000,1.5511
1747252380000,2.2477
1747252440000,1.6388
1747252500000,2.3069
1747252560000,3.9291
1747252620000,2.9336
1747252680000,3.4327
1747252740000,1.0862
1747252800000,2.2217
1747252860000,1.1222
1747252920000,2.1537
1747252980000,2.3495
1747253040000,2.6208
1747253100000,2.2278
1747253160000,2.6264
1747253220000,4.2003
1747253280000,3.0014
1747253340000,4.1228
1747253400000,2.6249
1747253460000,2.5849
1747253520000,1.35
1747253580000,1.1427
1747253640000,1.9748
1747253700000,2.5903
1747253760000,1.7575
1747253820000,1.4863
1747253880000,1.801
1747253940000,4.2772
1747254000000,4.1521
1747254060000,1.0114
1747254120000,1.7075
1747254180000,2.0392
1747254240000,2.2261
1747254300000,2.3617
1747254360000,2.8301
1747254420000,3.2587
1747254480000,4.6553
1747254540000,1.0495
1747254600000,2.6817
1747254660000,1.0671
1747254720000,2.4229
1747254780000,2.4954
1747254840000,2.3363
1747254900000,1.3555
1747254960000,2.5551
1747255020000,4.2102
1747255080000,4.3397
1747255140000,2.7048
1747255200000,4.0997
1747255260000,1.8732
1747255320000,1.0627
1747255380000,1.158
1747255440000,1.9358
1747255500000,2.6836
1747255560000,1.5937
1747255620000,1.5518
1747255680000,1.6927
1747255740000,3.2982
1747255800000,3.3302
1747255860000,2.4415
1747255920000,1.5894
1747255980000,1.7934
1747256040000,0.9923
1747256100000,2.3264
1747256160000,3.4474
1747256220000,2.6454
1747256280000,4.516
1747256340000,0.9511
1747256400000,2.3128
1747256460000,1.1798
1747256520000,2.1334
1747256580000,3.4614
1747256640000,2.5505
1747256700000,1.1815
1747256760000,2.2861
1747256820000,2.0409
1747256880000,5.3908
1747256940000,1.957
1747257000000,3.8748
1747257060000,1.9367
1747257120000,1.0158
1747257180000,1.6521
1747257240000,1.4702
1747257300000,2.2156
1747257360000,1.7313
1747257420000,1.4399
1747257480000,1.6235
1747257540000,2.5213
1747257600000,3.6591
1747257660000,2.0824
1747257720000,1.0734
1747257780000,1.9941
1747257840000,0.9331
1747257900000,1.9052
1747257960000,2.3356
1747258020000,2.3746
1747258080000,3.9052
1747258140000,1.0597
1747258200000,1.5894
1747258260000,1.6993
1747258320000,0.9713
1747258380000,3.7872
1747258440000,1.5746
1747258500000,1.4708
1747258560000,2.4131
1747258620000,1.5292
1747258680000,3.8678
1747258740000,2.534
1747258800000,4.0002
1747258860000,1.3176
1747258920000,1.4193
1747258980000,1.4914
1747259040000,1.2056
1747259100000,1.8157
1747259160000,2.0251
1747259220000,1.3838
1747259280000,1.6058
1747259340000,0.8982
1747259400000,3.1265
1747259460000,2.1713
1747259520000,0.9332
1747259580000,2.3459
1747259640000,0.9214
1747259700000,1.6788
1747259760000,1.4793
1747259820000,2.4025
1747259880000,2.4923
1747259940000,1.9241
1747260000000,1.3332
1747260060000,1.3417
1747260120000,1.061
1747260180000,2.2859
1747260240000,1.2772
1747260300000,1.5101
1747260360000,2.0274
1747260420000,1.1519
1747260480000,2.8443
1747260540000,1.7645
1747260600000,2.8818
1747260660000,0.8983
1747260720000,1.4613
1747260780000,1.3967
1747260840000,1.0386
1747260900000,1.5828
1747260960000,1.4476
1747261020000,1.0988
1747261080000,1.0743
1747261140000,1.0582
1747261200000,2.7254
1747261260000,1.9918
1747261320000,0.9223
1747261380000,1.2436
1747261440000,1.2211
1747261500000,1.3835
1747261560000,1.3591
1747261620000,1.8794
1747261680000,1.5921
1747261740000,1.7874
1747261800000,0.9121
1747261860000,1.3618
1747261920000,0.882
1747261980000,1.6876
1747262040000,1.2014
1747262100000,1.3442
1747262160000,1.4223
1747262220000,1.1162
1747262280000,2.1428
1747262340000,1.9603
1747262400000,2.126
1747262460000,1.0265
1747262520000,1.2599
1747262580000,1.1466
1747262640000,0.947
1747262700000,1.0675
1747262760000,1.484
1747262820000,1.0597
1747262880000,0.8745
1747262940000,1.0133
1747263000000,1.7056
1747263060000,1.5009
1747263120000,0.8737
1747263180000,0.9837
1747263240000,1.0863
1747263300000,1.0804
1747263360000,1.0771
1747263420000,1.2098
1747263480000,1.1907
1747263540000,1.2984
1747263600000,0.8722
1747263660000,1.1129
1747263720000,1.0191
1747263780000,1.073
1747263840000,1.117
1747263900000,1.1863
1747263960000,1.1928
1747264020000,0.9625
1747264080000,1.1589
1747264140000,1.7826
1747264200000,1.3358
1747264260000,1.134
1747264320000,1.1154
1747264380000,0.9312
1747264440000,0.8716
1747264500000,0.9549
1747264560000,1.2679
1747264620000,0.8824
1747264680000,0.9544
1747264740000,0.9481
1747264800000,1.1467
1747264860000,1.5787
1747264920000,0.8665
1747264980000,0.911
1747265040000,1.1576
1747265100000,0.9923
1747265160000,0.9358
1747265220000,1.2055
1747265280000,1.1047
1747265340000,1.2505
1747265400000,0.8475
1747265460000,1.0298
1747265520000,0.996
1747265580000,1.0189
1747265640000,1.0705
1747265700000,1.0827
1747265760000,1.04
1747265820000,1.0039
1747265880000,0.9246
1747265940000,1.5222
1747266000000,1.0553
1747266060000,1.2905
1747266120000,1.0082
1747266180000,0.9406
1747266240000,0.9122
1747266300000,0.9055
1747266360000,0.9666
1747266420000,0.9577
1747266480000,0.8768
1747266540000,0.9157
1747266600000,0.8709
1747266660000,1.2763
1747266720000,1.0061
1747266780000,0.876
1747266840000,1.0539
1747266900000,0.9154
1747266960000,0.9657
1747267020000,1.027
1747267080000,0.9707
1747267140000,1.1099
1747267200000,0.8326
1747267260000,0.9509
1747267320000,0.9572
1747267380000,0.9736
1747267440000,0.9617
1747267500000,0.9942
1747267560000,0.9334
1747267620000,0.9604
1747267680000,0.9354
1747267740000,1.2963
1747267800000,0.9431
1747267860000,1.0817
1747267920000,0.906
1747267980000,0.9658
1747268040000,0.9678
1747268100000,0.9279
1747268160000,0.9477
1747268220000,0.9359
1747268280000,0.8564
1747268340000,0.9246
1747268400000,0.8437
1747268460000,1.2334
1747268520000,0.9786
1747268580000,0.8975
1747268640000,0.9863
1747268700000,0.8714
1747268760000,0.9189
1747268820000,0.9734
1747268880000,0.9389
1747268940000,1.0212
1747269000000,0.8998
1747269060000,0.921
1747269120000,0.8942
1747269180000,0.9396
1747269240000,1.0401
1747269300000,0.8767
1747269360000,0.9832
1747269420000,0.9971
1747269480000,0.9035
1747269540000,1.186
1747269600000,1.0363
1747269660000,1.1842
1747269720000,0.8346
1747269780000,1.061
1747269840000,0.9889
1747269900000,0.9019
1747269960000,0.9261
1747270020000,0.9141
1747270080000,0.9041
1747270140000,0.9014
1747270200000,0.8244
1747270260000,1.1857
1747270320000,0.9416
1747270380000,0.9008
1747270440000,0.9246
1747270500000,0.9241
1747270560000,0.9491
1747270620000,1.0131
1747270680000,0.9981
1747270740000,1.0414
1747270800000,0.9768
1747270860000,0.9383
1747270920000,0.9044
1747270980000,0.942
1747271040000,1.0699
1747271100000,0.8941
1747271160000,0.9945
1747271220000,0.9883
1747271280000,0.8917
1747271340000,1.0284
1747271400000,1.1582
1747271460000,1.1578
1747271520000,0.849
1747271580000,1.0465
1747271640000,0.9809
1747271700000,0.9269
1747271760000,0.9369
1747271820000,0.9453
1747271880000,0.9201
1747271940000,0.9171
1747272000000,0.861
1747272060000,1.0437
1747272120000,1.1943
1747272180000,0.906
1747272240000,0.9217
1747272300000,1.0709
1747272360000,0.947
1747272420000,0.9722
1747272480000,1.014
1747272540000,1.0429
1747272600000,1.018
1747272660000,0.8784
1747272720000,1.0034
1747272780000,0.9344
1747272840000,1.1221
1747272900000,0.9007
1747272960000,0.9959
1747273020000,0.9782
1747273080000,0.8885
1747273140000,0.9741
1747273200000,1.3224
1747273260000,1.0618
1747273320000,1.0001
1747273380000,1.0229
1747273440000,1.0113
1747273500000,0.9161
1747273560000,0.9346
1747273620000,0.9494
1747273680000,0.9657
1747273740000,0.9193
1747273800000,0.8709
1747273860000,0.918
1747273920000,1.3549
1747273980000,0.8992
1747274040000,0.8915
1747274100000,1.0505
1747274160000,0.9446
1747274220000,0.9478
1747274280000,1.0227
1747274340000,1.0113
1747274400000,1.0556
1747274460000,0.848
1747274520000,1.0167
1747274580000,0.966
1747274640000,0.9742
1747274700000,0.9983
1747274760000,0.9981
1747274820000,0.9601
1747274880000,0.8902
1747274940000,0.9136
1747275000000,1.285
1747275060000,1.0106
1747275120000,1.0496
1747275180000,1.0008
1747275240000,0.9782
1747275300000,0.9093
1747275360000,0.8943
1747275420000,1.0226
1747275480000,0.9586
1747275540000,0.8613
1747275600000,0.9019
1747275660000,0.929
1747275720000,1.2871
1747275780000,0.9021
1747275840000,0.9261
1747275900000,1.0938
1747275960000,0.94
1747276020000,0.9184
1747276080000,1.044
1747276140000,0.9894
1747276200000,1.0784
1747276260000,0.8686
1747276320000,0.9668
1747276380000,0.9681
1747276440000,0.9411
1747276500000,1.012
1747276560000,1.0188
1747276620000,1.0586
1747276680000,0.9609
1747276740000,1.0281
1747276800000,1.252
1747276860000,1.0045
1747276920000,1.1019
1747276980000,0.9361
1747277040000,1.0543
1747277100000,0.9413
1747277160000,0.909
1747277220000,1.0265
1747277280000,0.8605
1747277340000,0.8964
1747277400000,0.9006
1747277460000,0.964
1747277520000,1.1647
1747277580000,1.0598
1747277640000,0.8753
1747277700000,0.9627
1747277760000,0.991
1747277820000,0.885
1747277880000,1.0179
1747277940000,0.9872
1747278000000,1.0556
1747278060000,0.911
1747278120000,0.9914
1747278180000,0.9724
1747278240000,0.9703
1747278300000,1.0056
1747278360000,0.9688
1747278420000,1.0627
1747278480000,0.9397
1747278540000,0.9872
1747278600000,1.0217
1747278660000,1.1869
1747278720000,1.065
1747278780000,0.8748
1747278840000,1.097
1747278900000,0.9093
1747278960000,0.918
1747279020000,0.9657
1747279080000,0.888
1747279140000,0.8887
1747279200000,0.9288
1747279260000,0.9217
1747279320000,0.9536
1747279380000,1.1457
1747279440000,0.8661
1747279500000,0.8769
1747279560000,0.9686
1747279620000,0.9121
1747279680000,1.04
1747279740000,0.971
1747279800000,1.0268
1747279860000,0.9843
1747279920000,0.9815
1747279980000,0.9169
1747280040000,1.0654
1747280100000,1.0
1747280160000,0.91
1747280220000,1.0371
1747280280000,1.002
1747280340000,0.9863
1747280400000,0.944
1747280460000,1.2367
1747280520000,1.0535
1747280580000,0.8547
1747280640000,1.0725
1747280700000,0.9923
1747280760000,0.9194
1747280820000,0.947
1747280880000,0.9087
1747280940000,0.8822
1747281000000,0.931
1747281060000,0.8983
1747281120000,0.9534
1747281180000,1.3119
1747281240000,0.9664
1747281300000,0.8488
1747281360000,1.0207
1747281420000,0.8885
1747281480000,1.0306
1747281540000,1.019
1747281600000,1.0755
1747281660000,0.9418
1747281720000,0.9382
1747281780000,0.8885
1747281840000,0.9492
1747281900000,1.0809
1747281960000,0.9111
1747282020000,1.0384
1747282080000,0.9922
1747282140000,0.9613
1747282200000,0.979
1747282260000,1.3004
1747282320000,0.9889
1747282380000,0.9288
1747282440000,1.0533
1747282500000,1.0167
1747282560000,0.9191
1747282620000,0.9347
1747282680000,0.8868
1747282740000,0.8882
1747282800000,0.9624
1747282860000,0.8671
1747282920000,0.9736
1747282980000,1.3371
1747283040000,1.0474
1747283100000,0.8466
1747283160000,1.0673
1747283220000,0.9268
1747283280000,1.0449
1747283340000,1.005
1747283400000,1.0257
1747283460000,0.9979
1747283520000,0.9287
1747283580000,0.9087
1747283640000,0.9642
1747283700000,1.1105
1747283760000,0.9034
1747283820000,0.9705
1747283880000,0.9802
1747283940000,0.884
1747284000000,1.0554
1747284060000,1.2835
1747284120000,1.0652
1747284180000,0.9913
1747284240000,1.011
1747284300000,1.0447
1747284360000,0.9331
1747284420000,0.936
1747284480000,0.8928
1747284540000,0.8908
1747284600000,0.9414
1747284660000,0.8275
1747284720000,0.9548
1747284780000,1.1755
1747284840000,1.001
1747284900000,0.8714
1747284960000,1.0076
1747285020000,0.9736
1747285080000,0.9861
1747285140000,0.994
1747285200000,1.0383
1747285260000,1.0021
1747285320000,0.8418
1747285380000,0.9776
1747285440000,0.9723
1747285500000,0.96
1747285560000,1.0401
1747285620000,1.0387
1747285680000,1.0303
1747285740000,0.914
1747285800000,1.0201
1747285860000,1.1168
1747285920000,1.3189
1747285980000,0.9935
1747286040000,0.9382
1747286100000,1.1071
1747286160000,0.8782
1747286220000,0.9554
1747286280000,0.9333
1747286340000,0.8965
1747286400000,0.9224
1747286460000,0.8324
1747286520000,0.9155
1747286580000,1.09
1747286640000,1.2511
1747286700000,0.9288
1747286760000,1.0154
1747286820000,0.9661
1747286880000,0.9577
1747286940000,1.0918
1747287000000,1.0321
1747287060000,1.0553
1747287120000,0.8389
1747287180000,1.0234
1747287240000,0.9366
1747287300000,0.9652
1747287360000,1.0661
1747287420000,0.9835
1747287480000,1.1734
1747287540000,0.9045
1747287600000,1.0148
1747287660000,1.0746
1747287720000,1.2787
1747287780000,1.0714
1747287840000,0.8853
1747287900000,1.1643
1747287960000,0.9141
1747288020000,0.8792
1747288080000,0.9827
1747288140000,0.9173
1747288200000,0.8771
1747288260000,0.8833
1747288320000,0.9739
1747288380000,1.0402
1747288440000,1.3391
1747288500000,0.8946
1747288560000,0.9841
1747288620000,1.027
1747288680000,0.9596
1747288740000,1.0215
1747288800000,1.0764
1747288860000,0.9923
1747288920000,0.9138
1747288980000,1.064
1747289040000,0.9311
1747289100000,1.0206
1747289160000,1.0238
1747289220000,0.92
1747289280000,1.1321
1747289340000,0.9027
1747289400000,0.937
1747289460000,1.0582
1747289520000,1.2055
1747289580000,1.0935
1747289640000,0.9038
1747289700000,1.0615
1747289760000,0.9303
1747289820000,0.8924
1747289880000,1.0125
1747289940000,0.8812
1747290000000,0.9329
1747290060000,0.8904
1747290120000,0.9614
1747290180000,0.9763
1747290240000,1.3127
1747290300000,0.8972
1747290360000,0.9369
1747290420000,1.0474
1747290480000,0.9826
1747290540000,1.0896
1747290600000,1.0419
1747290660000,0.9975
1747290720000,1.0075
1747290780000,0.9471
1747290840000,0.8762
1747290900000,1.0932
1747290960000,0.999
1747291020000,0.9247
1747291080000,1.1015
1747291140000,0.9446
1747291200000,0.9674
1747291260000,0.9358
1747291320000,1.2269
1747291380000,1.1272
1747291440000,0.8623
1747291500000,1.0851
1747291560000,0.9123
1747291620000,0.9375
1747291680000,1.0219
1747291740000,0.8674
1747291800000,0.8734
1747291860000,0.9169
1747291920000,0.9402
1747291980000,0.9865
1747292040000,1.2375
1747292100000,0.969
1747292160000,0.944
1747292220000,1.0747
1747292280000,0.9173
1747292340000,1.0244
1747292400000,1.039
1747292460000,0.9965
1747292520000,0.9773
1747292580000,0.9545
1747292640000,0.8837
1747292700000,0.9533
1747292760000,1.0765
1747292820000,0.9065
1747292880000,1.1199
1747292940000,0.9763
1747293000000,0.9004
1747293060000,0.9663
1747293120000,1.1979
1747293180000,1.0407
1747293240000,0.9825
1747293300000,1.0972
1747293360000,0.9795
1747293420000,0.8945
1747293480000,0.9564
1747293540000,0.8777
1747293600000,0.8996
1747293660000,0.929
1747293720000,0.8941
1747293780000,1.0135
1747293840000,1.1023
1747293900000,1.1052
1747293960000,0.8491
1747294020000,1.0433
1747294080000,0.8958
1747294140000,1.0268
1747294200000,1.0773
1747294260000,1.0901
1747294320000,1.02
1747294380000,0.9953
1747294440000,0.9057
1747294500000,1.0749
1747294560000,1.0572
1747294620000,0.9592
1747294680000,0.9917
1747294740000,0.9646
1747294800000,0.9215
1747294860000,0.9518
1747294920000,1.1499
1747294980000,1.0674
1747295040000,0.9581
1747295100000,0.9573
1747295160000,1.0625
1747295220000,0.9033
1747295280000,0.9016
1747295340000,0.8815
1747295400000,0.8672
1747295460000,0.9179
1747295520000,0.8459
1747295580000,0.962
1747295640000,1.0183
1747295700000,1.0998
1747295760000,0.8448
1747295820000,1.0302
1747295880000,0.9743
1747295940000,1.0097
1747296000000,0.9972
1747296060000,1.0613
1747296120000,1.0063
1747296180000,0.8655
1747296240000,0.9608
1747296300000,1.0491
1747296360000,0.976
1747296420000,1.0566
1747296480000,0.9733
1747296540000,0.9901
1747296600000,0.8768
1747296660000,0.9881
1747296720000,1.058
1747296780000,1.0925
1747296840000,0.993
1747296900000,0.9077
1747296960000,1.0958
1747297020000,0.9069
1747297080000,0.9555
1747297140000,0.8877
1747297200000,0.893
1747297260000,0.9562
1747297320000,0.8465
1747297380000,0.9557
1747297440000,0.9702
1747297500000,1.1024
1747297560000,0.8823
1747297620000,0.9916
1747297680000,1.0321
1747297740000,0.9816
1747297800000,0.9899
1747297860000,1.0321
1747297920000,0.9193
1747297980000,0.8776
1747298040000,0.9744
1747298100000,0.8778
1747298160000,1.0576
1747298220000,1.016
1747298280000,0.8977
1747298340000,1.0495
1747298400000,0.8877
1747298460000,0.986
1747298520000,0.997
1747298580000,1.123
1747298640000,0.9808
1747298700000,0.8848
1747298760000,1.1305
1747298820000,0.8992
1747298880000,0.9201
1747298940000,0.9286
1747299000000,0.8864
1747299060000,0.9183
1747299120000,0.8424
1747299180000,0.9092
1747299240000,0.9441
1747299300000,1.0989
1747299360000,0.8769
1747299420000,0.9371
1747299480000,1.0086
1747299540000,0.9379
1747299600000,1.0067
1747299660000,0.9992
1747299720000,0.899
1747299780000,0.9302
1747299840000,0.9956
1747299900000,0.8599
1747299960000,1.1481
1747300020000,1.0396
1747300080000,0.8885
1747300140000,1.0507
1747300200000,0.889
1747300260000,0.9219
1747300320000,1.0333
1747300380000,1.0578
1747300440000,1.0663
1747300500000,0.8884
1747300560000,1.027
1747300620000,0.8853
1747300680000,0.8606
1747300740000,0.9039
1747300800000,0.857
1747300860000,0.8626
1747300920000,0.8261
1747300980000,17.0957
1747301040000,46.8034
1747301100000,50.4834
1747301160000,50.4555
1747301220000,50.2375
1747301280000,48.2599
1747301340000,47.3455
1747301400000,45.1845
1747301460000,40.618
1747301520000,41.3602
1747301580000,37.6187
1747301640000,38.1832
1747301700000,43.0432
1747301760000,41.3447
1747301820000,30.5816
1747301880000,40.4914
1747301940000,47.1499
1747302000000,15.3537
1747302060000,12.3815
1747302120000,12.5924
1747302180000,12.9452
1747302240000,12.2512
1747302300000,11.5393
1747302360000,9.355
1747302420000,6.1026
