timestamp,middleware_tair_read_rt
1747042380000,0.5841
1747042440000,0.5824
1747042500000,0.5772
1747042560000,0.5656
1747042620000,0.5699
1747042680000,0.5698
1747042740000,0.5777
1747042800000,0.5757
1747042860000,0.5795
1747042920000,0.5867
1747042980000,0.5801
1747043040000,0.583
1747043100000,0.5727
1747043160000,0.5735
1747043220000,0.5737
1747043280000,0.5749
1747043340000,0.5751
1747043400000,0.562
1747043460000,0.5763
1747043520000,0.579
1747043580000,0.5748
1747043640000,0.5851
1747043700000,0.5811
1747043760000,0.5784
1747043820000,0.5783
1747043880000,0.5805
1747043940000,0.5803
1747044000000,0.5909
1747044060000,0.5844
1747044120000,0.5702
1747044180000,0.5718
1747044240000,0.5731
1747044300000,0.5745
1747044360000,0.5725
1747044420000,0.5763
1747044480000,0.5663
1747044540000,0.5719
1747044600000,0.5612
1747044660000,0.56
1747044720000,0.5668
1747044780000,0.5575
1747044840000,0.5632
1747044900000,0.5744
1747044960000,0.5694
1747045020000,0.5606
1747045080000,0.5691
1747045140000,0.5649
1747045200000,0.5597
1747045260000,0.5639
1747045320000,0.5675
1747045380000,0.5639
1747045440000,0.5697
1747045500000,0.5643
1747045560000,0.5592
1747045620000,0.5634
1747045680000,0.5615
1747045740000,0.5594
1747045800000,0.5534
1747045860000,0.551
1747045920000,0.557
1747045980000,0.5454
1747046040000,0.5539
1747046100000,0.5436
1747046160000,0.5484
1747046220000,0.5426
1747046280000,0.5491
1747046340000,0.5479
1747046400000,0.5553
1747046460000,0.5572
1747046520000,0.5568
1747046580000,0.5574
1747046640000,0.5701
1747046700000,0.5634
1747046760000,0.5516
1747046820000,0.5456
1747046880000,0.5657
1747046940000,0.5578
1747047000000,0.5627
1747047060000,0.5595
1747047120000,0.5666
1747047180000,0.5615
1747047240000,0.5559
1747047300000,0.5611
1747047360000,0.5535
1747047420000,0.5592
1747047480000,0.5624
1747047540000,0.5619
1747047600000,0.5637
1747047660000,0.5559
1747047720000,0.5561
1747047780000,0.5569
1747047840000,0.5534
1747047900000,0.5452
1747047960000,0.5473
1747048020000,0.5506
1747048080000,0.5473
1747048140000,0.5509
1747048200000,0.5509
1747048260000,0.5483
1747048320000,0.545
1747048380000,0.5533
1747048440000,0.5469
1747048500000,0.5495
1747048560000,0.5441
1747048620000,0.5437
1747048680000,0.545
1747048740000,0.5515
1747048800000,0.5556
1747048860000,0.5432
1747048920000,0.5465
1747048980000,0.5528
1747049040000,0.5511
1747049100000,0.5541
1747049160000,0.5489
1747049220000,0.5507
1747049280000,0.5522
1747049340000,0.553
1747049400000,0.5587
1747049460000,0.5432
1747049520000,0.5576
1747049580000,0.5493
1747049640000,0.5443
1747049700000,0.5555
1747049760000,0.5448
1747049820000,0.548
1747049880000,0.5452
1747049940000,0.5562
1747050000000,0.5682
1747050060000,0.5485
1747050120000,0.5559
1747050180000,0.5535
1747050240000,0.5543
1747050300000,0.5478
1747050360000,0.552
1747050420000,0.5569
1747050480000,0.5507
1747050540000,0.5459
1747050600000,0.5617
1747050660000,0.5537
1747050720000,0.5443
1747050780000,0.5497
1747050840000,0.5518
1747050900000,0.557
1747050960000,0.5388
1747051020000,0.5422
1747051080000,0.557
1747051140000,0.5524
1747051200000,0.5773
1747051260000,0.563
1747051320000,0.5658
1747051380000,0.5534
1747051440000,0.5534
1747051500000,0.5538
1747051560000,0.5637
1747051620000,0.5471
1747051680000,0.5552
1747051740000,0.5586
1747051800000,0.5652
1747051860000,0.5714
1747051920000,0.5571
1747051980000,0.5463
1747052040000,0.5535
1747052100000,0.5586
1747052160000,0.5573
1747052220000,0.5564
1747052280000,0.5555
1747052340000,0.5525
1747052400000,0.5673
1747052460000,0.5574
1747052520000,0.5533
1747052580000,0.5611
1747052640000,0.5499
1747052700000,0.5534
1747052760000,0.5535
1747052820000,0.5586
1747052880000,0.5503
1747052940000,0.5576
1747053000000,0.5546
1747053060000,0.5557
1747053120000,0.5459
1747053180000,0.5502
1747053240000,0.5482
1747053300000,0.5589
1747053360000,0.5442
1747053420000,0.5499
1747053480000,0.5531
1747053540000,0.5662
1747053600000,0.5611
1747053660000,0.5509
1747053720000,0.5522
1747053780000,0.5496
1747053840000,0.56
1747053900000,0.5571
1747053960000,0.5571
1747054020000,0.5516
1747054080000,0.5565
1747054140000,0.551
1747054200000,0.5509
1747054260000,0.5496
1747054320000,0.5602
1747054380000,0.5571
1747054440000,0.5591
1747054500000,0.5501
1747054560000,0.548
1747054620000,0.5506
1747054680000,0.5478
1747054740000,0.5493
1747054800000,0.5534
1747054860000,0.5591
1747054920000,0.5659
1747054980000,0.5475
1747055040000,0.5576
1747055100000,0.5556
1747055160000,0.5452
1747055220000,0.5508
1747055280000,0.5489
1747055340000,0.5402
1747055400000,0.5463
1747055460000,0.5586
1747055520000,0.5504
1747055580000,0.5425
1747055640000,0.5447
1747055700000,0.5572
1747055760000,0.5435
1747055820000,0.5572
1747055880000,0.5498
1747055940000,0.5532
1747056000000,0.5451
1747056060000,0.5414
1747056120000,0.5426
1747056180000,0.5468
1747056240000,0.5503
1747056300000,0.5482
1747056360000,0.5483
1747056420000,0.5488
1747056480000,0.5361
1747056540000,0.5401
1747056600000,0.5489
1747056660000,0.5451
1747056720000,0.5394
1747056780000,0.5473
1747056840000,0.5441
1747056900000,0.5601
1747056960000,0.5489
1747057020000,0.5522
1747057080000,0.5436
1747057140000,0.5347
1747057200000,0.5346
1747057260000,0.5424
1747057320000,0.5364
1747057380000,0.5538
1747057440000,0.5433
1747057500000,0.535
1747057560000,0.5319
1747057620000,0.5358
1747057680000,0.5328
1747057740000,0.5432
1747057800000,0.5318
1747057860000,0.5321
1747057920000,0.5284
1747057980000,0.5383
1747058040000,0.5259
1747058100000,0.5303
1747058160000,0.5299
1747058220000,0.5255
1747058280000,0.5233
1747058340000,0.5231
1747058400000,0.5224
1747058460000,0.5261
1747058520000,0.5291
1747058580000,0.5355
1747058640000,0.5253
1747058700000,0.5233
1747058760000,0.5243
1747058820000,0.5163
1747058880000,0.5185
1747058940000,0.5132
1747059000000,0.5086
1747059060000,0.5134
1747059120000,0.5047
1747059180000,0.5104
1747059240000,0.5162
1747059300000,0.518
1747059360000,0.5035
1747059420000,0.5113
1747059480000,0.526
1747059540000,0.5151
1747059600000,0.5171
1747059660000,0.5254
1747059720000,0.519
1747059780000,0.5028
1747059840000,0.5004
1747059900000,0.5078
1747059960000,0.5038
1747060020000,0.5018
1747060080000,0.4996
1747060140000,0.5049
1747060200000,0.5046
1747060260000,0.5023
1747060320000,0.5011
1747060380000,0.4966
1747060440000,0.497
1747060500000,0.4878
1747060560000,0.4903
1747060620000,0.4942
1747060680000,0.4826
1747060740000,0.4928
1747060800000,0.487
1747060860000,0.4841
1747060920000,0.4849
1747060980000,0.4878
1747061040000,0.4856
1747061100000,0.4831
1747061160000,0.481
1747061220000,0.4861
1747061280000,0.4895
1747061340000,0.4793
1747061400000,0.4832
1747061460000,0.4837
1747061520000,0.485
1747061580000,0.4876
1747061640000,0.4815
1747061700000,0.4815
1747061760000,0.4739
1747061820000,0.4854
1747061880000,0.4784
1747061940000,0.4843
1747062000000,0.4769
1747062060000,0.4909
1747062120000,0.4927
1747062180000,0.4825
1747062240000,0.4911
1747062300000,0.4915
1747062360000,0.4944
1747062420000,0.4904
1747062480000,0.4842
1747062540000,0.4832
1747062600000,0.4832
1747062660000,0.4801
1747062720000,0.4771
1747062780000,0.4891
1747062840000,0.4816
1747062900000,0.4763
1747062960000,0.4805
1747063020000,0.4658
1747063080000,0.4757
1747063140000,0.4697
1747063200000,0.4651
1747063260000,0.4745
1747063320000,0.4758
1747063380000,0.4814
1747063440000,0.4737
1747063500000,0.4818
1747063560000,0.4751
1747063620000,0.4731
1747063680000,0.473
1747063740000,0.4707
1747063800000,0.4687
1747063860000,0.4666
1747063920000,0.4741
1747063980000,0.47
1747064040000,0.4562
1747064100000,0.457
1747064160000,0.4594
1747064220000,0.4695
1747064280000,0.4625
1747064340000,0.462
1747064400000,0.4719
1747064460000,0.4656
1747064520000,0.4587
1747064580000,0.4609
1747064640000,0.4646
1747064700000,0.4584
1747064760000,0.4742
1747064820000,0.4544
1747064880000,0.4615
1747064940000,0.4514
1747065000000,0.46
1747065060000,0.4658
1747065120000,0.4684
1747065180000,0.45
1747065240000,0.4559
1747065300000,0.4547
1747065360000,0.4624
1747065420000,0.4541
1747065480000,0.4444
1747065540000,0.4466
1747065600000,0.4547
1747065660000,0.4654
1747065720000,0.4599
1747065780000,0.4555
1747065840000,0.4649
1747065900000,0.471
1747065960000,0.4651
1747066020000,0.4687
1747066080000,0.4647
1747066140000,0.4467
1747066200000,0.4775
1747066260000,0.4726
1747066320000,0.4586
1747066380000,0.4758
1747066440000,0.4584
1747066500000,0.47
1747066560000,0.4651
1747066620000,0.475
1747066680000,0.4782
1747066740000,0.4602
1747066800000,0.4737
1747066860000,0.7553
1747066920000,0.6843
1747066980000,0.4943
1747067040000,0.5006
1747067100000,0.4979
1747067160000,0.4812
1747067220000,0.4882
1747067280000,0.4804
1747067340000,0.4893
1747067400000,0.4748
1747067460000,0.4775
1747067520000,0.4738
1747067580000,0.4789
1747067640000,0.4978
1747067700000,0.4823
1747067760000,0.4928
1747067820000,0.4676
1747067880000,0.4764
1747067940000,0.4821
1747068000000,0.4772
1747068060000,0.4793
1747068120000,0.4807
1747068180000,0.4918
1747068240000,0.4816
1747068300000,0.4801
1747068360000,0.4737
1747068420000,0.4716
1747068480000,0.4787
1747068540000,0.4705
1747068600000,0.5006
1747068660000,0.51
1747068720000,0.5159
1747068780000,0.4971
1747068840000,0.5031
1747068900000,0.4838
1747068960000,0.4873
1747069020000,0.4763
1747069080000,0.4718
1747069140000,0.4744
1747069200000,0.4916
1747069260000,0.4788
1747069320000,0.4641
1747069380000,0.494
1747069440000,0.5016
1747069500000,0.5023
1747069560000,0.4911
1747069620000,0.4848
1747069680000,0.4755
1747069740000,0.473
1747069800000,0.4753
1747069860000,0.4942
1747069920000,0.4676
1747069980000,0.4855
1747070040000,0.464
1747070100000,0.4686
1747070160000,0.4737
1747070220000,0.4748
1747070280000,0.4647
1747070340000,0.4856
1747070400000,0.4547
1747070460000,0.4794
1747070520000,0.499
1747070580000,0.4919
1747070640000,0.4776
1747070700000,0.4672
1747070760000,0.486
1747070820000,0.4677
1747070880000,0.4829
1747070940000,0.4804
1747071000000,0.4871
1747071060000,0.4687
1747071120000,0.4803
1747071180000,0.4736
1747071240000,0.4724
1747071300000,0.5033
1747071360000,0.4856
1747071420000,0.4802
1747071480000,0.5003
1747071540000,0.482
1747071600000,0.4696
1747071660000,0.4689
1747071720000,0.484
1747071780000,0.4769
1747071840000,0.5044
1747071900000,0.4823
1747071960000,0.4742
1747072020000,0.4791
1747072080000,0.483
1747072140000,0.4877
1747072200000,0.4912
1747072260000,0.4959
1747072320000,0.521
1747072380000,0.4842
1747072440000,0.4872
1747072500000,0.5328
1747072560000,0.5031
1747072620000,0.499
1747072680000,0.488
1747072740000,0.4917
1747072800000,0.4985
1747072860000,0.4886
1747072920000,0.5014
1747072980000,0.5186
1747073040000,0.4967
1747073100000,0.4946
1747073160000,0.5041
1747073220000,0.505
1747073280000,0.5015
1747073340000,0.4992
1747073400000,0.5051
1747073460000,0.5063
1747073520000,0.4856
1747073580000,0.4746
1747073640000,0.5067
1747073700000,0.476
1747073760000,0.4777
1747073820000,0.5151
1747073880000,0.4909
1747073940000,0.4748
1747074000000,0.4952
1747074060000,0.5097
1747074120000,0.5023
1747074180000,0.5118
1747074240000,0.5078
1747074300000,0.4934
1747074360000,0.5171
1747074420000,0.4846
1747074480000,0.4853
1747074540000,0.4957
1747074600000,0.5159
1747074660000,0.5345
1747074720000,0.5343
1747074780000,0.5418
1747074840000,0.5029
1747074900000,0.5018
1747074960000,0.4858
1747075020000,0.4957
1747075080000,0.4934
1747075140000,0.5092
1747075200000,0.4982
1747075260000,0.515
1747075320000,0.5359
1747075380000,0.502
1747075440000,0.505
1747075500000,0.5063
1747075560000,0.5139
1747075620000,0.5119
1747075680000,0.5508
1747075740000,0.5964
1747075800000,0.5244
1747075860000,0.5051
1747075920000,0.52
1747075980000,0.4902
1747076040000,0.5004
1747076100000,0.5146
1747076160000,0.5029
1747076220000,0.5002
1747076280000,0.5203
1747076340000,0.5243
1747076400000,0.5032
1747076460000,0.55
1747076520000,0.5327
1747076580000,0.5512
1747076640000,0.5368
1747076700000,0.5421
1747076760000,0.5107
1747076820000,0.5394
1747076880000,0.539
1747076940000,0.5408
1747077000000,0.5575
1747077060000,0.5522
1747077120000,0.5158
1747077180000,0.5905
1747077240000,0.5503
1747077300000,0.533
1747077360000,0.5307
1747077420000,0.5394
1747077480000,0.5235
1747077540000,0.5568
1747077600000,0.5403
1747077660000,0.5487
1747077720000,0.5014
1747077780000,0.5091
1747077840000,0.5431
1747077900000,0.5303
1747077960000,0.5401
1747078020000,0.5742
1747078080000,0.5179
1747078140000,0.5725
1747078200000,0.5404
1747078260000,0.5269
1747078320000,0.5391
1747078380000,0.6095
1747078440000,0.5441
1747078500000,0.561
1747078560000,0.5223
1747078620000,0.5195
1747078680000,0.5649
1747078740000,0.5899
1747078800000,0.5655
1747078860000,0.5369
1747078920000,0.553
1747078980000,0.5292
1747079040000,0.5563
1747079100000,0.5599
1747079160000,0.5362
1747079220000,0.5322
1747079280000,0.564
1747079340000,0.565
1747079400000,0.5425
1747079460000,0.5434
1747079520000,0.56
1747079580000,0.5669
1747079640000,0.5375
1747079700000,0.5355
1747079760000,0.5581
1747079820000,0.5431
1747079880000,0.5491
1747079940000,0.566
1747080000000,0.5836
1747080060000,0.6139
1747080120000,0.5732
1747080180000,0.5828
1747080240000,0.583
1747080300000,0.5801
1747080360000,0.6015
1747080420000,0.6005
1747080480000,0.5834
1747080540000,0.6369
1747080600000,0.6448
1747080660000,0.6578
1747080720000,0.654
1747080780000,0.6598
1747080840000,0.5766
1747080900000,0.595
1747080960000,0.5647
1747081020000,0.5669
1747081080000,0.5455
1747081140000,0.586
1747081200000,0.5446
1747081260000,0.5475
1747081320000,0.5335
1747081380000,0.5272
1747081440000,0.5796
1747081500000,0.5204
1747081560000,0.5418
1747081620000,0.5653
1747081680000,0.533
1747081740000,0.5579
1747081800000,0.585
1747081860000,0.5444
1747081920000,0.542
1747081980000,0.5361
1747082040000,0.5523
1747082100000,0.5335
1747082160000,0.5178
1747082220000,0.5545
1747082280000,0.5764
1747082340000,0.5283
1747082400000,0.5406
1747082460000,0.5206
1747082520000,0.5439
1747082580000,0.5579
1747082640000,0.5618
1747082700000,0.569
1747082760000,0.5331
1747082820000,0.5917
1747082880000,0.5597
1747082940000,0.5196
1747083000000,0.5498
1747083060000,0.5481
1747083120000,0.5678
1747083180000,0.5433
1747083240000,0.5417
1747083300000,0.587
1747083360000,0.5231
1747083420000,0.5483
1747083480000,0.5294
1747083540000,0.5567
1747083600000,0.6193
1747083660000,0.6154
1747083720000,0.5993
1747083780000,0.5922
1747083840000,0.6087
1747083900000,0.5829
1747083960000,0.5963
1747084020000,0.5904
1747084080000,0.5833
1747084140000,0.5792
1747084200000,0.6329
1747084260000,0.5804
1747084320000,0.6148
1747084380000,0.6076
1747084440000,0.6132
1747084500000,0.6004
1747084560000,0.5684
1747084620000,0.5912
1747084680000,0.6019
1747084740000,0.6044
1747084800000,0.6333
1747084860000,0.5995
1747084920000,0.601
1747084980000,0.5888
1747085040000,0.5731
1747085100000,0.6121
1747085160000,0.5571
1747085220000,0.559
1747085280000,0.5887
1747085340000,0.5865
1747085400000,0.5431
1747085460000,0.5633
1747085520000,0.6016
1747085580000,0.5675
1747085640000,0.5687
1747085700000,0.5636
1747085760000,0.5708
1747085820000,0.566
1747085880000,0.5308
1747085940000,0.556
1747086000000,0.5623
1747086060000,0.5646
1747086120000,0.5522
1747086180000,0.5766
1747086240000,0.5737
1747086300000,0.5683
1747086360000,0.5758
1747086420000,0.5628
1747086480000,0.5485
1747086540000,0.5568
1747086600000,0.5742
1747086660000,0.5677
1747086720000,0.5653
1747086780000,0.5739
1747086840000,0.5623
1747086900000,0.5729
1747086960000,0.5809
1747087020000,0.5231
1747087080000,0.5621
1747087140000,0.5494
1747087200000,0.5749
1747087260000,0.5476
1747087320000,0.5438
1747087380000,0.5578
1747087440000,0.5623
1747087500000,0.5646
1747087560000,0.5697
1747087620000,0.5644
1747087680000,0.5646
1747087740000,0.5576
1747087800000,0.5734
1747087860000,0.5776
1747087920000,0.5862
1747087980000,0.5497
1747088040000,0.569
1747088100000,0.5554
1747088160000,0.5817
1747088220000,0.5584
1747088280000,0.5803
1747088340000,0.5756
1747088400000,0.5754
1747088460000,0.5676
1747088520000,0.5766
1747088580000,0.5762
1747088640000,0.5603
1747088700000,0.5806
1747088760000,0.5474
1747088820000,0.5954
1747088880000,0.5841
1747088940000,0.5799
1747089000000,0.6114
1747089060000,0.5866
1747089120000,0.5655
1747089180000,0.577
1747089240000,0.5621
1747089300000,0.5839
1747089360000,0.6148
1747089420000,0.5839
1747089480000,0.5684
1747089540000,0.5734
1747089600000,0.577
1747089660000,0.5737
1747089720000,0.6028
1747089780000,0.6038
1747089840000,0.5967
1747089900000,0.5824
1747089960000,0.627
1747090020000,0.6031
1747090080000,0.6103
1747090140000,0.6014
1747090200000,0.5933
1747090260000,0.6131
1747090320000,0.5886
1747090380000,0.5867
1747090440000,0.6024
1747090500000,0.5965
1747090560000,0.61
1747090620000,0.611
1747090680000,0.5872
1747090740000,0.6065
1747090800000,0.5225
1747090860000,0.5022
1747090920000,0.5204
1747090980000,0.5311
1747091040000,0.5429
1747091100000,0.5411
1747091160000,0.5172
1747091220000,0.5212
1747091280000,0.5258
1747091340000,0.5258
1747091400000,0.5134
1747091460000,0.5098
1747091520000,0.532
1747091580000,0.525
1747091640000,0.517
1747091700000,0.5302
1747091760000,0.5207
1747091820000,0.5262
1747091880000,0.5439
1747091940000,0.5463
1747092000000,0.5253
1747092060000,0.5359
1747092120000,0.5205
1747092180000,0.5276
1747092240000,0.5415
1747092300000,0.5309
1747092360000,0.5341
1747092420000,0.5195
1747092480000,0.5418
1747092540000,0.5316
1747092600000,0.517
1747092660000,0.5628
1747092720000,0.53
1747092780000,0.5316
1747092840000,0.5433
1747092900000,0.5196
1747092960000,0.5545
1747093020000,0.5375
1747093080000,0.5338
1747093140000,0.5353
1747093200000,0.5417
1747093260000,0.5288
1747093320000,0.5461
1747093380000,0.5703
1747093440000,0.5671
1747093500000,0.5495
1747093560000,0.5379
1747093620000,0.5499
1747093680000,0.5471
1747093740000,0.5584
1747093800000,0.5591
1747093860000,0.553
1747093920000,0.5816
1747093980000,0.5536
1747094040000,0.5488
1747094100000,0.5628
1747094160000,0.5677
1747094220000,0.5759
1747094280000,0.5777
1747094340000,0.5902
1747094400000,0.5774
1747094460000,0.5636
1747094520000,0.5958
1747094580000,0.5859
1747094640000,0.5735
1747094700000,0.5729
1747094760000,0.5773
1747094820000,0.5828
1747094880000,0.5793
1747094940000,0.5761
1747095000000,0.5854
1747095060000,0.5706
1747095120000,0.5867
1747095180000,0.5782
1747095240000,0.5824
1747095300000,0.5752
1747095360000,0.5921
1747095420000,0.5867
1747095480000,0.5815
1747095540000,0.5793
1747095600000,0.5868
1747095660000,0.5847
1747095720000,0.5904
1747095780000,0.5946
1747095840000,0.6051
1747095900000,0.5996
1747095960000,0.6052
1747096020000,0.5904
1747096080000,0.6093
1747096140000,0.627
1747096200000,0.5939
1747096260000,0.5887
1747096320000,0.5839
1747096380000,0.584
1747096440000,0.601
1747096500000,0.5997
1747096560000,0.5955
1747096620000,0.5979
1747096680000,0.5781
1747096740000,0.5898
1747096800000,0.6186
1747096860000,0.6106
1747096920000,0.6055
1747096980000,0.5863
1747097040000,0.603
1747097100000,0.5921
1747097160000,0.5931
1747097220000,0.6059
1747097280000,0.6155
1747097340000,0.6041
1747097400000,0.6152
1747097460000,0.5998
1747097520000,0.6284
1747097580000,0.6063
1747097640000,0.6243
1747097700000,0.6138
1747097760000,0.6294
1747097820000,0.6212
1747097880000,0.6107
1747097940000,0.6318
1747098000000,0.6324
1747098060000,0.6146
1747098120000,0.6125
1747098180000,0.5981
1747098240000,0.5989
1747098300000,0.6092
1747098360000,0.6076
1747098420000,0.6058
1747098480000,0.6014
1747098540000,0.6178
1747098600000,0.633
1747098660000,0.6075
1747098720000,0.6225
1747098780000,0.6259
1747098840000,0.6164
1747098900000,0.62
1747098960000,0.6135
1747099020000,0.6271
1747099080000,0.6238
1747099140000,0.6153
1747099200000,0.6195
1747099260000,0.6147
1747099320000,0.6139
1747099380000,0.618
1747099440000,0.6239
1747099500000,0.6378
1747099560000,0.6141
1747099620000,0.61
1747099680000,0.6224
1747099740000,0.6375
1747099800000,0.6139
1747099860000,0.6075
1747099920000,0.6209
1747099980000,0.6035
1747100040000,0.6083
1747100100000,0.6227
1747100160000,0.6202
1747100220000,0.6177
1747100280000,0.6097
1747100340000,0.6262
1747100400000,0.6161
1747100460000,0.6403
1747100520000,0.6107
1747100580000,0.6326
1747100640000,0.6189
1747100700000,0.6098
1747100760000,0.6123
1747100820000,0.6368
1747100880000,0.6243
1747100940000,0.627
1747101000000,0.6106
1747101060000,0.6078
1747101120000,0.6214
1747101180000,0.6127
1747101240000,0.633
1747101300000,0.6407
1747101360000,0.6294
1747101420000,0.6347
1747101480000,0.6247
1747101540000,0.6229
1747101600000,0.6295
1747101660000,0.6129
1747101720000,0.6074
1747101780000,0.6164
1747101840000,0.627
1747101900000,0.629
1747101960000,0.6355
1747102020000,0.614
1747102080000,0.6167
1747102140000,0.616
1747102200000,0.6174
1747102260000,0.6057
1747102320000,0.6034
1747102380000,0.6145
1747102440000,0.6221
1747102500000,0.6265
1747102560000,0.6225
1747102620000,0.6222
1747102680000,0.6029
1747102740000,0.609
1747102800000,0.6094
1747102860000,0.6213
1747102920000,0.6012
1747102980000,0.6201
1747103040000,0.6044
1747103100000,0.6266
1747103160000,0.6223
1747103220000,0.6107
1747103280000,0.6081
1747103340000,0.6183
1747103400000,0.6201
1747103460000,0.6042
1747103520000,0.6087
1747103580000,0.6053
1747103640000,0.6142
1747103700000,0.6147
1747103760000,0.6052
1747103820000,0.6263
1747103880000,0.6089
1747103940000,0.6116
1747104000000,0.6072
1747104060000,0.6291
1747104120000,0.6075
1747104180000,0.605
1747104240000,0.6032
1747104300000,0.614
1747104360000,0.6105
1747104420000,0.6056
1747104480000,0.6087
1747104540000,0.6068
1747104600000,0.6
1747104660000,0.6192
1747104720000,0.6165
1747104780000,0.607
1747104840000,0.6132
1747104900000,0.6097
1747104960000,0.6284
1747105020000,0.6155
1747105080000,0.6304
1747105140000,0.6119
1747105200000,0.6269
1747105260000,0.6098
1747105320000,0.609
1747105380000,0.6135
1747105440000,0.6269
1747105500000,0.6125
1747105560000,0.6081
1747105620000,0.6052
1747105680000,0.6073
1747105740000,0.6113
1747105800000,0.6092
1747105860000,0.6163
1747105920000,0.6073
1747105980000,0.6125
1747106040000,0.6113
1747106100000,0.6168
1747106160000,0.608
1747106220000,0.6135
1747106280000,0.6042
1747106340000,0.6163
1747106400000,0.6277
1747106460000,0.605
1747106520000,0.6008
1747106580000,0.5976
1747106640000,0.6125
1747106700000,0.5961
1747106760000,0.5998
1747106820000,0.5905
1747106880000,0.6096
1747106940000,0.6033
1747107000000,0.6033
1747107060000,0.5982
1747107120000,0.5969
1747107180000,0.605
1747107240000,0.6182
1747107300000,0.6063
1747107360000,0.6077
1747107420000,0.5961
1747107480000,0.5916
1747107540000,0.5981
1747107600000,0.6031
1747107660000,0.6071
1747107720000,0.609
1747107780000,0.6104
1747107840000,0.6042
1747107900000,0.6133
1747107960000,0.5916
1747108020000,0.5937
1747108080000,0.5827
1747108140000,0.5826
1747108200000,0.5956
1747108260000,0.5872
1747108320000,0.5997
1747108380000,0.6004
1747108440000,0.5957
1747108500000,0.59
1747108560000,0.588
1747108620000,0.5868
1747108680000,0.5886
1747108740000,0.5972
1747108800000,0.6225
1747108860000,0.5995
1747108920000,0.598
1747108980000,0.6009
1747109040000,0.599
1747109100000,0.5983
1747109160000,0.5724
1747109220000,0.5824
1747109280000,0.5864
1747109340000,0.5775
1747109400000,0.5857
1747109460000,0.5976
1747109520000,0.601
1747109580000,0.5947
1747109640000,0.6021
1747109700000,0.5784
1747109760000,0.5856
1747109820000,0.5899
1747109880000,0.5836
1747109940000,0.5817
1747110000000,0.5834
1747110060000,0.5875
1747110120000,0.5779
1747110180000,0.5711
1747110240000,0.6093
1747110300000,0.5666
1747110360000,0.5755
1747110420000,0.5755
1747110480000,0.5722
1747110540000,0.5643
1747110600000,0.5849
1747110660000,0.576
1747110720000,0.5729
1747110780000,0.5908
1747110840000,0.5706
1747110900000,0.5625
1747110960000,0.5768
1747111020000,0.5612
1747111080000,0.5893
1747111140000,0.5696
1747111200000,0.576
1747111260000,0.5846
1747111320000,0.5702
1747111380000,0.5775
1747111440000,0.5768
1747111500000,0.5762
1747111560000,0.5676
1747111620000,0.5792
1747111680000,0.5705
1747111740000,0.5662
1747111800000,0.605
1747111860000,0.5987
1747111920000,0.5817
1747111980000,0.5854
1747112040000,0.5748
1747112100000,0.5703
1747112160000,0.5638
1747112220000,0.5685
1747112280000,0.5691
1747112340000,0.569
1747112400000,0.5719
1747112460000,0.5647
1747112520000,0.5627
1747112580000,0.5615
1747112640000,0.5532
1747112700000,0.5711
1747112760000,0.5749
1747112820000,0.5625
1747112880000,0.5653
1747112940000,0.5702
1747113000000,0.5572
1747113060000,0.5633
1747113120000,0.5641
1747113180000,0.5708
1747113240000,0.5728
1747113300000,0.5667
1747113360000,0.5649
1747113420000,0.5719
1747113480000,0.5507
1747113540000,0.5525
1747113600000,0.5688
1747113660000,0.5736
1747113720000,0.5565
1747113780000,0.5736
1747113840000,0.5665
1747113900000,0.567
1747113960000,0.5534
1747114020000,0.5528
1747114080000,0.5736
1747114140000,0.5755
1747114200000,0.5605
1747114260000,0.5601
1747114320000,0.5649
1747114380000,0.5702
1747114440000,0.5776
1747114500000,0.5683
1747114560000,0.5806
1747114620000,0.5672
1747114680000,0.5761
1747114740000,0.5745
1747114800000,0.5826
1747114860000,0.5672
1747114920000,0.5739
1747114980000,0.5524
1747115040000,0.5737
1747115100000,0.5767
1747115160000,0.5729
1747115220000,0.5626
1747115280000,0.5643
1747115340000,0.5581
1747115400000,0.5845
1747115460000,0.5714
1747115520000,0.5784
1747115580000,0.5687
1747115640000,0.5699
1747115700000,0.5691
1747115760000,0.5828
1747115820000,0.5764
1747115880000,0.572
1747115940000,0.5663
1747116000000,0.5844
1747116060000,0.5579
1747116120000,0.5711
1747116180000,0.5754
1747116240000,0.5824
1747116300000,0.5794
1747116360000,0.5768
1747116420000,0.5789
1747116480000,0.5804
1747116540000,0.5708
1747116600000,0.5748
1747116660000,0.5819
1747116720000,0.5761
1747116780000,0.5747
1747116840000,0.5715
1747116900000,0.5789
1747116960000,0.5602
1747117020000,0.5845
1747117080000,0.5706
1747117140000,0.5736
1747117200000,0.5813
1747117260000,0.5657
1747117320000,0.5744
1747117380000,0.5665
1747117440000,0.5708
1747117500000,0.5699
1747117560000,0.5783
1747117620000,0.5677
1747117680000,0.5915
1747117740000,0.5844
1747117800000,0.5739
1747117860000,0.5761
1747117920000,0.5761
1747117980000,0.5733
1747118040000,0.5794
1747118100000,0.5785
1747118160000,0.5829
1747118220000,0.5868
1747118280000,0.5788
1747118340000,0.5743
1747118400000,0.5823
1747118460000,0.5983
1747118520000,0.5817
1747118580000,0.5776
1747118640000,0.5794
1747118700000,0.5691
1747118760000,0.5794
1747118820000,0.5856
1747118880000,0.5808
1747118940000,0.5783
1747119000000,0.5765
1747119060000,0.5881
1747119120000,0.5793
1747119180000,0.5752
1747119240000,0.5838
1747119300000,0.5828
1747119360000,0.5796
1747119420000,0.587
1747119480000,0.5757
1747119540000,0.5841
1747119600000,0.5767
1747119660000,0.5895
1747119720000,0.5822
1747119780000,0.5851
1747119840000,0.5874
1747119900000,0.5835
1747119960000,0.5677
1747120020000,0.5706
1747120080000,0.5961
1747120140000,0.5842
1747120200000,0.5861
1747120260000,0.5704
1747120320000,0.5778
1747120380000,0.5732
1747120440000,0.5786
1747120500000,0.5722
1747120560000,0.5756
1747120620000,0.579
1747120680000,0.5854
1747120740000,0.5803
1747120800000,0.5835
1747120860000,0.5823
1747120920000,0.5792
1747120980000,0.5721
1747121040000,0.5754
1747121100000,0.5746
1747121160000,0.5891
1747121220000,0.5875
1747121280000,0.5832
1747121340000,0.5892
1747121400000,0.5749
1747121460000,0.5789
1747121520000,0.5841
1747121580000,0.5766
1747121640000,0.5735
1747121700000,0.5915
1747121760000,0.5805
1747121820000,0.5732
1747121880000,0.5815
1747121940000,0.574
1747122000000,0.5752
1747122060000,0.5832
1747122120000,0.5871
1747122180000,0.5716
1747122240000,0.5942
1747122300000,0.5837
1747122360000,0.5871
1747122420000,0.5817
1747122480000,0.5763
1747122540000,0.5841
1747122600000,0.6007
1747122660000,0.5863
1747122720000,0.5773
1747122780000,0.5951
1747122840000,0.5752
1747122900000,0.6001
1747122960000,0.5767
1747123020000,0.5818
1747123080000,0.5815
1747123140000,0.5954
1747123200000,0.5988
1747123260000,0.5782
1747123320000,0.5861
1747123380000,0.5911
1747123440000,0.5785
1747123500000,0.5841
1747123560000,0.604
1747123620000,0.5828
1747123680000,0.5831
1747123740000,0.5878
1747123800000,0.5969
1747123860000,0.5989
1747123920000,0.6009
1747123980000,0.5945
1747124040000,0.5879
1747124100000,0.5896
1747124160000,0.5895
1747124220000,0.5975
1747124280000,0.5965
1747124340000,0.5909
1747124400000,0.5892
1747124460000,0.6026
1747124520000,0.59
1747124580000,0.5857
1747124640000,0.5903
1747124700000,0.5808
1747124760000,0.5862
1747124820000,0.5836
1747124880000,0.5841
1747124940000,0.5896
1747125000000,0.5909
1747125060000,0.5986
1747125120000,0.5819
1747125180000,0.5959
1747125240000,0.5899
1747125300000,0.5902
1747125360000,0.5953
1747125420000,0.5908
1747125480000,0.5919
1747125540000,0.581
1747125600000,0.5929
1747125660000,0.5931
1747125720000,0.5956
1747125780000,0.5884
1747125840000,0.5959
1747125900000,0.5843
1747125960000,0.5911
1747126020000,0.6002
1747126080000,0.5874
1747126140000,0.5945
1747126200000,0.5986
1747126260000,0.5899
1747126320000,0.5774
1747126380000,0.5841
1747126440000,0.5871
1747126500000,0.6089
1747126560000,0.5877
1747126620000,0.5902
1747126680000,0.5748
1747126740000,0.5883
1747126800000,0.6054
1747126860000,0.5927
1747126920000,0.5931
1747126980000,0.5909
1747127040000,0.5842
1747127100000,0.5818
1747127160000,0.5918
1747127220000,0.593
1747127280000,0.6048
1747127340000,0.5912
1747127400000,0.5892
1747127460000,0.5923
1747127520000,0.5984
1747127580000,0.5983
1747127640000,0.5962
1747127700000,0.5973
1747127760000,0.5823
1747127820000,0.5843
1747127880000,0.5724
1747127940000,0.5761
1747128000000,0.5925
1747128060000,0.5865
1747128120000,0.5814
1747128180000,0.5954
1747128240000,0.5853
1747128300000,0.5855
1747128360000,0.5807
1747128420000,0.5912
1747128480000,0.5845
1747128540000,0.5845
1747128600000,0.5811
1747128660000,0.5804
1747128720000,0.5769
1747128780000,0.5726
1747128840000,0.5772
1747128900000,0.5805
1747128960000,0.5726
1747129020000,0.5878
1747129080000,0.5836
1747129140000,0.5865
1747129200000,0.5832
1747129260000,0.5836
1747129320000,0.5839
1747129380000,0.586
1747129440000,0.5903
1747129500000,0.5863
1747129560000,0.5803
1747129620000,0.5895
1747129680000,0.5878
1747129740000,0.5922
1747129800000,0.5868
1747129860000,0.5914
1747129920000,0.5828
1747129980000,0.5813
1747130040000,0.5918
1747130100000,0.5882
1747130160000,0.5875
1747130220000,0.5922
1747130280000,0.593
1747130340000,0.5972
1747130400000,0.6009
1747130460000,0.5862
1747130520000,0.5843
1747130580000,0.5868
1747130640000,0.5813
1747130700000,0.5779
1747130760000,0.5712
1747130820000,0.5676
1747130880000,0.5736
1747130940000,0.5824
1747131000000,0.5907
1747131060000,0.5713
1747131120000,0.5861
1747131180000,0.5703
1747131240000,0.5853
1747131300000,0.5734
1747131360000,0.5854
1747131420000,0.5799
1747131480000,0.5762
1747131540000,0.575
1747131600000,0.5788
1747131660000,0.5766
1747131720000,0.5695
1747131780000,0.5771
1747131840000,0.5681
1747131900000,0.5833
1747131960000,0.5794
1747132020000,0.5744
1747132080000,0.5683
1747132140000,0.583
1747132200000,0.5794
1747132260000,0.5736
1747132320000,0.5635
1747132380000,0.5828
1747132440000,0.578
1747132500000,0.5635
1747132560000,0.5598
1747132620000,0.5544
1747132680000,0.5535
1747132740000,0.556
1747132800000,0.5597
1747132860000,0.5684
1747132920000,0.5617
1747132980000,0.5772
1747133040000,0.5754
1747133100000,0.5713
1747133160000,0.5601
1747133220000,0.5605
1747133280000,0.5558
1747133340000,0.5609
1747133400000,0.5717
1747133460000,0.5598
1747133520000,0.5609
1747133580000,0.5668
1747133640000,0.5679
1747133700000,0.5596
1747133760000,0.5632
1747133820000,0.5528
1747133880000,0.5567
1747133940000,0.5598
1747134000000,0.5597
1747134060000,0.559
1747134120000,0.5521
1747134180000,0.5448
1747134240000,0.5567
1747134300000,0.5546
1747134360000,0.5485
1747134420000,0.5546
1747134480000,0.5486
1747134540000,0.5464
1747134600000,0.5471
1747134660000,0.5468
1747134720000,0.5502
1747134780000,0.5546
1747134840000,0.5499
1747134900000,0.5488
1747134960000,0.5479
1747135020000,0.5438
1747135080000,0.5463
1747135140000,0.5498
1747135200000,0.5523
1747135260000,0.5461
1747135320000,0.5462
1747135380000,0.5457
1747135440000,0.5489
1747135500000,0.552
1747135560000,0.5606
1747135620000,0.5448
1747135680000,0.5513
1747135740000,0.5534
1747135800000,0.5505
1747135860000,0.551
1747135920000,0.5512
1747135980000,0.5471
1747136040000,0.5459
1747136100000,0.5474
1747136160000,0.5494
1747136220000,0.5519
1747136280000,0.5454
1747136340000,0.5463
1747136400000,0.5457
1747136460000,0.5434
1747136520000,0.5514
1747136580000,0.5622
1747136640000,0.5596
1747136700000,0.547
1747136760000,0.5515
1747136820000,0.5535
1747136880000,0.5443
1747136940000,0.5445
1747137000000,0.5562
1747137060000,0.5483
1747137120000,0.5535
1747137180000,0.5501
1747137240000,0.5453
1747137300000,0.5333
1747137360000,0.5404
1747137420000,0.5575
1747137480000,0.5445
1747137540000,0.5582
1747137600000,0.5777
1747137660000,0.5676
1747137720000,0.5573
1747137780000,0.551
1747137840000,0.5606
1747137900000,0.5556
1747137960000,0.5525
1747138020000,0.5595
1747138080000,0.5539
1747138140000,0.5609
1747138200000,0.5681
1747138260000,0.5534
1747138320000,0.5534
1747138380000,0.5466
1747138440000,0.556
1747138500000,0.5659
1747138560000,0.5562
1747138620000,0.5464
1747138680000,0.556
1747138740000,0.5566
1747138800000,0.5563
1747138860000,0.5618
1747138920000,0.5545
1747138980000,0.5532
1747139040000,0.564
1747139100000,0.5569
1747139160000,0.5524
1747139220000,0.5485
1747139280000,0.5536
1747139340000,0.5525
1747139400000,0.5521
1747139460000,0.5427
1747139520000,0.5504
1747139580000,0.5553
1747139640000,0.5495
1747139700000,0.556
1747139760000,0.5477
1747139820000,0.5421
1747139880000,0.5414
1747139940000,0.5441
1747140000000,0.5464
1747140060000,0.5427
1747140120000,0.5457
1747140180000,0.5504
1747140240000,0.556
1747140300000,0.5514
1747140360000,0.5316
1747140420000,0.5526
1747140480000,0.5517
1747140540000,0.5529
1747140600000,0.5615
1747140660000,0.5658
1747140720000,0.556
1747140780000,0.5497
1747140840000,0.5531
1747140900000,0.5369
1747140960000,0.539
1747141020000,0.5505
1747141080000,0.5453
1747141140000,0.5426
1747141200000,0.5457
1747141260000,0.5489
1747141320000,0.5522
1747141380000,0.5428
1747141440000,0.5425
1747141500000,0.5416
1747141560000,0.5356
1747141620000,0.5423
1747141680000,0.5488
1747141740000,0.5476
1747141800000,0.5415
1747141860000,0.5432
1747141920000,0.5481
1747141980000,0.5443
1747142040000,0.5558
1747142100000,0.5365
1747142160000,0.5388
1747142220000,0.5335
1747142280000,0.5361
1747142340000,0.5462
1747142400000,0.5444
1747142460000,0.5403
1747142520000,0.536
1747142580000,0.5527
1747142640000,0.5394
1747142700000,0.5449
1747142760000,0.5313
1747142820000,0.5432
1747142880000,0.5329
1747142940000,0.5381
1747143000000,0.534
1747143060000,0.5365
1747143120000,0.5435
1747143180000,0.5474
1747143240000,0.5366
1747143300000,0.5307
1747143360000,0.5389
1747143420000,0.5468
1747143480000,0.538
1747143540000,0.5185
1747143600000,0.5357
1747143660000,0.5425
1747143720000,0.5314
1747143780000,0.5331
1747143840000,0.54
1747143900000,0.5311
1747143960000,0.5295
1747144020000,0.5348
1747144080000,0.5299
1747144140000,0.5461
1747144200000,0.5313
1747144260000,0.5344
1747144320000,0.5235
1747144380000,0.5243
1747144440000,0.5223
1747144500000,0.5251
1747144560000,0.5304
1747144620000,0.522
1747144680000,0.521
1747144740000,0.5248
1747144800000,0.5397
1747144860000,0.5275
1747144920000,0.5281
1747144980000,0.517
1747145040000,0.5211
1747145100000,0.5179
1747145160000,0.5148
1747145220000,0.5132
1747145280000,0.506
1747145340000,0.5008
1747145400000,0.5049
1747145460000,0.5086
1747145520000,0.5167
1747145580000,0.5027
1747145640000,0.507
1747145700000,0.5049
1747145760000,0.515
1747145820000,0.5008
1747145880000,0.5034
1747145940000,0.5012
1747146000000,0.5038
1747146060000,0.5003
1747146120000,0.5001
1747146180000,0.5002
1747146240000,0.502
1747146300000,0.4993
1747146360000,0.5033
1747146420000,0.501
1747146480000,0.4998
1747146540000,0.5042
1747146600000,0.507
1747146660000,0.5071
1747146720000,0.5035
1747146780000,0.4931
1747146840000,0.4927
1747146900000,0.4917
1747146960000,0.4919
1747147020000,0.4918
1747147080000,0.4919
1747147140000,0.4878
1747147200000,0.5023
1747147260000,0.4884
1747147320000,0.4911
1747147380000,0.4803
1747147440000,0.4757
1747147500000,0.4823
1747147560000,0.4772
1747147620000,0.4883
1747147680000,0.4906
1747147740000,0.4895
1747147800000,0.4805
1747147860000,0.4866
1747147920000,0.4837
1747147980000,0.4922
1747148040000,0.4891
1747148100000,0.4919
1747148160000,0.4819
1747148220000,0.4765
1747148280000,0.4977
1747148340000,0.4867
1747148400000,0.4911
1747148460000,0.4923
1747148520000,0.4946
1747148580000,0.5007
1747148640000,0.491
1747148700000,0.4992
1747148760000,0.489
1747148820000,0.4849
1747148880000,0.4908
1747148940000,0.4817
1747149000000,0.4804
1747149060000,0.4767
1747149120000,0.4842
1747149180000,0.4755
1747149240000,0.4821
1747149300000,0.4777
1747149360000,0.4749
1747149420000,0.473
1747149480000,0.482
1747149540000,0.4891
1747149600000,0.4853
1747149660000,0.472
1747149720000,0.4793
1747149780000,0.4765
1747149840000,0.47
1747149900000,0.4899
1747149960000,0.4783
1747150020000,0.4723
1747150080000,0.467
1747150140000,0.4788
1747150200000,0.4647
1747150260000,0.4718
1747150320000,0.4636
1747150380000,0.4685
1747150440000,0.4649
1747150500000,0.4634
1747150560000,0.4648
1747150620000,0.4662
1747150680000,0.4611
1747150740000,0.4714
1747150800000,0.4712
1747150860000,0.4577
1747150920000,0.4563
1747150980000,0.4633
1747151040000,0.4558
1747151100000,0.4671
1747151160000,0.4626
1747151220000,0.4666
1747151280000,0.468
1747151340000,0.4601
1747151400000,0.4583
1747151460000,0.4551
1747151520000,0.4499
1747151580000,0.4481
1747151640000,0.4596
1747151700000,0.4466
1747151760000,0.4446
1747151820000,0.4489
1747151880000,0.4422
1747151940000,0.4417
1747152000000,0.4637
1747152060000,0.4726
1747152120000,0.4708
1747152180000,0.4625
1747152240000,0.465
1747152300000,0.4616
1747152360000,0.4602
1747152420000,0.4661
1747152480000,0.4651
1747152540000,0.4658
1747152600000,0.479
1747152660000,0.4863
1747152720000,0.4734
1747152780000,0.4769
1747152840000,0.4793
1747152900000,0.4811
1747152960000,0.4799
1747153020000,0.4854
1747153080000,0.474
1747153140000,0.4819
1747153200000,0.5298
1747153260000,0.5693
1747153320000,0.4768
1747153380000,0.488
1747153440000,0.494
1747153500000,0.4846
1747153560000,0.4859
1747153620000,0.4799
1747153680000,0.4926
1747153740000,0.4967
1747153800000,0.5052
1747153860000,0.4663
1747153920000,0.4872
1747153980000,0.4778
1747154040000,0.5085
1747154100000,0.5007
1747154160000,0.4805
1747154220000,0.4958
1747154280000,0.4962
1747154340000,0.4904
1747154400000,0.4906
1747154460000,0.4978
1747154520000,0.5029
1747154580000,0.4919
1747154640000,0.4916
1747154700000,0.495
1747154760000,0.4813
1747154820000,0.4741
1747154880000,0.4923
1747154940000,0.5298
1747155000000,0.5003
1747155060000,0.5046
1747155120000,0.5184
1747155180000,0.5209
1747155240000,0.4841
1747155300000,0.4944
1747155360000,0.4958
1747155420000,0.4984
1747155480000,0.5082
1747155540000,0.4848
1747155600000,0.4856
1747155660000,0.4866
1747155720000,0.4869
1747155780000,0.491
1747155840000,0.4829
1747155900000,0.5085
1747155960000,0.4928
1747156020000,0.4927
1747156080000,0.4812
1747156140000,0.4848
1747156200000,0.4948
1747156260000,0.5016
1747156320000,0.4853
1747156380000,0.4813
1747156440000,0.4788
1747156500000,0.4726
1747156560000,0.4912
1747156620000,0.4759
1747156680000,0.4815
1747156740000,0.508
1747156800000,0.4921
1747156860000,0.4691
1747156920000,0.4698
1747156980000,0.4876
1747157040000,0.4788
1747157100000,0.475
1747157160000,0.4823
1747157220000,0.4862
1747157280000,0.4895
1747157340000,0.4798
1747157400000,0.4973
1747157460000,0.4879
1747157520000,0.4785
1747157580000,0.4996
1747157640000,0.4831
1747157700000,0.4911
1747157760000,0.4978
1747157820000,0.4894
1747157880000,0.4902
1747157940000,0.4631
1747158000000,0.4741
1747158060000,0.4786
1747158120000,0.4793
1747158180000,0.4827
1747158240000,0.4894
1747158300000,0.4699
1747158360000,0.4726
1747158420000,0.4952
1747158480000,0.4721
1747158540000,0.4922
1747158600000,0.4931
1747158660000,0.4773
1747158720000,0.4767
1747158780000,0.5229
1747158840000,0.4973
1747158900000,0.5032
1747158960000,0.4798
1747159020000,0.5016
1747159080000,0.5209
1747159140000,0.4699
1747159200000,0.5099
1747159260000,0.4905
1747159320000,0.5041
1747159380000,0.508
1747159440000,0.5121
1747159500000,0.5388
1747159560000,0.4872
1747159620000,0.5076
1747159680000,0.4943
1747159740000,0.5154
1747159800000,0.5256
1747159860000,0.5028
1747159920000,0.498
1747159980000,0.4953
1747160040000,0.4945
1747160100000,0.5163
1747160160000,0.5198
1747160220000,0.4925
1747160280000,0.4985
1747160340000,0.5064
1747160400000,0.5017
1747160460000,0.4994
1747160520000,0.5031
1747160580000,0.5215
1747160640000,0.523
1747160700000,0.5045
1747160760000,0.4876
1747160820000,0.4906
1747160880000,0.5015
1747160940000,0.4963
1747161000000,0.5137
1747161060000,0.5081
1747161120000,0.5226
1747161180000,0.5013
1747161240000,0.4836
1747161300000,0.5262
1747161360000,0.5165
1747161420000,0.5084
1747161480000,0.5114
1747161540000,0.5141
1747161600000,0.4897
1747161660000,0.4876
1747161720000,0.5167
1747161780000,0.5134
1747161840000,0.5105
1747161900000,0.4838
1747161960000,0.5148
1747162020000,0.5015
1747162080000,0.5472
1747162140000,0.5178
1747162200000,0.5263
1747162260000,0.5423
1747162320000,0.517
1747162380000,0.5172
1747162440000,0.5303
1747162500000,0.5115
1747162560000,0.5418
1747162620000,0.5336
1747162680000,0.5074
1747162740000,0.4965
1747162800000,0.5054
1747162860000,0.4845
1747162920000,0.513
1747162980000,0.5164
1747163040000,0.5016
1747163100000,0.5061
1747163160000,0.5158
1747163220000,0.5109
1747163280000,0.5183
1747163340000,0.5276
1747163400000,0.5066
1747163460000,0.5199
1747163520000,0.5282
1747163580000,0.5095
1747163640000,0.5505
1747163700000,0.5628
1747163760000,0.5382
1747163820000,0.5321
1747163880000,0.518
1747163940000,0.5601
1747164000000,0.5321
1747164060000,0.5219
1747164120000,0.5361
1747164180000,0.5515
1747164240000,0.5529
1747164300000,0.5313
1747164360000,0.526
1747164420000,0.5137
1747164480000,0.5004
1747164540000,0.5455
1747164600000,0.5679
1747164660000,0.5279
1747164720000,0.5266
1747164780000,0.5206
1747164840000,0.5069
1747164900000,0.5459
1747164960000,0.5516
1747165020000,0.5244
1747165080000,0.5439
1747165140000,0.5321
1747165200000,0.5347
1747165260000,0.5983
1747165320000,0.5369
1747165380000,0.5509
1747165440000,0.5297
1747165500000,0.5485
1747165560000,0.5417
1747165620000,0.5924
1747165680000,0.5289
1747165740000,0.5439
1747165800000,0.5796
1747165860000,0.5425
1747165920000,0.5247
1747165980000,0.5531
1747166040000,0.5603
1747166100000,0.5485
1747166160000,0.5553
1747166220000,0.5433
1747166280000,0.5923
1747166340000,0.5384
1747166400000,0.6011
1747166460000,0.5948
1747166520000,0.5977
1747166580000,0.5754
1747166640000,0.6221
1747166700000,0.5921
1747166760000,0.6068
1747166820000,0.5714
1747166880000,0.5919
1747166940000,0.5977
1747167000000,0.646
1747167060000,0.6276
1747167120000,0.6317
1747167180000,0.6193
1747167240000,0.5426
1747167300000,0.5724
1747167360000,0.592
1747167420000,0.5552
1747167480000,0.5586
1747167540000,0.5471
1747167600000,0.5422
1747167660000,0.5387
1747167720000,0.5212
1747167780000,0.5186
1747167840000,0.5443
1747167900000,0.5268
1747167960000,0.5099
1747168020000,0.5047
1747168080000,0.5246
1747168140000,0.5262
1747168200000,0.553
1747168260000,0.544
1747168320000,0.5369
1747168380000,0.5387
1747168440000,0.5878
1747168500000,0.5617
1747168560000,0.6019
1747168620000,0.5269
1747168680000,0.5299
1747168740000,0.554
1747168800000,0.5849
1747168860000,0.5491
1747168920000,0.5253
1747168980000,0.5551
1747169040000,0.5522
1747169100000,0.5815
1747169160000,0.608
1747169220000,0.5154
1747169280000,0.5318
1747169340000,0.5468
1747169400000,0.569
1747169460000,0.5876
1747169520000,0.5427
1747169580000,0.5529
1747169640000,0.5316
1747169700000,0.5223
1747169760000,0.5535
1747169820000,0.5188
1747169880000,0.54
1747169940000,0.5958
1747170000000,0.5691
1747170060000,0.5799
1747170120000,0.5605
1747170180000,0.5636
1747170240000,0.5877
1747170300000,0.6304
1747170360000,0.6008
1747170420000,0.5577
1747170480000,0.5758
1747170540000,0.5748
1747170600000,0.5735
1747170660000,0.5686
1747170720000,0.5817
1747170780000,0.5616
1747170840000,0.5765
1747170900000,0.5796
1747170960000,0.5785
1747171020000,0.5849
1747171080000,0.6089
1747171140000,0.6053
1747171200000,0.5917
1747171260000,0.5845
1747171320000,0.5547
1747171380000,0.5768
1747171440000,0.5712
1747171500000,0.5321
1747171560000,0.6104
1747171620000,0.5578
1747171680000,0.5547
1747171740000,0.5743
1747171800000,0.5744
1747171860000,0.5778
1747171920000,0.5636
1747171980000,0.5827
1747172040000,0.558
1747172100000,0.5499
1747172160000,0.5537
1747172220000,0.5764
1747172280000,0.5535
1747172340000,0.5508
1747172400000,0.5395
1747172460000,0.5335
1747172520000,0.5599
1747172580000,0.5582
1747172640000,0.5569
1747172700000,0.5794
1747172760000,0.573
1747172820000,0.5545
1747172880000,0.5678
1747172940000,0.5985
1747173000000,0.55
1747173060000,0.5668
1747173120000,0.5494
1747173180000,0.5846
1747173240000,0.5517
1747173300000,0.5501
1747173360000,0.5483
1747173420000,0.5534
1747173480000,0.5553
1747173540000,0.5748
1747173600000,0.5856
1747173660000,0.547
1747173720000,0.5878
1747173780000,0.5771
1747173840000,0.5697
1747173900000,0.5531
1747173960000,0.5538
1747174020000,0.5704
1747174080000,0.5549
1747174140000,0.5895
1747174200000,0.5731
1747174260000,0.568
1747174320000,0.5793
1747174380000,0.5699
1747174440000,0.5643
1747174500000,0.5715
1747174560000,0.5553
1747174620000,0.5934
1747174680000,0.5673
1747174740000,0.5831
1747174800000,0.562
1747174860000,0.5615
1747174920000,0.5809
1747174980000,0.5782
1747175040000,0.568
1747175100000,0.5706
1747175160000,0.561
1747175220000,0.5746
1747175280000,0.6224
1747175340000,0.5679
1747175400000,0.5816
1747175460000,0.5664
1747175520000,0.5821
1747175580000,0.5896
1747175640000,0.5711
1747175700000,0.5783
1747175760000,0.6014
1747175820000,0.5783
1747175880000,0.5646
1747175940000,0.5885
1747176000000,0.6018
1747176060000,0.5814
1747176120000,0.5936
1747176180000,0.5819
1747176240000,0.559
1747176300000,0.5899
1747176360000,0.6069
1747176420000,0.581
1747176480000,0.6161
1747176540000,0.5943
1747176600000,0.6121
1747176660000,0.6049
1747176720000,0.6104
1747176780000,0.5909
1747176840000,0.6034
1747176900000,0.6036
1747176960000,0.6218
1747177020000,0.6015
1747177080000,0.619
1747177140000,0.5958
1747177200000,0.5074
1747177260000,0.5168
1747177320000,0.5179
1747177380000,0.5199
1747177440000,0.5278
1747177500000,0.5198
1747177560000,0.5244
1747177620000,0.5348
1747177680000,0.5383
1747177740000,0.5271
1747177800000,0.5298
1747177860000,0.5157
1747177920000,0.5503
1747177980000,0.5331
1747178040000,0.5243
1747178100000,0.5272
1747178160000,0.5286
1747178220000,0.5326
1747178280000,0.5279
1747178340000,0.5308
1747178400000,0.5292
1747178460000,0.5227
1747178520000,0.5301
1747178580000,0.542
1747178640000,0.5337
1747178700000,0.5221
1747178760000,0.5261
1747178820000,0.5223
1747178880000,0.5375
1747178940000,0.5397
1747179000000,0.5267
1747179060000,0.5313
1747179120000,0.5352
1747179180000,0.5363
1747179240000,0.5365
1747179300000,0.5258
1747179360000,0.5491
1747179420000,0.5284
1747179480000,0.5329
1747179540000,0.5469
1747179600000,0.5448
1747179660000,0.5425
1747179720000,0.5401
1747179780000,0.54
1747179840000,0.5479
1747179900000,0.5332
1747179960000,0.5398
1747180020000,0.542
1747180080000,0.5533
1747180140000,0.5524
1747180200000,0.5545
1747180260000,0.5548
1747180320000,0.5448
1747180380000,0.577
1747180440000,0.5632
1747180500000,0.5552
1747180560000,0.5477
1747180620000,0.5477
1747180680000,0.5715
1747180740000,0.575
1747180800000,0.5671
1747180860000,0.5586
1747180920000,0.572
1747180980000,0.5502
1747181040000,0.5562
1747181100000,0.5598
1747181160000,0.5643
1747181220000,0.5662
1747181280000,0.5812
1747181340000,0.5612
1747181400000,0.5647
1747181460000,0.5782
1747181520000,0.5638
1747181580000,0.5848
1747181640000,0.5771
1747181700000,0.5721
1747181760000,0.5733
1747181820000,0.5736
1747181880000,0.5831
1747181940000,0.5879
1747182000000,0.5871
1747182060000,0.6028
1747182120000,0.5847
1747182180000,0.6011
1747182240000,0.5953
1747182300000,0.5967
1747182360000,0.5835
1747182420000,0.5867
1747182480000,0.5934
1747182540000,0.618
1747182600000,0.5821
1747182660000,0.5715
1747182720000,0.5857
1747182780000,0.5939
1747182840000,0.6003
1747182900000,0.5972
1747182960000,0.5988
1747183020000,0.5926
1747183080000,0.5865
1747183140000,0.5819
1747183200000,0.5807
1747183260000,0.5683
1747183320000,0.5985
1747183380000,0.5929
1747183440000,0.6059
1747183500000,0.6006
1747183560000,0.6036
1747183620000,0.5946
1747183680000,0.5874
1747183740000,0.5983
1747183800000,0.6059
1747183860000,0.6033
1747183920000,0.6036
1747183980000,0.6099
1747184040000,0.6049
1747184100000,0.6104
1747184160000,0.6045
1747184220000,0.6096
1747184280000,0.6037
1747184340000,0.6201
1747184400000,0.6109
1747184460000,0.5886
1747184520000,0.6014
1747184580000,0.611
1747184640000,0.6261
1747184700000,0.6022
1747184760000,0.6043
1747184820000,0.6087
1747184880000,0.5926
1747184940000,0.6091
1747185000000,0.6029
1747185060000,0.6011
1747185120000,0.6047
1747185180000,0.613
1747185240000,0.6173
1747185300000,0.6147
1747185360000,0.6051
1747185420000,0.6001
1747185480000,0.6143
1747185540000,0.601
1747185600000,0.608
1747185660000,0.6111
1747185720000,0.6248
1747185780000,0.6181
1747185840000,0.6151
1747185900000,0.6034
1747185960000,0.6254
1747186020000,0.6194
1747186080000,0.6203
1747186140000,0.6203
1747186200000,0.618
1747186260000,0.5931
1747186320000,0.5964
1747186380000,0.6089
1747186440000,0.5939
1747186500000,0.6061
1747186560000,0.6164
1747186620000,0.6183
1747186680000,0.5823
1747186740000,0.6151
1747186800000,0.5975
1747186860000,0.5968
1747186920000,0.602
1747186980000,0.6132
1747187040000,0.6066
1747187100000,0.6101
1747187160000,0.6038
1747187220000,0.6132
1747187280000,0.6048
1747187340000,0.6064
1747187400000,0.6153
1747187460000,0.6023
1747187520000,0.6015
1747187580000,0.6087
1747187640000,0.6196
1747187700000,0.6185
1747187760000,0.5993
1747187820000,0.5957
1747187880000,0.5965
1747187940000,0.6128
1747188000000,0.6222
1747188060000,0.6046
1747188120000,0.6211
1747188180000,0.6174
1747188240000,0.6113
1747188300000,0.6288
1747188360000,0.6127
1747188420000,0.6016
1747188480000,0.6183
1747188540000,0.6208
1747188600000,0.6192
1747188660000,0.6052
1747188720000,0.6229
1747188780000,0.6153
1747188840000,0.6145
1747188900000,0.6229
1747188960000,0.6105
1747189020000,0.5994
1747189080000,0.609
1747189140000,0.6295
1747189200000,0.6099
1747189260000,0.6165
1747189320000,0.6091
1747189380000,0.6087
1747189440000,0.608
1747189500000,0.6165
1747189560000,0.6006
1747189620000,0.6165
1747189680000,0.6151
1747189740000,0.6207
1747189800000,0.6133
1747189860000,0.6077
1747189920000,0.5893
1747189980000,0.6012
1747190040000,0.6266
1747190100000,0.6151
1747190160000,0.6125
1747190220000,0.5995
1747190280000,0.5983
1747190340000,0.6174
1747190400000,0.6065
1747190460000,0.6122
1747190520000,0.5964
1747190580000,0.6251
1747190640000,0.6021
1747190700000,0.5969
1747190760000,0.6023
1747190820000,0.6015
1747190880000,0.6022
1747190940000,0.5957
1747191000000,0.62
1747191060000,0.6086
1747191120000,0.605
1747191180000,0.6052
1747191240000,0.6131
1747191300000,0.6159
1747191360000,0.606
1747191420000,0.6031
1747191480000,0.6147
1747191540000,0.6073
1747191600000,0.6156
1747191660000,0.5944
1747191720000,0.5919
1747191780000,0.5914
1747191840000,0.6019
1747191900000,0.6131
1747191960000,0.6043
1747192020000,0.5949
1747192080000,0.6112
1747192140000,0.5996
1747192200000,0.6029
1747192260000,0.6036
1747192320000,0.6033
1747192380000,0.598
1747192440000,0.6019
1747192500000,0.6098
1747192560000,0.6069
1747192620000,0.5905
1747192680000,0.5981
1747192740000,0.6248
1747192800000,0.6035
1747192860000,0.6126
1747192920000,0.5961
1747192980000,0.6107
1747193040000,0.6017
1747193100000,0.6061
1747193160000,0.6099
1747193220000,0.6057
1747193280000,0.6194
1747193340000,0.6055
1747193400000,0.6071
1747193460000,0.5953
1747193520000,0.6063
1747193580000,0.5951
1747193640000,0.5927
1747193700000,0.6037
1747193760000,0.6105
1747193820000,0.597
1747193880000,0.5942
1747193940000,0.596
1747194000000,0.5834
1747194060000,0.5907
1747194120000,0.5901
1747194180000,0.6
1747194240000,0.5853
1747194300000,0.5788
1747194360000,0.5855
1747194420000,0.5812
1747194480000,0.5859
1747194540000,0.5822
1747194600000,0.5824
1747194660000,0.5838
1747194720000,0.5901
1747194780000,0.5983
1747194840000,0.5901
1747194900000,0.5988
1747194960000,0.5827
1747195020000,0.5815
1747195080000,0.6007
1747195140000,0.5868
1747195200000,0.6011
1747195260000,0.5814
1747195320000,0.5716
1747195380000,0.5853
1747195440000,0.5867
1747195500000,0.5877
1747195560000,0.5787
1747195620000,0.5825
1747195680000,0.5793
1747195740000,0.5753
1747195800000,0.5644
1747195860000,0.583
1747195920000,0.586
1747195980000,0.5723
1747196040000,0.5771
1747196100000,0.5768
1747196160000,0.5799
1747196220000,0.5758
1747196280000,0.5799
1747196340000,0.5751
1747196400000,0.5774
1747196460000,0.588
1747196520000,0.5729
1747196580000,0.5847
1747196640000,0.5702
1747196700000,0.5808
1747196760000,0.5725
1747196820000,0.5787
1747196880000,0.5765
1747196940000,0.5722
1747197000000,0.5846
1747197060000,0.5691
1747197120000,0.5714
1747197180000,0.5857
1747197240000,0.5848
1747197300000,0.585
1747197360000,0.5781
1747197420000,0.5799
1747197480000,0.5838
1747197540000,0.5674
1747197600000,0.5762
1747197660000,0.5803
1747197720000,0.579
1747197780000,0.5674
1747197840000,0.5729
1747197900000,0.563
1747197960000,0.5894
1747198020000,0.5681
1747198080000,0.5768
1747198140000,0.5624
1747198200000,0.5676
1747198260000,0.5734
1747198320000,0.5605
1747198380000,0.5704
1747198440000,0.56
1747198500000,0.5689
1747198560000,0.5749
1747198620000,0.5683
1747198680000,0.5668
1747198740000,0.5672
1747198800000,0.5802
1747198860000,0.5617
1747198920000,0.5619
1747198980000,0.57
1747199040000,0.5768
1747199100000,0.5598
1747199160000,0.5662
1747199220000,0.5872
1747199280000,0.5629
1747199340000,0.5621
1747199400000,0.5659
1747199460000,0.5704
1747199520000,0.5842
1747199580000,0.566
1747199640000,0.5722
1747199700000,0.5728
1747199760000,0.5638
1747199820000,0.5686
1747199880000,0.5689
1747199940000,0.5685
1747200000000,0.5585
1747200060000,0.5638
1747200120000,0.5796
1747200180000,0.5598
1747200240000,0.5572
1747200300000,0.5717
1747200360000,0.5578
1747200420000,0.5658
1747200480000,0.5583
1747200540000,0.565
1747200600000,0.5661
1747200660000,0.5647
1747200720000,0.562
1747200780000,0.5701
1747200840000,0.5559
1747200900000,0.5607
1747200960000,0.5539
1747201020000,0.5629
1747201080000,0.5658
1747201140000,0.5611
1747201200000,0.566
1747201260000,0.5711
1747201320000,0.5662
1747201380000,0.5722
1747201440000,0.5806
1747201500000,0.5666
1747201560000,0.5543
1747201620000,0.5678
1747201680000,0.566
1747201740000,0.5641
1747201800000,0.5736
1747201860000,0.5691
1747201920000,0.5692
1747201980000,0.5672
1747202040000,0.5713
1747202100000,0.5698
1747202160000,0.5615
1747202220000,0.5634
1747202280000,0.5763
1747202340000,0.5723
1747202400000,0.5736
1747202460000,0.5768
1747202520000,0.5795
1747202580000,0.5675
1747202640000,0.5643
1747202700000,0.5835
1747202760000,0.577
1747202820000,0.5681
1747202880000,0.5737
1747202940000,0.57
1747203000000,0.571
1747203060000,0.5679
1747203120000,0.5721
1747203180000,0.5635
1747203240000,0.5749
1747203300000,0.5642
1747203360000,0.569
1747203420000,0.5657
1747203480000,0.5786
1747203540000,0.5732
1747203600000,0.5775
1747203660000,0.5796
1747203720000,0.575
1747203780000,0.575
1747203840000,0.5606
1747203900000,0.5733
1747203960000,0.5602
1747204020000,0.561
1747204080000,0.5675
1747204140000,0.5734
1747204200000,0.5695
1747204260000,0.5635
1747204320000,0.5756
1747204380000,0.5657
1747204440000,0.566
1747204500000,0.5687
1747204560000,0.5713
1747204620000,0.5735
1747204680000,0.5775
1747204740000,0.5909
1747204800000,0.5678
1747204860000,0.5824
1747204920000,0.5712
1747204980000,0.5806
1747205040000,0.5745
1747205100000,0.5724
1747205160000,0.5774
1747205220000,0.5635
1747205280000,0.5812
1747205340000,0.5868
1747205400000,0.5786
1747205460000,0.573
1747205520000,0.5821
1747205580000,0.5762
1747205640000,0.5693
1747205700000,0.5718
1747205760000,0.5704
1747205820000,0.5741
1747205880000,0.5726
1747205940000,0.5776
1747206000000,0.5895
1747206060000,0.5779
1747206120000,0.5803
1747206180000,0.5863
1747206240000,0.574
1747206300000,0.5752
1747206360000,0.5701
1747206420000,0.5816
1747206480000,0.5829
1747206540000,0.5684
1747206600000,0.5869
1747206660000,0.5912
1747206720000,0.5818
1747206780000,0.5959
1747206840000,0.5812
1747206900000,0.579
1747206960000,0.5684
1747207020000,0.586
1747207080000,0.5772
1747207140000,0.579
1747207200000,0.5996
1747207260000,0.5919
1747207320000,0.58
1747207380000,0.5744
1747207440000,0.5818
1747207500000,0.6018
1747207560000,0.5879
1747207620000,0.5842
1747207680000,0.5887
1747207740000,0.5801
1747207800000,0.5857
1747207860000,0.5834
1747207920000,0.5792
1747207980000,0.5909
1747208040000,0.6003
1747208100000,0.6019
1747208160000,0.5944
1747208220000,0.5848
1747208280000,0.5829
1747208340000,0.5799
1747208400000,0.5857
1747208460000,0.5815
1747208520000,0.5855
1747208580000,0.5802
1747208640000,0.5754
1747208700000,0.5881
1747208760000,0.5809
1747208820000,0.5864
1747208880000,0.5778
1747208940000,0.576
1747209000000,0.5961
1747209060000,0.575
1747209120000,0.5893
1747209180000,0.5916
1747209240000,0.5806
1747209300000,0.5869
1747209360000,0.5783
1747209420000,0.5882
1747209480000,0.5806
1747209540000,0.5946
1747209600000,0.6058
1747209660000,0.5925
1747209720000,0.5859
1747209780000,0.5798
1747209840000,0.5941
1747209900000,0.5902
1747209960000,0.5925
1747210020000,0.6006
1747210080000,0.5915
1747210140000,0.5996
1747210200000,0.6034
1747210260000,0.5956
1747210320000,0.5903
1747210380000,0.5903
1747210440000,0.5925
1747210500000,0.5968
1747210560000,0.5968
1747210620000,0.5968
1747210680000,0.6088
1747210740000,0.5919
1747210800000,0.6069
1747210860000,0.5905
1747210920000,0.5918
1747210980000,0.6053
1747211040000,0.5986
1747211100000,0.6158
1747211160000,0.6177
1747211220000,0.6082
1747211280000,0.5989
1747211340000,0.5931
1747211400000,0.6067
1747211460000,0.6014
1747211520000,0.6049
1747211580000,0.6058
1747211640000,0.6007
1747211700000,0.5924
1747211760000,0.5981
1747211820000,0.6161
1747211880000,0.5971
1747211940000,0.6041
1747212000000,0.6023
1747212060000,0.6012
1747212120000,0.6105
1747212180000,0.611
1747212240000,0.6081
1747212300000,0.607
1747212360000,0.6022
1747212420000,0.6001
1747212480000,0.5936
1747212540000,0.6066
1747212600000,0.6088
1747212660000,0.6063
1747212720000,0.5876
1747212780000,0.6038
1747212840000,0.6018
1747212900000,0.5956
1747212960000,0.6044
1747213020000,0.6077
1747213080000,0.6044
1747213140000,0.6086
1747213200000,0.6102
1747213260000,0.6034
1747213320000,0.6037
1747213380000,0.5994
1747213440000,0.5989
1747213500000,0.6076
1747213560000,0.6108
1747213620000,0.6056
1747213680000,0.6104
1747213740000,0.6033
1747213800000,0.623
1747213860000,0.6087
1747213920000,0.6042
1747213980000,0.6007
1747214040000,0.6151
1747214100000,0.6037
1747214160000,0.5975
1747214220000,0.6122
1747214280000,0.6101
1747214340000,0.6089
1747214400000,0.6086
1747214460000,0.6006
1747214520000,0.6082
1747214580000,0.6008
1747214640000,0.612
1747214700000,0.6038
1747214760000,0.6146
1747214820000,0.6172
1747214880000,0.6097
1747214940000,0.6213
1747215000000,0.6117
1747215060000,0.6098
1747215120000,0.6048
1747215180000,0.5999
1747215240000,0.6054
1747215300000,0.6083
1747215360000,0.6058
1747215420000,0.6002
1747215480000,0.6001
1747215540000,0.5943
1747215600000,0.6023
1747215660000,0.6063
1747215720000,0.602
1747215780000,0.6076
1747215840000,0.5993
1747215900000,0.5981
1747215960000,0.6085
1747216020000,0.5981
1747216080000,0.6126
1747216140000,0.5966
1747216200000,0.5905
1747216260000,0.5892
1747216320000,0.6035
1747216380000,0.5948
1747216440000,0.5895
1747216500000,0.6022
1747216560000,0.6061
1747216620000,0.5919
1747216680000,0.6061
1747216740000,0.6032
1747216800000,0.5907
1747216860000,0.5831
1747216920000,0.5807
1747216980000,0.5745
1747217040000,0.5778
1747217100000,0.58
1747217160000,0.5896
1747217220000,0.5701
1747217280000,0.5769
1747217340000,0.5757
1747217400000,0.5881
1747217460000,0.5736
1747217520000,0.5859
1747217580000,0.5719
1747217640000,0.5786
1747217700000,0.5631
1747217760000,0.5676
1747217820000,0.5749
1747217880000,0.5614
1747217940000,0.5616
1747218000000,0.5748
1747218060000,0.5682
1747218120000,0.5658
1747218180000,0.5667
1747218240000,0.5643
1747218300000,0.5766
1747218360000,0.5688
1747218420000,0.5773
1747218480000,0.5706
1747218540000,0.5824
1747218600000,0.5764
1747218660000,0.5728
1747218720000,0.5739
1747218780000,0.573
1747218840000,0.5756
1747218900000,0.5702
1747218960000,0.566
1747219020000,0.5675
1747219080000,0.5585
1747219140000,0.5695
1747219200000,0.5594
1747219260000,0.5726
1747219320000,0.5734
1747219380000,0.5694
1747219440000,0.5669
1747219500000,0.5644
1747219560000,0.5683
1747219620000,0.5687
1747219680000,0.5654
1747219740000,0.571
1747219800000,0.5746
1747219860000,0.5678
1747219920000,0.5626
1747219980000,0.5664
1747220040000,0.5729
1747220100000,0.5769
1747220160000,0.5804
1747220220000,0.5733
1747220280000,0.5669
1747220340000,0.5734
1747220400000,0.5829
1747220460000,0.5767
1747220520000,0.5651
1747220580000,0.5617
1747220640000,0.566
1747220700000,0.5709
1747220760000,0.5611
1747220820000,0.5564
1747220880000,0.5536
1747220940000,0.5663
1747221000000,0.5623
1747221060000,0.5707
1747221120000,0.561
1747221180000,0.5666
1747221240000,0.5627
1747221300000,0.5645
1747221360000,0.5687
1747221420000,0.5656
1747221480000,0.5628
1747221540000,0.564
1747221600000,0.5701
1747221660000,0.5703
1747221720000,0.5618
1747221780000,0.5695
1747221840000,0.558
1747221900000,0.5603
1747221960000,0.5649
1747222020000,0.5693
1747222080000,0.5704
1747222140000,0.5635
1747222200000,0.5854
1747222260000,0.5681
1747222320000,0.5643
1747222380000,0.5621
1747222440000,0.5649
1747222500000,0.567
1747222560000,0.5711
1747222620000,0.5739
1747222680000,0.5723
1747222740000,0.5757
1747222800000,0.5882
1747222860000,0.5736
1747222920000,0.5724
1747222980000,0.5763
1747223040000,0.5658
1747223100000,0.5764
1747223160000,0.5731
1747223220000,0.5798
1747223280000,0.5726
1747223340000,0.5839
1747223400000,0.5711
1747223460000,0.5683
1747223520000,0.559
1747223580000,0.5579
1747223640000,0.5663
1747223700000,0.573
1747223760000,0.5699
1747223820000,0.5678
1747223880000,0.6003
1747223940000,0.6029
1747224000000,0.6133
1747224060000,0.6117
1747224120000,0.6002
1747224180000,0.5965
1747224240000,0.6059
1747224300000,0.5952
1747224360000,0.6047
1747224420000,0.6029
1747224480000,0.5958
1747224540000,0.5913
1747224600000,0.6041
1747224660000,0.5999
1747224720000,0.5874
1747224780000,0.5974
1747224840000,0.5913
1747224900000,0.576
1747224960000,0.5674
1747225020000,0.566
1747225080000,0.5629
1747225140000,0.5709
1747225200000,0.6046
1747225260000,0.6095
1747225320000,0.5986
1747225380000,0.6063
1747225440000,0.6036
1747225500000,0.6095
1747225560000,0.608
1747225620000,0.6129
1747225680000,0.6109
1747225740000,0.6081
1747225800000,0.5876
1747225860000,0.5686
1747225920000,0.5674
1747225980000,0.5616
1747226040000,0.5515
1747226100000,0.5561
1747226160000,0.5639
1747226220000,0.5684
1747226280000,0.5615
1747226340000,0.5706
1747226400000,0.5746
1747226460000,0.5683
1747226520000,0.5675
1747226580000,0.5683
1747226640000,0.5766
1747226700000,0.5618
1747226760000,0.5603
1747226820000,0.5562
1747226880000,0.5651
1747226940000,0.562
1747227000000,0.554
1747227060000,0.5578
1747227120000,0.5591
1747227180000,0.5542
1747227240000,0.5442
1747227300000,0.5534
1747227360000,0.5458
1747227420000,0.5472
1747227480000,0.5477
1747227540000,0.5509
1747227600000,0.5592
1747227660000,0.5549
1747227720000,0.5519
1747227780000,0.5535
1747227840000,0.5563
1747227900000,0.5575
1747227960000,0.5589
1747228020000,0.556
1747228080000,0.5574
1747228140000,0.5543
1747228200000,0.542
1747228260000,0.5532
1747228320000,0.5553
1747228380000,0.5515
1747228440000,0.5558
1747228500000,0.5555
1747228560000,0.5513
1747228620000,0.5585
1747228680000,0.5625
1747228740000,0.5549
1747228800000,0.5648
1747228860000,0.5602
1747228920000,0.56
1747228980000,0.5573
1747229040000,0.562
1747229100000,0.5568
1747229160000,0.5442
1747229220000,0.5524
1747229280000,0.5439
1747229340000,0.5576
1747229400000,0.5555
1747229460000,0.5565
1747229520000,0.5772
1747229580000,0.5748
1747229640000,0.5838
1747229700000,0.5557
1747229760000,0.551
1747229820000,0.5486
1747229880000,0.5413
1747229940000,0.5456
1747230000000,0.5428
1747230060000,0.5459
1747230120000,0.5472
1747230180000,0.5383
1747230240000,0.5587
1747230300000,0.5436
1747230360000,0.536
1747230420000,0.5319
1747230480000,0.5341
1747230540000,0.5283
1747230600000,0.5393
1747230660000,0.5278
1747230720000,0.5274
1747230780000,0.5216
1747230840000,0.5262
1747230900000,0.5355
1747230960000,0.5227
1747231020000,0.5309
1747231080000,0.5463
1747231140000,0.5403
1747231200000,0.5469
1747231260000,0.5454
1747231320000,0.5452
1747231380000,0.5401
1747231440000,0.5463
1747231500000,0.5397
1747231560000,0.5405
1747231620000,0.5259
1747231680000,0.5338
1747231740000,0.5362
1747231800000,0.5426
1747231860000,0.5379
1747231920000,0.5427
1747231980000,0.5332
1747232040000,0.5511
1747232100000,0.5267
1747232160000,0.5326
1747232220000,0.5106
1747232280000,0.5149
1747232340000,0.5189
1747232400000,0.5248
1747232460000,0.517
1747232520000,0.5174
1747232580000,0.5144
1747232640000,0.5205
1747232700000,0.5276
1747232760000,0.5298
1747232820000,0.5169
1747232880000,0.5232
1747232940000,0.5124
1747233000000,0.523
1747233060000,0.5147
1747233120000,0.5199
1747233180000,0.5247
1747233240000,0.5201
1747233300000,0.5106
1747233360000,0.5003
1747233420000,0.5031
1747233480000,0.4943
1747233540000,0.4975
1747233600000,0.4972
1747233660000,0.5004
1747233720000,0.5051
1747233780000,0.5156
1747233840000,0.509
1747233900000,0.5106
1747233960000,0.5035
1747234020000,0.5012
1747234080000,0.4996
1747234140000,0.4975
1747234200000,0.4922
1747234260000,0.4942
1747234320000,0.4949
1747234380000,0.4861
1747234440000,0.4911
1747234500000,0.4963
1747234560000,0.486
1747234620000,0.492
1747234680000,0.4914
1747234740000,0.5043
1747234800000,0.5006
1747234860000,0.4958
1747234920000,0.5
1747234980000,0.4951
1747235040000,0.4962
1747235100000,0.4979
1747235160000,0.4949
1747235220000,0.4959
1747235280000,0.4954
1747235340000,0.4934
1747235400000,0.4882
1747235460000,0.4834
1747235520000,0.4803
1747235580000,0.486
1747235640000,0.4937
1747235700000,0.5013
1747235760000,0.4904
1747235820000,0.4899
1747235880000,0.4941
1747235940000,0.4861
1747236000000,0.4821
1747236060000,0.4814
1747236120000,0.4919
1747236180000,0.4848
1747236240000,0.4876
1747236300000,0.4791
1747236360000,0.4916
1747236420000,0.489
1747236480000,0.4878
1747236540000,0.4825
1747236600000,0.4855
1747236660000,0.488
1747236720000,0.4843
1747236780000,0.4852
1747236840000,0.4821
1747236900000,0.4886
1747236960000,0.4931
1747237020000,0.4816
1747237080000,0.4755
1747237140000,0.474
1747237200000,0.4722
1747237260000,0.4687
1747237320000,0.4648
1747237380000,0.4753
1747237440000,0.4759
1747237500000,0.47
1747237560000,0.4683
1747237620000,0.4709
1747237680000,0.474
1747237740000,0.4875
1747237800000,0.4749
1747237860000,0.4785
1747237920000,0.4796
1747237980000,0.4724
1747238040000,0.4733
1747238100000,0.4791
1747238160000,0.47
1747238220000,0.4767
1747238280000,0.4708
1747238340000,0.4594
1747238400000,0.4786
1747238460000,0.4774
1747238520000,0.4803
1747238580000,0.4811
1747238640000,0.481
1747238700000,0.4765
1747238760000,0.4835
1747238820000,0.4831
1747238880000,0.472
1747238940000,0.4832
1747239000000,0.4786
1747239060000,0.4875
1747239120000,0.4855
1747239180000,0.4744
1747239240000,0.4794
1747239300000,0.4826
1747239360000,0.4746
1747239420000,0.4793
1747239480000,0.4943
1747239540000,0.4843
1747239600000,0.5476
1747239660000,0.6298
1747239720000,0.5364
1747239780000,0.4905
1747239840000,0.5047
1747239900000,0.4914
1747239960000,0.4916
1747240020000,0.4797
1747240080000,0.4711
1747240140000,0.4859
1747240200000,0.4899
1747240260000,0.4891
1747240320000,0.4965
1747240380000,0.5023
1747240440000,0.5024
1747240500000,0.503
1747240560000,0.492
1747240620000,0.4883
1747240680000,0.4752
1747240740000,0.4875
1747240800000,0.4893
1747240860000,0.497
1747240920000,0.4923
1747240980000,0.4852
1747241040000,0.5013
1747241100000,0.5068
1747241160000,0.5047
1747241220000,0.4821
1747241280000,0.4784
1747241340000,0.4842
1747241400000,0.4869
1747241460000,0.488
1747241520000,0.4903
1747241580000,0.4881
1747241640000,0.4886
1747241700000,0.5018
1747241760000,0.4835
1747241820000,0.4813
1747241880000,0.4715
1747241940000,0.4873
1747242000000,0.4717
1747242060000,0.4933
1747242120000,0.5015
1747242180000,0.4828
1747242240000,0.4741
1747242300000,0.4853
1747242360000,0.4805
1747242420000,0.4847
1747242480000,0.4766
1747242540000,0.4903
1747242600000,0.4737
1747242660000,0.4795
1747242720000,0.4838
1747242780000,0.4936
1747242840000,0.4811
1747242900000,0.4882
1747242960000,0.4879
1747243020000,0.4935
1747243080000,0.4849
1747243140000,0.4746
1747243200000,0.4755
1747243260000,0.4724
1747243320000,0.4789
1747243380000,0.4854
1747243440000,0.5064
1747243500000,0.4825
1747243560000,0.4904
1747243620000,0.4743
1747243680000,0.493
1747243740000,0.4889
1747243800000,0.5016
1747243860000,0.4934
1747243920000,0.4796
1747243980000,0.4801
1747244040000,0.4874
1747244100000,0.4891
1747244160000,0.4925
1747244220000,0.492
1747244280000,0.4985
1747244340000,0.4787
1747244400000,0.4728
1747244460000,0.4863
1747244520000,0.4779
1747244580000,0.4779
1747244640000,0.4854
1747244700000,0.5166
1747244760000,0.4767
1747244820000,0.4785
1747244880000,0.4823
1747244940000,0.4829
1747245000000,0.4805
1747245060000,0.4757
1747245120000,0.497
1747245180000,0.4804
1747245240000,0.4909
1747245300000,0.503
1747245360000,0.4936
1747245420000,0.4985
1747245480000,0.4984
1747245540000,0.4814
1747245600000,0.4965
1747245660000,0.516
1747245720000,0.4825
1747245780000,0.4906
1747245840000,0.4938
1747245900000,0.486
1747245960000,0.4988
1747246020000,0.4964
1747246080000,0.4994
1747246140000,0.4743
1747246200000,0.4853
1747246260000,0.4814
1747246320000,0.507
1747246380000,0.4913
1747246440000,0.4933
1747246500000,0.4941
1747246560000,0.5061
1747246620000,0.5066
1747246680000,0.5077
1747246740000,0.4927
1747246800000,0.5158
1747246860000,0.5106
1747246920000,0.5094
1747246980000,0.4892
1747247040000,0.4814
1747247100000,0.5156
1747247160000,0.4908
1747247220000,0.4999
1747247280000,0.521
1747247340000,0.5279
1747247400000,0.5151
1747247460000,0.4974
1747247520000,0.5185
1747247580000,0.4936
1747247640000,0.4847
1747247700000,0.5006
1747247760000,0.4994
1747247820000,0.5208
1747247880000,0.5188
1747247940000,0.4907
1747248000000,0.4917
1747248060000,0.5253
1747248120000,0.4741
1747248180000,0.4948
1747248240000,0.4992
1747248300000,0.5082
1747248360000,0.5248
1747248420000,0.5016
1747248480000,0.5157
1747248540000,0.5001
1747248600000,0.4869
1747248660000,0.533
1747248720000,0.5031
1747248780000,0.5036
1747248840000,0.5108
1747248900000,0.5212
1747248960000,0.5164
1747249020000,0.5363
1747249080000,0.4915
1747249140000,0.5165
1747249200000,0.5214
1747249260000,0.5236
1747249320000,0.5088
1747249380000,0.5047
1747249440000,0.5501
1747249500000,0.5277
1747249560000,0.5276
1747249620000,0.5332
1747249680000,0.5414
1747249740000,0.5169
1747249800000,0.5428
1747249860000,0.5182
1747249920000,0.5295
1747249980000,0.5201
1747250040000,0.5212
1747250100000,0.5089
1747250160000,0.5142
1747250220000,0.534
1747250280000,0.5119
1747250340000,0.5476
1747250400000,0.5268
1747250460000,0.5369
1747250520000,0.534
1747250580000,0.5239
1747250640000,0.5058
1747250700000,0.5076
1747250760000,0.5192
1747250820000,0.5345
1747250880000,0.563
1747250940000,0.5142
1747251000000,0.5621
1747251060000,0.5379
1747251120000,0.5352
1747251180000,0.5036
1747251240000,0.5211
1747251300000,0.5483
1747251360000,0.5283
1747251420000,0.5394
1747251480000,0.5217
1747251540000,0.5216
1747251600000,0.5098
1747251660000,0.5474
1747251720000,0.5661
1747251780000,0.5401
1747251840000,0.5569
1747251900000,0.5293
1747251960000,0.5605
1747252020000,0.5702
1747252080000,0.553
1747252140000,0.5617
1747252200000,0.5476
1747252260000,0.5434
1747252320000,0.5727
1747252380000,0.5183
1747252440000,0.5295
1747252500000,0.5504
1747252560000,0.568
1747252620000,0.5592
1747252680000,0.5469
1747252740000,0.563
1747252800000,0.5821
1747252860000,0.595
1747252920000,0.5802
1747252980000,0.5872
1747253040000,0.5756
1747253100000,0.5928
1747253160000,0.6022
1747253220000,0.5887
1747253280000,0.58
1747253340000,0.5844
1747253400000,0.5605
1747253460000,0.6043
1747253520000,0.587
1747253580000,0.55
1747253640000,0.5282
1747253700000,0.5614
1747253760000,0.5504
1747253820000,0.5682
1747253880000,0.5585
1747253940000,0.5402
1747254000000,0.5588
1747254060000,0.5477
1747254120000,0.5676
1747254180000,0.5515
1747254240000,0.5187
1747254300000,0.5199
1747254360000,0.5285
1747254420000,0.5248
1747254480000,0.5184
1747254540000,0.5222
1747254600000,0.5573
1747254660000,0.5469
1747254720000,0.5183
1747254780000,0.5196
1747254840000,0.5688
1747254900000,0.5292
1747254960000,0.518
1747255020000,0.525
1747255080000,0.5491
1747255140000,0.5339
1747255200000,0.5221
1747255260000,0.5442
1747255320000,0.5371
1747255380000,0.5577
1747255440000,0.5414
1747255500000,0.5493
1747255560000,0.5358
1747255620000,0.5356
1747255680000,0.536
1747255740000,0.5438
1747255800000,0.5361
1747255860000,0.5517
1747255920000,0.5426
1747255980000,0.5225
1747256040000,0.5905
1747256100000,0.5144
1747256160000,0.5036
1747256220000,0.517
1747256280000,0.5535
1747256340000,0.5457
1747256400000,0.5905
1747256460000,0.5935
1747256520000,0.623
1747256580000,0.6139
1747256640000,0.6218
1747256700000,0.5782
1747256760000,0.6238
1747256820000,0.5975
1747256880000,0.5904
1747256940000,0.6099
1747257000000,0.5819
1747257060000,0.6091
1747257120000,0.6082
1747257180000,0.6056
1747257240000,0.6036
1747257300000,0.5952
1747257360000,0.5898
1747257420000,0.6079
1747257480000,0.5931
1747257540000,0.5745
1747257600000,0.5949
1747257660000,0.5961
1747257720000,0.6173
1747257780000,0.5749
1747257840000,0.616
1747257900000,0.6022
1747257960000,0.5784
1747258020000,0.6072
1747258080000,0.591
1747258140000,0.5618
1747258200000,0.5946
1747258260000,0.6229
1747258320000,0.5838
1747258380000,0.5934
1747258440000,0.5959
1747258500000,0.578
1747258560000,0.5804
1747258620000,0.6217
1747258680000,0.5962
1747258740000,0.5678
1747258800000,0.6059
1747258860000,0.5818
1747258920000,0.5783
1747258980000,0.5934
1747259040000,0.5981
1747259100000,0.6107
1747259160000,0.5883
1747259220000,0.5989
1747259280000,0.5901
1747259340000,0.6075
1747259400000,0.6062
1747259460000,0.5831
1747259520000,0.5906
1747259580000,0.5656
1747259640000,0.5789
1747259700000,0.5803
1747259760000,0.5681
1747259820000,0.5892
1747259880000,0.5758
1747259940000,0.592
1747260000000,0.5954
1747260060000,0.6088
1747260120000,0.5839
1747260180000,0.5797
1747260240000,0.582
1747260300000,0.5969
1747260360000,0.597
1747260420000,0.7526
1747260480000,0.5736
1747260540000,0.6054
1747260600000,0.6062
1747260660000,0.5958
1747260720000,0.581
1747260780000,0.6026
1747260840000,0.5997
1747260900000,0.5777
1747260960000,0.601
1747261020000,0.5978
1747261080000,0.6085
1747261140000,0.6083
1747261200000,0.5966
1747261260000,0.632
1747261320000,0.6057
1747261380000,0.5923
1747261440000,0.6045
1747261500000,0.6125
1747261560000,0.5869
1747261620000,0.5969
1747261680000,0.6304
1747261740000,0.5895
1747261800000,0.6028
1747261860000,0.5853
1747261920000,0.5905
1747261980000,0.5941
1747262040000,0.6193
1747262100000,0.6061
1747262160000,0.6231
1747262220000,0.5951
1747262280000,0.6007
1747262340000,0.6034
1747262400000,0.5963
1747262460000,0.6014
1747262520000,0.5979
1747262580000,0.6008
1747262640000,0.6322
1747262700000,0.6212
1747262760000,0.6144
1747262820000,0.6128
1747262880000,0.6095
1747262940000,0.6363
1747263000000,0.6333
1747263060000,0.6109
1747263120000,0.6187
1747263180000,0.6219
1747263240000,0.6262
1747263300000,0.6165
1747263360000,0.6465
1747263420000,0.6467
1747263480000,0.658
1747263540000,0.6364
1747263600000,0.5272
1747263660000,0.5243
1747263720000,0.5385
1747263780000,0.5272
1747263840000,0.5258
1747263900000,0.5311
1747263960000,0.5233
1747264020000,0.5149
1747264080000,0.5141
1747264140000,0.5294
1747264200000,0.5269
1747264260000,0.5344
1747264320000,0.522
1747264380000,0.5202
1747264440000,0.5169
1747264500000,0.5395
1747264560000,0.53
1747264620000,0.537
1747264680000,0.5387
1747264740000,0.5292
1747264800000,0.5385
1747264860000,0.523
1747264920000,0.5334
1747264980000,0.534
1747265040000,0.545
1747265100000,0.5331
1747265160000,0.5325
1747265220000,0.532
1747265280000,0.5383
1747265340000,0.5385
1747265400000,0.5514
1747265460000,0.535
1747265520000,0.5332
1747265580000,0.5554
1747265640000,0.532
1747265700000,0.5348
1747265760000,0.5386
1747265820000,0.5477
1747265880000,0.5347
1747265940000,0.5422
1747266000000,0.5426
1747266060000,0.5324
1747266120000,0.5479
1747266180000,0.5515
1747266240000,0.5451
1747266300000,0.5446
1747266360000,0.5399
1747266420000,0.5769
1747266480000,0.5416
1747266540000,0.5402
1747266600000,0.5461
1747266660000,0.5372
1747266720000,0.5634
1747266780000,0.544
1747266840000,0.5576
1747266900000,0.5504
1747266960000,0.5512
1747267020000,0.5506
1747267080000,0.5639
1747267140000,0.5657
1747267200000,0.5835
1747267260000,0.552
1747267320000,0.57
1747267380000,0.5696
1747267440000,0.5657
1747267500000,0.5864
1747267560000,0.5711
1747267620000,0.5821
1747267680000,0.5654
1747267740000,0.569
1747267800000,0.586
1747267860000,0.5748
1747267920000,0.5706
1747267980000,0.589
1747268040000,0.5788
1747268100000,0.5843
1747268160000,0.5722
1747268220000,0.5829
1747268280000,0.5733
1747268340000,0.5835
1747268400000,0.5672
1747268460000,0.5703
1747268520000,0.5976
1747268580000,0.5966
1747268640000,0.5945
1747268700000,0.589
1747268760000,0.5869
1747268820000,0.5935
1747268880000,0.5812
1747268940000,0.5992
1747269000000,0.5738
1747269060000,0.5769
1747269120000,0.5849
1747269180000,0.5846
1747269240000,0.5901
1747269300000,0.5765
1747269360000,0.5912
1747269420000,0.5927
1747269480000,0.5933
1747269540000,0.6021
1747269600000,0.5975
1747269660000,0.5931
1747269720000,0.5795
1747269780000,0.5889
1747269840000,0.5886
1747269900000,0.5838
1747269960000,0.5942
1747270020000,0.5875
1747270080000,0.5997
1747270140000,0.5909
1747270200000,0.5827
1747270260000,0.5838
1747270320000,0.6103
1747270380000,0.5918
1747270440000,0.6089
1747270500000,0.5991
1747270560000,0.5971
1747270620000,0.6027
1747270680000,0.6173
1747270740000,0.6087
1747270800000,0.619
1747270860000,0.5899
1747270920000,0.6071
1747270980000,0.5936
1747271040000,0.614
1747271100000,0.6006
1747271160000,0.5955
1747271220000,0.607
1747271280000,0.6076
1747271340000,0.6002
1747271400000,0.6058
1747271460000,0.601
1747271520000,0.5982
1747271580000,0.5975
1747271640000,0.6059
1747271700000,0.6145
1747271760000,0.6063
1747271820000,0.5989
1747271880000,0.6105
1747271940000,0.6067
1747272000000,0.6194
1747272060000,0.6024
1747272120000,0.6129
1747272180000,0.599
1747272240000,0.6166
1747272300000,0.6044
1747272360000,0.6129
1747272420000,0.601
1747272480000,0.6115
1747272540000,0.6398
1747272600000,0.6148
1747272660000,0.6102
1747272720000,0.6149
1747272780000,0.5931
1747272840000,0.6042
1747272900000,0.6103
1747272960000,0.6091
1747273020000,0.6044
1747273080000,0.6079
1747273140000,0.6129
1747273200000,0.6053
1747273260000,0.6103
1747273320000,0.6178
1747273380000,0.6002
1747273440000,0.6091
1747273500000,0.6097
1747273560000,0.6105
1747273620000,0.6043
1747273680000,0.6152
1747273740000,0.61
1747273800000,0.6111
1747273860000,0.6175
1747273920000,0.6098
1747273980000,0.6006
1747274040000,0.6078
1747274100000,0.6092
1747274160000,0.6113
1747274220000,0.6072
1747274280000,0.6115
1747274340000,0.616
1747274400000,0.6446
1747274460000,0.6198
1747274520000,0.6059
1747274580000,0.6035
1747274640000,0.6227
1747274700000,0.6109
1747274760000,0.6143
1747274820000,0.6094
1747274880000,0.6227
1747274940000,0.6056
1747275000000,0.6183
1747275060000,0.6094
1747275120000,0.6023
1747275180000,0.6188
1747275240000,0.6106
1747275300000,0.6247
1747275360000,0.6081
1747275420000,0.6001
1747275480000,0.6147
1747275540000,0.6016
1747275600000,0.609
1747275660000,0.5972
1747275720000,0.5973
1747275780000,0.6219
1747275840000,0.6173
1747275900000,0.6089
1747275960000,0.6242
1747276020000,0.6111
1747276080000,0.6136
1747276140000,0.6107
1747276200000,0.6102
1747276260000,0.622
1747276320000,0.6217
1747276380000,0.6083
1747276440000,0.6219
1747276500000,0.627
1747276560000,0.6093
1747276620000,0.6022
1747276680000,0.6102
1747276740000,0.6048
1747276800000,0.6264
1747276860000,0.6108
1747276920000,0.6113
1747276980000,0.6207
1747277040000,0.6175
1747277100000,0.6155
1747277160000,0.6178
1747277220000,0.6087
1747277280000,0.6106
1747277340000,0.6076
1747277400000,0.6115
1747277460000,0.6045
1747277520000,0.6114
1747277580000,0.604
1747277640000,0.5995
1747277700000,0.6026
1747277760000,0.5955
1747277820000,0.5991
1747277880000,0.6055
1747277940000,0.6055
1747278000000,0.629
1747278060000,0.6095
1747278120000,0.6242
1747278180000,0.6205
1747278240000,0.6189
1747278300000,0.6207
1747278360000,0.6053
1747278420000,0.617
1747278480000,0.6208
1747278540000,0.6078
1747278600000,0.6055
1747278660000,0.604
1747278720000,0.6083
1747278780000,0.6216
1747278840000,0.6132
1747278900000,0.5948
1747278960000,0.599
1747279020000,0.6071
1747279080000,0.6075
1747279140000,0.6139
1747279200000,0.6013
1747279260000,0.6034
1747279320000,0.5937
1747279380000,0.6055
1747279440000,0.5894
1747279500000,0.6002
1747279560000,0.6059
1747279620000,0.59
1747279680000,0.6073
1747279740000,0.5955
1747279800000,0.5957
1747279860000,0.5979
1747279920000,0.6015
1747279980000,0.6158
1747280040000,0.6103
1747280100000,0.6013
1747280160000,0.6024
1747280220000,0.6037
1747280280000,0.6158
1747280340000,0.619
1747280400000,0.6075
1747280460000,0.6118
1747280520000,0.5971
1747280580000,0.5983
1747280640000,0.6004
1747280700000,0.6025
1747280760000,0.6113
1747280820000,0.595
1747280880000,0.5886
1747280940000,0.593
1747281000000,0.5984
1747281060000,0.5937
1747281120000,0.5891
1747281180000,0.5919
1747281240000,0.6016
1747281300000,0.5925
1747281360000,0.5919
1747281420000,0.5907
1747281480000,0.5865
1747281540000,0.6021
1747281600000,0.6123
1747281660000,0.5892
1747281720000,0.5921
1747281780000,0.5912
1747281840000,0.5858
1747281900000,0.5926
1747281960000,0.5958
1747282020000,0.5758
1747282080000,0.5888
1747282140000,0.5838
1747282200000,0.581
1747282260000,0.5861
1747282320000,0.5862
1747282380000,0.5885
1747282440000,0.591
1747282500000,0.5823
1747282560000,0.5816
1747282620000,0.5771
1747282680000,0.5724
1747282740000,0.5895
1747282800000,0.602
1747282860000,0.5963
1747282920000,0.5867
1747282980000,0.587
1747283040000,0.5794
1747283100000,0.5811
1747283160000,0.5883
1747283220000,0.5845
1747283280000,0.5761
1747283340000,0.5866
1747283400000,0.5738
1747283460000,0.5722
1747283520000,0.5943
1747283580000,0.5826
1747283640000,0.5768
1747283700000,0.5781
1747283760000,0.5703
1747283820000,0.5763
1747283880000,0.5713
1747283940000,0.5701
1747284000000,0.5853
1747284060000,0.5874
1747284120000,0.5779
1747284180000,0.5812
1747284240000,0.5822
1747284300000,0.5764
1747284360000,0.5712
1747284420000,0.5765
1747284480000,0.5704
1747284540000,0.5683
1747284600000,0.5706
1747284660000,0.5802
1747284720000,0.5726
1747284780000,0.5682
1747284840000,0.5731
1747284900000,0.5652
1747284960000,0.5779
1747285020000,0.6049
1747285080000,0.5789
1747285140000,0.5848
1747285200000,0.5981
1747285260000,0.5799
1747285320000,0.5671
1747285380000,0.5854
1747285440000,0.5887
1747285500000,0.5758
1747285560000,0.5733
1747285620000,0.5637
1747285680000,0.5741
1747285740000,0.58
1747285800000,0.5839
1747285860000,0.5791
1747285920000,0.5774
1747285980000,0.5669
1747286040000,0.5688
1747286100000,0.5828
1747286160000,0.5677
1747286220000,0.5751
1747286280000,0.5653
1747286340000,0.5606
1747286400000,0.5771
1747286460000,0.5555
1747286520000,0.5698
1747286580000,0.5762
1747286640000,0.5656
1747286700000,0.5709
1747286760000,0.5715
1747286820000,0.5804
1747286880000,0.5829
1747286940000,0.5734
1747287000000,0.5754
1747287060000,0.5799
1747287120000,0.5731
1747287180000,0.5784
1747287240000,0.5747
1747287300000,0.5632
1747287360000,0.5614
1747287420000,0.5712
1747287480000,0.576
1747287540000,0.5841
1747287600000,0.5607
1747287660000,0.58
1747287720000,0.5815
1747287780000,0.5708
1747287840000,0.5665
1747287900000,0.5749
1747287960000,0.5759
1747288020000,0.5744
1747288080000,0.5632
1747288140000,0.5754
1747288200000,0.5704
1747288260000,0.5682
1747288320000,0.5799
1747288380000,0.5753
1747288440000,0.5716
1747288500000,0.5738
1747288560000,0.5676
1747288620000,0.5736
1747288680000,0.566
1747288740000,0.5664
1747288800000,0.5763
1747288860000,0.5743
1747288920000,0.569
1747288980000,0.5736
1747289040000,0.5756
1747289100000,0.5792
1747289160000,0.5813
1747289220000,0.5852
1747289280000,0.5688
1747289340000,0.5763
1747289400000,0.585
1747289460000,0.5755
1747289520000,0.5743
1747289580000,0.5814
1747289640000,0.5779
1747289700000,0.5778
1747289760000,0.5715
1747289820000,0.569
1747289880000,0.5703
1747289940000,0.5715
1747290000000,0.5806
1747290060000,0.5853
1747290120000,0.5709
1747290180000,0.5753
1747290240000,0.5696
1747290300000,0.5752
1747290360000,0.5706
1747290420000,0.5819
1747290480000,0.5936
1747290540000,0.586
1747290600000,0.5773
1747290660000,0.5683
1747290720000,0.5766
1747290780000,0.5782
1747290840000,0.5914
1747290900000,0.5952
1747290960000,0.5776
1747291020000,0.5791
1747291080000,0.5777
1747291140000,0.5836
1747291200000,0.5932
1747291260000,0.5876
1747291320000,0.5819
1747291380000,0.592
1747291440000,0.5873
1747291500000,0.5794
1747291560000,0.5721
1747291620000,0.5953
1747291680000,0.594
1747291740000,0.5806
1747291800000,0.5832
1747291860000,0.589
1747291920000,0.5803
1747291980000,0.5743
1747292040000,0.5822
1747292100000,0.5819
1747292160000,0.594
1747292220000,0.5858
1747292280000,0.5848
1747292340000,0.5803
1747292400000,0.5969
1747292460000,0.5776
1747292520000,0.5921
1747292580000,0.5868
1747292640000,0.5808
1747292700000,0.584
1747292760000,0.5819
1747292820000,0.5739
1747292880000,0.5726
1747292940000,0.5895
1747293000000,0.592
1747293060000,0.577
1747293120000,0.5934
1747293180000,0.5837
1747293240000,0.5775
1747293300000,0.592
1747293360000,0.5828
1747293420000,0.5796
1747293480000,0.5848
1747293540000,0.5813
1747293600000,0.5799
1747293660000,0.5784
1747293720000,0.5879
1747293780000,0.5793
1747293840000,0.5874
1747293900000,0.5806
1747293960000,0.5735
1747294020000,0.5748
1747294080000,0.5881
1747294140000,0.5931
1747294200000,0.6074
1747294260000,0.5891
1747294320000,0.5853
1747294380000,0.5895
1747294440000,0.5817
1747294500000,0.5853
1747294560000,0.585
1747294620000,0.58
1747294680000,0.5952
1747294740000,0.586
1747294800000,0.589
1747294860000,0.5878
1747294920000,0.5743
1747294980000,0.5833
1747295040000,0.58
1747295100000,0.5918
1747295160000,0.5823
1747295220000,0.5811
1747295280000,0.5771
1747295340000,0.5793
1747295400000,0.5872
1747295460000,0.5983
1747295520000,0.5927
1747295580000,0.5917
1747295640000,0.5875
1747295700000,0.5918
1747295760000,0.5968
1747295820000,0.5936
1747295880000,0.5859
1747295940000,0.5934
1747296000000,0.5915
1747296060000,0.5836
1747296120000,0.5867
1747296180000,0.5795
1747296240000,0.5935
1747296300000,0.6037
1747296360000,0.5984
1747296420000,0.5908
1747296480000,0.5823
1747296540000,0.589
1747296600000,0.589
1747296660000,0.5787
1747296720000,0.5837
1747296780000,0.5842
1747296840000,0.5964
1747296900000,0.5883
1747296960000,0.5871
1747297020000,0.5823
1747297080000,0.5872
1747297140000,0.5824
1747297200000,0.5883
1747297260000,0.5885
1747297320000,0.5866
1747297380000,0.5855
1747297440000,0.5964
1747297500000,0.5971
1747297560000,0.5849
1747297620000,0.5813
1747297680000,0.5877
1747297740000,0.5908
1747297800000,0.5903
1747297860000,0.5865
1747297920000,0.5888
1747297980000,0.586
1747298040000,0.5832
1747298100000,0.5946
1747298160000,0.5902
1747298220000,0.5878
1747298280000,0.5861
1747298340000,0.5977
1747298400000,0.5911
1747298460000,0.5898
1747298520000,0.5914
1747298580000,0.5863
1747298640000,0.598
1747298700000,0.5958
1747298760000,0.6017
1747298820000,0.5888
1747298880000,0.585
1747298940000,0.5921
1747299000000,0.6025
1747299060000,0.5874
1747299120000,0.5878
1747299180000,0.5878
1747299240000,0.5783
1747299300000,0.5906
1747299360000,0.5937
1747299420000,0.595
1747299480000,0.5906
1747299540000,0.5958
1747299600000,0.6014
1747299660000,0.5963
1747299720000,0.6002
1747299780000,0.5882
1747299840000,0.5814
1747299900000,0.5933
1747299960000,0.5971
1747300020000,0.5859
1747300080000,0.5932
1747300140000,0.5891
1747300200000,0.6026
1747300260000,0.5927
1747300320000,0.5925
1747300380000,0.5996
1747300440000,0.594
1747300500000,0.5934
1747300560000,0.5891
1747300620000,0.574
1747300680000,0.5651
1747300740000,0.5829
1747300800000,0.5871
1747300860000,0.5846
1747300920000,0.5849
1747300980000,0.6094
1747301040000,0.6051
1747301100000,0.6055
1747301160000,0.6088
1747301220000,0.6144
1747301280000,0.6364
1747301340000,0.5997
1747301400000,0.61
1747301460000,0.611
1747301520000,0.6292
1747301580000,0.8564
1747301640000,0.6347
1747301700000,0.5893
1747301760000,0.6447
1747301820000,0.6506
1747301880000,0.7113
1747301940000,0.7106
1747302000000,0.581
1747302060000,0.5622
1747302120000,0.5887
1747302180000,0.5716
1747302240000,0.5639
1747302300000,0.5697
1747302360000,0.6036
1747302420000,0.7072
