timestamp,pod_nginx_qps
1747042380000,5.0283
1747042440000,5.0345
1747042500000,5.03
1747042560000,5.0309
1747042620000,5.0164
1747042680000,5.0327
1747042740000,5.0449
1747042800000,5.0327
1747042860000,5.0475
1747042920000,5.0403
1747042980000,5.042
1747043040000,5.0586
1747043100000,5.0336
1747043160000,5.051
1747043220000,5.0436
1747043280000,5.0427
1747043340000,5.0355
1747043400000,5.0518
1747043460000,5.0518
1747043520000,5.0409
1747043580000,5.0291
1747043640000,5.0382
1747043700000,5.0545
1747043760000,5.0345
1747043820000,5.0282
1747043880000,5.0473
1747043940000,5.0191
1747044000000,5.0531
1747044060000,5.0645
1747044120000,5.0445
1747044180000,5.0236
1747044240000,5.0636
1747044300000,5.0283
1747044360000,5.062
1747044420000,5.0273
1747044480000,5.0382
1747044540000,5.0309
1747044600000,5.0455
1747044660000,5.0409
1747044720000,5.0457
1747044780000,5.0491
1747044840000,5.0552
1747044900000,5.0231
1747044960000,5.066
1747045020000,5.035
1747045080000,5.0392
1747045140000,5.0254
1747045200000,5.06
1747045260000,5.04
1747045320000,5.0545
1747045380000,5.0436
1747045440000,5.0542
1747045500000,5.03
1747045560000,5.0455
1747045620000,5.0445
1747045680000,5.0365
1747045740000,5.0524
1747045800000,5.0283
1747045860000,5.0164
1747045920000,5.0383
1747045980000,5.0509
1747046040000,5.0457
1747046100000,5.0375
1747046160000,5.0347
1747046220000,5.0227
1747046280000,5.0464
1747046340000,5.0473
1747046400000,5.0391
1747046460000,5.0573
1747046520000,5.0309
1747046580000,5.0491
1747046640000,5.05
1747046700000,5.0445
1747046760000,5.0536
1747046820000,5.0375
1747046880000,5.0391
1747046940000,5.0545
1747047000000,5.06
1747047060000,5.0412
1747047120000,5.0482
1747047180000,5.0473
1747047240000,5.0476
1747047300000,5.04
1747047360000,5.0418
1747047420000,5.0245
1747047480000,5.0609
1747047540000,5.0282
1747047600000,5.03
1747047660000,5.042
1747047720000,5.0427
1747047780000,5.0427
1747047840000,5.0318
1747047900000,5.0318
1747047960000,5.0385
1747048020000,5.0464
1747048080000,5.0319
1747048140000,5.0461
1747048200000,5.0564
1747048260000,5.0473
1747048320000,5.0473
1747048380000,5.0555
1747048440000,5.0273
1747048500000,5.04
1747048560000,5.0357
1747048620000,5.0439
1747048680000,5.0356
1747048740000,5.04
1747048800000,5.0485
1747048860000,5.0365
1747048920000,5.0527
1747048980000,5.0591
1747049040000,5.0392
1747049100000,5.059
1747049160000,5.0584
1747049220000,5.0349
1747049280000,5.0129
1747049340000,5.0094
1747049400000,5.0427
1747049460000,5.0414
1747049520000,5.0264
1747049580000,5.0527
1747049640000,5.0302
1747049700000,5.0231
1747049760000,5.0202
1747049820000,5.0464
1747049880000,5.0521
1747049940000,5.0459
1747050000000,5.0421
1747050060000,5.0294
1747050120000,5.044
1747050180000,5.0194
1747050240000,5.0422
1747050300000,5.0567
1747050360000,5.0357
1747050420000,5.0529
1747050480000,5.0209
1747050540000,5.0105
1747050600000,5.0355
1747050660000,5.0596
1747050720000,5.0401
1747050780000,5.0572
1747050840000,5.0315
1747050900000,5.048
1747050960000,5.0429
1747051020000,5.0618
1747051080000,5.0612
1747051140000,5.0582
1747051200000,5.0336
1747051260000,5.0577
1747051320000,5.04
1747051380000,5.014
1747051440000,5.01
1747051500000,5.0509
1747051560000,5.0355
1747051620000,5.0491
1747051680000,5.0376
1747051740000,5.04
1747051800000,5.0509
1747051860000,5.0455
1747051920000,5.0439
1747051980000,5.0384
1747052040000,5.0565
1747052100000,5.0385
1747052160000,5.0373
1747052220000,5.0391
1747052280000,5.0431
1747052340000,5.0264
1747052400000,5.044
1747052460000,5.0164
1747052520000,5.0582
1747052580000,5.033
1747052640000,5.0539
1747052700000,5.0373
1747052760000,5.0849
1747052820000,5.0455
1747052880000,5.0374
1747052940000,5.0591
1747053000000,5.0755
1747053060000,5.0955
1747053120000,5.0764
1747053180000,5.0755
1747053240000,5.0665
1747053300000,5.0809
1747053360000,5.0615
1747053420000,5.0693
1747053480000,5.0691
1747053540000,5.052
1747053600000,5.0459
1747053660000,5.0473
1747053720000,5.0536
1747053780000,5.02
1747053840000,5.0345
1747053900000,5.0632
1747053960000,5.0338
1747054020000,5.0482
1747054080000,5.0418
1747054140000,5.0383
1747054200000,5.0186
1747054260000,5.04
1747054320000,5.0474
1747054380000,5.0491
1747054440000,5.0602
1747054500000,5.0527
1747054560000,5.0329
1747054620000,5.0518
1747054680000,5.0213
1747054740000,5.0536
1747054800000,5.0309
1747054860000,5.0591
1747054920000,5.0475
1747054980000,5.0542
1747055040000,5.0376
1747055100000,5.0474
1747055160000,5.0455
1747055220000,5.0649
1747055280000,5.0393
1747055340000,5.0455
1747055400000,5.0657
1747055460000,5.0683
1747055520000,5.0582
1747055580000,5.0667
1747055640000,5.0396
1747055700000,5.0575
1747055760000,5.0564
1747055820000,5.0418
1747055880000,5.0419
1747055940000,5.0618
1747056000000,5.0409
1747056060000,5.0321
1747056120000,5.0538
1747056180000,5.0266
1747056240000,5.0476
1747056300000,5.0336
1747056360000,5.0436
1747056420000,5.021
1747056480000,5.0491
1747056540000,5.0326
1747056600000,5.0458
1747056660000,5.043
1747056720000,5.0338
1747056780000,5.0645
1747056840000,5.0818
1747056900000,5.0655
1747056960000,5.0121
1747057020000,5.063
1747057080000,5.0831
1747057140000,5.0719
1747057200000,5.0783
1747057260000,5.0691
1747057320000,5.0773
1747057380000,5.0782
1747057440000,5.0891
1747057500000,5.0827
1747057560000,5.0901
1747057620000,5.0855
1747057680000,5.0893
1747057740000,5.0692
1747057800000,5.0864
1747057860000,5.0959
1747057920000,5.11
1747057980000,5.099
1747058040000,5.1118
1747058100000,5.1091
1747058160000,5.1027
1747058220000,5.0918
1747058280000,5.0991
1747058340000,5.0655
1747058400000,5.0864
1747058460000,5.0664
1747058520000,5.0855
1747058580000,5.0609
1747058640000,5.0848
1747058700000,5.0583
1747058760000,5.0812
1747058820000,5.0645
1747058880000,5.0803
1747058940000,5.0701
1747059000000,5.0858
1747059060000,5.0709
1747059120000,5.0655
1747059180000,5.0614
1747059240000,5.0846
1747059300000,5.0645
1747059360000,5.0893
1747059420000,5.0704
1747059480000,5.0703
1747059540000,5.0555
1747059600000,5.0765
1747059660000,5.0631
1747059720000,5.0873
1747059780000,5.0739
1747059840000,5.0777
1747059900000,5.0564
1747059960000,5.0682
1747060020000,5.0682
1747060080000,5.0536
1747060140000,5.0636
1747060200000,5.0727
1747060260000,5.06
1747060320000,5.0836
1747060380000,5.0593
1747060440000,5.0704
1747060500000,5.07
1747060560000,5.0818
1747060620000,5.0773
1747060680000,5.0878
1747060740000,5.0585
1747060800000,5.0764
1747060860000,5.0727
1747060920000,5.0783
1747060980000,5.0685
1747061040000,5.0732
1747061100000,5.0736
1747061160000,5.0774
1747061220000,5.0718
1747061280000,5.0655
1747061340000,5.06
1747061400000,5.0867
1747061460000,5.0591
1747061520000,5.0809
1747061580000,5.0574
1747061640000,5.0775
1747061700000,5.0773
1747061760000,5.0839
1747061820000,5.0573
1747061880000,5.0909
1747061940000,5.0773
1747062000000,5.0836
1747062060000,5.0773
1747062120000,5.0655
1747062180000,5.0676
1747062240000,5.0791
1747062300000,5.0845
1747062360000,5.0764
1747062420000,5.0527
1747062480000,5.06
1747062540000,5.0409
1747062600000,5.0582
1747062660000,5.0655
1747062720000,5.0655
1747062780000,5.0545
1747062840000,5.0664
1747062900000,5.0673
1747062960000,5.06
1747063020000,5.0691
1747063080000,5.0691
1747063140000,5.0636
1747063200000,5.0749
1747063260000,5.0655
1747063320000,5.0655
1747063380000,5.0694
1747063440000,5.0637
1747063500000,5.0855
1747063560000,5.0593
1747063620000,5.0682
1747063680000,5.0594
1747063740000,5.0795
1747063800000,5.0509
1747063860000,5.0819
1747063920000,5.0682
1747063980000,5.0736
1747064040000,5.0664
1747064100000,5.0809
1747064160000,5.0709
1747064220000,5.0892
1747064280000,5.0666
1747064340000,5.0773
1747064400000,5.0804
1747064460000,5.0676
1747064520000,5.0546
1747064580000,5.0741
1747064640000,5.0718
1747064700000,5.0639
1747064760000,5.0573
1747064820000,5.0664
1747064880000,5.0591
1747064940000,5.0573
1747065000000,5.0739
1747065060000,5.0736
1747065120000,5.0409
1747065180000,5.0629
1747065240000,5.0536
1747065300000,5.0636
1747065360000,5.0745
1747065420000,5.081
1747065480000,5.0627
1747065540000,5.0736
1747065600000,5.0591
1747065660000,5.0764
1747065720000,5.07
1747065780000,5.0709
1747065840000,5.0618
1747065900000,5.0568
1747065960000,5.0491
1747066020000,5.0886
1747066080000,5.0618
1747066140000,5.0709
1747066200000,5.0873
1747066260000,5.0827
1747066320000,5.0727
1747066380000,5.0627
1747066440000,5.0727
1747066500000,5.0836
1747066560000,5.0527
1747066620000,5.0827
1747066680000,5.0645
1747066740000,5.0709
1747066800000,5.0878
1747066860000,5.0745
1747066920000,4.1087
1747066980000,4.5091
1747067040000,5.0218
1747067100000,5.0727
1747067160000,5.0277
1747067220000,5.0019
1747067280000,5.011
1747067340000,5.0091
1747067400000,5.0209
1747067460000,5.0209
1747067520000,5.0082
1747067580000,5.0243
1747067640000,5.0318
1747067700000,5.02
1747067760000,5.0248
1747067820000,4.9427
1747067880000,5.0218
1747067940000,5.0218
1747068000000,5.0355
1747068060000,5.0185
1747068120000,5.0304
1747068180000,5.0036
1747068240000,5.0249
1747068300000,5.0164
1747068360000,5.0311
1747068420000,5.0082
1747068480000,5.0391
1747068540000,5.0364
1747068600000,5.0201
1747068660000,5.0175
1747068720000,5.0245
1747068780000,5.0127
1747068840000,5.0165
1747068900000,5.0228
1747068960000,5.0227
1747069020000,5.0339
1747069080000,5.0174
1747069140000,5.0148
1747069200000,5.0118
1747069260000,5.0167
1747069320000,5.034
1747069380000,5.0236
1747069440000,5.0148
1747069500000,5.0121
1747069560000,5.0165
1747069620000,5.0211
1747069680000,4.9773
1747069740000,5.01
1747069800000,5.0364
1747069860000,5.0227
1747069920000,5.0329
1747069980000,5.0109
1747070040000,5.0391
1747070100000,5.0327
1747070160000,5.04
1747070220000,5.0103
1747070280000,5.0245
1747070340000,5.03
1747070400000,5.0293
1747070460000,5.0182
1747070520000,5.03
1747070580000,5.0182
1747070640000,5.0256
1747070700000,5.0074
1747070760000,5.0247
1747070820000,5.0261
1747070880000,5.0092
1747070940000,5.023
1747071000000,5.0267
1747071060000,5.006
1747071120000,5.0028
1747071180000,5.0058
1747071240000,5.03
1747071300000,5.02
1747071360000,5.0273
1747071420000,4.995
1747071480000,5.0229
1747071540000,5.0158
1747071600000,5.0101
1747071660000,5.0132
1747071720000,5.0267
1747071780000,5.0202
1747071840000,5.0215
1747071900000,5.0064
1747071960000,5.0085
1747072020000,5.0218
1747072080000,5.0209
1747072140000,5.0291
1747072200000,4.9991
1747072260000,5.0091
1747072320000,5.0037
1747072380000,5.0183
1747072440000,5.0192
1747072500000,5.0273
1747072560000,5.0182
1747072620000,5.0204
1747072680000,5.002
1747072740000,5.0091
1747072800000,5.01
1747072860000,5.0036
1747072920000,5.0195
1747072980000,5.0082
1747073040000,5.0118
1747073100000,5.0218
1747073160000,5.004
1747073220000,5.0118
1747073280000,5.0118
1747073340000,5.0197
1747073400000,5.0118
1747073460000,5.0362
1747073520000,5.0164
1747073580000,5.03
1747073640000,5.0009
1747073700000,5.0103
1747073760000,5.0045
1747073820000,5.0231
1747073880000,5.01
1747073940000,5.0191
1747074000000,5.0066
1747074060000,5.0227
1747074120000,5.0036
1747074180000,5.0227
1747074240000,5.0064
1747074300000,5.0255
1747074360000,5.0055
1747074420000,5.0209
1747074480000,5.0164
1747074540000,5.0245
1747074600000,4.9773
1747074660000,5.0
1747074720000,5.0312
1747074780000,4.9878
1747074840000,5.0209
1747074900000,4.9903
1747074960000,5.0092
1747075020000,4.9936
1747075080000,5.0191
1747075140000,4.9955
1747075200000,5.0193
1747075260000,5.0148
1747075320000,5.043
1747075380000,5.0155
1747075440000,5.0155
1747075500000,5.0211
1747075560000,5.0082
1747075620000,5.0103
1747075680000,5.0264
1747075740000,4.9964
1747075800000,5.0064
1747075860000,4.9992
1747075920000,4.9938
1747075980000,4.9982
1747076040000,5.02
1747076100000,5.0164
1747076160000,5.0291
1747076220000,5.0182
1747076280000,5.0139
1747076340000,5.0083
1747076400000,5.0082
1747076460000,4.961
1747076520000,5.0073
1747076580000,5.0786
1747076640000,4.9964
1747076700000,5.06
1747076760000,5.0812
1747076820000,5.0665
1747076880000,5.0701
1747076940000,5.0765
1747077000000,5.0673
1747077060000,5.0705
1747077120000,5.0777
1747077180000,5.08
1747077240000,5.0721
1747077300000,5.0564
1747077360000,5.0727
1747077420000,5.052
1747077480000,5.0901
1747077540000,5.0656
1747077600000,5.0727
1747077660000,5.0691
1747077720000,5.0712
1747077780000,5.08
1747077840000,5.0791
1747077900000,5.0718
1747077960000,5.08
1747078020000,5.0709
1747078080000,5.0809
1747078140000,5.0773
1747078200000,5.0727
1747078260000,5.0818
1747078320000,5.0945
1747078380000,5.0821
1747078440000,5.0755
1747078500000,5.0727
1747078560000,5.0692
1747078620000,5.0711
1747078680000,5.0755
1747078740000,5.0673
1747078800000,5.0636
1747078860000,5.0932
1747078920000,5.07
1747078980000,5.0839
1747079040000,5.0931
1747079100000,5.0855
1747079160000,5.0718
1747079220000,5.0985
1747079280000,5.0791
1747079340000,5.0891
1747079400000,5.0683
1747079460000,5.0584
1747079520000,5.067
1747079580000,5.0711
1747079640000,5.0545
1747079700000,5.0691
1747079760000,5.0573
1747079820000,5.0627
1747079880000,5.0864
1747079940000,5.0564
1747080000000,5.0555
1747080060000,5.07
1747080120000,5.0764
1747080180000,5.0809
1747080240000,5.08
1747080300000,5.1021
1747080360000,5.0958
1747080420000,5.0845
1747080480000,5.0745
1747080540000,5.0645
1747080600000,5.0791
1747080660000,5.0572
1747080720000,5.0665
1747080780000,5.0455
1747080840000,5.0736
1747080900000,5.0691
1747080960000,5.0762
1747081020000,5.061
1747081080000,5.0693
1747081140000,5.0637
1747081200000,5.0729
1747081260000,5.0475
1747081320000,5.0693
1747081380000,5.0593
1747081440000,5.0595
1747081500000,5.0601
1747081560000,5.062
1747081620000,5.0473
1747081680000,5.0691
1747081740000,5.0627
1747081800000,5.073
1747081860000,5.0785
1747081920000,5.0867
1747081980000,5.0773
1747082040000,5.07
1747082100000,5.0447
1747082160000,5.0529
1747082220000,5.0536
1747082280000,5.0747
1747082340000,5.0582
1747082400000,5.0627
1747082460000,5.0627
1747082520000,5.0758
1747082580000,5.0613
1747082640000,5.0809
1747082700000,5.0651
1747082760000,5.0583
1747082820000,5.0673
1747082880000,5.0674
1747082940000,5.0755
1747083000000,5.0627
1747083060000,5.05
1747083120000,5.0573
1747083180000,5.0618
1747083240000,5.0555
1747083300000,5.0618
1747083360000,5.0664
1747083420000,5.0618
1747083480000,5.0482
1747083540000,5.0691
1747083600000,5.06
1747083660000,5.0627
1747083720000,5.0436
1747083780000,5.0536
1747083840000,5.06
1747083900000,5.0638
1747083960000,5.06
1747084020000,5.0702
1747084080000,5.0584
1747084140000,5.0727
1747084200000,5.0712
1747084260000,5.0575
1747084320000,5.0593
1747084380000,5.0636
1747084440000,5.0574
1747084500000,5.0545
1747084560000,5.0618
1747084620000,5.0613
1747084680000,5.0536
1747084740000,5.0567
1747084800000,5.0582
1747084860000,5.0649
1747084920000,5.0638
1747084980000,5.0536
1747085040000,5.0483
1747085100000,5.0502
1747085160000,5.0403
1747085220000,5.0473
1747085280000,5.0539
1747085340000,5.0391
1747085400000,5.0492
1747085460000,5.0536
1747085520000,5.0627
1747085580000,5.0723
1747085640000,5.0591
1747085700000,5.0664
1747085760000,5.0538
1747085820000,5.0609
1747085880000,5.0618
1747085940000,5.0639
1747086000000,5.0618
1747086060000,5.062
1747086120000,5.0509
1747086180000,5.06
1747086240000,5.0655
1747086300000,5.0645
1747086360000,5.0645
1747086420000,5.0745
1747086480000,5.0655
1747086540000,5.0677
1747086600000,5.0482
1747086660000,5.0636
1747086720000,5.0591
1747086780000,5.0636
1747086840000,5.0536
1747086900000,5.0727
1747086960000,5.0455
1747087020000,5.0536
1747087080000,5.0491
1747087140000,5.0639
1747087200000,5.0385
1747087260000,5.0712
1747087320000,5.0482
1747087380000,5.0564
1747087440000,5.0509
1747087500000,5.0682
1747087560000,5.0509
1747087620000,5.0664
1747087680000,5.0604
1747087740000,5.0682
1747087800000,5.0382
1747087860000,5.0803
1747087920000,5.0455
1747087980000,5.0704
1747088040000,5.0339
1747088100000,5.0591
1747088160000,5.0445
1747088220000,5.0573
1747088280000,5.0612
1747088340000,5.0714
1747088400000,5.0682
1747088460000,5.0691
1747088520000,5.0555
1747088580000,5.0664
1747088640000,5.0545
1747088700000,5.0736
1747088760000,5.064
1747088820000,5.0727
1747088880000,5.0445
1747088940000,5.0555
1747089000000,5.0609
1747089060000,5.0592
1747089120000,5.0547
1747089180000,5.0703
1747089240000,5.0691
1747089300000,5.0783
1747089360000,5.0677
1747089420000,5.0703
1747089480000,5.059
1747089540000,5.0719
1747089600000,5.0633
1747089660000,5.069
1747089720000,5.0663
1747089780000,5.0745
1747089840000,5.0587
1747089900000,5.0764
1747089960000,5.0618
1747090020000,5.0691
1747090080000,5.0673
1747090140000,5.0727
1747090200000,5.032
1747090260000,5.0851
1747090320000,5.0582
1747090380000,5.0827
1747090440000,5.0497
1747090500000,5.0692
1747090560000,5.0509
1747090620000,5.0845
1747090680000,5.0545
1747090740000,5.0937
1747090800000,5.0585
1747090860000,5.0855
1747090920000,5.0436
1747090980000,5.0845
1747091040000,5.0464
1747091100000,5.0764
1747091160000,5.0582
1747091220000,5.0655
1747091280000,5.0539
1747091340000,5.084
1747091400000,5.0357
1747091460000,5.0816
1747091520000,5.0575
1747091580000,5.0766
1747091640000,5.0518
1747091700000,5.0685
1747091760000,5.0636
1747091820000,5.0822
1747091880000,5.0555
1747091940000,5.0886
1747092000000,5.0518
1747092060000,5.0709
1747092120000,5.0505
1747092180000,5.0818
1747092240000,5.0618
1747092300000,5.0755
1747092360000,5.0509
1747092420000,5.0673
1747092480000,5.0382
1747092540000,5.0673
1747092600000,5.0473
1747092660000,5.0729
1747092720000,5.0445
1747092780000,5.0718
1747092840000,5.0622
1747092900000,5.0641
1747092960000,5.0409
1747093020000,5.0627
1747093080000,5.0655
1747093140000,5.0748
1747093200000,5.0491
1747093260000,5.0722
1747093320000,5.0445
1747093380000,5.0673
1747093440000,5.0573
1747093500000,5.0764
1747093560000,5.0655
1747093620000,5.0593
1747093680000,5.0318
1747093740000,5.0873
1747093800000,5.0455
1747093860000,5.0718
1747093920000,5.0427
1747093980000,5.0564
1747094040000,5.032
1747094100000,5.0591
1747094160000,5.0313
1747094220000,5.0911
1747094280000,5.0313
1747094340000,5.0478
1747094400000,5.0302
1747094460000,5.0462
1747094520000,5.0362
1747094580000,5.0384
1747094640000,5.0404
1747094700000,5.0498
1747094760000,5.0341
1747094820000,5.0503
1747094880000,5.0291
1747094940000,5.0466
1747095000000,5.0412
1747095060000,5.0449
1747095120000,5.0401
1747095180000,5.053
1747095240000,5.0145
1747095300000,5.0573
1747095360000,5.0173
1747095420000,5.0209
1747095480000,5.06
1747095540000,5.0709
1747095600000,5.0855
1747095660000,5.07
1747095720000,5.0964
1747095780000,5.0773
1747095840000,5.0991
1747095900000,5.0639
1747095960000,5.0927
1747096020000,5.0647
1747096080000,5.1012
1747096140000,5.08
1747096200000,5.0929
1747096260000,5.0827
1747096320000,5.0636
1747096380000,5.0659
1747096440000,5.0973
1747096500000,5.06
1747096560000,5.0436
1747096620000,5.0811
1747096680000,5.0782
1747096740000,5.0893
1747096800000,5.05
1747096860000,5.0321
1747096920000,5.0593
1747096980000,5.1075
1747097040000,5.0857
1747097100000,5.0127
1747097160000,5.0855
1747097220000,5.0891
1747097280000,5.0709
1747097340000,5.0958
1747097400000,5.0785
1747097460000,5.0979
1747097520000,5.074
1747097580000,5.1022
1747097640000,5.0627
1747097700000,5.0881
1747097760000,5.0829
1747097820000,5.09
1747097880000,5.0793
1747097940000,5.0891
1747098000000,5.0691
1747098060000,5.0827
1747098120000,5.07
1747098180000,5.0866
1747098240000,5.0832
1747098300000,5.0955
1747098360000,5.0809
1747098420000,5.0891
1747098480000,5.0767
1747098540000,5.0845
1747098600000,5.0694
1747098660000,5.0839
1747098720000,5.0785
1747098780000,5.0757
1747098840000,5.0786
1747098900000,5.0865
1747098960000,5.0791
1747099020000,5.0945
1747099080000,5.0755
1747099140000,5.0973
1747099200000,5.0729
1747099260000,5.0694
1747099320000,5.091
1747099380000,5.0657
1747099440000,5.051
1747099500000,5.09
1747099560000,5.061
1747099620000,5.0737
1747099680000,5.0818
1747099740000,5.0664
1747099800000,5.07
1747099860000,5.0828
1747099920000,5.0711
1747099980000,5.0645
1747100040000,5.0796
1747100100000,5.0664
1747100160000,5.0831
1747100220000,5.0747
1747100280000,5.1067
1747100340000,5.0991
1747100400000,5.0921
1747100460000,5.1113
1747100520000,5.0955
1747100580000,5.0691
1747100640000,5.0891
1747100700000,5.0836
1747100760000,5.0809
1747100820000,5.0982
1747100880000,5.0982
1747100940000,5.1088
1747101000000,5.0729
1747101060000,5.08
1747101120000,5.0845
1747101180000,5.0729
1747101240000,5.0845
1747101300000,5.0887
1747101360000,5.0547
1747101420000,5.1023
1747101480000,5.0774
1747101540000,5.0767
1747101600000,5.0982
1747101660000,5.0757
1747101720000,5.1045
1747101780000,5.0964
1747101840000,5.1022
1747101900000,5.0713
1747101960000,5.1122
1747102020000,5.0709
1747102080000,5.0973
1747102140000,5.0904
1747102200000,5.0941
1747102260000,5.0834
1747102320000,5.1004
1747102380000,5.1001
1747102440000,5.1004
1747102500000,5.0909
1747102560000,5.1004
1747102620000,5.0766
1747102680000,5.0662
1747102740000,5.0848
1747102800000,5.0836
1747102860000,5.09
1747102920000,5.0818
1747102980000,5.0936
1747103040000,5.0945
1747103100000,5.085
1747103160000,5.0809
1747103220000,5.0747
1747103280000,5.0927
1747103340000,5.0927
1747103400000,5.0891
1747103460000,5.0957
1747103520000,5.0657
1747103580000,5.0749
1747103640000,5.0867
1747103700000,5.0729
1747103760000,5.0855
1747103820000,5.0684
1747103880000,5.0801
1747103940000,5.0833
1747104000000,5.0922
1747104060000,5.0801
1747104120000,5.0673
1747104180000,5.0852
1747104240000,5.0864
1747104300000,5.0648
1747104360000,5.1064
1747104420000,5.0673
1747104480000,5.0918
1747104540000,5.0674
1747104600000,5.081
1747104660000,5.0764
1747104720000,5.0918
1747104780000,5.0891
1747104840000,5.0867
1747104900000,5.086
1747104960000,5.0996
1747105020000,5.073
1747105080000,5.0886
1747105140000,5.0855
1747105200000,5.0973
1747105260000,5.0718
1747105320000,5.09
1747105380000,5.0782
1747105440000,5.0964
1747105500000,5.0818
1747105560000,5.1
1747105620000,5.08
1747105680000,5.0909
1747105740000,5.0555
1747105800000,5.0736
1747105860000,5.08
1747105920000,5.0709
1747105980000,5.0964
1747106040000,5.0736
1747106100000,5.09
1747106160000,5.1
1747106220000,5.0773
1747106280000,5.0718
1747106340000,5.0609
1747106400000,5.0817
1747106460000,5.0421
1747106520000,5.07
1747106580000,5.0614
1747106640000,5.0528
1747106700000,5.0455
1747106760000,5.0558
1747106820000,5.0627
1747106880000,5.0556
1747106940000,5.0355
1747107000000,5.0485
1747107060000,5.0309
1747107120000,5.0691
1747107180000,5.0536
1747107240000,5.0745
1747107300000,5.0327
1747107360000,5.0618
1747107420000,5.0591
1747107480000,5.0548
1747107540000,5.0618
1747107600000,5.0713
1747107660000,5.051
1747107720000,5.0655
1747107780000,5.0518
1747107840000,5.0491
1747107900000,5.0418
1747107960000,5.0449
1747108020000,5.0382
1747108080000,5.0573
1747108140000,5.0555
1747108200000,5.0536
1747108260000,5.05
1747108320000,5.05
1747108380000,5.0548
1747108440000,5.0636
1747108500000,5.0555
1747108560000,5.0518
1747108620000,5.0609
1747108680000,5.0594
1747108740000,5.0374
1747108800000,5.0682
1747108860000,5.0537
1747108920000,5.0502
1747108980000,5.0339
1747109040000,5.0527
1747109100000,5.0428
1747109160000,5.0545
1747109220000,5.04
1747109280000,5.0536
1747109340000,5.0418
1747109400000,5.0378
1747109460000,5.0283
1747109520000,5.0355
1747109580000,5.05
1747109640000,5.0573
1747109700000,5.0409
1747109760000,5.0418
1747109820000,5.0391
1747109880000,5.0513
1747109940000,5.05
1747110000000,5.0473
1747110060000,5.0291
1747110120000,5.0328
1747110180000,5.0391
1747110240000,5.0482
1747110300000,5.0427
1747110360000,5.0532
1747110420000,5.0427
1747110480000,5.0518
1747110540000,5.0529
1747110600000,5.05
1747110660000,5.0282
1747110720000,5.0436
1747110780000,5.0382
1747110840000,5.0645
1747110900000,5.03
1747110960000,5.0675
1747111020000,5.0309
1747111080000,5.0509
1747111140000,5.0282
1747111200000,5.0556
1747111260000,5.0674
1747111320000,5.0445
1747111380000,5.0382
1747111440000,5.06
1747111500000,5.0618
1747111560000,5.0473
1747111620000,5.0464
1747111680000,5.0355
1747111740000,5.0567
1747111800000,5.0428
1747111860000,5.0448
1747111920000,5.0609
1747111980000,5.0609
1747112040000,5.05
1747112100000,5.0555
1747112160000,5.0518
1747112220000,5.0582
1747112280000,5.0373
1747112340000,5.06
1747112400000,5.0364
1747112460000,5.0745
1747112520000,5.0393
1747112580000,5.0673
1747112640000,5.0509
1747112700000,5.0491
1747112760000,5.0291
1747112820000,5.0573
1747112880000,5.0311
1747112940000,5.0755
1747113000000,5.0286
1747113060000,5.074
1747113120000,5.0236
1747113180000,5.064
1747113240000,5.0219
1747113300000,5.0445
1747113360000,5.0319
1747113420000,5.0682
1747113480000,5.0191
1747113540000,5.05
1747113600000,5.0364
1747113660000,5.0609
1747113720000,5.0309
1747113780000,5.0709
1747113840000,5.0418
1747113900000,5.0564
1747113960000,5.0345
1747114020000,5.0627
1747114080000,5.0391
1747114140000,5.0682
1747114200000,5.021
1747114260000,5.0645
1747114320000,5.0373
1747114380000,5.07
1747114440000,5.0282
1747114500000,5.0645
1747114560000,5.0603
1747114620000,5.0464
1747114680000,5.0304
1747114740000,5.0818
1747114800000,5.0778
1747114860000,5.0849
1747114920000,5.0718
1747114980000,5.1037
1747115040000,5.0773
1747115100000,5.0727
1747115160000,5.0945
1747115220000,5.0958
1747115280000,5.0691
1747115340000,5.0873
1747115400000,5.07
1747115460000,5.0621
1747115520000,5.1109
1747115580000,5.0736
1747115640000,5.099
1747115700000,5.0591
1747115760000,5.1018
1747115820000,5.0766
1747115880000,5.1091
1747115940000,5.0855
1747116000000,5.0927
1747116060000,5.0866
1747116120000,5.0964
1747116180000,5.0911
1747116240000,5.1136
1747116300000,5.0809
1747116360000,5.0994
1747116420000,5.0783
1747116480000,5.0818
1747116540000,5.0884
1747116600000,5.1218
1747116660000,5.0657
1747116720000,5.0964
1747116780000,5.063
1747116840000,5.0863
1747116900000,5.0575
1747116960000,5.0909
1747117020000,5.0555
1747117080000,5.0927
1747117140000,5.0482
1747117200000,5.1104
1747117260000,5.0727
1747117320000,5.1009
1747117380000,5.0674
1747117440000,5.0936
1747117500000,5.0821
1747117560000,5.0919
1747117620000,5.0564
1747117680000,5.0809
1747117740000,5.0736
1747117800000,5.0827
1747117860000,5.07
1747117920000,5.0818
1747117980000,5.0927
1747118040000,5.06
1747118100000,5.1082
1747118160000,5.0718
1747118220000,5.0936
1747118280000,5.0736
1747118340000,5.1055
1747118400000,5.0492
1747118460000,5.1055
1747118520000,5.0664
1747118580000,5.09
1747118640000,5.0764
1747118700000,5.1
1747118760000,5.0527
1747118820000,5.1149
1747118880000,5.0793
1747118940000,5.1196
1747119000000,5.0882
1747119060000,5.1064
1747119120000,5.0782
1747119180000,5.0864
1747119240000,5.0645
1747119300000,5.0891
1747119360000,5.0782
1747119420000,5.0936
1747119480000,5.0518
1747119540000,5.0956
1747119600000,5.0668
1747119660000,5.0845
1747119720000,5.0492
1747119780000,5.0958
1747119840000,5.0536
1747119900000,5.09
1747119960000,5.0555
1747120020000,5.0803
1747120080000,5.0645
1747120140000,5.0927
1747120200000,5.0591
1747120260000,5.0991
1747120320000,5.0755
1747120380000,5.0803
1747120440000,5.0782
1747120500000,5.0982
1747120560000,5.0436
1747120620000,5.0867
1747120680000,5.0645
1747120740000,5.0864
1747120800000,5.07
1747120860000,5.06
1747120920000,5.07
1747120980000,5.0885
1747121040000,5.0736
1747121100000,5.0873
1747121160000,5.0747
1747121220000,5.0855
1747121280000,5.0736
1747121340000,5.0864
1747121400000,5.0845
1747121460000,5.0882
1747121520000,5.0845
1747121580000,5.1
1747121640000,5.0691
1747121700000,5.0891
1747121760000,5.0582
1747121820000,5.0964
1747121880000,5.0536
1747121940000,5.0836
1747122000000,5.0527
1747122060000,5.0991
1747122120000,5.0482
1747122180000,5.0673
1747122240000,5.0791
1747122300000,5.1191
1747122360000,5.0827
1747122420000,5.1127
1747122480000,4.9729
1747122540000,5.0782
1747122600000,5.0564
1747122660000,5.0755
1747122720000,5.0418
1747122780000,5.0818
1747122840000,5.0518
1747122900000,5.0464
1747122960000,5.0609
1747123020000,5.0691
1747123080000,5.0609
1747123140000,5.0755
1747123200000,5.0564
1747123260000,5.0649
1747123320000,5.0736
1747123380000,5.0809
1747123440000,5.0867
1747123500000,5.0591
1747123560000,5.0573
1747123620000,5.0555
1747123680000,5.08
1747123740000,5.0736
1747123800000,5.0791
1747123860000,5.0736
1747123920000,5.0909
1747123980000,5.0809
1747124040000,5.0958
1747124100000,5.0782
1747124160000,5.0809
1747124220000,5.0619
1747124280000,5.0779
1747124340000,5.0855
1747124400000,5.0809
1747124460000,5.0718
1747124520000,5.0791
1747124580000,5.0923
1747124640000,5.0831
1747124700000,5.075
1747124760000,5.0813
1747124820000,5.084
1747124880000,5.0728
1747124940000,5.0764
1747125000000,5.0849
1747125060000,5.0986
1747125120000,5.09
1747125180000,5.1
1747125240000,5.065
1747125300000,5.0991
1747125360000,5.0709
1747125420000,5.08
1747125480000,5.0752
1747125540000,5.0632
1747125600000,5.0485
1747125660000,5.0712
1747125720000,5.0411
1747125780000,5.072
1747125840000,5.041
1747125900000,5.0982
1747125960000,5.0555
1747126020000,5.0876
1747126080000,5.0909
1747126140000,5.0429
1747126200000,5.0824
1747126260000,5.0555
1747126320000,5.1007
1747126380000,5.0584
1747126440000,5.0545
1747126500000,5.06
1747126560000,5.0828
1747126620000,5.0591
1747126680000,5.09
1747126740000,5.0456
1747126800000,5.0455
1747126860000,5.0855
1747126920000,5.0647
1747126980000,5.0483
1747127040000,5.0849
1747127100000,5.0736
1747127160000,5.0795
1747127220000,5.0752
1747127280000,5.0861
1747127340000,5.0839
1747127400000,5.1089
1747127460000,5.0678
1747127520000,5.0558
1747127580000,5.0823
1747127640000,5.0736
1747127700000,5.0777
1747127760000,5.0619
1747127820000,5.0848
1747127880000,5.0684
1747127940000,5.0745
1747128000000,5.0745
1747128060000,5.0573
1747128120000,5.0727
1747128180000,5.0627
1747128240000,5.0721
1747128300000,5.0756
1747128360000,5.0585
1747128420000,5.0646
1747128480000,5.0739
1747128540000,5.0838
1747128600000,5.0818
1747128660000,5.0683
1747128720000,5.0949
1747128780000,5.0936
1747128840000,5.0866
1747128900000,5.0811
1747128960000,5.0854
1747129020000,5.0793
1747129080000,5.0849
1747129140000,5.0746
1747129200000,5.0791
1747129260000,5.0866
1747129320000,5.091
1747129380000,5.09
1747129440000,5.0855
1747129500000,5.0948
1747129560000,5.0955
1747129620000,5.0791
1747129680000,5.0791
1747129740000,5.0922
1747129800000,5.0991
1747129860000,5.0918
1747129920000,5.0657
1747129980000,5.0811
1747130040000,5.1
1747130100000,5.0747
1747130160000,5.1103
1747130220000,5.0891
1747130280000,5.1068
1747130340000,5.0892
1747130400000,5.1
1747130460000,5.0812
1747130520000,5.091
1747130580000,5.1
1747130640000,5.1036
1747130700000,5.0842
1747130760000,5.0792
1747130820000,5.0852
1747130880000,5.0555
1747130940000,5.0427
1747131000000,5.0475
1747131060000,5.0504
1747131120000,5.0718
1747131180000,5.042
1747131240000,5.0549
1747131300000,5.0438
1747131360000,5.0491
1747131420000,5.0475
1747131480000,5.0455
1747131540000,5.0384
1747131600000,5.0555
1747131660000,5.0456
1747131720000,5.0391
1747131780000,5.0336
1747131840000,5.0555
1747131900000,5.0384
1747131960000,5.0518
1747132020000,5.0455
1747132080000,5.0664
1747132140000,5.0211
1747132200000,5.0304
1747132260000,5.0638
1747132320000,5.0602
1747132380000,5.0555
1747132440000,5.0355
1747132500000,5.0613
1747132560000,5.0273
1747132620000,5.0418
1747132680000,5.0318
1747132740000,5.0291
1747132800000,5.0245
1747132860000,5.0309
1747132920000,5.0418
1747132980000,5.0391
1747133040000,5.0355
1747133100000,5.0382
1747133160000,5.0409
1747133220000,5.0355
1747133280000,5.0456
1747133340000,5.05
1747133400000,5.03
1747133460000,5.0109
1747133520000,5.0427
1747133580000,5.0364
1747133640000,5.0318
1747133700000,5.0383
1747133760000,5.0456
1747133820000,5.0375
1747133880000,5.0436
1747133940000,5.0345
1747134000000,5.0464
1747134060000,5.0409
1747134120000,5.0494
1747134180000,5.0373
1747134240000,5.0282
1747134300000,5.0445
1747134360000,5.0364
1747134420000,5.05
1747134480000,5.0036
1747134540000,5.0318
1747134600000,5.0464
1747134660000,5.0391
1747134720000,5.0148
1747134780000,5.0318
1747134840000,5.0427
1747134900000,5.0355
1747134960000,5.0591
1747135020000,5.0464
1747135080000,5.0582
1747135140000,5.0445
1747135200000,5.0491
1747135260000,5.0136
1747135320000,5.0518
1747135380000,5.0218
1747135440000,5.0464
1747135500000,5.0091
1747135560000,5.0627
1747135620000,4.9736
1747135680000,5.073
1747135740000,5.0109
1747135800000,5.0709
1747135860000,5.0136
1747135920000,5.0755
1747135980000,4.9955
1747136040000,5.07
1747136100000,5.0045
1747136160000,5.0545
1747136220000,5.0291
1747136280000,5.0656
1747136340000,5.0073
1747136400000,5.0555
1747136460000,5.0491
1747136520000,5.0436
1747136580000,5.0461
1747136640000,4.995
1747136700000,5.0712
1747136760000,5.0328
1747136820000,5.0966
1747136880000,5.0491
1747136940000,5.0709
1747137000000,5.0456
1747137060000,5.0536
1747137120000,5.0445
1747137180000,5.0718
1747137240000,5.0573
1747137300000,5.0492
1747137360000,5.0558
1747137420000,5.0849
1747137480000,5.0255
1747137540000,5.0809
1747137600000,5.0418
1747137660000,5.0445
1747137720000,5.014
1747137780000,5.0527
1747137840000,5.0191
1747137900000,5.0645
1747137960000,5.0265
1747138020000,5.0798
1747138080000,5.0293
1747138140000,5.0827
1747138200000,5.0182
1747138260000,5.0627
1747138320000,5.0191
1747138380000,5.07
1747138440000,5.0239
1747138500000,5.0545
1747138560000,5.0111
1747138620000,5.0609
1747138680000,5.0291
1747138740000,5.0536
1747138800000,5.01
1747138860000,5.05
1747138920000,5.0082
1747138980000,5.0582
1747139040000,5.0173
1747139100000,5.0536
1747139160000,5.0256
1747139220000,5.0549
1747139280000,4.9927
1747139340000,5.0873
1747139400000,5.0118
1747139460000,5.0801
1747139520000,5.0203
1747139580000,5.0982
1747139640000,5.0318
1747139700000,5.0664
1747139760000,5.0227
1747139820000,5.0512
1747139880000,5.0329
1747139940000,5.07
1747140000000,5.0245
1747140060000,5.0673
1747140120000,5.0338
1747140180000,5.0755
1747140240000,5.0127
1747140300000,5.0582
1747140360000,5.0127
1747140420000,5.05
1747140480000,5.0139
1747140540000,5.0603
1747140600000,5.0345
1747140660000,5.0595
1747140720000,5.0055
1747140780000,5.06
1747140840000,5.0302
1747140900000,5.0516
1747140960000,5.031
1747141020000,5.0329
1747141080000,5.0294
1747141140000,5.0377
1747141200000,5.0557
1747141260000,5.033
1747141320000,5.0536
1747141380000,5.0218
1747141440000,5.0573
1747141500000,5.03
1747141560000,5.0564
1747141620000,5.0221
1747141680000,5.0318
1747141740000,5.0
1747141800000,5.0473
1747141860000,5.0273
1747141920000,5.0709
1747141980000,5.0312
1747142040000,5.0722
1747142100000,5.0209
1747142160000,5.0632
1747142220000,5.041
1747142280000,5.0618
1747142340000,5.0482
1747142400000,5.0273
1747142460000,5.0594
1747142520000,5.0577
1747142580000,5.053
1747142640000,5.0545
1747142700000,5.0491
1747142760000,5.0666
1747142820000,5.05
1747142880000,5.0618
1747142940000,5.0582
1747143000000,5.0548
1747143060000,5.0464
1747143120000,5.0582
1747143180000,5.0427
1747143240000,5.0455
1747143300000,5.0355
1747143360000,5.0573
1747143420000,5.0227
1747143480000,5.0573
1747143540000,5.0382
1747143600000,5.0576
1747143660000,5.0391
1747143720000,5.05
1747143780000,5.0409
1747143840000,5.0676
1747143900000,5.0373
1747143960000,5.0431
1747144020000,5.0291
1747144080000,5.0345
1747144140000,5.0445
1747144200000,5.04
1747144260000,5.0355
1747144320000,5.042
1747144380000,5.0264
1747144440000,5.0336
1747144500000,5.03
1747144560000,5.0464
1747144620000,5.0245
1747144680000,5.0284
1747144740000,5.0173
1747144800000,5.0373
1747144860000,5.0296
1747144920000,5.0364
1747144980000,5.0382
1747145040000,5.0429
1747145100000,5.0375
1747145160000,5.0402
1747145220000,5.0282
1747145280000,5.0373
1747145340000,5.0282
1747145400000,5.0318
1747145460000,5.0309
1747145520000,5.0055
1747145580000,5.0264
1747145640000,5.0256
1747145700000,5.0302
1747145760000,5.0473
1747145820000,5.0282
1747145880000,5.0511
1747145940000,5.0441
1747146000000,5.0373
1747146060000,5.0236
1747146120000,5.0364
1747146180000,5.0429
1747146240000,5.0374
1747146300000,5.0255
1747146360000,5.0636
1747146420000,5.0436
1747146480000,5.0527
1747146540000,5.0509
1747146600000,5.04
1747146660000,5.0455
1747146720000,5.06
1747146780000,5.0464
1747146840000,5.0591
1747146900000,5.0318
1747146960000,5.062
1747147020000,5.053
1747147080000,5.0709
1747147140000,5.0555
1747147200000,5.04
1747147260000,5.0373
1747147320000,5.0509
1747147380000,5.0455
1747147440000,5.0584
1747147500000,5.0302
1747147560000,5.0519
1747147620000,4.9591
1747147680000,5.0418
1747147740000,4.9958
1747147800000,4.96
1747147860000,5.0018
1747147920000,5.0331
1747147980000,4.9848
1747148040000,4.9818
1747148100000,5.0073
1747148160000,5.0064
1747148220000,5.0291
1747148280000,5.0398
1747148340000,5.0563
1747148400000,5.0484
1747148460000,5.0538
1747148520000,5.06
1747148580000,5.0265
1747148640000,5.0623
1747148700000,5.0347
1747148760000,5.0548
1747148820000,5.0356
1747148880000,5.0696
1747148940000,5.0382
1747149000000,5.0618
1747149060000,5.0412
1747149120000,5.0712
1747149180000,5.0291
1747149240000,5.0647
1747149300000,5.051
1747149360000,5.047
1747149420000,5.0227
1747149480000,5.0411
1747149540000,5.0227
1747149600000,5.0173
1747149660000,5.0336
1747149720000,5.0267
1747149780000,5.0327
1747149840000,5.0305
1747149900000,5.0311
1747149960000,5.0302
1747150020000,5.0455
1747150080000,5.0291
1747150140000,5.0312
1747150200000,5.0138
1747150260000,5.04
1747150320000,5.0329
1747150380000,5.0245
1747150440000,5.0464
1747150500000,5.0373
1747150560000,5.0464
1747150620000,5.0436
1747150680000,5.0373
1747150740000,5.03
1747150800000,5.0391
1747150860000,5.0527
1747150920000,5.0356
1747150980000,5.0418
1747151040000,5.0482
1747151100000,5.0364
1747151160000,5.0445
1747151220000,5.0158
1747151280000,5.0455
1747151340000,5.0445
1747151400000,5.0282
1747151460000,5.0427
1747151520000,5.05
1747151580000,5.0373
1747151640000,5.0427
1747151700000,5.0374
1747151760000,5.0411
1747151820000,5.0273
1747151880000,5.0509
1747151940000,5.0391
1747152000000,5.0327
1747152060000,5.0391
1747152120000,4.9682
1747152180000,5.0373
1747152240000,5.0409
1747152300000,5.0264
1747152360000,4.9745
1747152420000,4.9773
1747152480000,5.0467
1747152540000,5.0009
1747152600000,5.0
1747152660000,4.9729
1747152720000,5.0473
1747152780000,5.0436
1747152840000,5.0482
1747152900000,5.0436
1747152960000,5.0515
1747153020000,5.041
1747153080000,5.0557
1747153140000,5.0312
1747153200000,5.0395
1747153260000,5.0003
1747153320000,4.7297
1747153380000,4.8632
1747153440000,5.0621
1747153500000,5.0345
1747153560000,5.0542
1747153620000,5.0575
1747153680000,5.0492
1747153740000,5.0456
1747153800000,5.0667
1747153860000,5.0464
1747153920000,5.0376
1747153980000,5.0445
1747154040000,5.0473
1747154100000,5.0385
1747154160000,5.0529
1747154220000,5.0584
1747154280000,5.0449
1747154340000,5.06
1747154400000,5.0495
1747154460000,5.0418
1747154520000,5.0336
1747154580000,5.0482
1747154640000,5.0429
1747154700000,5.0336
1747154760000,5.0527
1747154820000,5.0382
1747154880000,5.0391
1747154940000,5.0491
1747155000000,5.0501
1747155060000,5.0457
1747155120000,5.01
1747155180000,5.0573
1747155240000,5.0505
1747155300000,5.0511
1747155360000,5.0709
1747155420000,5.0464
1747155480000,5.02
1747155540000,5.05
1747155600000,5.04
1747155660000,5.0773
1747155720000,5.0391
1747155780000,5.0582
1747155840000,5.0555
1747155900000,5.0548
1747155960000,5.0491
1747156020000,5.0682
1747156080000,5.0527
1747156140000,5.0465
1747156200000,5.0573
1747156260000,5.0575
1747156320000,5.0439
1747156380000,5.0773
1747156440000,5.0567
1747156500000,5.0712
1747156560000,5.0545
1747156620000,5.0857
1747156680000,5.0585
1747156740000,5.0727
1747156800000,5.0594
1747156860000,5.0704
1747156920000,5.0582
1747156980000,5.0858
1747157040000,5.0514
1747157100000,5.0764
1747157160000,5.0741
1747157220000,5.0833
1747157280000,5.0529
1747157340000,5.07
1747157400000,5.0522
1747157460000,5.0855
1747157520000,5.0455
1747157580000,5.0627
1747157640000,5.05
1747157700000,5.0923
1747157760000,5.0502
1747157820000,5.0655
1747157880000,5.0427
1747157940000,5.0709
1747158000000,5.0566
1747158060000,5.0609
1747158120000,5.0509
1747158180000,5.0768
1747158240000,5.0445
1747158300000,5.0732
1747158360000,5.0418
1747158420000,5.0791
1747158480000,5.0502
1747158540000,5.0703
1747158600000,5.0427
1747158660000,5.0773
1747158720000,5.0536
1747158780000,5.0727
1747158840000,5.0455
1747158900000,5.0518
1747158960000,5.0365
1747159020000,5.0664
1747159080000,5.0467
1747159140000,5.0812
1747159200000,5.0473
1747159260000,5.0722
1747159320000,5.0464
1747159380000,5.0755
1747159440000,5.0445
1747159500000,5.0773
1747159560000,5.0318
1747159620000,5.0645
1747159680000,5.0382
1747159740000,5.0813
1747159800000,5.0427
1747159860000,5.0436
1747159920000,5.0438
1747159980000,5.0656
1747160040000,5.0415
1747160100000,5.0658
1747160160000,5.0438
1747160220000,5.0845
1747160280000,5.04
1747160340000,5.0582
1747160400000,5.0555
1747160460000,5.0709
1747160520000,5.0464
1747160580000,5.0647
1747160640000,5.0464
1747160700000,5.0655
1747160760000,5.0418
1747160820000,5.0736
1747160880000,5.06
1747160940000,5.0573
1747161000000,5.0464
1747161060000,5.06
1747161120000,5.0409
1747161180000,5.0611
1747161240000,5.0609
1747161300000,5.0639
1747161360000,5.0373
1747161420000,5.0673
1747161480000,5.0464
1747161540000,5.0636
1747161600000,5.0483
1747161660000,5.0719
1747161720000,5.0455
1747161780000,5.06
1747161840000,5.0509
1747161900000,5.0709
1747161960000,5.0427
1747162020000,5.07
1747162080000,5.0456
1747162140000,5.0682
1747162200000,5.0039
1747162260000,5.0357
1747162320000,5.0648
1747162380000,5.0482
1747162440000,5.0755
1747162500000,5.0427
1747162560000,5.0755
1747162620000,5.0545
1747162680000,5.0629
1747162740000,5.052
1747162800000,5.0939
1747162860000,5.0645
1747162920000,5.0764
1747162980000,5.0565
1747163040000,5.0936
1747163100000,5.064
1747163160000,5.0836
1747163220000,5.0536
1747163280000,5.0768
1747163340000,5.0649
1747163400000,5.0682
1747163460000,5.0703
1747163520000,5.0792
1747163580000,5.0566
1747163640000,5.0756
1747163700000,5.0627
1747163760000,5.0764
1747163820000,5.0491
1747163880000,5.0827
1747163940000,5.0668
1747164000000,5.09
1747164060000,5.06
1747164120000,5.0929
1747164180000,5.0527
1747164240000,5.0818
1747164300000,5.06
1747164360000,5.0627
1747164420000,5.0573
1747164480000,5.075
1747164540000,5.0548
1747164600000,5.0791
1747164660000,5.0528
1747164720000,5.0809
1747164780000,5.0421
1747164840000,5.0627
1747164900000,5.043
1747164960000,5.0894
1747165020000,5.0603
1747165080000,5.0745
1747165140000,5.0611
1747165200000,5.0866
1747165260000,5.0602
1747165320000,5.0718
1747165380000,5.0603
1747165440000,5.081
1747165500000,5.0539
1747165560000,5.0845
1747165620000,5.0591
1747165680000,5.0786
1747165740000,5.054
1747165800000,5.0791
1747165860000,5.0441
1747165920000,5.0656
1747165980000,5.0529
1747166040000,5.0647
1747166100000,5.0592
1747166160000,5.0831
1747166220000,5.053
1747166280000,5.0747
1747166340000,5.0482
1747166400000,4.9682
1747166460000,5.0214
1747166520000,5.0809
1747166580000,5.0484
1747166640000,5.0784
1747166700000,5.0639
1747166760000,5.0782
1747166820000,5.0319
1747166880000,5.0666
1747166940000,5.0419
1747167000000,5.0675
1747167060000,5.0445
1747167120000,5.0747
1747167180000,5.0475
1747167240000,5.0405
1747167300000,5.0624
1747167360000,5.074
1747167420000,5.0351
1747167480000,5.0539
1747167540000,5.0461
1747167600000,5.0676
1747167660000,5.0418
1747167720000,5.0664
1747167780000,5.0466
1747167840000,5.0575
1747167900000,5.0367
1747167960000,5.0884
1747168020000,5.053
1747168080000,5.0622
1747168140000,5.0519
1747168200000,5.0742
1747168260000,5.0362
1747168320000,5.0628
1747168380000,5.0555
1747168440000,5.0709
1747168500000,5.0501
1747168560000,5.0645
1747168620000,5.0484
1747168680000,5.0709
1747168740000,5.0474
1747168800000,5.0575
1747168860000,5.0565
1747168920000,5.0609
1747168980000,5.031
1747169040000,5.0712
1747169100000,5.0456
1747169160000,5.0655
1747169220000,5.0409
1747169280000,5.0582
1747169340000,5.0365
1747169400000,5.0636
1747169460000,5.04
1747169520000,5.0518
1747169580000,5.0482
1747169640000,5.0773
1747169700000,5.0491
1747169760000,5.0655
1747169820000,5.041
1747169880000,5.0492
1747169940000,5.064
1747170000000,5.0483
1747170060000,5.0558
1747170120000,5.0365
1747170180000,5.06
1747170240000,5.0482
1747170300000,5.0464
1747170360000,5.0664
1747170420000,5.0455
1747170480000,5.0564
1747170540000,5.0536
1747170600000,5.0373
1747170660000,5.0455
1747170720000,5.0518
1747170780000,5.0584
1747170840000,5.0673
1747170900000,5.0564
1747170960000,5.03
1747171020000,5.0555
1747171080000,5.0464
1747171140000,5.0394
1747171200000,5.0582
1747171260000,5.0518
1747171320000,5.0527
1747171380000,5.0527
1747171440000,5.04
1747171500000,5.0645
1747171560000,5.0464
1747171620000,5.0509
1747171680000,5.0548
1747171740000,5.0721
1747171800000,5.0555
1747171860000,5.0618
1747171920000,5.0609
1747171980000,5.0536
1747172040000,5.0518
1747172100000,5.0645
1747172160000,5.0355
1747172220000,5.063
1747172280000,5.0391
1747172340000,5.0627
1747172400000,5.0383
1747172460000,5.0673
1747172520000,5.0392
1747172580000,5.0613
1747172640000,5.0504
1747172700000,5.0882
1747172760000,5.0493
1747172820000,5.0802
1747172880000,5.0384
1747172940000,5.0809
1747173000000,5.06
1747173060000,5.07
1747173120000,5.0564
1747173180000,5.0864
1747173240000,5.0484
1747173300000,5.0791
1747173360000,5.0373
1747173420000,5.0722
1747173480000,5.0584
1747173540000,5.0664
1747173600000,5.0427
1747173660000,5.0709
1747173720000,5.0511
1747173780000,5.0764
1747173840000,5.0602
1747173900000,5.0782
1747173960000,5.0382
1747174020000,5.07
1747174080000,5.0393
1747174140000,5.0838
1747174200000,5.0383
1747174260000,5.0706
1747174320000,5.0483
1747174380000,5.0686
1747174440000,5.0564
1747174500000,5.0601
1747174560000,5.0622
1747174620000,5.0612
1747174680000,5.0621
1747174740000,5.0693
1747174800000,5.0593
1747174860000,5.0555
1747174920000,5.0493
1747174980000,5.0761
1747175040000,5.039
1747175100000,5.0531
1747175160000,5.0499
1747175220000,5.0692
1747175280000,5.046
1747175340000,5.0575
1747175400000,5.0566
1747175460000,5.0727
1747175520000,5.0448
1747175580000,5.0727
1747175640000,5.065
1747175700000,5.08
1747175760000,5.0555
1747175820000,5.0693
1747175880000,5.0609
1747175940000,5.0683
1747176000000,5.0309
1747176060000,5.0673
1747176120000,5.0545
1747176180000,5.0676
1747176240000,5.0464
1747176300000,5.0545
1747176360000,5.0594
1747176420000,5.0595
1747176480000,5.0384
1747176540000,5.0712
1747176600000,5.0545
1747176660000,5.0627
1747176720000,5.0527
1747176780000,5.0649
1747176840000,5.0509
1747176900000,5.0691
1747176960000,5.0668
1747177020000,5.0676
1747177080000,5.0473
1747177140000,5.0682
1747177200000,5.061
1747177260000,5.0709
1747177320000,5.0512
1747177380000,5.0718
1747177440000,5.0473
1747177500000,5.0686
1747177560000,5.05
1747177620000,5.0636
1747177680000,5.0419
1747177740000,5.0667
1747177800000,5.0583
1747177860000,5.0664
1747177920000,5.0565
1747177980000,5.0538
1747178040000,5.0422
1747178100000,5.0574
1747178160000,5.0418
1747178220000,5.05
1747178280000,5.0456
1747178340000,5.0684
1747178400000,5.0445
1747178460000,5.0627
1747178520000,5.0312
1747178580000,5.0518
1747178640000,5.0557
1747178700000,5.0636
1747178760000,5.0518
1747178820000,5.0791
1747178880000,5.0546
1747178940000,5.0591
1747179000000,5.0743
1747179060000,5.0584
1747179120000,5.0591
1747179180000,5.06
1747179240000,5.0466
1747179300000,5.0537
1747179360000,5.0573
1747179420000,5.0841
1747179480000,5.0529
1747179540000,5.059
1747179600000,5.0551
1747179660000,5.0582
1747179720000,5.0621
1747179780000,5.0628
1747179840000,5.0573
1747179900000,5.0667
1747179960000,5.0509
1747180020000,5.0418
1747180080000,5.0667
1747180140000,5.0614
1747180200000,5.0507
1747180260000,5.0809
1747180320000,5.057
1747180380000,5.0691
1747180440000,5.0436
1747180500000,5.0664
1747180560000,5.0427
1747180620000,5.0655
1747180680000,5.0355
1747180740000,5.0509
1747180800000,5.0518
1747180860000,5.06
1747180920000,5.0509
1747180980000,5.0558
1747181040000,5.0475
1747181100000,5.0667
1747181160000,5.0393
1747181220000,5.0509
1747181280000,5.0591
1747181340000,5.0545
1747181400000,5.0367
1747181460000,5.04
1747181520000,5.0618
1747181580000,5.0618
1747181640000,5.0527
1747181700000,5.0655
1747181760000,5.0418
1747181820000,5.04
1747181880000,5.0422
1747181940000,5.0657
1747182000000,5.0591
1747182060000,5.0691
1747182120000,5.0418
1747182180000,5.0391
1747182240000,5.0509
1747182300000,5.0536
1747182360000,5.0455
1747182420000,5.0645
1747182480000,5.0591
1747182540000,5.07
1747182600000,5.0618
1747182660000,5.07
1747182720000,5.0764
1747182780000,5.0685
1747182840000,5.0609
1747182900000,5.0518
1747182960000,5.0518
1747183020000,5.0418
1747183080000,5.0418
1747183140000,5.0073
1747183200000,4.9973
1747183260000,5.0309
1747183320000,5.0455
1747183380000,5.0156
1747183440000,5.0391
1747183500000,5.0255
1747183560000,5.0013
1747183620000,5.0164
1747183680000,5.0282
1747183740000,5.0118
1747183800000,5.0418
1747183860000,5.0018
1747183920000,5.0318
1747183980000,5.0018
1747184040000,5.0212
1747184100000,5.0218
1747184160000,5.0245
1747184220000,5.0202
1747184280000,4.9927
1747184340000,5.0118
1747184400000,5.0291
1747184460000,5.0173
1747184520000,5.0402
1747184580000,5.0291
1747184640000,5.0427
1747184700000,5.0245
1747184760000,5.0255
1747184820000,5.02
1747184880000,5.0155
1747184940000,5.0238
1747185000000,5.0175
1747185060000,5.0083
1747185120000,5.0155
1747185180000,5.0222
1747185240000,5.0355
1747185300000,5.025
1747185360000,5.0303
1747185420000,5.0224
1747185480000,5.0327
1747185540000,5.0336
1747185600000,5.02
1747185660000,5.0156
1747185720000,5.0118
1747185780000,5.02
1747185840000,5.0213
1747185900000,5.0164
1747185960000,5.0148
1747186020000,5.0158
1747186080000,5.0401
1747186140000,5.0274
1747186200000,5.0114
1747186260000,5.0227
1747186320000,5.0111
1747186380000,5.0265
1747186440000,5.0136
1747186500000,5.0055
1747186560000,5.0265
1747186620000,5.0236
1747186680000,5.0291
1747186740000,5.0203
1747186800000,5.0427
1747186860000,5.0191
1747186920000,5.0229
1747186980000,5.0189
1747187040000,5.0258
1747187100000,5.0018
1747187160000,5.0264
1747187220000,5.0227
1747187280000,5.0482
1747187340000,5.0118
1747187400000,5.0364
1747187460000,5.0173
1747187520000,5.01
1747187580000,5.0109
1747187640000,5.0136
1747187700000,5.0045
1747187760000,5.0091
1747187820000,5.0111
1747187880000,5.0065
1747187940000,5.01
1747188000000,4.9707
1747188060000,4.984
1747188120000,5.0331
1747188180000,5.0045
1747188240000,5.0016
1747188300000,5.0031
1747188360000,5.0066
1747188420000,5.0001
1747188480000,5.0409
1747188540000,5.0227
1747188600000,5.0466
1747188660000,5.0019
1747188720000,5.0451
1747188780000,5.0024
1747188840000,5.0437
1747188900000,5.0036
1747188960000,5.0611
1747189020000,5.0067
1747189080000,5.0453
1747189140000,5.0227
1747189200000,5.0227
1747189260000,4.9903
1747189320000,5.0391
1747189380000,5.0046
1747189440000,5.0474
1747189500000,5.0118
1747189560000,5.0395
1747189620000,5.0083
1747189680000,5.0236
1747189740000,5.0036
1747189800000,5.0364
1747189860000,4.99
1747189920000,5.04
1747189980000,5.0045
1747190040000,5.0449
1747190100000,4.9958
1747190160000,5.0449
1747190220000,5.0039
1747190280000,5.0283
1747190340000,5.0113
1747190400000,5.0434
1747190460000,5.0027
1747190520000,5.03
1747190580000,4.996
1747190640000,5.0407
1747190700000,4.9894
1747190760000,5.0228
1747190820000,5.003
1747190880000,5.0273
1747190940000,4.9994
1747191000000,5.0291
1747191060000,4.9991
1747191120000,5.0145
1747191180000,5.0055
1747191240000,5.0312
1747191300000,4.9858
1747191360000,5.0182
1747191420000,5.0036
1747191480000,5.031
1747191540000,4.9974
1747191600000,5.0385
1747191660000,5.003
1747191720000,5.0427
1747191780000,5.0036
1747191840000,5.055
1747191900000,5.0018
1747191960000,5.0192
1747192020000,5.0064
1747192080000,5.0421
1747192140000,4.9829
1747192200000,5.0336
1747192260000,4.9939
1747192320000,5.0427
1747192380000,4.9956
1747192440000,5.013
1747192500000,4.9964
1747192560000,5.0182
1747192620000,4.9982
1747192680000,5.032
1747192740000,5.0001
1747192800000,5.0136
1747192860000,5.0164
1747192920000,5.0365
1747192980000,5.032
1747193040000,5.0529
1747193100000,5.0402
1747193160000,5.0664
1747193220000,5.03
1747193280000,5.07
1747193340000,5.0318
1747193400000,5.0427
1747193460000,5.0527
1747193520000,5.0564
1747193580000,5.0275
1747193640000,5.0564
1747193700000,5.044
1747193760000,5.0695
1747193820000,5.0366
1747193880000,5.0652
1747193940000,5.0438
1747194000000,5.0624
1747194060000,5.0357
1747194120000,5.0727
1747194180000,5.0341
1747194240000,5.0781
1747194300000,5.0374
1747194360000,5.0791
1747194420000,5.0382
1747194480000,5.0619
1747194540000,5.0082
1747194600000,5.052
1747194660000,5.04
1747194720000,5.0845
1747194780000,5.0505
1747194840000,5.0483
1747194900000,5.0447
1747194960000,5.0596
1747195020000,5.0366
1747195080000,5.0695
1747195140000,5.0236
1747195200000,5.0576
1747195260000,5.0264
1747195320000,5.0759
1747195380000,5.0311
1747195440000,5.0736
1747195500000,5.0411
1747195560000,5.0727
1747195620000,5.0557
1747195680000,5.0649
1747195740000,5.0309
1747195800000,5.0804
1747195860000,5.0527
1747195920000,5.0673
1747195980000,5.0382
1747196040000,5.0641
1747196100000,5.0345
1747196160000,5.0627
1747196220000,5.0291
1747196280000,5.0573
1747196340000,5.0457
1747196400000,5.0622
1747196460000,5.0427
1747196520000,5.0619
1747196580000,5.03
1747196640000,5.0517
1747196700000,5.0309
1747196760000,5.0573
1747196820000,5.0436
1747196880000,5.0582
1747196940000,5.0431
1747197000000,5.0627
1747197060000,5.0264
1747197120000,5.0558
1747197180000,5.0401
1747197240000,5.0527
1747197300000,5.0352
1747197360000,5.0703
1747197420000,5.0291
1747197480000,5.0642
1747197540000,5.0236
1747197600000,5.0384
1747197660000,5.0466
1747197720000,5.0521
1747197780000,5.0627
1747197840000,5.0418
1747197900000,5.0627
1747197960000,5.0493
1747198020000,5.0583
1747198080000,5.0573
1747198140000,5.0645
1747198200000,5.0273
1747198260000,5.0692
1747198320000,5.0673
1747198380000,5.0684
1747198440000,5.0627
1747198500000,5.0601
1747198560000,5.0577
1747198620000,5.0664
1747198680000,5.0518
1747198740000,5.0748
1747198800000,5.0691
1747198860000,5.0509
1747198920000,5.0538
1747198980000,5.0645
1747199040000,5.0647
1747199100000,5.0604
1747199160000,5.0565
1747199220000,5.0664
1747199280000,5.0686
1747199340000,5.063
1747199400000,5.0721
1747199460000,5.0539
1747199520000,5.0656
1747199580000,5.0825
1747199640000,5.0683
1747199700000,5.0684
1747199760000,5.0619
1747199820000,5.0636
1747199880000,5.0491
1747199940000,5.0718
1747200000000,5.06
1747200060000,5.05
1747200120000,5.0791
1747200180000,5.0473
1747200240000,5.0691
1747200300000,5.0664
1747200360000,5.0755
1747200420000,5.0655
1747200480000,5.0782
1747200540000,5.0545
1747200600000,5.0722
1747200660000,5.0594
1747200720000,5.0685
1747200780000,5.0645
1747200840000,5.0664
1747200900000,5.063
1747200960000,5.0745
1747201020000,5.063
1747201080000,5.083
1747201140000,5.0573
1747201200000,5.0645
1747201260000,5.05
1747201320000,5.0518
1747201380000,5.0467
1747201440000,5.0758
1747201500000,5.0527
1747201560000,5.0591
1747201620000,5.0591
1747201680000,5.0511
1747201740000,5.05
1747201800000,5.0613
1747201860000,5.0691
1747201920000,5.0509
1747201980000,5.0582
1747202040000,5.0527
1747202100000,5.0318
1747202160000,5.0718
1747202220000,5.0629
1747202280000,5.0518
1747202340000,5.0355
1747202400000,5.0485
1747202460000,5.0393
1747202520000,5.0713
1747202580000,5.0342
1747202640000,5.0393
1747202700000,5.0166
1747202760000,5.0647
1747202820000,5.0595
1747202880000,5.0787
1747202940000,5.0382
1747203000000,5.0655
1747203060000,5.0482
1747203120000,5.0724
1747203180000,5.0519
1747203240000,5.0494
1747203300000,5.0518
1747203360000,5.0739
1747203420000,5.0713
1747203480000,5.0667
1747203540000,5.0473
1747203600000,5.0745
1747203660000,5.0558
1747203720000,5.0788
1747203780000,5.0778
1747203840000,5.0815
1747203900000,4.9608
1747203960000,5.0467
1747204020000,4.7001
1747204080000,5.0445
1747204140000,4.5714
1747204200000,4.7289
1747204260000,5.0669
1747204320000,5.0567
1747204380000,5.0591
1747204440000,5.051
1747204500000,5.0556
1747204560000,5.0539
1747204620000,5.061
1747204680000,5.0491
1747204740000,5.0573
1747204800000,5.0557
1747204860000,5.0657
1747204920000,5.0392
1747204980000,5.0682
1747205040000,5.063
1747205100000,5.0615
1747205160000,5.051
1747205220000,5.0695
1747205280000,5.0429
1747205340000,5.0673
1747205400000,5.0518
1747205460000,5.0745
1747205520000,5.0464
1747205580000,5.0627
1747205640000,5.0345
1747205700000,5.0664
1747205760000,5.0401
1747205820000,5.0593
1747205880000,5.0291
1747205940000,5.0591
1747206000000,5.0445
1747206060000,5.0509
1747206120000,5.0564
1747206180000,5.0564
1747206240000,5.0619
1747206300000,5.0573
1747206360000,5.0418
1747206420000,5.06
1747206480000,5.0355
1747206540000,5.0609
1747206600000,5.0573
1747206660000,5.0491
1747206720000,5.0348
1747206780000,5.0555
1747206840000,5.0545
1747206900000,5.0527
1747206960000,5.0548
1747207020000,5.0405
1747207080000,5.0682
1747207140000,5.0564
1747207200000,5.0445
1747207260000,5.0445
1747207320000,5.0621
1747207380000,5.06
1747207440000,5.0585
1747207500000,5.0491
1747207560000,5.04
1747207620000,5.0511
1747207680000,4.9839
1747207740000,5.0255
1747207800000,5.0273
1747207860000,4.9773
1747207920000,5.0601
1747207980000,5.0548
1747208040000,5.0564
1747208100000,5.0564
1747208160000,5.0156
1747208220000,5.0448
1747208280000,5.0755
1747208340000,5.0657
1747208400000,5.0701
1747208460000,5.0755
1747208520000,5.0682
1747208580000,5.0582
1747208640000,5.0745
1747208700000,5.0627
1747208760000,5.0627
1747208820000,5.0527
1747208880000,5.0764
1747208940000,5.0609
1747209000000,5.0827
1747209060000,5.0436
1747209120000,5.0709
1747209180000,5.0609
1747209240000,5.0666
1747209300000,5.0555
1747209360000,5.0809
1747209420000,5.0555
1747209480000,5.0482
1747209540000,5.0466
1747209600000,5.0655
1747209660000,5.0639
1747209720000,5.0747
1747209780000,5.0533
1747209840000,5.0764
1747209900000,5.0391
1747209960000,5.0736
1747210020000,5.0527
1747210080000,5.0655
1747210140000,5.0536
1747210200000,5.0609
1747210260000,5.0491
1747210320000,5.0718
1747210380000,5.0439
1747210440000,5.0464
1747210500000,5.0384
1747210560000,5.0455
1747210620000,5.0493
1747210680000,5.0491
1747210740000,5.0502
1747210800000,5.0491
1747210860000,5.0402
1747210920000,5.0536
1747210980000,5.0391
1747211040000,5.0529
1747211100000,5.0487
1747211160000,5.0509
1747211220000,5.0421
1747211280000,5.0342
1747211340000,5.0327
1747211400000,5.0439
1747211460000,5.0449
1747211520000,5.0373
1747211580000,5.0237
1747211640000,5.0592
1747211700000,5.0636
1747211760000,5.0709
1747211820000,5.0491
1747211880000,5.05
1747211940000,5.0527
1747212000000,5.0419
1747212060000,5.0283
1747212120000,5.04
1747212180000,5.0038
1747212240000,5.0464
1747212300000,5.0427
1747212360000,5.05
1747212420000,5.0376
1747212480000,5.06
1747212540000,5.0582
1747212600000,5.0657
1747212660000,5.0636
1747212720000,5.051
1747212780000,5.0645
1747212840000,5.0468
1747212900000,5.0393
1747212960000,5.0376
1747213020000,5.035
1747213080000,5.0441
1747213140000,5.0418
1747213200000,5.0691
1747213260000,5.0705
1747213320000,5.0669
1747213380000,5.0539
1747213440000,5.0724
1747213500000,5.0538
1747213560000,5.0915
1747213620000,5.0502
1747213680000,5.061
1747213740000,5.0327
1747213800000,5.0501
1747213860000,5.0509
1747213920000,5.0626
1747213980000,5.0517
1747214040000,5.0418
1747214100000,5.0527
1747214160000,5.0562
1747214220000,5.0466
1747214280000,5.065
1747214340000,5.0575
1747214400000,5.0356
1747214460000,5.0704
1747214520000,5.0502
1747214580000,5.0648
1747214640000,5.0522
1747214700000,5.052
1747214760000,5.0782
1747214820000,5.07
1747214880000,5.0374
1747214940000,5.0609
1747215000000,5.0709
1747215060000,5.0664
1747215120000,5.0682
1747215180000,5.0536
1747215240000,5.0573
1747215300000,5.0645
1747215360000,5.0636
1747215420000,5.073
1747215480000,5.0629
1747215540000,5.0383
1747215600000,5.0691
1747215660000,5.0655
1747215720000,5.0249
1747215780000,5.0445
1747215840000,5.05
1747215900000,5.0202
1747215960000,5.0445
1747216020000,5.0668
1747216080000,5.0638
1747216140000,5.0409
1747216200000,5.0374
1747216260000,5.0563
1747216320000,5.0573
1747216380000,5.0493
1747216440000,5.0403
1747216500000,5.0536
1747216560000,5.0202
1747216620000,5.0529
1747216680000,5.0755
1747216740000,5.0636
1747216800000,5.0555
1747216860000,5.0591
1747216920000,5.0664
1747216980000,5.0518
1747217040000,5.0639
1747217100000,5.0601
1747217160000,5.0555
1747217220000,5.0536
1747217280000,5.0402
1747217340000,5.0555
1747217400000,5.0739
1747217460000,5.0782
1747217520000,5.0766
1747217580000,5.0348
1747217640000,5.0655
1747217700000,5.0568
1747217760000,5.0784
1747217820000,5.0636
1747217880000,5.0736
1747217940000,5.0655
1747218000000,5.0691
1747218060000,5.0809
1747218120000,5.0475
1747218180000,5.048
1747218240000,5.0682
1747218300000,5.0483
1747218360000,5.0596
1747218420000,5.0636
1747218480000,5.0574
1747218540000,5.0714
1747218600000,5.0682
1747218660000,5.0628
1747218720000,5.0664
1747218780000,5.0706
1747218840000,5.041
1747218900000,5.07
1747218960000,5.0627
1747219020000,5.06
1747219080000,5.0593
1747219140000,5.053
1747219200000,5.0529
1747219260000,5.0518
1747219320000,5.0409
1747219380000,5.0293
1747219440000,5.0449
1747219500000,5.044
1747219560000,5.031
1747219620000,5.0322
1747219680000,5.0618
1747219740000,5.0593
1747219800000,5.0236
1747219860000,5.0594
1747219920000,4.9727
1747219980000,5.0538
1747220040000,5.0762
1747220100000,5.0502
1747220160000,5.0787
1747220220000,5.07
1747220280000,5.0286
1747220340000,5.043
1747220400000,5.058
1747220460000,5.0833
1747220520000,5.0529
1747220580000,5.0448
1747220640000,5.0464
1747220700000,5.06
1747220760000,5.0259
1747220820000,5.0486
1747220880000,5.0384
1747220940000,5.0582
1747221000000,5.0552
1747221060000,5.0867
1747221120000,5.0745
1747221180000,5.0555
1747221240000,5.0634
1747221300000,5.0713
1747221360000,5.0745
1747221420000,5.0736
1747221480000,5.0745
1747221540000,5.0551
1747221600000,5.0691
1747221660000,5.07
1747221720000,5.0603
1747221780000,5.0782
1747221840000,5.0658
1747221900000,5.0745
1747221960000,5.0645
1747222020000,5.0809
1747222080000,5.0714
1747222140000,5.0482
1747222200000,5.054
1747222260000,5.0782
1747222320000,5.0582
1747222380000,5.0773
1747222440000,5.0727
1747222500000,5.0673
1747222560000,5.06
1747222620000,5.0691
1747222680000,5.0473
1747222740000,5.0682
1747222800000,5.08
1747222860000,5.0736
1747222920000,5.0645
1747222980000,5.0676
1747223040000,5.0655
1747223100000,5.0536
1747223160000,5.0542
1747223220000,5.0737
1747223280000,5.0636
1747223340000,5.0155
1747223400000,5.0545
1747223460000,5.0391
1747223520000,5.0502
1747223580000,5.0518
1747223640000,5.0474
1747223700000,5.0482
1747223760000,5.0509
1747223820000,5.0555
1747223880000,5.0302
1747223940000,5.0682
1747224000000,5.0473
1747224060000,5.07
1747224120000,5.0609
1747224180000,5.05
1747224240000,5.0582
1747224300000,5.06
1747224360000,5.0345
1747224420000,5.0437
1747224480000,5.0385
1747224540000,5.0422
1747224600000,5.0466
1747224660000,5.0529
1747224720000,5.053
1747224780000,5.0573
1747224840000,5.0274
1747224900000,5.0691
1747224960000,5.0377
1747225020000,5.0645
1747225080000,5.0573
1747225140000,5.0509
1747225200000,5.0477
1747225260000,5.0783
1747225320000,5.05
1747225380000,5.0657
1747225440000,5.0618
1747225500000,5.05
1747225560000,5.0473
1747225620000,5.0555
1747225680000,5.0745
1747225740000,5.0721
1747225800000,5.0608
1747225860000,5.0609
1747225920000,5.0545
1747225980000,5.0684
1747226040000,5.066
1747226100000,5.0584
1747226160000,5.0773
1747226220000,5.0509
1747226280000,5.0509
1747226340000,5.0773
1747226400000,5.0764
1747226460000,5.0636
1747226520000,5.0845
1747226580000,5.04
1747226640000,5.0436
1747226700000,5.0373
1747226760000,5.0655
1747226820000,5.0436
1747226880000,5.0509
1747226940000,5.0536
1747227000000,5.0668
1747227060000,5.0518
1747227120000,5.0583
1747227180000,5.03
1747227240000,5.0478
1747227300000,5.0445
1747227360000,5.0609
1747227420000,5.0358
1747227480000,5.0945
1747227540000,5.0473
1747227600000,5.0812
1747227660000,5.0591
1747227720000,5.0564
1747227780000,5.0427
1747227840000,5.0609
1747227900000,5.0366
1747227960000,5.0645
1747228020000,5.0518
1747228080000,5.0618
1747228140000,5.0427
1747228200000,5.0736
1747228260000,5.0664
1747228320000,5.0773
1747228380000,5.0655
1747228440000,5.0773
1747228500000,5.0682
1747228560000,5.0745
1747228620000,5.0527
1747228680000,5.0736
1747228740000,5.0527
1747228800000,5.0818
1747228860000,5.0273
1747228920000,5.0555
1747228980000,5.0455
1747229040000,5.0664
1747229100000,5.0545
1747229160000,5.0582
1747229220000,5.0611
1747229280000,5.0693
1747229340000,5.0573
1747229400000,5.0682
1747229460000,5.0555
1747229520000,5.0683
1747229580000,5.0527
1747229640000,5.0746
1747229700000,5.0486
1747229760000,5.0331
1747229820000,5.0264
1747229880000,5.05
1747229940000,5.0327
1747230000000,5.0664
1747230060000,5.0109
1747230120000,5.0686
1747230180000,5.0329
1747230240000,5.0831
1747230300000,5.0474
1747230360000,5.0482
1747230420000,5.0456
1747230480000,5.0627
1747230540000,5.0636
1747230600000,5.0429
1747230660000,5.0464
1747230720000,5.0445
1747230780000,5.0778
1747230840000,5.0527
1747230900000,5.0547
1747230960000,5.0436
1747231020000,5.0527
1747231080000,5.0587
1747231140000,5.0636
1747231200000,5.0738
1747231260000,5.0718
1747231320000,5.0638
1747231380000,5.0707
1747231440000,5.05
1747231500000,5.0591
1747231560000,5.0442
1747231620000,5.0673
1747231680000,5.0527
1747231740000,5.0577
1747231800000,5.0455
1747231860000,5.0739
1747231920000,5.0645
1747231980000,5.0603
1747232040000,5.0611
1747232100000,5.0709
1747232160000,5.0591
1747232220000,5.0656
1747232280000,5.0473
1747232340000,5.0618
1747232400000,5.0584
1747232460000,5.0646
1747232520000,5.0421
1747232580000,5.0602
1747232640000,5.0755
1747232700000,5.0718
1747232760000,5.0493
1747232820000,5.066
1747232880000,5.0775
1747232940000,5.0721
1747233000000,5.0611
1747233060000,5.0718
1747233120000,5.0636
1747233180000,5.07
1747233240000,5.0473
1747233300000,5.0656
1747233360000,5.0803
1747233420000,5.0684
1747233480000,5.0657
1747233540000,5.0773
1747233600000,5.0545
1747233660000,5.0709
1747233720000,5.0536
1747233780000,5.08
1747233840000,5.0691
1747233900000,5.0755
1747233960000,5.0547
1747234020000,5.08
1747234080000,5.0527
1747234140000,5.0855
1747234200000,5.071
1747234260000,5.0728
1747234320000,5.0365
1747234380000,5.0692
1747234440000,5.0483
1747234500000,5.0738
1747234560000,5.0676
1747234620000,5.0682
1747234680000,5.0673
1747234740000,5.0612
1747234800000,5.0609
1747234860000,5.0645
1747234920000,5.0666
1747234980000,5.0579
1747235040000,5.05
1747235100000,5.0502
1747235160000,5.062
1747235220000,5.0493
1747235280000,4.9768
1747235340000,5.0537
1747235400000,5.0418
1747235460000,5.0555
1747235520000,5.064
1747235580000,5.0611
1747235640000,5.0509
1747235700000,5.0373
1747235760000,5.0509
1747235820000,5.0573
1747235880000,5.0491
1747235940000,5.0509
1747236000000,5.0436
1747236060000,5.0464
1747236120000,5.0409
1747236180000,5.032
1747236240000,5.0436
1747236300000,5.05
1747236360000,5.0382
1747236420000,5.0536
1747236480000,5.0391
1747236540000,5.054
1747236600000,5.0409
1747236660000,5.0482
1747236720000,5.0309
1747236780000,5.05
1747236840000,5.0382
1747236900000,5.0436
1747236960000,5.0654
1747237020000,5.0621
1747237080000,5.0473
1747237140000,5.0411
1747237200000,5.05
1747237260000,5.0512
1747237320000,5.0585
1747237380000,5.0559
1747237440000,5.0527
1747237500000,5.065
1747237560000,5.0447
1747237620000,5.0356
1747237680000,5.0594
1747237740000,5.0427
1747237800000,5.0419
1747237860000,5.0355
1747237920000,5.0518
1747237980000,5.0348
1747238040000,5.0503
1747238100000,5.0493
1747238160000,5.0518
1747238220000,5.0327
1747238280000,5.0482
1747238340000,5.0355
1747238400000,5.0556
1747238460000,5.0493
1747238520000,5.0482
1747238580000,5.0418
1747238640000,5.0373
1747238700000,5.0455
1747238760000,5.0303
1747238820000,5.0576
1747238880000,5.0528
1747238940000,5.0427
1747239000000,5.04
1747239060000,5.0558
1747239120000,5.0436
1747239180000,5.0482
1747239240000,5.0382
1747239300000,5.0355
1747239360000,5.0355
1747239420000,5.0382
1747239480000,5.0473
1747239540000,5.0411
1747239600000,5.042
1747239660000,5.0467
1747239720000,4.6126
1747239780000,5.0484
1747239840000,5.0248
1747239900000,5.0811
1747239960000,4.9573
1747240020000,5.0434
1747240080000,5.0584
1747240140000,5.0482
1747240200000,5.0755
1747240260000,5.0491
1747240320000,5.0836
1747240380000,5.0427
1747240440000,5.0749
1747240500000,5.0173
1747240560000,5.0464
1747240620000,5.0409
1747240680000,5.0355
1747240740000,5.0173
1747240800000,5.0618
1747240860000,5.0218
1747240920000,5.0573
1747240980000,5.0327
1747241040000,5.0518
1747241100000,5.0329
1747241160000,5.0573
1747241220000,5.0355
1747241280000,5.0459
1747241340000,5.0356
1747241400000,5.0445
1747241460000,5.0345
1747241520000,5.06
1747241580000,5.0373
1747241640000,5.0536
1747241700000,5.0318
1747241760000,5.05
1747241820000,5.0484
1747241880000,5.0529
1747241940000,5.0455
1747242000000,5.0509
1747242060000,5.04
1747242120000,5.0573
1747242180000,5.03
1747242240000,5.0564
1747242300000,5.0391
1747242360000,5.0445
1747242420000,5.0245
1747242480000,5.0427
1747242540000,5.0445
1747242600000,5.0564
1747242660000,5.0355
1747242720000,5.0673
1747242780000,5.0491
1747242840000,5.0691
1747242900000,5.0391
1747242960000,5.0602
1747243020000,5.0464
1747243080000,5.0603
1747243140000,5.0345
1747243200000,5.0709
1747243260000,5.0156
1747243320000,5.06
1747243380000,5.0591
1747243440000,5.0473
1747243500000,5.0345
1747243560000,5.0573
1747243620000,5.0527
1747243680000,5.0745
1747243740000,5.0455
1747243800000,5.0673
1747243860000,5.0428
1747243920000,5.0655
1747243980000,5.0427
1747244040000,5.0656
1747244100000,5.0473
1747244160000,5.0655
1747244220000,5.04
1747244280000,5.0709
1747244340000,5.0311
1747244400000,5.0823
1747244460000,5.033
1747244520000,5.0591
1747244580000,5.0487
1747244640000,5.0667
1747244700000,5.0322
1747244760000,5.0659
1747244820000,5.0486
1747244880000,5.0611
1747244940000,5.0494
1747245000000,5.0549
1747245060000,5.0393
1747245120000,5.0593
1747245180000,5.0522
1747245240000,5.0547
1747245300000,5.046
1747245360000,5.0734
1747245420000,5.0721
1747245480000,5.064
1747245540000,5.0445
1747245600000,5.0486
1747245660000,5.0486
1747245720000,5.0791
1747245780000,5.0503
1747245840000,5.0628
1747245900000,5.0604
1747245960000,5.0736
1747246020000,5.0427
1747246080000,5.0527
1747246140000,5.0573
1747246200000,5.0627
1747246260000,5.0545
1747246320000,5.0702
1747246380000,5.0536
1747246440000,5.0764
1747246500000,5.0576
1747246560000,5.0518
1747246620000,5.0582
1747246680000,5.0645
1747246740000,5.0455
1747246800000,5.0693
1747246860000,5.0436
1747246920000,5.0591
1747246980000,5.0427
1747247040000,5.044
1747247100000,5.0421
1747247160000,5.0491
1747247220000,5.0292
1747247280000,5.0584
1747247340000,5.0366
1747247400000,5.0582
1747247460000,5.0647
1747247520000,5.0636
1747247580000,5.0627
1747247640000,5.0475
1747247700000,5.0493
1747247760000,5.0648
1747247820000,5.052
1747247880000,5.0478
1747247940000,5.0545
1747248000000,5.0574
1747248060000,5.0475
1747248120000,5.0446
1747248180000,5.0364
1747248240000,5.0418
1747248300000,5.052
1747248360000,5.05
1747248420000,5.0294
1747248480000,5.0491
1747248540000,5.0575
1747248600000,5.0585
1747248660000,5.0521
1747248720000,5.0555
1747248780000,5.0321
1747248840000,5.0356
1747248900000,5.0594
1747248960000,5.0573
1747249020000,5.0573
1747249080000,5.0436
1747249140000,5.0682
1747249200000,5.0527
1747249260000,5.0564
1747249320000,5.053
1747249380000,5.0536
1747249440000,5.0545
1747249500000,5.0636
1747249560000,5.0555
1747249620000,5.0638
1747249680000,5.0527
1747249740000,5.0473
1747249800000,5.0448
1747249860000,5.0677
1747249920000,5.0455
1747249980000,5.0591
1747250040000,5.0273
1747250100000,5.0594
1747250160000,5.0527
1747250220000,5.0651
1747250280000,5.0373
1747250340000,5.0615
1747250400000,5.0376
1747250460000,5.0504
1747250520000,5.0513
1747250580000,5.0453
1747250640000,5.0477
1747250700000,5.0408
1747250760000,5.0622
1747250820000,5.0511
1747250880000,5.04
1747250940000,5.0618
1747251000000,5.0365
1747251060000,5.051
1747251120000,5.0391
1747251180000,5.05
1747251240000,5.0504
1747251300000,5.0474
1747251360000,5.0484
1747251420000,5.052
1747251480000,5.0598
1747251540000,5.0493
1747251600000,5.0567
1747251660000,5.0648
1747251720000,5.0582
1747251780000,5.0522
1747251840000,5.0392
1747251900000,5.0482
1747251960000,5.0546
1747252020000,5.0455
1747252080000,5.0428
1747252140000,5.0527
1747252200000,5.0445
1747252260000,5.0648
1747252320000,5.0464
1747252380000,5.0548
1747252440000,5.0627
1747252500000,5.0511
1747252560000,5.0472
1747252620000,5.0568
1747252680000,5.0509
1747252740000,5.0607
1747252800000,5.0445
1747252860000,5.0509
1747252920000,5.0303
1747252980000,5.0655
1747253040000,5.0394
1747253100000,5.035
1747253160000,5.0348
1747253220000,5.0715
1747253280000,5.0414
1747253340000,5.0457
1747253400000,5.0364
1747253460000,5.0535
1747253520000,5.06
1747253580000,5.052
1747253640000,5.0409
1747253700000,5.0709
1747253760000,5.06
1747253820000,5.06
1747253880000,5.0473
1747253940000,5.0518
1747254000000,5.06
1747254060000,5.0455
1747254120000,5.0455
1747254180000,5.0484
1747254240000,5.0445
1747254300000,5.0345
1747254360000,5.0412
1747254420000,5.0573
1747254480000,5.0391
1747254540000,5.06
1747254600000,5.0555
1747254660000,5.0482
1747254720000,5.0527
1747254780000,5.0473
1747254840000,5.0536
1747254900000,5.0545
1747254960000,5.0545
1747255020000,5.0509
1747255080000,5.0427
1747255140000,5.0457
1747255200000,5.0645
1747255260000,5.0464
1747255320000,5.0545
1747255380000,5.0367
1747255440000,5.0609
1747255500000,5.0582
1747255560000,5.0664
1747255620000,5.0609
1747255680000,5.0691
1747255740000,5.0573
1747255800000,5.0573
1747255860000,5.0691
1747255920000,5.0683
1747255980000,5.0564
1747256040000,5.0436
1747256100000,5.0664
1747256160000,5.0527
1747256220000,5.0564
1747256280000,5.0586
1747256340000,5.0427
1747256400000,5.0558
1747256460000,5.0682
1747256520000,5.0573
1747256580000,5.0445
1747256640000,5.0464
1747256700000,5.0602
1747256760000,5.04
1747256820000,5.0603
1747256880000,5.0422
1747256940000,5.0418
1747257000000,5.0382
1747257060000,5.0545
1747257120000,5.0436
1747257180000,5.0466
1747257240000,5.04
1747257300000,5.041
1747257360000,5.0455
1747257420000,5.0464
1747257480000,5.0591
1747257540000,5.0518
1747257600000,5.0527
1747257660000,5.0464
1747257720000,5.0527
1747257780000,5.0645
1747257840000,5.0564
1747257900000,5.0591
1747257960000,5.0484
1747258020000,5.074
1747258080000,5.0473
1747258140000,5.0627
1747258200000,5.0415
1747258260000,5.0555
1747258320000,5.0564
1747258380000,5.0745
1747258440000,5.0292
1747258500000,5.0518
1747258560000,5.0518
1747258620000,5.0537
1747258680000,5.0455
1747258740000,5.0655
1747258800000,5.0457
1747258860000,5.05
1747258920000,5.0473
1747258980000,5.0736
1747259040000,5.0482
1747259100000,5.0518
1747259160000,5.0464
1747259220000,5.0582
1747259280000,5.0565
1747259340000,5.0649
1747259400000,5.0445
1747259460000,5.0529
1747259520000,5.0448
1747259580000,5.0609
1747259640000,5.0384
1747259700000,5.0596
1747259760000,5.04
1747259820000,5.0773
1747259880000,5.0638
1747259940000,5.0509
1747260000000,5.0382
1747260060000,5.0649
1747260120000,5.05
1747260180000,5.0536
1747260240000,5.0369
1747260300000,5.0645
1747260360000,5.0394
1747260420000,5.041
1747260480000,5.0559
1747260540000,5.0536
1747260600000,5.0527
1747260660000,5.0473
1747260720000,5.0464
1747260780000,5.05
1747260840000,5.0518
1747260900000,5.0509
1747260960000,5.0366
1747261020000,5.0564
1747261080000,5.0555
1747261140000,5.0455
1747261200000,5.0536
1747261260000,5.0545
1747261320000,5.0364
1747261380000,5.0491
1747261440000,5.0564
1747261500000,5.0455
1747261560000,5.0555
1747261620000,5.0591
1747261680000,5.0491
1747261740000,5.0436
1747261800000,5.0336
1747261860000,5.0504
1747261920000,5.0516
1747261980000,5.0582
1747262040000,5.0682
1747262100000,5.0455
1747262160000,5.0618
1747262220000,5.0651
1747262280000,5.0482
1747262340000,5.0509
1747262400000,5.035
1747262460000,5.0373
1747262520000,5.0494
1747262580000,5.0632
1747262640000,5.0312
1747262700000,5.0539
1747262760000,5.0293
1747262820000,5.0475
1747262880000,5.0268
1747262940000,5.0745
1747263000000,5.0457
1747263060000,5.0784
1747263120000,5.0382
1747263180000,5.0531
1747263240000,5.0318
1747263300000,5.0627
1747263360000,5.0284
1747263420000,5.0609
1747263480000,5.0346
1747263540000,5.0671
1747263600000,5.0273
1747263660000,5.0427
1747263720000,5.032
1747263780000,5.0636
1747263840000,5.0473
1747263900000,5.0657
1747263960000,5.0482
1747264020000,5.06
1747264080000,5.0273
1747264140000,5.0564
1747264200000,5.0345
1747264260000,5.0447
1747264320000,5.0355
1747264380000,5.0537
1747264440000,5.0475
1747264500000,5.0656
1747264560000,5.03
1747264620000,5.0519
1747264680000,5.0636
1747264740000,5.0609
1747264800000,5.0409
1747264860000,5.0592
1747264920000,5.0292
1747264980000,5.064
1747265040000,5.0364
1747265100000,5.0969
1747265160000,5.0382
1747265220000,5.0666
1747265280000,5.0377
1747265340000,5.0467
1747265400000,5.0339
1747265460000,5.0773
1747265520000,5.0475
1747265580000,5.0465
1747265640000,5.0445
1747265700000,5.0573
1747265760000,5.0355
1747265820000,5.0576
1747265880000,5.0476
1747265940000,5.0609
1747266000000,5.0582
1747266060000,5.0648
1747266120000,5.0318
1747266180000,5.0629
1747266240000,5.0347
1747266300000,5.0547
1747266360000,5.045
1747266420000,5.075
1747266480000,5.0522
1747266540000,5.0448
1747266600000,5.0692
1747266660000,5.0515
1747266720000,5.027
1747266780000,5.0379
1747266840000,5.0402
1747266900000,5.0501
1747266960000,5.0357
1747267020000,5.0446
1747267080000,5.0689
1747267140000,5.0527
1747267200000,5.0612
1747267260000,5.06
1747267320000,5.0601
1747267380000,5.0455
1747267440000,5.0574
1747267500000,5.0511
1747267560000,5.0491
1747267620000,5.0456
1747267680000,5.0515
1747267740000,5.0255
1747267800000,5.0348
1747267860000,5.0442
1747267920000,5.0462
1747267980000,5.0527
1747268040000,5.0447
1747268100000,5.0436
1747268160000,5.0364
1747268220000,5.071
1747268280000,5.0438
1747268340000,5.0574
1747268400000,5.0291
1747268460000,5.0566
1747268520000,5.0473
1747268580000,5.0614
1747268640000,5.0491
1747268700000,5.0745
1747268760000,5.0469
1747268820000,5.069
1747268880000,5.0337
1747268940000,5.0736
1747269000000,5.0509
1747269060000,5.0655
1747269120000,5.0673
1747269180000,5.06
1747269240000,5.0576
1747269300000,5.0302
1747269360000,5.0693
1747269420000,5.0255
1747269480000,5.0409
1747269540000,5.0591
1747269600000,5.0945
1747269660000,5.0845
1747269720000,5.1018
1747269780000,5.0945
1747269840000,5.0955
1747269900000,5.0945
1747269960000,5.0845
1747270020000,5.0964
1747270080000,5.0903
1747270140000,5.1139
1747270200000,5.1091
1747270260000,5.1127
1747270320000,5.1109
1747270380000,5.0973
1747270440000,5.09
1747270500000,5.0982
1747270560000,5.1018
1747270620000,5.0958
1747270680000,5.1064
1747270740000,5.1009
1747270800000,5.1011
1747270860000,5.1055
1747270920000,5.0882
1747270980000,5.1127
1747271040000,5.0909
1747271100000,5.1073
1747271160000,5.0856
1747271220000,5.0919
1747271280000,5.0939
1747271340000,5.0991
1747271400000,5.0766
1747271460000,5.0909
1747271520000,5.0736
1747271580000,5.1019
1747271640000,5.0841
1747271700000,5.0847
1747271760000,5.0765
1747271820000,5.0877
1747271880000,5.095
1747271940000,5.0945
1747272000000,5.0727
1747272060000,5.0927
1747272120000,5.0745
1747272180000,5.0827
1747272240000,5.0773
1747272300000,5.0896
1747272360000,5.0629
1747272420000,5.0704
1747272480000,5.0627
1747272540000,5.0782
1747272600000,5.0812
1747272660000,5.0893
1747272720000,5.0809
1747272780000,5.0613
1747272840000,5.0545
1747272900000,5.0791
1747272960000,5.0655
1747273020000,5.0784
1747273080000,5.0443
1747273140000,5.0774
1747273200000,5.0638
1747273260000,5.0791
1747273320000,5.0482
1747273380000,5.0883
1747273440000,5.0593
1747273500000,5.0618
1747273560000,5.0846
1747273620000,5.063
1747273680000,5.0555
1747273740000,5.0727
1747273800000,5.0445
1747273860000,5.0827
1747273920000,5.0973
1747273980000,5.0455
1747274040000,5.1
1747274100000,5.0345
1747274160000,5.0718
1747274220000,5.0664
1747274280000,5.0831
1747274340000,5.0691
1747274400000,5.0809
1747274460000,5.0755
1747274520000,5.0964
1747274580000,5.0573
1747274640000,5.0836
1747274700000,5.0655
1747274760000,5.0784
1747274820000,5.0536
1747274880000,5.0891
1747274940000,5.0666
1747275000000,5.0765
1747275060000,5.0564
1747275120000,5.07
1747275180000,5.0693
1747275240000,5.0655
1747275300000,5.0573
1747275360000,5.0727
1747275420000,5.0748
1747275480000,5.0818
1747275540000,5.08
1747275600000,5.0818
1747275660000,5.0627
1747275720000,5.0874
1747275780000,5.0627
1747275840000,5.1009
1747275900000,5.0529
1747275960000,5.0766
1747276020000,5.0666
1747276080000,5.0756
1747276140000,5.0402
1747276200000,5.0891
1747276260000,5.05
1747276320000,5.0745
1747276380000,5.0373
1747276440000,5.0818
1747276500000,5.0603
1747276560000,5.0656
1747276620000,5.0536
1747276680000,5.1036
1747276740000,5.0584
1747276800000,5.0999
1747276860000,5.0683
1747276920000,5.0805
1747276980000,5.0531
1747277040000,5.0891
1747277100000,5.0629
1747277160000,5.0965
1747277220000,5.0636
1747277280000,5.0864
1747277340000,5.0655
1747277400000,5.0982
1747277460000,5.0521
1747277520000,5.1045
1747277580000,5.0565
1747277640000,5.1027
1747277700000,5.0519
1747277760000,5.1071
1747277820000,5.0518
1747277880000,5.0927
1747277940000,5.0591
1747278000000,5.0718
1747278060000,5.0545
1747278120000,5.0873
1747278180000,5.0655
1747278240000,5.0593
1747278300000,5.0727
1747278360000,5.0782
1747278420000,5.0691
1747278480000,5.0991
1747278540000,5.0918
1747278600000,5.1
1747278660000,5.0776
1747278720000,5.1064
1747278780000,5.0591
1747278840000,5.0991
1747278900000,5.0918
1747278960000,5.0691
1747279020000,5.0545
1747279080000,5.0682
1747279140000,5.0782
1747279200000,5.0681
1747279260000,5.0691
1747279320000,5.0645
1747279380000,5.0818
1747279440000,5.0764
1747279500000,5.0655
1747279560000,5.0673
1747279620000,5.0855
1747279680000,5.0964
1747279740000,5.06
1747279800000,5.0927
1747279860000,5.063
1747279920000,5.0794
1747279980000,5.0445
1747280040000,5.083
1747280100000,5.0764
1747280160000,5.0885
1747280220000,5.0757
1747280280000,5.0711
1747280340000,5.0602
1747280400000,5.0691
1747280460000,5.0527
1747280520000,5.0619
1747280580000,5.0665
1747280640000,5.0991
1747280700000,5.0705
1747280760000,5.0914
1747280820000,5.065
1747280880000,5.0736
1747280940000,5.0566
1747281000000,5.099
1747281060000,5.0576
1747281120000,5.0785
1747281180000,5.0736
1747281240000,5.0765
1747281300000,5.09
1747281360000,5.0709
1747281420000,5.0557
1747281480000,5.0631
1747281540000,5.0718
1747281600000,5.0764
1747281660000,5.073
1747281720000,5.073
1747281780000,5.0673
1747281840000,5.0665
1747281900000,5.044
1747281960000,5.0709
1747282020000,5.0436
1747282080000,5.0436
1747282140000,5.0327
1747282200000,5.0711
1747282260000,5.0593
1747282320000,5.0773
1747282380000,5.0849
1747282440000,5.0727
1747282500000,5.0827
1747282560000,5.0373
1747282620000,5.1091
1747282680000,5.1009
1747282740000,5.1018
1747282800000,5.0927
1747282860000,5.12
1747282920000,5.1173
1747282980000,5.0587
1747283040000,5.1427
1747283100000,5.102
1747283160000,5.1527
1747283220000,5.1073
1747283280000,5.1641
1747283340000,5.0967
1747283400000,5.1375
1747283460000,5.0882
1747283520000,5.128
1747283580000,5.0767
1747283640000,5.1346
1747283700000,5.093
1747283760000,5.1364
1747283820000,5.0977
1747283880000,5.1218
1747283940000,5.1
1747284000000,5.1364
1747284060000,5.0864
1747284120000,5.1245
1747284180000,5.0973
1747284240000,5.1424
1747284300000,5.0773
1747284360000,5.1329
1747284420000,5.0839
1747284480000,5.1291
1747284540000,5.1018
1747284600000,5.1073
1747284660000,5.0846
1747284720000,5.0973
1747284780000,5.0982
1747284840000,5.1127
1747284900000,5.0791
1747284960000,5.1264
1747285020000,5.1004
1747285080000,5.1218
1747285140000,5.0791
1747285200000,5.1167
1747285260000,5.0764
1747285320000,5.1182
1747285380000,5.0818
1747285440000,5.1027
1747285500000,5.0745
1747285560000,5.1064
1747285620000,5.0855
1747285680000,5.1062
1747285740000,5.0801
1747285800000,5.1013
1747285860000,5.0855
1747285920000,5.0869
1747285980000,5.0573
1747286040000,5.0882
1747286100000,5.1182
1747286160000,5.1182
1747286220000,5.09
1747286280000,5.1091
1747286340000,5.1055
1747286400000,5.1109
1747286460000,5.0836
1747286520000,5.1273
1747286580000,5.1023
1747286640000,5.1191
1747286700000,5.0564
1747286760000,5.1145
1747286820000,5.0774
1747286880000,5.0609
1747286940000,5.0709
1747287000000,5.0609
1747287060000,5.0582
1747287120000,5.0529
1747287180000,5.0473
1747287240000,5.0673
1747287300000,5.07
1747287360000,5.0602
1747287420000,5.0573
1747287480000,5.0683
1747287540000,5.0673
1747287600000,5.0833
1747287660000,5.0309
1747287720000,5.0818
1747287780000,5.0491
1747287840000,5.0582
1747287900000,5.0609
1747287960000,5.0969
1747288020000,5.0709
1747288080000,5.0791
1747288140000,5.0775
1747288200000,5.08
1747288260000,5.0738
1747288320000,5.0891
1747288380000,5.0682
1747288440000,5.0836
1747288500000,5.0664
1747288560000,5.0745
1747288620000,5.0655
1747288680000,5.0727
1747288740000,5.0582
1747288800000,5.0718
1747288860000,5.0573
1747288920000,5.0691
1747288980000,5.0491
1747289040000,5.0691
1747289100000,5.0673
1747289160000,5.0927
1747289220000,5.0855
1747289280000,5.0909
1747289340000,5.0745
1747289400000,5.0836
1747289460000,5.0785
1747289520000,5.082
1747289580000,5.0766
1747289640000,5.0756
1747289700000,5.0558
1747289760000,5.0895
1747289820000,5.065
1747289880000,5.0904
1747289940000,5.0701
1747290000000,5.0891
1747290060000,5.0523
1747290120000,5.0829
1747290180000,5.0592
1747290240000,5.092
1747290300000,5.0592
1747290360000,5.0737
1747290420000,5.0465
1747290480000,5.0685
1747290540000,5.0655
1747290600000,5.0855
1747290660000,5.0621
1747290720000,5.082
1747290780000,5.0391
1747290840000,5.0555
1747290900000,5.0518
1747290960000,5.0436
1747291020000,5.0482
1747291080000,5.0509
1747291140000,5.0645
1747291200000,5.0691
1747291260000,5.0736
1747291320000,5.08
1747291380000,5.0727
1747291440000,5.0536
1747291500000,5.0591
1747291560000,5.0836
1747291620000,5.0682
1747291680000,5.0891
1747291740000,5.08
1747291800000,5.0591
1747291860000,5.0864
1747291920000,5.0882
1747291980000,5.0664
1747292040000,5.0682
1747292100000,5.0691
1747292160000,5.0791
1747292220000,5.0491
1747292280000,5.0609
1747292340000,5.0558
1747292400000,5.0687
1747292460000,5.05
1747292520000,5.062
1747292580000,5.0664
1747292640000,5.0582
1747292700000,5.0591
1747292760000,5.0611
1747292820000,5.0718
1747292880000,5.0693
1747292940000,5.0694
1747293000000,5.0706
1747293060000,5.0639
1747293120000,5.0477
1747293180000,5.0282
1747293240000,5.0871
1747293300000,5.0805
1747293360000,5.0889
1747293420000,5.0367
1747293480000,5.0412
1747293540000,5.0949
1747293600000,5.0773
1747293660000,5.0991
1747293720000,5.0088
1747293780000,5.1083
1747293840000,5.117
1747293900000,5.1109
1747293960000,5.1118
1747294020000,5.1111
1747294080000,5.1118
1747294140000,5.1091
1747294200000,5.1045
1747294260000,5.1036
1747294320000,5.0991
1747294380000,5.1209
1747294440000,5.1127
1747294500000,5.0991
1747294560000,5.1155
1747294620000,5.1128
1747294680000,5.0991
1747294740000,5.1127
1747294800000,5.082
1747294860000,5.0382
1747294920000,5.1028
1747294980000,5.0745
1747295040000,5.1127
1747295100000,5.0782
1747295160000,5.1
1747295220000,5.0855
1747295280000,5.1127
1747295340000,5.0818
1747295400000,5.1045
1747295460000,5.0791
1747295520000,5.1255
1747295580000,5.0845
1747295640000,5.0982
1747295700000,5.0573
1747295760000,5.0964
1747295820000,5.0727
1747295880000,5.0573
1747295940000,5.0845
1747296000000,5.1264
1747296060000,5.0864
1747296120000,5.0973
1747296180000,5.0836
1747296240000,5.0983
1747296300000,5.1145
1747296360000,5.1067
1747296420000,5.0855
1747296480000,5.1031
1747296540000,5.0955
1747296600000,5.1182
1747296660000,5.0978
1747296720000,5.1001
1747296780000,5.0892
1747296840000,5.1227
1747296900000,5.0982
1747296960000,5.1027
1747297020000,5.0847
1747297080000,5.1255
1747297140000,5.1145
1747297200000,5.1209
1747297260000,5.1164
1747297320000,5.0909
1747297380000,5.0709
1747297440000,5.0745
1747297500000,5.0564
1747297560000,5.0787
1747297620000,5.04
1747297680000,5.0827
1747297740000,5.0403
1747297800000,5.0827
1747297860000,5.0491
1747297920000,5.0973
1747297980000,5.0691
1747298040000,5.0936
1747298100000,5.0427
1747298160000,5.0673
1747298220000,5.044
1747298280000,5.0864
1747298340000,5.0109
1747298400000,5.0793
1747298460000,5.0638
1747298520000,5.0922
1747298580000,5.0447
1747298640000,5.0773
1747298700000,5.0438
1747298760000,5.0845
1747298820000,5.0465
1747298880000,5.071
1747298940000,5.0527
1747299000000,5.0936
1747299060000,5.0584
1747299120000,5.0821
1747299180000,5.042
1747299240000,5.0782
1747299300000,5.0436
1747299360000,5.0945
1747299420000,5.0664
1747299480000,5.0864
1747299540000,5.0655
1747299600000,5.0849
1747299660000,5.0336
1747299720000,5.0709
1747299780000,5.0527
1747299840000,5.0655
1747299900000,5.0536
1747299960000,5.0858
1747300020000,5.0721
1747300080000,5.0773
1747300140000,5.0466
1747300200000,5.0911
1747300260000,5.0645
1747300320000,5.0611
1747300380000,5.0422
1747300440000,5.0611
1747300500000,5.0876
1747300560000,5.0694
1747300620000,5.0909
1747300680000,5.0864
1747300740000,5.0736
1747300800000,5.0747
1747300860000,5.0764
1747300920000,5.0691
1747300980000,5.0876
1747301040000,5.0382
1747301100000,5.0691
1747301160000,5.0601
1747301220000,5.0436
1747301280000,5.0582
1747301340000,5.0658
1747301400000,5.08
1747301460000,5.0536
1747301520000,5.0782
1747301580000,5.0436
1747301640000,5.0509
1747301700000,5.0773
1747301760000,5.0718
1747301820000,4.8196
1747301880000,5.0582
1747301940000,5.1055
1747302000000,5.0702
1747302060000,5.0236
1747302120000,5.0764
1747302180000,4.9573
1747302240000,4.96
1747302300000,5.0574
1747302360000,5.0504
1747302420000,5.0849
