timestamp,pod_cpu_load_average_1m_util_limit_v2
1747042380000,0.3907
1747042440000,0.4061
1747042500000,0.3975
1747042560000,0.3749
1747042620000,0.3838
1747042680000,0.3789
1747042740000,0.3732
1747042800000,0.3677
1747042860000,0.3599
1747042920000,0.3744
1747042980000,0.3861
1747043040000,0.3821
1747043100000,0.3986
1747043160000,0.3975
1747043220000,0.3742
1747043280000,0.3608
1747043340000,0.3671
1747043400000,0.3997
1747043460000,0.3882
1747043520000,0.397
1747043580000,0.4075
1747043640000,0.3893
1747043700000,0.4002
1747043760000,0.3851
1747043820000,0.3866
1747043880000,0.4064
1747043940000,0.4144
1747044000000,0.4175
1747044060000,0.4125
1747044120000,0.4108
1747044180000,0.3967
1747044240000,0.4029
1747044300000,0.4223
1747044360000,0.4065
1747044420000,0.4199
1747044480000,0.4159
1747044540000,0.4199
1747044600000,0.413
1747044660000,0.3898
1747044720000,0.3943
1747044780000,0.3996
1747044840000,0.3926
1747044900000,0.3907
1747044960000,0.3733
1747045020000,0.3655
1747045080000,0.3777
1747045140000,0.4051
1747045200000,0.3866
1747045260000,0.3975
1747045320000,0.3829
1747045380000,0.3903
1747045440000,0.3965
1747045500000,0.4047
1747045560000,0.4043
1747045620000,0.4102
1747045680000,0.3947
1747045740000,0.398
1747045800000,0.3945
1747045860000,0.3952
1747045920000,0.4081
1747045980000,0.4007
1747046040000,0.4012
1747046100000,0.399
1747046160000,0.3773
1747046220000,0.3906
1747046280000,0.3977
1747046340000,0.387
1747046400000,0.3846
1747046460000,0.3865
1747046520000,0.372
1747046580000,0.3824
1747046640000,0.4016
1747046700000,0.415
1747046760000,0.3997
1747046820000,0.4184
1747046880000,0.4083
1747046940000,0.4024
1747047000000,0.4084
1747047060000,0.3948
1747047120000,0.4033
1747047180000,0.4038
1747047240000,0.4083
1747047300000,0.407
1747047360000,0.4145
1747047420000,0.3952
1747047480000,0.4023
1747047540000,0.3986
1747047600000,0.399
1747047660000,0.4011
1747047720000,0.384
1747047780000,0.4019
1747047840000,0.4004
1747047900000,0.3792
1747047960000,0.3825
1747048020000,0.382
1747048080000,0.3704
1747048140000,0.3913
1747048200000,0.3803
1747048260000,0.3991
1747048320000,0.3933
1747048380000,0.4074
1747048440000,0.4071
1747048500000,0.3967
1747048560000,0.3933
1747048620000,0.3774
1747048680000,0.3681
1747048740000,0.3723
1747048800000,0.3933
1747048860000,0.3932
1747048920000,0.3802
1747048980000,0.3745
1747049040000,0.3797
1747049100000,0.3767
1747049160000,0.379
1747049220000,0.3819
1747049280000,0.3704
1747049340000,0.3621
1747049400000,0.3739
1747049460000,0.3666
1747049520000,0.3743
1747049580000,0.3476
1747049640000,0.3493
1747049700000,0.3519
1747049760000,0.3594
1747049820000,0.3634
1747049880000,0.3619
1747049940000,0.3573
1747050000000,0.3489
1747050060000,0.3539
1747050120000,0.3415
1747050180000,0.3655
1747050240000,0.3797
1747050300000,0.3954
1747050360000,0.3868
1747050420000,0.3733
1747050480000,0.387
1747050540000,0.3837
1747050600000,0.3712
1747050660000,0.3655
1747050720000,0.3776
1747050780000,0.3637
1747050840000,0.3612
1747050900000,0.3715
1747050960000,0.3488
1747051020000,0.3662
1747051080000,0.3697
1747051140000,0.3533
1747051200000,0.3647
1747051260000,0.3741
1747051320000,0.354
1747051380000,0.3776
1747051440000,0.3681
1747051500000,0.3555
1747051560000,0.3709
1747051620000,0.393
1747051680000,0.3873
1747051740000,0.3685
1747051800000,0.3799
1747051860000,0.3744
1747051920000,0.3662
1747051980000,0.3747
1747052040000,0.3812
1747052100000,0.372
1747052160000,0.3983
1747052220000,0.3978
1747052280000,0.408
1747052340000,0.4065
1747052400000,0.3942
1747052460000,0.3955
1747052520000,0.3991
1747052580000,0.3967
1747052640000,0.3891
1747052700000,0.3615
1747052760000,0.3916
1747052820000,0.3787
1747052880000,0.3835
1747052940000,0.3839
1747053000000,0.3917
1747053060000,0.376
1747053120000,0.3746
1747053180000,0.3673
1747053240000,0.3542
1747053300000,0.3622
1747053360000,0.3526
1747053420000,0.369
1747053480000,0.3664
1747053540000,0.3643
1747053600000,0.3574
1747053660000,0.3633
1747053720000,0.3646
1747053780000,0.3636
1747053840000,0.3675
1747053900000,0.353
1747053960000,0.3569
1747054020000,0.3659
1747054080000,0.3369
1747054140000,0.3491
1747054200000,0.3455
1747054260000,0.3402
1747054320000,0.3351
1747054380000,0.3468
1747054440000,0.3385
1747054500000,0.3395
1747054560000,0.3551
1747054620000,0.3659
1747054680000,0.3588
1747054740000,0.3467
1747054800000,0.3424
1747054860000,0.3593
1747054920000,0.3661
1747054980000,0.3713
1747055040000,0.3639
1747055100000,0.3387
1747055160000,0.3427
1747055220000,0.321
1747055280000,0.3271
1747055340000,0.3342
1747055400000,0.3389
1747055460000,0.3483
1747055520000,0.3618
1747055580000,0.3771
1747055640000,0.3533
1747055700000,0.3346
1747055760000,0.3423
1747055820000,0.3343
1747055880000,0.3514
1747055940000,0.333
1747056000000,0.324
1747056060000,0.3253
1747056120000,0.3162
1747056180000,0.3134
1747056240000,0.3071
1747056300000,0.3282
1747056360000,0.3325
1747056420000,0.3371
1747056480000,0.336
1747056540000,0.3288
1747056600000,0.3159
1747056660000,0.2979
1747056720000,0.3072
1747056780000,0.2958
1747056840000,0.3052
1747056900000,0.2985
1747056960000,0.3167
1747057020000,0.3127
1747057080000,0.3184
1747057140000,0.3225
1747057200000,0.3068
1747057260000,0.293
1747057320000,0.3129
1747057380000,0.3067
1747057440000,0.315
1747057500000,0.3105
1747057560000,0.2937
1747057620000,0.2918
1747057680000,0.2794
1747057740000,0.2564
1747057800000,0.2606
1747057860000,0.2765
1747057920000,0.2753
1747057980000,0.2626
1747058040000,0.2603
1747058100000,0.2664
1747058160000,0.2813
1747058220000,0.2677
1747058280000,0.2599
1747058340000,0.2515
1747058400000,0.2526
1747058460000,0.2458
1747058520000,0.2565
1747058580000,0.2664
1747058640000,0.252
1747058700000,0.2553
1747058760000,0.2516
1747058820000,0.254
1747058880000,0.2364
1747058940000,0.235
1747059000000,0.2295
1747059060000,0.2297
1747059120000,0.2308
1747059180000,0.2331
1747059240000,0.2308
1747059300000,0.2281
1747059360000,0.2405
1747059420000,0.2227
1747059480000,0.223
1747059540000,0.2266
1747059600000,0.2404
1747059660000,0.2379
1747059720000,0.2359
1747059780000,0.2352
1747059840000,0.2311
1747059900000,0.2393
1747059960000,0.23
1747060020000,0.2233
1747060080000,0.2197
1747060140000,0.2222
1747060200000,0.2213
1747060260000,0.2235
1747060320000,0.22
1747060380000,0.22
1747060440000,0.2178
1747060500000,0.2118
1747060560000,0.2049
1747060620000,0.2081
1747060680000,0.2122
1747060740000,0.2136
1747060800000,0.2029
1747060860000,0.1882
1747060920000,0.2017
1747060980000,0.192
1747061040000,0.2059
1747061100000,0.1951
1747061160000,0.2047
1747061220000,0.2075
1747061280000,0.2056
1747061340000,0.2005
1747061400000,0.204
1747061460000,0.1947
1747061520000,0.1976
1747061580000,0.1995
1747061640000,0.2198
1747061700000,0.2153
1747061760000,0.2183
1747061820000,0.2166
1747061880000,0.2037
1747061940000,0.1981
1747062000000,0.1876
1747062060000,0.1976
1747062120000,0.1986
1747062180000,0.2118
1747062240000,0.205
1747062300000,0.2027
1747062360000,0.2052
1747062420000,0.1969
1747062480000,0.2005
1747062540000,0.2091
1747062600000,0.2096
1747062660000,0.2074
1747062720000,0.205
1747062780000,0.2082
1747062840000,0.2046
1747062900000,0.205
1747062960000,0.201
1747063020000,0.1879
1747063080000,0.1807
1747063140000,0.1904
1747063200000,0.1924
1747063260000,0.1935
1747063320000,0.1888
1747063380000,0.1991
1747063440000,0.1975
1747063500000,0.2088
1747063560000,0.2111
1747063620000,0.2145
1747063680000,0.2103
1747063740000,0.2175
1747063800000,0.2034
1747063860000,0.2046
1747063920000,0.1929
1747063980000,0.2089
1747064040000,0.214
1747064100000,0.2015
1747064160000,0.1947
1747064220000,0.1841
1747064280000,0.1895
1747064340000,0.1917
1747064400000,0.187
1747064460000,0.1849
1747064520000,0.1801
1747064580000,0.1945
1747064640000,0.1907
1747064700000,0.193
1747064760000,0.2021
1747064820000,0.1937
1747064880000,0.1802
1747064940000,0.176
1747065000000,0.1802
1747065060000,0.1749
1747065120000,0.1884
1747065180000,0.1787
1747065240000,0.1825
1747065300000,0.1964
1747065360000,0.1879
1747065420000,0.1813
1747065480000,0.1855
1747065540000,0.1885
1747065600000,0.1937
1747065660000,0.1972
1747065720000,0.1995
1747065780000,0.193
1747065840000,0.1926
1747065900000,0.1993
1747065960000,0.1947
1747066020000,0.1898
1747066080000,0.189
1747066140000,0.1997
1747066200000,0.1972
1747066260000,0.1782
1747066320000,0.1923
1747066380000,0.1865
1747066440000,0.193
1747066500000,0.1975
1747066560000,0.1956
1747066620000,0.1929
1747066680000,0.1765
1747066740000,0.1829
1747066800000,0.184
1747066860000,0.1885
1747066920000,0.2182
1747066980000,0.2099
1747067040000,0.2078
1747067100000,0.2216
1747067160000,0.2118
1747067220000,0.2194
1747067280000,0.2081
1747067340000,0.1974
1747067400000,0.1963
1747067460000,0.2047
1747067520000,0.2045
1747067580000,0.1955
1747067640000,0.1963
1747067700000,0.1923
1747067760000,0.2035
1747067820000,0.1817
1747067880000,0.1906
1747067940000,0.1933
1747068000000,0.1887
1747068060000,0.1964
1747068120000,0.1888
1747068180000,0.1848
1747068240000,0.1856
1747068300000,0.1826
1747068360000,0.1831
1747068420000,0.1791
1747068480000,0.1863
1747068540000,0.1873
1747068600000,0.1975
1747068660000,0.1979
1747068720000,0.2035
1747068780000,0.2113
1747068840000,0.2025
1747068900000,0.2006
1747068960000,0.2034
1747069020000,0.1999
1747069080000,0.2026
1747069140000,0.1961
1747069200000,0.1789
1747069260000,0.1796
1747069320000,0.1913
1747069380000,0.1912
1747069440000,0.191
1747069500000,0.1889
1747069560000,0.1974
1747069620000,0.1995
1747069680000,0.196
1747069740000,0.2079
1747069800000,0.1923
1747069860000,0.1992
1747069920000,0.1834
1747069980000,0.1791
1747070040000,0.1759
1747070100000,0.1952
1747070160000,0.2036
1747070220000,0.2092
1747070280000,0.2092
1747070340000,0.2065
1747070400000,0.1904
1747070460000,0.2022
1747070520000,0.1828
1747070580000,0.1932
1747070640000,0.1915
1747070700000,0.1905
1747070760000,0.1886
1747070820000,0.1959
1747070880000,0.2005
1747070940000,0.1918
1747071000000,0.1888
1747071060000,0.1955
1747071120000,0.2023
1747071180000,0.1791
1747071240000,0.1954
1747071300000,0.1829
1747071360000,0.1853
1747071420000,0.1839
1747071480000,0.1954
1747071540000,0.1895
1747071600000,0.1901
1747071660000,0.1876
1747071720000,0.1803
1747071780000,0.1935
1747071840000,0.1914
1747071900000,0.1953
1747071960000,0.1934
1747072020000,0.1841
1747072080000,0.1792
1747072140000,0.1841
1747072200000,0.193
1747072260000,0.187
1747072320000,0.1972
1747072380000,0.1738
1747072440000,0.1762
1747072500000,0.1813
1747072560000,0.1898
1747072620000,0.1855
1747072680000,0.1694
1747072740000,0.1723
1747072800000,0.172
1747072860000,0.1694
1747072920000,0.1752
1747072980000,0.176
1747073040000,0.1834
1747073100000,0.1795
1747073160000,0.1754
1747073220000,0.1849
1747073280000,0.178
1747073340000,0.1726
1747073400000,0.16
1747073460000,0.1667
1747073520000,0.184
1747073580000,0.1806
1747073640000,0.1812
1747073700000,0.1961
1747073760000,0.1861
1747073820000,0.185
1747073880000,0.1924
1747073940000,0.1838
1747074000000,0.188
1747074060000,0.185
1747074120000,0.1793
1747074180000,0.1727
1747074240000,0.1702
1747074300000,0.1874
1747074360000,0.1778
1747074420000,0.1887
1747074480000,0.1967
1747074540000,0.1919
1747074600000,0.1782
1747074660000,0.1918
1747074720000,0.1762
1747074780000,0.1853
1747074840000,0.1708
1747074900000,0.1702
1747074960000,0.168
1747075020000,0.1708
1747075080000,0.1827
1747075140000,0.1846
1747075200000,0.18
1747075260000,0.1737
1747075320000,0.173
1747075380000,0.1649
1747075440000,0.1784
1747075500000,0.1793
1747075560000,0.1839
1747075620000,0.1889
1747075680000,0.1843
1747075740000,0.1807
1747075800000,0.1896
1747075860000,0.1778
1747075920000,0.1702
1747075980000,0.1688
1747076040000,0.17
1747076100000,0.1588
1747076160000,0.171
1747076220000,0.183
1747076280000,0.176
1747076340000,0.187
1747076400000,0.1804
1747076460000,0.179
1747076520000,0.1814
1747076580000,0.1859
1747076640000,0.1849
1747076700000,0.1854
1747076760000,0.1899
1747076820000,0.1848
1747076880000,0.1796
1747076940000,0.1835
1747077000000,0.1848
1747077060000,0.1838
1747077120000,0.1798
1747077180000,0.1774
1747077240000,0.1695
1747077300000,0.1694
1747077360000,0.17
1747077420000,0.1633
1747077480000,0.1876
1747077540000,0.1868
1747077600000,0.1897
1747077660000,0.1878
1747077720000,0.1905
1747077780000,0.1955
1747077840000,0.1845
1747077900000,0.1752
1747077960000,0.1924
1747078020000,0.1762
1747078080000,0.1751
1747078140000,0.179
1747078200000,0.1856
1747078260000,0.1738
1747078320000,0.1787
1747078380000,0.1766
1747078440000,0.1754
1747078500000,0.1835
1747078560000,0.1896
1747078620000,0.1963
1747078680000,0.1879
1747078740000,0.1885
1747078800000,0.1941
1747078860000,0.1876
1747078920000,0.1846
1747078980000,0.1835
1747079040000,0.184
1747079100000,0.1827
1747079160000,0.1844
1747079220000,0.1863
1747079280000,0.1743
1747079340000,0.1839
1747079400000,0.1853
1747079460000,0.1845
1747079520000,0.1767
1747079580000,0.1958
1747079640000,0.1793
1747079700000,0.188
1747079760000,0.1835
1747079820000,0.1743
1747079880000,0.1727
1747079940000,0.1703
1747080000000,0.1674
1747080060000,0.1867
1747080120000,0.1909
1747080180000,0.188
1747080240000,0.1855
1747080300000,0.1836
1747080360000,0.1858
1747080420000,0.1822
1747080480000,0.1831
1747080540000,0.1891
1747080600000,0.1906
1747080660000,0.1885
1747080720000,0.2012
1747080780000,0.1866
1747080840000,0.1838
1747080900000,0.1895
1747080960000,0.173
1747081020000,0.1795
1747081080000,0.1791
1747081140000,0.1712
1747081200000,0.1775
1747081260000,0.1798
1747081320000,0.1951
1747081380000,0.1788
1747081440000,0.185
1747081500000,0.1876
1747081560000,0.1776
1747081620000,0.1805
1747081680000,0.1767
1747081740000,0.1824
1747081800000,0.1839
1747081860000,0.1834
1747081920000,0.1813
1747081980000,0.1793
1747082040000,0.1776
1747082100000,0.1708
1747082160000,0.1818
1747082220000,0.195
1747082280000,0.184
1747082340000,0.19
1747082400000,0.1829
1747082460000,0.1843
1747082520000,0.182
1747082580000,0.1772
1747082640000,0.1677
1747082700000,0.1644
1747082760000,0.1705
1747082820000,0.1716
1747082880000,0.1759
1747082940000,0.1666
1747083000000,0.166
1747083060000,0.1901
1747083120000,0.182
1747083180000,0.1766
1747083240000,0.1622
1747083300000,0.1762
1747083360000,0.1773
1747083420000,0.1771
1747083480000,0.1743
1747083540000,0.17
1747083600000,0.1735
1747083660000,0.1759
1747083720000,0.1789
1747083780000,0.1754
1747083840000,0.1763
1747083900000,0.1777
1747083960000,0.1829
1747084020000,0.1745
1747084080000,0.1722
1747084140000,0.1629
1747084200000,0.1668
1747084260000,0.1805
1747084320000,0.1884
1747084380000,0.1986
1747084440000,0.1937
1747084500000,0.192
1747084560000,0.1885
1747084620000,0.2097
1747084680000,0.1958
1747084740000,0.1855
1747084800000,0.1797
1747084860000,0.1819
1747084920000,0.1928
1747084980000,0.1886
1747085040000,0.178
1747085100000,0.1681
1747085160000,0.1645
1747085220000,0.1629
1747085280000,0.1605
1747085340000,0.157
1747085400000,0.168
1747085460000,0.1835
1747085520000,0.1762
1747085580000,0.1669
1747085640000,0.1642
1747085700000,0.1606
1747085760000,0.1634
1747085820000,0.1736
1747085880000,0.1799
1747085940000,0.1906
1747086000000,0.1852
1747086060000,0.1823
1747086120000,0.1799
1747086180000,0.1725
1747086240000,0.1873
1747086300000,0.1771
1747086360000,0.1709
1747086420000,0.168
1747086480000,0.1778
1747086540000,0.1785
1747086600000,0.1848
1747086660000,0.171
1747086720000,0.181
1747086780000,0.1808
1747086840000,0.178
1747086900000,0.18
1747086960000,0.1837
1747087020000,0.181
1747087080000,0.1834
1747087140000,0.1885
1747087200000,0.1793
1747087260000,0.1926
1747087320000,0.1758
1747087380000,0.1773
1747087440000,0.1856
1747087500000,0.1835
1747087560000,0.1811
1747087620000,0.1685
1747087680000,0.169
1747087740000,0.1782
1747087800000,0.1831
1747087860000,0.1797
1747087920000,0.1783
1747087980000,0.168
1747088040000,0.1661
1747088100000,0.1678
1747088160000,0.1756
1747088220000,0.167
1747088280000,0.1695
1747088340000,0.1748
1747088400000,0.1659
1747088460000,0.1693
1747088520000,0.1697
1747088580000,0.171
1747088640000,0.1886
1747088700000,0.1795
1747088760000,0.1885
1747088820000,0.187
1747088880000,0.1969
1747088940000,0.1796
1747089000000,0.1848
1747089060000,0.1886
1747089120000,0.1872
1747089180000,0.1838
1747089240000,0.1946
1747089300000,0.1829
1747089360000,0.1787
1747089420000,0.1818
1747089480000,0.1765
1747089540000,0.1855
1747089600000,0.1902
1747089660000,0.1989
1747089720000,0.1963
1747089780000,0.1821
1747089840000,0.1938
1747089900000,0.198
1747089960000,0.1916
1747090020000,0.1954
1747090080000,0.1875
1747090140000,0.2063
1747090200000,0.2021
1747090260000,0.2167
1747090320000,0.208
1747090380000,0.2082
1747090440000,0.2095
1747090500000,0.2138
1747090560000,0.2145
1747090620000,0.2158
1747090680000,0.2152
1747090740000,0.2125
1747090800000,0.2014
1747090860000,0.2181
1747090920000,0.2183
1747090980000,0.2065
1747091040000,0.21
1747091100000,0.2115
1747091160000,0.2115
1747091220000,0.2168
1747091280000,0.2072
1747091340000,0.218
1747091400000,0.2355
1747091460000,0.2304
1747091520000,0.235
1747091580000,0.2404
1747091640000,0.2403
1747091700000,0.2315
1747091760000,0.242
1747091820000,0.2289
1747091880000,0.2145
1747091940000,0.2161
1747092000000,0.2202
1747092060000,0.2351
1747092120000,0.2177
1747092180000,0.2319
1747092240000,0.2272
1747092300000,0.2418
1747092360000,0.2415
1747092420000,0.2464
1747092480000,0.2348
1747092540000,0.2512
1747092600000,0.2619
1747092660000,0.2543
1747092720000,0.2376
1747092780000,0.2427
1747092840000,0.2408
1747092900000,0.2397
1747092960000,0.2379
1747093020000,0.2509
1747093080000,0.2501
1747093140000,0.2657
1747093200000,0.2564
1747093260000,0.2447
1747093320000,0.2356
1747093380000,0.237
1747093440000,0.2325
1747093500000,0.2472
1747093560000,0.2381
1747093620000,0.2433
1747093680000,0.2475
1747093740000,0.2526
1747093800000,0.2558
1747093860000,0.2573
1747093920000,0.2621
1747093980000,0.2782
1747094040000,0.2692
1747094100000,0.2548
1747094160000,0.2592
1747094220000,0.2779
1747094280000,0.2732
1747094340000,0.2871
1747094400000,0.3023
1747094460000,0.3127
1747094520000,0.3256
1747094580000,0.3135
1747094640000,0.3185
1747094700000,0.2989
1747094760000,0.2886
1747094820000,0.295
1747094880000,0.3095
1747094940000,0.3096
1747095000000,0.3241
1747095060000,0.3109
1747095120000,0.3271
1747095180000,0.3492
1747095240000,0.3359
1747095300000,0.3372
1747095360000,0.3291
1747095420000,0.3335
1747095480000,0.3291
1747095540000,0.3294
1747095600000,0.338
1747095660000,0.3446
1747095720000,0.3372
1747095780000,0.3455
1747095840000,0.3382
1747095900000,0.3553
1747095960000,0.3314
1747096020000,0.3556
1747096080000,0.3607
1747096140000,0.3592
1747096200000,0.3673
1747096260000,0.359
1747096320000,0.3596
1747096380000,0.3382
1747096440000,0.3389
1747096500000,0.3244
1747096560000,0.3405
1747096620000,0.335
1747096680000,0.3498
1747096740000,0.3358
1747096800000,0.3429
1747096860000,0.3576
1747096920000,0.3561
1747096980000,0.3652
1747097040000,0.3591
1747097100000,0.3771
1747097160000,0.3689
1747097220000,0.3744
1747097280000,0.3698
1747097340000,0.3758
1747097400000,0.373
1747097460000,0.3741
1747097520000,0.3612
1747097580000,0.3811
1747097640000,0.3876
1747097700000,0.3912
1747097760000,0.369
1747097820000,0.3701
1747097880000,0.3956
1747097940000,0.4035
1747098000000,0.4158
1747098060000,0.4231
1747098120000,0.4038
1747098180000,0.4126
1747098240000,0.4001
1747098300000,0.3975
1747098360000,0.3757
1747098420000,0.3945
1747098480000,0.387
1747098540000,0.3945
1747098600000,0.3896
1747098660000,0.3881
1747098720000,0.3833
1747098780000,0.3695
1747098840000,0.3932
1747098900000,0.383
1747098960000,0.382
1747099020000,0.3625
1747099080000,0.3795
1747099140000,0.3742
1747099200000,0.3916
1747099260000,0.3776
1747099320000,0.3875
1747099380000,0.3881
1747099440000,0.384
1747099500000,0.3723
1747099560000,0.41
1747099620000,0.429
1747099680000,0.3965
1747099740000,0.402
1747099800000,0.4176
1747099860000,0.3954
1747099920000,0.3916
1747099980000,0.4008
1747100040000,0.3711
1747100100000,0.3584
1747100160000,0.3537
1747100220000,0.3694
1747100280000,0.3768
1747100340000,0.3835
1747100400000,0.3814
1747100460000,0.3866
1747100520000,0.3694
1747100580000,0.3878
1747100640000,0.3863
1747100700000,0.3828
1747100760000,0.3901
1747100820000,0.39
1747100880000,0.3885
1747100940000,0.3901
1747101000000,0.3874
1747101060000,0.3921
1747101120000,0.3913
1747101180000,0.3909
1747101240000,0.3825
1747101300000,0.389
1747101360000,0.3869
1747101420000,0.396
1747101480000,0.3881
1747101540000,0.4046
1747101600000,0.3937
1747101660000,0.3981
1747101720000,0.405
1747101780000,0.3948
1747101840000,0.3795
1747101900000,0.3705
1747101960000,0.4128
1747102020000,0.4023
1747102080000,0.4142
1747102140000,0.4053
1747102200000,0.382
1747102260000,0.3615
1747102320000,0.3617
1747102380000,0.3792
1747102440000,0.3719
1747102500000,0.3865
1747102560000,0.3879
1747102620000,0.383
1747102680000,0.3894
1747102740000,0.3905
1747102800000,0.4148
1747102860000,0.3936
1747102920000,0.4137
1747102980000,0.3998
1747103040000,0.408
1747103100000,0.4186
1747103160000,0.4301
1747103220000,0.4311
1747103280000,0.4203
1747103340000,0.3946
1747103400000,0.411
1747103460000,0.4026
1747103520000,0.388
1747103580000,0.4049
1747103640000,0.3927
1747103700000,0.3702
1747103760000,0.3732
1747103820000,0.393
1747103880000,0.3824
1747103940000,0.3825
1747104000000,0.41
1747104060000,0.4028
1747104120000,0.3918
1747104180000,0.4078
1747104240000,0.3834
1747104300000,0.3765
1747104360000,0.3959
1747104420000,0.3721
1747104480000,0.3802
1747104540000,0.3685
1747104600000,0.3862
1747104660000,0.4006
1747104720000,0.411
1747104780000,0.4004
1747104840000,0.4081
1747104900000,0.3778
1747104960000,0.3625
1747105020000,0.367
1747105080000,0.3733
1747105140000,0.3929
1747105200000,0.3783
1747105260000,0.3904
1747105320000,0.3984
1747105380000,0.3888
1747105440000,0.3965
1747105500000,0.3877
1747105560000,0.3957
1747105620000,0.3906
1747105680000,0.3778
1747105740000,0.3885
1747105800000,0.356
1747105860000,0.3411
1747105920000,0.3408
1747105980000,0.3558
1747106040000,0.363
1747106100000,0.3373
1747106160000,0.3689
1747106220000,0.3655
1747106280000,0.3578
1747106340000,0.3761
1747106400000,0.418
1747106460000,0.4125
1747106520000,0.4193
1747106580000,0.404
1747106640000,0.3817
1747106700000,0.405
1747106760000,0.4157
1747106820000,0.3792
1747106880000,0.363
1747106940000,0.3645
1747107000000,0.3999
1747107060000,0.4102
1747107120000,0.4051
1747107180000,0.3808
1747107240000,0.3543
1747107300000,0.3571
1747107360000,0.348
1747107420000,0.3751
1747107480000,0.3658
1747107540000,0.3596
1747107600000,0.3684
1747107660000,0.3491
1747107720000,0.3674
1747107780000,0.355
1747107840000,0.38
1747107900000,0.3567
1747107960000,0.3676
1747108020000,0.3485
1747108080000,0.36
1747108140000,0.3521
1747108200000,0.3511
1747108260000,0.3719
1747108320000,0.375
1747108380000,0.3685
1747108440000,0.3651
1747108500000,0.3567
1747108560000,0.3514
1747108620000,0.3787
1747108680000,0.3573
1747108740000,0.3606
1747108800000,0.3677
1747108860000,0.3529
1747108920000,0.3494
1747108980000,0.3496
1747109040000,0.3761
1747109100000,0.3483
1747109160000,0.3389
1747109220000,0.3541
1747109280000,0.3557
1747109340000,0.3409
1747109400000,0.3572
1747109460000,0.3478
1747109520000,0.3443
1747109580000,0.3622
1747109640000,0.3446
1747109700000,0.3535
1747109760000,0.3545
1747109820000,0.3526
1747109880000,0.3619
1747109940000,0.3641
1747110000000,0.3684
1747110060000,0.3566
1747110120000,0.3664
1747110180000,0.3442
1747110240000,0.3521
1747110300000,0.3322
1747110360000,0.3371
1747110420000,0.34
1747110480000,0.3424
1747110540000,0.328
1747110600000,0.3338
1747110660000,0.35
1747110720000,0.3378
1747110780000,0.3443
1747110840000,0.3445
1747110900000,0.35
1747110960000,0.3318
1747111020000,0.3414
1747111080000,0.3233
1747111140000,0.3296
1747111200000,0.3403
1747111260000,0.3249
1747111320000,0.3351
1747111380000,0.3392
1747111440000,0.3414
1747111500000,0.342
1747111560000,0.3319
1747111620000,0.3169
1747111680000,0.3292
1747111740000,0.322
1747111800000,0.2978
1747111860000,0.3265
1747111920000,0.3571
1747111980000,0.3434
1747112040000,0.3435
1747112100000,0.3369
1747112160000,0.3303
1747112220000,0.3551
1747112280000,0.3564
1747112340000,0.3342
1747112400000,0.3185
1747112460000,0.31
1747112520000,0.2911
1747112580000,0.2894
1747112640000,0.3007
1747112700000,0.3027
1747112760000,0.3116
1747112820000,0.2936
1747112880000,0.2994
1747112940000,0.2977
1747113000000,0.322
1747113060000,0.3237
1747113120000,0.327
1747113180000,0.3279
1747113240000,0.3121
1747113300000,0.3013
1747113360000,0.3042
1747113420000,0.3125
1747113480000,0.343
1747113540000,0.3253
1747113600000,0.3324
1747113660000,0.3232
1747113720000,0.3193
1747113780000,0.3238
1747113840000,0.321
1747113900000,0.32
1747113960000,0.3055
1747114020000,0.3032
1747114080000,0.2979
1747114140000,0.3091
1747114200000,0.2996
1747114260000,0.3048
1747114320000,0.3191
1747114380000,0.3144
1747114440000,0.2965
1747114500000,0.3089
1747114560000,0.3002
1747114620000,0.3022
1747114680000,0.2926
1747114740000,0.3
1747114800000,0.2958
1747114860000,0.2855
1747114920000,0.3
1747114980000,0.3033
1747115040000,0.2911
1747115100000,0.2979
1747115160000,0.3131
1747115220000,0.3001
1747115280000,0.2915
1747115340000,0.301
1747115400000,0.2942
1747115460000,0.3142
1747115520000,0.3189
1747115580000,0.3098
1747115640000,0.3122
1747115700000,0.3267
1747115760000,0.314
1747115820000,0.3214
1747115880000,0.3241
1747115940000,0.3555
1747116000000,0.3425
1747116060000,0.3239
1747116120000,0.3144
1747116180000,0.3279
1747116240000,0.3097
1747116300000,0.3354
1747116360000,0.32
1747116420000,0.3349
1747116480000,0.3285
1747116540000,0.3295
1747116600000,0.3178
1747116660000,0.3027
1747116720000,0.3083
1747116780000,0.3
1747116840000,0.2878
1747116900000,0.308
1747116960000,0.3228
1747117020000,0.3271
1747117080000,0.3086
1747117140000,0.3082
1747117200000,0.3176
1747117260000,0.3159
1747117320000,0.3108
1747117380000,0.3167
1747117440000,0.3137
1747117500000,0.3171
1747117560000,0.33
1747117620000,0.3338
1747117680000,0.3244
1747117740000,0.3312
1747117800000,0.341
1747117860000,0.3433
1747117920000,0.3134
1747117980000,0.3086
1747118040000,0.3005
1747118100000,0.2989
1747118160000,0.3186
1747118220000,0.3141
1747118280000,0.315
1747118340000,0.3261
1747118400000,0.339
1747118460000,0.3218
1747118520000,0.3293
1747118580000,0.3245
1747118640000,0.3466
1747118700000,0.3354
1747118760000,0.3336
1747118820000,0.3171
1747118880000,0.3363
1747118940000,0.343
1747119000000,0.3596
1747119060000,0.3471
1747119120000,0.3498
1747119180000,0.334
1747119240000,0.319
1747119300000,0.328
1747119360000,0.3279
1747119420000,0.3161
1747119480000,0.3355
1747119540000,0.3242
1747119600000,0.3183
1747119660000,0.313
1747119720000,0.331
1747119780000,0.345
1747119840000,0.3408
1747119900000,0.3353
1747119960000,0.3579
1747120020000,0.3545
1747120080000,0.3393
1747120140000,0.3426
1747120200000,0.331
1747120260000,0.3425
1747120320000,0.3455
1747120380000,0.3323
1747120440000,0.3419
1747120500000,0.3524
1747120560000,0.3728
1747120620000,0.3584
1747120680000,0.355
1747120740000,0.3413
1747120800000,0.3474
1747120860000,0.3608
1747120920000,0.3455
1747120980000,0.3605
1747121040000,0.3457
1747121100000,0.3611
1747121160000,0.3686
1747121220000,0.3645
1747121280000,0.3537
1747121340000,0.3593
1747121400000,0.382
1747121460000,0.3768
1747121520000,0.3553
1747121580000,0.3551
1747121640000,0.3671
1747121700000,0.3848
1747121760000,0.3699
1747121820000,0.3665
1747121880000,0.369
1747121940000,0.3747
1747122000000,0.3626
1747122060000,0.3761
1747122120000,0.3494
1747122180000,0.3612
1747122240000,0.3479
1747122300000,0.3515
1747122360000,0.3522
1747122420000,0.343
1747122480000,0.3684
1747122540000,0.3618
1747122600000,0.3704
1747122660000,0.3828
1747122720000,0.3806
1747122780000,0.3816
1747122840000,0.385
1747122900000,0.3727
1747122960000,0.3711
1747123020000,0.3526
1747123080000,0.3406
1747123140000,0.384
1747123200000,0.3782
1747123260000,0.3906
1747123320000,0.369
1747123380000,0.3676
1747123440000,0.3715
1747123500000,0.3527
1747123560000,0.344
1747123620000,0.355
1747123680000,0.3506
1747123740000,0.3675
1747123800000,0.3805
1747123860000,0.4151
1747123920000,0.3979
1747123980000,0.3814
1747124040000,0.3774
1747124100000,0.3847
1747124160000,0.4049
1747124220000,0.4034
1747124280000,0.4233
1747124340000,0.3954
1747124400000,0.4088
1747124460000,0.3856
1747124520000,0.3965
1747124580000,0.3917
1747124640000,0.401
1747124700000,0.4353
1747124760000,0.4051
1747124820000,0.3924
1747124880000,0.4018
1747124940000,0.3941
1747125000000,0.4065
1747125060000,0.3911
1747125120000,0.3845
1747125180000,0.3936
1747125240000,0.3899
1747125300000,0.3846
1747125360000,0.3709
1747125420000,0.3855
1747125480000,0.3811
1747125540000,0.3729
1747125600000,0.381
1747125660000,0.3861
1747125720000,0.379
1747125780000,0.3774
1747125840000,0.3882
1747125900000,0.3873
1747125960000,0.39
1747126020000,0.3707
1747126080000,0.3805
1747126140000,0.3904
1747126200000,0.3952
1747126260000,0.4126
1747126320000,0.3925
1747126380000,0.3815
1747126440000,0.3899
1747126500000,0.396
1747126560000,0.3954
1747126620000,0.4131
1747126680000,0.4136
1747126740000,0.3978
1747126800000,0.417
1747126860000,0.4246
1747126920000,0.4071
1747126980000,0.4141
1747127040000,0.4169
1747127100000,0.4227
1747127160000,0.4295
1747127220000,0.4163
1747127280000,0.3997
1747127340000,0.4157
1747127400000,0.4062
1747127460000,0.4035
1747127520000,0.4056
1747127580000,0.4366
1747127640000,0.4217
1747127700000,0.4495
1747127760000,0.4243
1747127820000,0.4103
1747127880000,0.3825
1747127940000,0.3986
1747128000000,0.4007
1747128060000,0.426
1747128120000,0.4242
1747128180000,0.4448
1747128240000,0.4271
1747128300000,0.4449
1747128360000,0.4382
1747128420000,0.4359
1747128480000,0.4129
1747128540000,0.4096
1747128600000,0.4293
1747128660000,0.4295
1747128720000,0.4428
1747128780000,0.4195
1747128840000,0.4295
1747128900000,0.4175
1747128960000,0.434
1747129020000,0.454
1747129080000,0.4408
1747129140000,0.4107
1747129200000,0.402
1747129260000,0.404
1747129320000,0.4
1747129380000,0.4059
1747129440000,0.4122
1747129500000,0.4472
1747129560000,0.4391
1747129620000,0.4243
1747129680000,0.4042
1747129740000,0.4162
1747129800000,0.4145
1747129860000,0.3986
1747129920000,0.3993
1747129980000,0.409
1747130040000,0.3979
1747130100000,0.3955
1747130160000,0.3872
1747130220000,0.3995
1747130280000,0.4132
1747130340000,0.4218
1747130400000,0.4184
1747130460000,0.4254
1747130520000,0.3965
1747130580000,0.4142
1747130640000,0.4143
1747130700000,0.4495
1747130760000,0.4391
1747130820000,0.4281
1747130880000,0.4075
1747130940000,0.3981
1747131000000,0.4006
1747131060000,0.4218
1747131120000,0.4374
1747131180000,0.4376
1747131240000,0.4185
1747131300000,0.4073
1747131360000,0.4014
1747131420000,0.4105
1747131480000,0.4337
1747131540000,0.417
1747131600000,0.4104
1747131660000,0.4019
1747131720000,0.3901
1747131780000,0.42
1747131840000,0.4191
1747131900000,0.4131
1747131960000,0.4008
1747132020000,0.3953
1747132080000,0.4099
1747132140000,0.3879
1747132200000,0.405
1747132260000,0.4265
1747132320000,0.4209
1747132380000,0.3954
1747132440000,0.406
1747132500000,0.4008
1747132560000,0.3933
1747132620000,0.4031
1747132680000,0.399
1747132740000,0.3819
1747132800000,0.3865
1747132860000,0.3914
1747132920000,0.3933
1747132980000,0.3874
1747133040000,0.4148
1747133100000,0.4298
1747133160000,0.4177
1747133220000,0.4179
1747133280000,0.4039
1747133340000,0.3872
1747133400000,0.3628
1747133460000,0.3783
1747133520000,0.3988
1747133580000,0.3844
1747133640000,0.3766
1747133700000,0.3874
1747133760000,0.3809
1747133820000,0.3897
1747133880000,0.3942
1747133940000,0.4129
1747134000000,0.3988
1747134060000,0.3913
1747134120000,0.3747
1747134180000,0.3955
1747134240000,0.3872
1747134300000,0.3956
1747134360000,0.3888
1747134420000,0.3945
1747134480000,0.3837
1747134540000,0.3969
1747134600000,0.3898
1747134660000,0.3962
1747134720000,0.387
1747134780000,0.3963
1747134840000,0.3807
1747134900000,0.3978
1747134960000,0.4096
1747135020000,0.3949
1747135080000,0.393
1747135140000,0.3739
1747135200000,0.3593
1747135260000,0.372
1747135320000,0.3676
1747135380000,0.3756
1747135440000,0.3837
1747135500000,0.3641
1747135560000,0.35
1747135620000,0.384
1747135680000,0.3899
1747135740000,0.3732
1747135800000,0.3683
1747135860000,0.396
1747135920000,0.3889
1747135980000,0.3904
1747136040000,0.397
1747136100000,0.3811
1747136160000,0.3745
1747136220000,0.3559
1747136280000,0.3545
1747136340000,0.3736
1747136400000,0.3742
1747136460000,0.3706
1747136520000,0.3696
1747136580000,0.3715
1747136640000,0.3617
1747136700000,0.3722
1747136760000,0.3865
1747136820000,0.3971
1747136880000,0.3824
1747136940000,0.3641
1747137000000,0.3817
1747137060000,0.404
1747137120000,0.4052
1747137180000,0.3855
1747137240000,0.3717
1747137300000,0.3734
1747137360000,0.3664
1747137420000,0.3726
1747137480000,0.3646
1747137540000,0.3676
1747137600000,0.3648
1747137660000,0.3744
1747137720000,0.3725
1747137780000,0.358
1747137840000,0.364
1747137900000,0.3627
1747137960000,0.3646
1747138020000,0.3589
1747138080000,0.3678
1747138140000,0.3802
1747138200000,0.389
1747138260000,0.4064
1747138320000,0.4003
1747138380000,0.4033
1747138440000,0.3704
1747138500000,0.3786
1747138560000,0.3764
1747138620000,0.3777
1747138680000,0.3651
1747138740000,0.3587
1747138800000,0.3667
1747138860000,0.3798
1747138920000,0.3791
1747138980000,0.3714
1747139040000,0.3816
1747139100000,0.3819
1747139160000,0.3782
1747139220000,0.3591
1747139280000,0.3543
1747139340000,0.3449
1747139400000,0.3414
1747139460000,0.3536
1747139520000,0.3728
1747139580000,0.3805
1747139640000,0.3739
1747139700000,0.3738
1747139760000,0.3711
1747139820000,0.3789
1747139880000,0.3531
1747139940000,0.3435
1747140000000,0.3389
1747140060000,0.3471
1747140120000,0.3448
1747140180000,0.3423
1747140240000,0.3351
1747140300000,0.339
1747140360000,0.3553
1747140420000,0.3737
1747140480000,0.3654
1747140540000,0.3451
1747140600000,0.3448
1747140660000,0.329
1747140720000,0.3335
1747140780000,0.3469
1747140840000,0.3593
1747140900000,0.3612
1747140960000,0.3542
1747141020000,0.3533
1747141080000,0.3383
1747141140000,0.348
1747141200000,0.3362
1747141260000,0.3401
1747141320000,0.3301
1747141380000,0.3509
1747141440000,0.3325
1747141500000,0.3234
1747141560000,0.311
1747141620000,0.3086
1747141680000,0.3249
1747141740000,0.3345
1747141800000,0.3265
1747141860000,0.316
1747141920000,0.3278
1747141980000,0.3215
1747142040000,0.3062
1747142100000,0.3009
1747142160000,0.3077
1747142220000,0.2937
1747142280000,0.2926
1747142340000,0.3094
1747142400000,0.2924
1747142460000,0.276
1747142520000,0.2941
1747142580000,0.2958
1747142640000,0.3129
1747142700000,0.3103
1747142760000,0.3043
1747142820000,0.3039
1747142880000,0.3057
1747142940000,0.3182
1747143000000,0.3109
1747143060000,0.318
1747143120000,0.2979
1747143180000,0.288
1747143240000,0.2834
1747143300000,0.3099
1747143360000,0.3045
1747143420000,0.297
1747143480000,0.2978
1747143540000,0.2888
1747143600000,0.2897
1747143660000,0.2694
1747143720000,0.2678
1747143780000,0.2639
1747143840000,0.2839
1747143900000,0.2736
1747143960000,0.2692
1747144020000,0.2856
1747144080000,0.2815
1747144140000,0.277
1747144200000,0.2934
1747144260000,0.2797
1747144320000,0.285
1747144380000,0.2729
1747144440000,0.2616
1747144500000,0.2514
1747144560000,0.2534
1747144620000,0.2514
1747144680000,0.2645
1747144740000,0.2753
1747144800000,0.2716
1747144860000,0.266
1747144920000,0.2492
1747144980000,0.245
1747145040000,0.2399
1747145100000,0.2375
1747145160000,0.2508
1747145220000,0.257
1747145280000,0.2417
1747145340000,0.2453
1747145400000,0.2314
1747145460000,0.2379
1747145520000,0.2372
1747145580000,0.2329
1747145640000,0.2318
1747145700000,0.2239
1747145760000,0.2211
1747145820000,0.2123
1747145880000,0.2024
1747145940000,0.203
1747146000000,0.2099
1747146060000,0.2248
1747146120000,0.2387
1747146180000,0.2214
1747146240000,0.2182
1747146300000,0.2231
1747146360000,0.2181
1747146420000,0.2206
1747146480000,0.2194
1747146540000,0.2257
1747146600000,0.222
1747146660000,0.2155
1747146720000,0.2147
1747146780000,0.2144
1747146840000,0.2113
1747146900000,0.2176
1747146960000,0.2266
1747147020000,0.2173
1747147080000,0.2183
1747147140000,0.206
1747147200000,0.2074
1747147260000,0.199
1747147320000,0.1923
1747147380000,0.1946
1747147440000,0.1947
1747147500000,0.2069
1747147560000,0.203
1747147620000,0.2043
1747147680000,0.2017
1747147740000,0.2137
1747147800000,0.2043
1747147860000,0.2045
1747147920000,0.214
1747147980000,0.2141
1747148040000,0.213
1747148100000,0.2094
1747148160000,0.2101
1747148220000,0.208
1747148280000,0.1973
1747148340000,0.2014
1747148400000,0.213
1747148460000,0.217
1747148520000,0.2101
1747148580000,0.2033
1747148640000,0.2071
1747148700000,0.2039
1747148760000,0.2068
1747148820000,0.1849
1747148880000,0.179
1747148940000,0.1796
1747149000000,0.1847
1747149060000,0.1784
1747149120000,0.177
1747149180000,0.1722
1747149240000,0.1934
1747149300000,0.2032
1747149360000,0.201
1747149420000,0.1948
1747149480000,0.1865
1747149540000,0.2006
1747149600000,0.2056
1747149660000,0.1935
1747149720000,0.1894
1747149780000,0.1961
1747149840000,0.1888
1747149900000,0.1828
1747149960000,0.185
1747150020000,0.1843
1747150080000,0.177
1747150140000,0.18
1747150200000,0.18
1747150260000,0.1858
1747150320000,0.1962
1747150380000,0.1993
1747150440000,0.191
1747150500000,0.1837
1747150560000,0.188
1747150620000,0.1791
1747150680000,0.17
1747150740000,0.1676
1747150800000,0.1702
1747150860000,0.1743
1747150920000,0.1772
1747150980000,0.1834
1747151040000,0.1886
1747151100000,0.1927
1747151160000,0.1939
1747151220000,0.2055
1747151280000,0.2033
1747151340000,0.2101
1747151400000,0.2068
1747151460000,0.198
1747151520000,0.2049
1747151580000,0.192
1747151640000,0.1875
1747151700000,0.1842
1747151760000,0.1918
1747151820000,0.1822
1747151880000,0.1898
1747151940000,0.1874
1747152000000,0.1803
1747152060000,0.204
1747152120000,0.1943
1747152180000,0.2003
1747152240000,0.2055
1747152300000,0.204
1747152360000,0.1943
1747152420000,0.1936
1747152480000,0.1868
1747152540000,0.1834
1747152600000,0.1899
1747152660000,0.1794
1747152720000,0.1805
1747152780000,0.1808
1747152840000,0.1894
1747152900000,0.191
1747152960000,0.2047
1747153020000,0.1796
1747153080000,0.1891
1747153140000,0.2005
1747153200000,0.1965
1747153260000,0.2062
1747153320000,0.2274
1747153380000,0.2129
1747153440000,0.215
1747153500000,0.2162
1747153560000,0.2205
1747153620000,0.2095
1747153680000,0.2096
1747153740000,0.2017
1747153800000,0.209
1747153860000,0.2025
1747153920000,0.2019
1747153980000,0.199
1747154040000,0.2055
1747154100000,0.2105
1747154160000,0.2028
1747154220000,0.1908
1747154280000,0.1895
1747154340000,0.2048
1747154400000,0.1992
1747154460000,0.2046
1747154520000,0.1945
1747154580000,0.2077
1747154640000,0.1978
1747154700000,0.197
1747154760000,0.206
1747154820000,0.1975
1747154880000,0.2018
1747154940000,0.1967
1747155000000,0.1923
1747155060000,0.1889
1747155120000,0.1778
1747155180000,0.1803
1747155240000,0.1968
1747155300000,0.1846
1747155360000,0.181
1747155420000,0.1859
1747155480000,0.1869
1747155540000,0.1901
1747155600000,0.1856
1747155660000,0.186
1747155720000,0.1823
1747155780000,0.1776
1747155840000,0.1801
1747155900000,0.1765
1747155960000,0.1895
1747156020000,0.1912
1747156080000,0.1857
1747156140000,0.1861
1747156200000,0.1867
1747156260000,0.1891
1747156320000,0.189
1747156380000,0.1927
1747156440000,0.1855
1747156500000,0.1827
1747156560000,0.1813
1747156620000,0.1817
1747156680000,0.1708
1747156740000,0.1759
1747156800000,0.1731
1747156860000,0.1867
1747156920000,0.1808
1747156980000,0.1764
1747157040000,0.1862
1747157100000,0.1971
1747157160000,0.2008
1747157220000,0.2124
1747157280000,0.1901
1747157340000,0.1884
1747157400000,0.1888
1747157460000,0.1842
1747157520000,0.1872
1747157580000,0.1727
1747157640000,0.1764
1747157700000,0.1796
1747157760000,0.1914
1747157820000,0.1836
1747157880000,0.1751
1747157940000,0.1682
1747158000000,0.1749
1747158060000,0.1731
1747158120000,0.1681
1747158180000,0.1668
1747158240000,0.1763
1747158300000,0.1733
1747158360000,0.1853
1747158420000,0.1758
1747158480000,0.1665
1747158540000,0.1774
1747158600000,0.1947
1747158660000,0.1747
1747158720000,0.1713
1747158780000,0.1706
1747158840000,0.1792
1747158900000,0.178
1747158960000,0.1815
1747159020000,0.1863
1747159080000,0.179
1747159140000,0.1818
1747159200000,0.1804
1747159260000,0.1873
1747159320000,0.1774
1747159380000,0.1785
1747159440000,0.1883
1747159500000,0.1809
1747159560000,0.1741
1747159620000,0.1817
1747159680000,0.1776
1747159740000,0.1821
1747159800000,0.174
1747159860000,0.1791
1747159920000,0.183
1747159980000,0.1802
1747160040000,0.1802
1747160100000,0.1775
1747160160000,0.1824
1747160220000,0.1803
1747160280000,0.1965
1747160340000,0.1801
1747160400000,0.1753
1747160460000,0.1799
1747160520000,0.1917
1747160580000,0.1813
1747160640000,0.18
1747160700000,0.1732
1747160760000,0.1697
1747160820000,0.1667
1747160880000,0.177
1747160940000,0.1704
1747161000000,0.172
1747161060000,0.1718
1747161120000,0.1792
1747161180000,0.1778
1747161240000,0.1699
1747161300000,0.166
1747161360000,0.1672
1747161420000,0.1723
1747161480000,0.1714
1747161540000,0.1697
1747161600000,0.1677
1747161660000,0.1714
1747161720000,0.1781
1747161780000,0.1799
1747161840000,0.1773
1747161900000,0.1874
1747161960000,0.1786
1747162020000,0.1741
1747162080000,0.1767
1747162140000,0.1786
1747162200000,0.1785
1747162260000,0.171
1747162320000,0.1859
1747162380000,0.1683
1747162440000,0.1717
1747162500000,0.1775
1747162560000,0.1904
1747162620000,0.181
1747162680000,0.1737
1747162740000,0.1788
1747162800000,0.1791
1747162860000,0.1825
1747162920000,0.1846
1747162980000,0.1877
1747163040000,0.1811
1747163100000,0.1765
1747163160000,0.177
1747163220000,0.1679
1747163280000,0.1648
1747163340000,0.1695
1747163400000,0.172
1747163460000,0.1852
1747163520000,0.1922
1747163580000,0.1777
1747163640000,0.1825
1747163700000,0.1852
1747163760000,0.189
1747163820000,0.187
1747163880000,0.1882
1747163940000,0.1904
1747164000000,0.1902
1747164060000,0.1809
1747164120000,0.1925
1747164180000,0.2061
1747164240000,0.1899
1747164300000,0.1865
1747164360000,0.1841
1747164420000,0.1849
1747164480000,0.1733
1747164540000,0.1736
1747164600000,0.179
1747164660000,0.174
1747164720000,0.1682
1747164780000,0.1685
1747164840000,0.166
1747164900000,0.1861
1747164960000,0.1813
1747165020000,0.1818
1747165080000,0.1782
1747165140000,0.1783
1747165200000,0.1859
1747165260000,0.1876
1747165320000,0.1935
1747165380000,0.1855
1747165440000,0.1894
1747165500000,0.1782
1747165560000,0.1888
1747165620000,0.1896
1747165680000,0.1761
1747165740000,0.1647
1747165800000,0.1673
1747165860000,0.1901
1747165920000,0.1881
1747165980000,0.1748
1747166040000,0.1787
1747166100000,0.1774
1747166160000,0.181
1747166220000,0.1753
1747166280000,0.1691
1747166340000,0.177
1747166400000,0.1805
1747166460000,0.1845
1747166520000,0.1813
1747166580000,0.1727
1747166640000,0.1742
1747166700000,0.1823
1747166760000,0.1844
1747166820000,0.1836
1747166880000,0.1785
1747166940000,0.1701
1747167000000,0.178
1747167060000,0.1787
1747167120000,0.1626
1747167180000,0.1691
1747167240000,0.1643
1747167300000,0.1624
1747167360000,0.1882
1747167420000,0.1951
1747167480000,0.1822
1747167540000,0.1773
1747167600000,0.1813
1747167660000,0.1925
1747167720000,0.189
1747167780000,0.1761
1747167840000,0.178
1747167900000,0.1731
1747167960000,0.1703
1747168020000,0.1755
1747168080000,0.1661
1747168140000,0.1716
1747168200000,0.1736
1747168260000,0.1725
1747168320000,0.1656
1747168380000,0.1615
1747168440000,0.165
1747168500000,0.1884
1747168560000,0.1894
1747168620000,0.189
1747168680000,0.1737
1747168740000,0.1665
1747168800000,0.1738
1747168860000,0.1716
1747168920000,0.1688
1747168980000,0.1749
1747169040000,0.1771
1747169100000,0.1644
1747169160000,0.186
1747169220000,0.1833
1747169280000,0.1945
1747169340000,0.1925
1747169400000,0.1893
1747169460000,0.2025
1747169520000,0.1812
1747169580000,0.1846
1747169640000,0.1694
1747169700000,0.1846
1747169760000,0.1893
1747169820000,0.1748
1747169880000,0.165
1747169940000,0.1741
1747170000000,0.1724
1747170060000,0.1745
1747170120000,0.1735
1747170180000,0.1675
1747170240000,0.1709
1747170300000,0.1633
1747170360000,0.1656
1747170420000,0.1679
1747170480000,0.17
1747170540000,0.1815
1747170600000,0.1868
1747170660000,0.1867
1747170720000,0.1942
1747170780000,0.1836
1747170840000,0.1745
1747170900000,0.1868
1747170960000,0.168
1747171020000,0.1605
1747171080000,0.16
1747171140000,0.1721
1747171200000,0.169
1747171260000,0.1676
1747171320000,0.1687
1747171380000,0.1715
1747171440000,0.1747
1747171500000,0.1786
1747171560000,0.1741
1747171620000,0.1767
1747171680000,0.2053
1747171740000,0.191
1747171800000,0.1887
1747171860000,0.1892
1747171920000,0.1746
1747171980000,0.1843
1747172040000,0.1765
1747172100000,0.18
1747172160000,0.181
1747172220000,0.1719
1747172280000,0.1754
1747172340000,0.1735
1747172400000,0.1691
1747172460000,0.1721
1747172520000,0.178
1747172580000,0.1674
1747172640000,0.1659
1747172700000,0.1658
1747172760000,0.1751
1747172820000,0.178
1747172880000,0.1752
1747172940000,0.1686
1747173000000,0.1702
1747173060000,0.1682
1747173120000,0.1634
1747173180000,0.1727
1747173240000,0.1701
1747173300000,0.1653
1747173360000,0.1686
1747173420000,0.1823
1747173480000,0.1845
1747173540000,0.1758
1747173600000,0.171
1747173660000,0.1773
1747173720000,0.1873
1747173780000,0.1798
1747173840000,0.1785
1747173900000,0.1807
1747173960000,0.1898
1747174020000,0.2038
1747174080000,0.2017
1747174140000,0.1951
1747174200000,0.1826
1747174260000,0.2023
1747174320000,0.1956
1747174380000,0.1842
1747174440000,0.1765
1747174500000,0.1827
1747174560000,0.1834
1747174620000,0.1795
1747174680000,0.1806
1747174740000,0.1943
1747174800000,0.1836
1747174860000,0.1869
1747174920000,0.1853
1747174980000,0.1814
1747175040000,0.1808
1747175100000,0.1845
1747175160000,0.1834
1747175220000,0.1844
1747175280000,0.1735
1747175340000,0.1705
1747175400000,0.1683
1747175460000,0.178
1747175520000,0.1774
1747175580000,0.1784
1747175640000,0.1814
1747175700000,0.1847
1747175760000,0.185
1747175820000,0.1896
1747175880000,0.1863
1747175940000,0.1814
1747176000000,0.1788
1747176060000,0.1898
1747176120000,0.1941
1747176180000,0.1857
1747176240000,0.1907
1747176300000,0.1925
1747176360000,0.1914
1747176420000,0.2113
1747176480000,0.191
1747176540000,0.1981
1747176600000,0.1908
1747176660000,0.1909
1747176720000,0.2043
1747176780000,0.2039
1747176840000,0.1966
1747176900000,0.2018
1747176960000,0.1936
1747177020000,0.1973
1747177080000,0.2224
1747177140000,0.2134
1747177200000,0.2011
1747177260000,0.205
1747177320000,0.2098
1747177380000,0.2188
1747177440000,0.2307
1747177500000,0.2185
1747177560000,0.2109
1747177620000,0.2178
1747177680000,0.2143
1747177740000,0.216
1747177800000,0.2163
1747177860000,0.2168
1747177920000,0.2099
1747177980000,0.2157
1747178040000,0.2207
1747178100000,0.2301
1747178160000,0.2171
1747178220000,0.2275
1747178280000,0.2282
1747178340000,0.2176
1747178400000,0.2112
1747178460000,0.2248
1747178520000,0.2319
1747178580000,0.2405
1747178640000,0.2508
1747178700000,0.2505
1747178760000,0.2437
1747178820000,0.2504
1747178880000,0.2249
1747178940000,0.2267
1747179000000,0.2445
1747179060000,0.2429
1747179120000,0.2328
1747179180000,0.23
1747179240000,0.2397
1747179300000,0.2379
1747179360000,0.2466
1747179420000,0.2523
1747179480000,0.2537
1747179540000,0.2412
1747179600000,0.2485
1747179660000,0.2599
1747179720000,0.263
1747179780000,0.2681
1747179840000,0.2687
1747179900000,0.2561
1747179960000,0.2703
1747180020000,0.266
1747180080000,0.2595
1747180140000,0.2592
1747180200000,0.2703
1747180260000,0.2658
1747180320000,0.2557
1747180380000,0.2819
1747180440000,0.28
1747180500000,0.285
1747180560000,0.2908
1747180620000,0.2841
1747180680000,0.2819
1747180740000,0.273
1747180800000,0.2851
1747180860000,0.291
1747180920000,0.2993
1747180980000,0.297
1747181040000,0.3113
1747181100000,0.2837
1747181160000,0.2988
1747181220000,0.2956
1747181280000,0.3174
1747181340000,0.3057
1747181400000,0.2952
1747181460000,0.3118
1747181520000,0.3154
1747181580000,0.3245
1747181640000,0.309
1747181700000,0.3107
1747181760000,0.2989
1747181820000,0.3073
1747181880000,0.3092
1747181940000,0.3185
1747182000000,0.3122
1747182060000,0.3011
1747182120000,0.319
1747182180000,0.3175
1747182240000,0.3177
1747182300000,0.3179
1747182360000,0.3255
1747182420000,0.304
1747182480000,0.3001
1747182540000,0.3117
1747182600000,0.3501
1747182660000,0.335
1747182720000,0.3072
1747182780000,0.3144
1747182840000,0.3211
1747182900000,0.3322
1747182960000,0.3215
1747183020000,0.334
1747183080000,0.3381
1747183140000,0.3192
1747183200000,0.335
1747183260000,0.3436
1747183320000,0.3545
1747183380000,0.3499
1747183440000,0.3395
1747183500000,0.3664
1747183560000,0.3636
1747183620000,0.3678
1747183680000,0.3584
1747183740000,0.3574
1747183800000,0.354
1747183860000,0.3479
1747183920000,0.3548
1747183980000,0.3742
1747184040000,0.3762
1747184100000,0.3575
1747184160000,0.3725
1747184220000,0.3741
1747184280000,0.3826
1747184340000,0.3797
1747184400000,0.386
1747184460000,0.3775
1747184520000,0.3576
1747184580000,0.3582
1747184640000,0.3522
1747184700000,0.352
1747184760000,0.3541
1747184820000,0.3518
1747184880000,0.3542
1747184940000,0.3661
1747185000000,0.357
1747185060000,0.3573
1747185120000,0.3473
1747185180000,0.336
1747185240000,0.362
1747185300000,0.3612
1747185360000,0.3561
1747185420000,0.3545
1747185480000,0.3574
1747185540000,0.3684
1747185600000,0.358
1747185660000,0.3545
1747185720000,0.352
1747185780000,0.3407
1747185840000,0.3477
1747185900000,0.3616
1747185960000,0.3815
1747186020000,0.374
1747186080000,0.3531
1747186140000,0.3495
1747186200000,0.377
1747186260000,0.3961
1747186320000,0.3755
1747186380000,0.3775
1747186440000,0.3741
1747186500000,0.3565
1747186560000,0.3525
1747186620000,0.3723
1747186680000,0.3732
1747186740000,0.3584
1747186800000,0.3627
1747186860000,0.3615
1747186920000,0.3565
1747186980000,0.3602
1747187040000,0.3556
1747187100000,0.378
1747187160000,0.3841
1747187220000,0.3816
1747187280000,0.3825
1747187340000,0.3748
1747187400000,0.3594
1747187460000,0.3415
1747187520000,0.3618
1747187580000,0.3658
1747187640000,0.374
1747187700000,0.3886
1747187760000,0.3792
1747187820000,0.3656
1747187880000,0.3678
1747187940000,0.358
1747188000000,0.3625
1747188060000,0.357
1747188120000,0.3622
1747188180000,0.379
1747188240000,0.3671
1747188300000,0.3754
1747188360000,0.3673
1747188420000,0.3698
1747188480000,0.3792
1747188540000,0.3869
1747188600000,0.3858
1747188660000,0.4063
1747188720000,0.3865
1747188780000,0.384
1747188840000,0.3782
1747188900000,0.3729
1747188960000,0.3893
1747189020000,0.3675
1747189080000,0.3489
1747189140000,0.351
1747189200000,0.37
1747189260000,0.3773
1747189320000,0.3861
1747189380000,0.3939
1747189440000,0.3963
1747189500000,0.3816
1747189560000,0.3949
1747189620000,0.3881
1747189680000,0.4001
1747189740000,0.3955
1747189800000,0.3958
1747189860000,0.38
1747189920000,0.3643
1747189980000,0.3576
1747190040000,0.3811
1747190100000,0.3652
1747190160000,0.3908
1747190220000,0.3881
1747190280000,0.3615
1747190340000,0.3725
1747190400000,0.3669
1747190460000,0.3926
1747190520000,0.38
1747190580000,0.3607
1747190640000,0.3485
1747190700000,0.376
1747190760000,0.3763
1747190820000,0.3773
1747190880000,0.388
1747190940000,0.3797
1747191000000,0.3827
1747191060000,0.4053
1747191120000,0.3913
1747191180000,0.3968
1747191240000,0.3722
1747191300000,0.3653
1747191360000,0.3802
1747191420000,0.3811
1747191480000,0.3712
1747191540000,0.3751
1747191600000,0.3854
1747191660000,0.4072
1747191720000,0.4076
1747191780000,0.3855
1747191840000,0.3585
1747191900000,0.3516
1747191960000,0.373
1747192020000,0.3816
1747192080000,0.3627
1747192140000,0.3652
1747192200000,0.3758
1747192260000,0.3764
1747192320000,0.3872
1747192380000,0.384
1747192440000,0.3611
1747192500000,0.3887
1747192560000,0.4
1747192620000,0.3858
1747192680000,0.3852
1747192740000,0.3808
1747192800000,0.3815
1747192860000,0.4085
1747192920000,0.3878
1747192980000,0.3591
1747193040000,0.3542
1747193100000,0.3553
1747193160000,0.3784
1747193220000,0.3609
1747193280000,0.3698
1747193340000,0.3692
1747193400000,0.3881
1747193460000,0.3738
1747193520000,0.3722
1747193580000,0.371
1747193640000,0.3656
1747193700000,0.3751
1747193760000,0.3641
1747193820000,0.362
1747193880000,0.3642
1747193940000,0.3761
1747194000000,0.3576
1747194060000,0.3728
1747194120000,0.3744
1747194180000,0.3762
1747194240000,0.3627
1747194300000,0.3692
1747194360000,0.3398
1747194420000,0.34
1747194480000,0.3528
1747194540000,0.3728
1747194600000,0.3607
1747194660000,0.3662
1747194720000,0.3634
1747194780000,0.3569
1747194840000,0.3605
1747194900000,0.3564
1747194960000,0.3695
1747195020000,0.3564
1747195080000,0.3443
1747195140000,0.3586
1747195200000,0.3694
1747195260000,0.3503
1747195320000,0.3605
1747195380000,0.3558
1747195440000,0.3646
1747195500000,0.3379
1747195560000,0.3406
1747195620000,0.3476
1747195680000,0.3368
1747195740000,0.3163
1747195800000,0.3226
1747195860000,0.3324
1747195920000,0.3201
1747195980000,0.34
1747196040000,0.3526
1747196100000,0.344
1747196160000,0.3406
1747196220000,0.3279
1747196280000,0.3481
1747196340000,0.326
1747196400000,0.3198
1747196460000,0.328
1747196520000,0.3221
1747196580000,0.3094
1747196640000,0.2989
1747196700000,0.3097
1747196760000,0.3093
1747196820000,0.3169
1747196880000,0.3202
1747196940000,0.3461
1747197000000,0.3596
1747197060000,0.3446
1747197120000,0.3473
1747197180000,0.3383
1747197240000,0.3324
1747197300000,0.3388
1747197360000,0.3174
1747197420000,0.3324
1747197480000,0.3177
1747197540000,0.3055
1747197600000,0.3318
1747197660000,0.3312
1747197720000,0.3375
1747197780000,0.3426
1747197840000,0.3408
1747197900000,0.3373
1747197960000,0.3434
1747198020000,0.3391
1747198080000,0.3532
1747198140000,0.3449
1747198200000,0.3302
1747198260000,0.3436
1747198320000,0.325
1747198380000,0.3033
1747198440000,0.3109
1747198500000,0.3126
1747198560000,0.3093
1747198620000,0.3349
1747198680000,0.3271
1747198740000,0.3258
1747198800000,0.3078
1747198860000,0.3303
1747198920000,0.3392
1747198980000,0.3304
1747199040000,0.321
1747199100000,0.322
1747199160000,0.3156
1747199220000,0.3174
1747199280000,0.3109
1747199340000,0.3093
1747199400000,0.2933
1747199460000,0.2992
1747199520000,0.3121
1747199580000,0.326
1747199640000,0.3171
1747199700000,0.3167
1747199760000,0.3136
1747199820000,0.3136
1747199880000,0.3194
1747199940000,0.3118
1747200000000,0.3099
1747200060000,0.3264
1747200120000,0.3214
1747200180000,0.3113
1747200240000,0.3138
1747200300000,0.3124
1747200360000,0.3321
1747200420000,0.316
1747200480000,0.3067
1747200540000,0.2821
1747200600000,0.3002
1747200660000,0.3006
1747200720000,0.288
1747200780000,0.2829
1747200840000,0.281
1747200900000,0.2735
1747200960000,0.3012
1747201020000,0.3025
1747201080000,0.3132
1747201140000,0.3187
1747201200000,0.3108
1747201260000,0.3249
1747201320000,0.3107
1747201380000,0.3066
1747201440000,0.315
1747201500000,0.3177
1747201560000,0.3177
1747201620000,0.3091
1747201680000,0.3129
1747201740000,0.3148
1747201800000,0.3193
1747201860000,0.324
1747201920000,0.3155
1747201980000,0.3075
1747202040000,0.3144
1747202100000,0.3111
1747202160000,0.3181
1747202220000,0.3108
1747202280000,0.3085
1747202340000,0.3039
1747202400000,0.2957
1747202460000,0.3149
1747202520000,0.3194
1747202580000,0.3019
1747202640000,0.2925
1747202700000,0.2864
1747202760000,0.2765
1747202820000,0.3216
1747202880000,0.3265
1747202940000,0.3425
1747203000000,0.3384
1747203060000,0.3377
1747203120000,0.3195
1747203180000,0.3193
1747203240000,0.2908
1747203300000,0.3005
1747203360000,0.2963
1747203420000,0.3003
1747203480000,0.3126
1747203540000,0.2905
1747203600000,0.3001
1747203660000,0.3011
1747203720000,0.3165
1747203780000,0.3068
1747203840000,0.3052
1747203900000,0.3009
1747203960000,0.3116
1747204020000,0.303
1747204080000,0.3251
1747204140000,0.331
1747204200000,0.35
1747204260000,0.3347
1747204320000,0.3134
1747204380000,0.305
1747204440000,0.2901
1747204500000,0.2771
1747204560000,0.287
1747204620000,0.274
1747204680000,0.2929
1747204740000,0.3045
1747204800000,0.2952
1747204860000,0.3119
1747204920000,0.313
1747204980000,0.335
1747205040000,0.3255
1747205100000,0.3302
1747205160000,0.3312
1747205220000,0.3119
1747205280000,0.3344
1747205340000,0.329
1747205400000,0.3165
1747205460000,0.3203
1747205520000,0.3401
1747205580000,0.3335
1747205640000,0.3456
1747205700000,0.3384
1747205760000,0.3316
1747205820000,0.3443
1747205880000,0.3433
1747205940000,0.3293
1747206000000,0.3424
1747206060000,0.3473
1747206120000,0.3375
1747206180000,0.3457
1747206240000,0.3376
1747206300000,0.3375
1747206360000,0.3227
1747206420000,0.3085
1747206480000,0.3195
1747206540000,0.3251
1747206600000,0.3107
1747206660000,0.3226
1747206720000,0.3499
1747206780000,0.3577
1747206840000,0.3644
1747206900000,0.3346
1747206960000,0.329
1747207020000,0.3273
1747207080000,0.3245
1747207140000,0.3582
1747207200000,0.3373
1747207260000,0.3512
1747207320000,0.3686
1747207380000,0.3697
1747207440000,0.3736
1747207500000,0.3582
1747207560000,0.3651
1747207620000,0.3498
1747207680000,0.3379
1747207740000,0.3295
1747207800000,0.336
1747207860000,0.356
1747207920000,0.344
1747207980000,0.3485
1747208040000,0.3382
1747208100000,0.337
1747208160000,0.3517
1747208220000,0.359
1747208280000,0.3429
1747208340000,0.346
1747208400000,0.3385
1747208460000,0.362
1747208520000,0.3472
1747208580000,0.359
1747208640000,0.3653
1747208700000,0.3623
1747208760000,0.3475
1747208820000,0.34
1747208880000,0.3412
1747208940000,0.3502
1747209000000,0.3465
1747209060000,0.3615
1747209120000,0.355
1747209180000,0.3433
1747209240000,0.3512
1747209300000,0.3584
1747209360000,0.374
1747209420000,0.3845
1747209480000,0.3652
1747209540000,0.3649
1747209600000,0.363
1747209660000,0.36
1747209720000,0.3768
1747209780000,0.3828
1747209840000,0.3952
1747209900000,0.3843
1747209960000,0.3957
1747210020000,0.3955
1747210080000,0.3858
1747210140000,0.3675
1747210200000,0.3725
1747210260000,0.3779
1747210320000,0.3867
1747210380000,0.37
1747210440000,0.3668
1747210500000,0.3679
1747210560000,0.3835
1747210620000,0.3853
1747210680000,0.3994
1747210740000,0.3944
1747210800000,0.3998
1747210860000,0.3906
1747210920000,0.3659
1747210980000,0.384
1747211040000,0.3893
1747211100000,0.399
1747211160000,0.3877
1747211220000,0.3961
1747211280000,0.3861
1747211340000,0.383
1747211400000,0.4015
1747211460000,0.385
1747211520000,0.4021
1747211580000,0.3866
1747211640000,0.3927
1747211700000,0.39
1747211760000,0.3875
1747211820000,0.364
1747211880000,0.3949
1747211940000,0.3975
1747212000000,0.3968
1747212060000,0.4026
1747212120000,0.397
1747212180000,0.374
1747212240000,0.3797
1747212300000,0.401
1747212360000,0.4268
1747212420000,0.4146
1747212480000,0.4033
1747212540000,0.3848
1747212600000,0.3661
1747212660000,0.3744
1747212720000,0.3873
1747212780000,0.4085
1747212840000,0.4126
1747212900000,0.417
1747212960000,0.4095
1747213020000,0.3995
1747213080000,0.3852
1747213140000,0.4059
1747213200000,0.4037
1747213260000,0.4237
1747213320000,0.4144
1747213380000,0.4099
1747213440000,0.4167
1747213500000,0.3922
1747213560000,0.3988
1747213620000,0.4098
1747213680000,0.405
1747213740000,0.4174
1747213800000,0.4115
1747213860000,0.4218
1747213920000,0.4365
1747213980000,0.4137
1747214040000,0.4111
1747214100000,0.4179
1747214160000,0.418
1747214220000,0.4162
1747214280000,0.4046
1747214340000,0.4135
1747214400000,0.431
1747214460000,0.4314
1747214520000,0.4145
1747214580000,0.3998
1747214640000,0.3833
1747214700000,0.4088
1747214760000,0.4066
1747214820000,0.4072
1747214880000,0.4314
1747214940000,0.4137
1747215000000,0.4168
1747215060000,0.4334
1747215120000,0.426
1747215180000,0.4185
1747215240000,0.4153
1747215300000,0.4004
1747215360000,0.4023
1747215420000,0.3936
1747215480000,0.4283
1747215540000,0.412
1747215600000,0.419
1747215660000,0.3933
1747215720000,0.4085
1747215780000,0.4025
1747215840000,0.4152
1747215900000,0.4293
1747215960000,0.4278
1747216020000,0.4073
1747216080000,0.4125
1747216140000,0.4204
1747216200000,0.4302
1747216260000,0.437
1747216320000,0.4178
1747216380000,0.4131
1747216440000,0.4122
1747216500000,0.4125
1747216560000,0.4239
1747216620000,0.405
1747216680000,0.4177
1747216740000,0.4269
1747216800000,0.4195
1747216860000,0.4045
1747216920000,0.413
1747216980000,0.398
1747217040000,0.3917
1747217100000,0.3771
1747217160000,0.3966
1747217220000,0.4097
1747217280000,0.4359
1747217340000,0.4184
1747217400000,0.4072
1747217460000,0.4045
1747217520000,0.3881
1747217580000,0.4014
1747217640000,0.4052
1747217700000,0.3861
1747217760000,0.3801
1747217820000,0.3665
1747217880000,0.383
1747217940000,0.3644
1747218000000,0.368
1747218060000,0.3806
1747218120000,0.3829
1747218180000,0.3905
1747218240000,0.3854
1747218300000,0.3828
1747218360000,0.4029
1747218420000,0.4041
1747218480000,0.408
1747218540000,0.4055
1747218600000,0.4075
1747218660000,0.4155
1747218720000,0.4207
1747218780000,0.4171
1747218840000,0.4067
1747218900000,0.4205
1747218960000,0.4159
1747219020000,0.4129
1747219080000,0.4217
1747219140000,0.394
1747219200000,0.4013
1747219260000,0.3798
1747219320000,0.3675
1747219380000,0.3775
1747219440000,0.374
1747219500000,0.388
1747219560000,0.3963
1747219620000,0.3905
1747219680000,0.3728
1747219740000,0.3727
1747219800000,0.3624
1747219860000,0.4059
1747219920000,0.403
1747219980000,0.4077
1747220040000,0.4031
1747220100000,0.4068
1747220160000,0.4098
1747220220000,0.4025
1747220280000,0.3968
1747220340000,0.3914
1747220400000,0.4034
1747220460000,0.3935
1747220520000,0.414
1747220580000,0.4018
1747220640000,0.3809
1747220700000,0.3836
1747220760000,0.3818
1747220820000,0.3845
1747220880000,0.3994
1747220940000,0.3954
1747221000000,0.3927
1747221060000,0.3928
1747221120000,0.3983
1747221180000,0.3865
1747221240000,0.3986
1747221300000,0.404
1747221360000,0.3991
1747221420000,0.3942
1747221480000,0.3936
1747221540000,0.3957
1747221600000,0.399
1747221660000,0.405
1747221720000,0.3921
1747221780000,0.3886
1747221840000,0.38
1747221900000,0.4013
1747221960000,0.3819
1747222020000,0.3877
1747222080000,0.3953
1747222140000,0.3799
1747222200000,0.3832
1747222260000,0.3876
1747222320000,0.3843
1747222380000,0.3823
1747222440000,0.368
1747222500000,0.3676
1747222560000,0.3804
1747222620000,0.386
1747222680000,0.3988
1747222740000,0.385
1747222800000,0.3718
1747222860000,0.3834
1747222920000,0.376
1747222980000,0.3874
1747223040000,0.3736
1747223100000,0.3793
1747223160000,0.374
1747223220000,0.3651
1747223280000,0.3795
1747223340000,0.3784
1747223400000,0.3634
1747223460000,0.3697
1747223520000,0.383
1747223580000,0.3987
1747223640000,0.3752
1747223700000,0.3422
1747223760000,0.3573
1747223820000,0.3758
1747223880000,0.3974
1747223940000,0.3879
1747224000000,0.3794
1747224060000,0.3987
1747224120000,0.3783
1747224180000,0.3865
1747224240000,0.379
1747224300000,0.3744
1747224360000,0.3845
1747224420000,0.3702
1747224480000,0.3885
1747224540000,0.3843
1747224600000,0.3779
1747224660000,0.3703
1747224720000,0.3665
1747224780000,0.3707
1747224840000,0.3635
1747224900000,0.3817
1747224960000,0.387
1747225020000,0.3683
1747225080000,0.3686
1747225140000,0.3618
1747225200000,0.3692
1747225260000,0.3519
1747225320000,0.3438
1747225380000,0.3554
1747225440000,0.3463
1747225500000,0.3732
1747225560000,0.3744
1747225620000,0.37
1747225680000,0.381
1747225740000,0.3602
1747225800000,0.3576
1747225860000,0.3421
1747225920000,0.3481
1747225980000,0.3446
1747226040000,0.335
1747226100000,0.3504
1747226160000,0.353
1747226220000,0.3537
1747226280000,0.3498
1747226340000,0.3473
1747226400000,0.353
1747226460000,0.3473
1747226520000,0.3413
1747226580000,0.3422
1747226640000,0.3566
1747226700000,0.3458
1747226760000,0.3333
1747226820000,0.3565
1747226880000,0.3516
1747226940000,0.3491
1747227000000,0.3538
1747227060000,0.3585
1747227120000,0.3585
1747227180000,0.3642
1747227240000,0.3584
1747227300000,0.3518
1747227360000,0.3401
1747227420000,0.3508
1747227480000,0.3482
1747227540000,0.351
1747227600000,0.3338
1747227660000,0.3232
1747227720000,0.3439
1747227780000,0.3266
1747227840000,0.3251
1747227900000,0.3198
1747227960000,0.3199
1747228020000,0.3377
1747228080000,0.3596
1747228140000,0.3585
1747228200000,0.3381
1747228260000,0.3426
1747228320000,0.3253
1747228380000,0.3183
1747228440000,0.3149
1747228500000,0.3439
1747228560000,0.3227
1747228620000,0.323
1747228680000,0.3128
1747228740000,0.3171
1747228800000,0.3197
1747228860000,0.3283
1747228920000,0.3148
1747228980000,0.3179
1747229040000,0.3322
1747229100000,0.3292
1747229160000,0.3169
1747229220000,0.3137
1747229280000,0.3047
1747229340000,0.2955
1747229400000,0.2955
1747229460000,0.2957
1747229520000,0.3078
1747229580000,0.319
1747229640000,0.3087
1747229700000,0.312
1747229760000,0.3066
1747229820000,0.3055
1747229880000,0.2837
1747229940000,0.2753
1747230000000,0.2844
1747230060000,0.288
1747230120000,0.2797
1747230180000,0.2796
1747230240000,0.2764
1747230300000,0.2764
1747230360000,0.267
1747230420000,0.2702
1747230480000,0.2756
1747230540000,0.2721
1747230600000,0.2827
1747230660000,0.2721
1747230720000,0.2707
1747230780000,0.2766
1747230840000,0.2663
1747230900000,0.2591
1747230960000,0.2704
1747231020000,0.2561
1747231080000,0.2457
1747231140000,0.2683
1747231200000,0.267
1747231260000,0.2634
1747231320000,0.2704
1747231380000,0.2536
1747231440000,0.249
1747231500000,0.2623
1747231560000,0.2504
1747231620000,0.2422
1747231680000,0.2381
1747231740000,0.2336
1747231800000,0.2365
1747231860000,0.2422
1747231920000,0.2425
1747231980000,0.2462
1747232040000,0.2378
1747232100000,0.2318
1747232160000,0.2265
1747232220000,0.226
1747232280000,0.2217
1747232340000,0.229
1747232400000,0.2367
1747232460000,0.24
1747232520000,0.2329
1747232580000,0.2285
1747232640000,0.2254
1747232700000,0.2364
1747232760000,0.2333
1747232820000,0.2158
1747232880000,0.2126
1747232940000,0.2125
1747233000000,0.2133
1747233060000,0.2157
1747233120000,0.2257
1747233180000,0.2218
1747233240000,0.2256
1747233300000,0.2237
1747233360000,0.2334
1747233420000,0.2232
1747233480000,0.2308
1747233540000,0.2125
1747233600000,0.2167
1747233660000,0.2228
1747233720000,0.2176
1747233780000,0.2165
1747233840000,0.2196
1747233900000,0.2179
1747233960000,0.2103
1747234020000,0.2076
1747234080000,0.2022
1747234140000,0.2058
1747234200000,0.2011
1747234260000,0.1951
1747234320000,0.1978
1747234380000,0.2073
1747234440000,0.2172
1747234500000,0.2197
1747234560000,0.2093
1747234620000,0.2053
1747234680000,0.1969
1747234740000,0.1972
1747234800000,0.2145
1747234860000,0.2073
1747234920000,0.2198
1747234980000,0.216
1747235040000,0.2175
1747235100000,0.223
1747235160000,0.2101
1747235220000,0.2149
1747235280000,0.2081
1747235340000,0.2105
1747235400000,0.209
1747235460000,0.2103
1747235520000,0.2096
1747235580000,0.2013
1747235640000,0.2012
1747235700000,0.1952
1747235760000,0.1936
1747235820000,0.2105
1747235880000,0.2113
1747235940000,0.205
1747236000000,0.2129
1747236060000,0.216
1747236120000,0.2102
1747236180000,0.205
1747236240000,0.201
1747236300000,0.2035
1747236360000,0.1951
1747236420000,0.1931
1747236480000,0.2195
1747236540000,0.21
1747236600000,0.198
1747236660000,0.2095
1747236720000,0.2042
1747236780000,0.198
1747236840000,0.2055
1747236900000,0.1938
1747236960000,0.184
1747237020000,0.1847
1747237080000,0.1984
1747237140000,0.201
1747237200000,0.215
1747237260000,0.2142
1747237320000,0.1973
1747237380000,0.2029
1747237440000,0.1937
1747237500000,0.1911
1747237560000,0.2016
1747237620000,0.1991
1747237680000,0.2022
1747237740000,0.1826
1747237800000,0.1866
1747237860000,0.2024
1747237920000,0.1885
1747237980000,0.1819
1747238040000,0.1946
1747238100000,0.1996
1747238160000,0.1967
1747238220000,0.1919
1747238280000,0.2121
1747238340000,0.2214
1747238400000,0.2198
1747238460000,0.2119
1747238520000,0.2047
1747238580000,0.2015
1747238640000,0.2051
1747238700000,0.2081
1747238760000,0.203
1747238820000,0.2093
1747238880000,0.2011
1747238940000,0.197
1747239000000,0.1858
1747239060000,0.189
1747239120000,0.2017
1747239180000,0.1969
1747239240000,0.1993
1747239300000,0.1869
1747239360000,0.194
1747239420000,0.1878
1747239480000,0.1956
1747239540000,0.1942
1747239600000,0.1876
1747239660000,0.2032
1747239720000,0.2185
1747239780000,0.2085
1747239840000,0.214
1747239900000,0.222
1747239960000,0.2147
1747240020000,0.2033
1747240080000,0.2027
1747240140000,0.1983
1747240200000,0.1932
1747240260000,0.1958
1747240320000,0.1891
1747240380000,0.205
1747240440000,0.217
1747240500000,0.201
1747240560000,0.212
1747240620000,0.2099
1747240680000,0.214
1747240740000,0.2072
1747240800000,0.191
1747240860000,0.1995
1747240920000,0.1929
1747240980000,0.1991
1747241040000,0.1855
1747241100000,0.1774
1747241160000,0.1681
1747241220000,0.188
1747241280000,0.1844
1747241340000,0.1925
1747241400000,0.1873
1747241460000,0.1939
1747241520000,0.2022
1747241580000,0.1917
1747241640000,0.1969
1747241700000,0.1922
1747241760000,0.1796
1747241820000,0.2019
1747241880000,0.215
1747241940000,0.2008
1747242000000,0.1904
1747242060000,0.2101
1747242120000,0.1906
1747242180000,0.1938
1747242240000,0.1968
1747242300000,0.199
1747242360000,0.1921
1747242420000,0.1859
1747242480000,0.1801
1747242540000,0.189
1747242600000,0.187
1747242660000,0.1862
1747242720000,0.1922
1747242780000,0.1953
1747242840000,0.1854
1747242900000,0.1898
1747242960000,0.1834
1747243020000,0.1872
1747243080000,0.1936
1747243140000,0.1985
1747243200000,0.1969
1747243260000,0.1979
1747243320000,0.1899
1747243380000,0.1844
1747243440000,0.1852
1747243500000,0.1891
1747243560000,0.1859
1747243620000,0.1952
1747243680000,0.1923
1747243740000,0.1853
1747243800000,0.1743
1747243860000,0.1747
1747243920000,0.1804
1747243980000,0.1796
1747244040000,0.175
1747244100000,0.1932
1747244160000,0.1921
1747244220000,0.1934
1747244280000,0.1863
1747244340000,0.1899
1747244400000,0.1926
1747244460000,0.1837
1747244520000,0.181
1747244580000,0.1724
1747244640000,0.177
1747244700000,0.1795
1747244760000,0.1785
1747244820000,0.1854
1747244880000,0.1748
1747244940000,0.1814
1747245000000,0.1793
1747245060000,0.1767
1747245120000,0.1892
1747245180000,0.1919
1747245240000,0.1922
1747245300000,0.186
1747245360000,0.1967
1747245420000,0.2096
1747245480000,0.2045
1747245540000,0.194
1747245600000,0.1903
1747245660000,0.1985
1747245720000,0.1878
1747245780000,0.1923
1747245840000,0.1852
1747245900000,0.1825
1747245960000,0.1825
1747246020000,0.1765
1747246080000,0.1848
1747246140000,0.1798
1747246200000,0.1742
1747246260000,0.1833
1747246320000,0.1734
1747246380000,0.1913
1747246440000,0.1866
1747246500000,0.196
1747246560000,0.1882
1747246620000,0.1926
1747246680000,0.1962
1747246740000,0.1716
1747246800000,0.1706
1747246860000,0.183
1747246920000,0.1752
1747246980000,0.1735
1747247040000,0.1761
1747247100000,0.1708
1747247160000,0.1728
1747247220000,0.1778
1747247280000,0.1782
1747247340000,0.1773
1747247400000,0.1758
1747247460000,0.1815
1747247520000,0.1821
1747247580000,0.1763
1747247640000,0.1817
1747247700000,0.1815
1747247760000,0.1851
1747247820000,0.1834
1747247880000,0.186
1747247940000,0.1811
1747248000000,0.1729
1747248060000,0.1696
1747248120000,0.1782
1747248180000,0.1881
1747248240000,0.174
1747248300000,0.1741
1747248360000,0.1754
1747248420000,0.1697
1747248480000,0.173
1747248540000,0.1703
1747248600000,0.1618
1747248660000,0.1665
1747248720000,0.1768
1747248780000,0.1904
1747248840000,0.1924
1747248900000,0.1858
1747248960000,0.1862
1747249020000,0.179
1747249080000,0.1913
1747249140000,0.1887
1747249200000,0.182
1747249260000,0.1847
1747249320000,0.1933
1747249380000,0.1768
1747249440000,0.1669
1747249500000,0.1686
1747249560000,0.1842
1747249620000,0.1913
1747249680000,0.1971
1747249740000,0.1956
1747249800000,0.1981
1747249860000,0.1973
1747249920000,0.1783
1747249980000,0.1914
1747250040000,0.1878
1747250100000,0.1808
1747250160000,0.1842
1747250220000,0.1904
1747250280000,0.1915
1747250340000,0.1902
1747250400000,0.1904
1747250460000,0.1989
1747250520000,0.1897
1747250580000,0.1818
1747250640000,0.1838
1747250700000,0.1753
1747250760000,0.1852
1747250820000,0.1684
1747250880000,0.1806
1747250940000,0.1757
1747251000000,0.182
1747251060000,0.177
1747251120000,0.1737
1747251180000,0.1747
1747251240000,0.1812
1747251300000,0.1864
1747251360000,0.1826
1747251420000,0.1798
1747251480000,0.1947
1747251540000,0.1877
1747251600000,0.1874
1747251660000,0.1951
1747251720000,0.1986
1747251780000,0.1982
1747251840000,0.179
1747251900000,0.1745
1747251960000,0.1845
1747252020000,0.189
1747252080000,0.1838
1747252140000,0.1775
1747252200000,0.1756
1747252260000,0.1799
1747252320000,0.1735
1747252380000,0.1658
1747252440000,0.1754
1747252500000,0.1692
1747252560000,0.171
1747252620000,0.1856
1747252680000,0.1941
1747252740000,0.1819
1747252800000,0.1747
1747252860000,0.1852
1747252920000,0.1938
1747252980000,0.1826
1747253040000,0.18
1747253100000,0.1895
1747253160000,0.2022
1747253220000,0.1964
1747253280000,0.1787
1747253340000,0.1757
1747253400000,0.1705
1747253460000,0.1749
1747253520000,0.1729
1747253580000,0.1947
1747253640000,0.1835
1747253700000,0.1896
1747253760000,0.1828
1747253820000,0.1895
1747253880000,0.1801
1747253940000,0.1778
1747254000000,0.1722
1747254060000,0.1738
1747254120000,0.1738
1747254180000,0.1861
1747254240000,0.1803
1747254300000,0.1777
1747254360000,0.1923
1747254420000,0.195
1747254480000,0.1984
1747254540000,0.1969
1747254600000,0.2054
1747254660000,0.1979
1747254720000,0.1838
1747254780000,0.171
1747254840000,0.1692
1747254900000,0.1785
1747254960000,0.1696
1747255020000,0.187
1747255080000,0.1933
1747255140000,0.1829
1747255200000,0.1853
1747255260000,0.182
1747255320000,0.1788
1747255380000,0.1856
1747255440000,0.1771
1747255500000,0.1702
1747255560000,0.1826
1747255620000,0.1815
1747255680000,0.186
1747255740000,0.187
1747255800000,0.1918
1747255860000,0.1778
1747255920000,0.1701
1747255980000,0.1795
1747256040000,0.1853
1747256100000,0.1871
1747256160000,0.1828
1747256220000,0.1758
1747256280000,0.1872
1747256340000,0.1897
1747256400000,0.196
1747256460000,0.1978
1747256520000,0.1933
1747256580000,0.1907
1747256640000,0.1884
1747256700000,0.1915
1747256760000,0.191
1747256820000,0.1774
1747256880000,0.1698
1747256940000,0.186
1747257000000,0.1821
1747257060000,0.1893
1747257120000,0.1755
1747257180000,0.1855
1747257240000,0.1832
1747257300000,0.1877
1747257360000,0.1887
1747257420000,0.1854
1747257480000,0.1837
1747257540000,0.1834
1747257600000,0.1794
1747257660000,0.1816
1747257720000,0.1902
1747257780000,0.1901
1747257840000,0.188
1747257900000,0.1805
1747257960000,0.1851
1747258020000,0.1947
1747258080000,0.2075
1747258140000,0.2121
1747258200000,0.2035
1747258260000,0.2004
1747258320000,0.1875
1747258380000,0.1915
1747258440000,0.1924
1747258500000,0.1885
1747258560000,0.1826
1747258620000,0.1929
1747258680000,0.1894
1747258740000,0.1723
1747258800000,0.1786
1747258860000,0.175
1747258920000,0.1665
1747258980000,0.1586
1747259040000,0.1675
1747259100000,0.1922
1747259160000,0.1898
1747259220000,0.1775
1747259280000,0.182
1747259340000,0.1924
1747259400000,0.194
1747259460000,0.1857
1747259520000,0.1818
1747259580000,0.1894
1747259640000,0.1893
1747259700000,0.1857
1747259760000,0.1931
1747259820000,0.1893
1747259880000,0.1952
1747259940000,0.2022
1747260000000,0.191
1747260060000,0.187
1747260120000,0.1982
1747260180000,0.204
1747260240000,0.2081
1747260300000,0.2071
1747260360000,0.2013
1747260420000,0.204
1747260480000,0.2005
1747260540000,0.1975
1747260600000,0.2022
1747260660000,0.204
1747260720000,0.2007
1747260780000,0.2
1747260840000,0.199
1747260900000,0.1942
1747260960000,0.182
1747261020000,0.1847
1747261080000,0.1783
1747261140000,0.181
1747261200000,0.1872
1747261260000,0.198
1747261320000,0.1967
1747261380000,0.1898
1747261440000,0.2053
1747261500000,0.192
1747261560000,0.1945
1747261620000,0.1947
1747261680000,0.1895
1747261740000,0.1951
1747261800000,0.2017
1747261860000,0.1985
1747261920000,0.2097
1747261980000,0.2123
1747262040000,0.2032
1747262100000,0.1955
1747262160000,0.1898
1747262220000,0.1994
1747262280000,0.1932
1747262340000,0.202
1747262400000,0.2049
1747262460000,0.2046
1747262520000,0.205
1747262580000,0.2145
1747262640000,0.2103
1747262700000,0.2038
1747262760000,0.2209
1747262820000,0.211
1747262880000,0.2025
1747262940000,0.2013
1747263000000,0.1926
1747263060000,0.1905
1747263120000,0.2009
1747263180000,0.2016
1747263240000,0.2086
1747263300000,0.209
1747263360000,0.2129
1747263420000,0.2065
1747263480000,0.2174
1747263540000,0.2193
1747263600000,0.2101
1747263660000,0.2204
1747263720000,0.2235
1747263780000,0.223
1747263840000,0.2252
1747263900000,0.231
1747263960000,0.2319
1747264020000,0.2394
1747264080000,0.2258
1747264140000,0.226
1747264200000,0.22
1747264260000,0.2152
1747264320000,0.2173
1747264380000,0.2204
1747264440000,0.221
1747264500000,0.218
1747264560000,0.229
1747264620000,0.245
1747264680000,0.2471
1747264740000,0.2366
1747264800000,0.2415
1747264860000,0.2494
1747264920000,0.2443
1747264980000,0.2474
1747265040000,0.2388
1747265100000,0.2386
1747265160000,0.2496
1747265220000,0.2505
1747265280000,0.2615
1747265340000,0.2455
1747265400000,0.225
1747265460000,0.2281
1747265520000,0.2311
1747265580000,0.2385
1747265640000,0.2421
1747265700000,0.2403
1747265760000,0.2432
1747265820000,0.2375
1747265880000,0.2424
1747265940000,0.2477
1747266000000,0.2603
1747266060000,0.258
1747266120000,0.2547
1747266180000,0.2498
1747266240000,0.2523
1747266300000,0.254
1747266360000,0.255
1747266420000,0.2528
1747266480000,0.2638
1747266540000,0.2775
1747266600000,0.2712
1747266660000,0.2633
1747266720000,0.2704
1747266780000,0.2753
1747266840000,0.2729
1747266900000,0.2783
1747266960000,0.2895
1747267020000,0.2945
1747267080000,0.2942
1747267140000,0.278
1747267200000,0.2746
1747267260000,0.2864
1747267320000,0.2856
1747267380000,0.2809
1747267440000,0.284
1747267500000,0.2902
1747267560000,0.3022
1747267620000,0.3165
1747267680000,0.312
1747267740000,0.3209
1747267800000,0.2992
1747267860000,0.2899
1747267920000,0.3244
1747267980000,0.3123
1747268040000,0.308
1747268100000,0.2993
1747268160000,0.316
1747268220000,0.3238
1747268280000,0.3182
1747268340000,0.3339
1747268400000,0.3405
1747268460000,0.329
1747268520000,0.3212
1747268580000,0.3221
1747268640000,0.3294
1747268700000,0.3395
1747268760000,0.3527
1747268820000,0.3544
1747268880000,0.3329
1747268940000,0.3261
1747269000000,0.3433
1747269060000,0.333
1747269120000,0.3396
1747269180000,0.3402
1747269240000,0.335
1747269300000,0.3456
1747269360000,0.3383
1747269420000,0.3356
1747269480000,0.3452
1747269540000,0.3679
1747269600000,0.3535
1747269660000,0.3613
1747269720000,0.3696
1747269780000,0.3594
1747269840000,0.3517
1747269900000,0.3589
1747269960000,0.3629
1747270020000,0.345
1747270080000,0.3387
1747270140000,0.3659
1747270200000,0.3657
1747270260000,0.3623
1747270320000,0.3666
1747270380000,0.3523
1747270440000,0.3837
1747270500000,0.3641
1747270560000,0.3643
1747270620000,0.3533
1747270680000,0.3535
1747270740000,0.4025
1747270800000,0.3899
1747270860000,0.3907
1747270920000,0.3649
1747270980000,0.3664
1747271040000,0.3605
1747271100000,0.3597
1747271160000,0.3846
1747271220000,0.3816
1747271280000,0.3794
1747271340000,0.3875
1747271400000,0.3876
1747271460000,0.3959
1747271520000,0.3755
1747271580000,0.3714
1747271640000,0.3701
1747271700000,0.3508
1747271760000,0.3665
1747271820000,0.3685
1747271880000,0.3769
1747271940000,0.3854
1747272000000,0.3986
1747272060000,0.3999
1747272120000,0.383
1747272180000,0.4059
1747272240000,0.4065
1747272300000,0.3775
1747272360000,0.3721
1747272420000,0.3627
1747272480000,0.3592
1747272540000,0.3634
1747272600000,0.3882
1747272660000,0.403
1747272720000,0.4035
1747272780000,0.4024
1747272840000,0.4185
1747272900000,0.3825
1747272960000,0.3784
1747273020000,0.372
1747273080000,0.3547
1747273140000,0.3804
1747273200000,0.3779
1747273260000,0.3892
1747273320000,0.3857
1747273380000,0.3912
1747273440000,0.3989
1747273500000,0.4203
1747273560000,0.4051
1747273620000,0.3929
1747273680000,0.3999
1747273740000,0.3972
1747273800000,0.3991
1747273860000,0.3923
1747273920000,0.3941
1747273980000,0.3839
1747274040000,0.3767
1747274100000,0.3862
1747274160000,0.3864
1747274220000,0.3886
1747274280000,0.3872
1747274340000,0.3899
1747274400000,0.3806
1747274460000,0.3869
1747274520000,0.3859
1747274580000,0.377
1747274640000,0.3644
1747274700000,0.3764
1747274760000,0.37
1747274820000,0.3871
1747274880000,0.4018
1747274940000,0.4085
1747275000000,0.3989
1747275060000,0.3875
1747275120000,0.3885
1747275180000,0.3925
1747275240000,0.403
1747275300000,0.4044
1747275360000,0.3877
1747275420000,0.418
1747275480000,0.4137
1747275540000,0.395
1747275600000,0.3865
1747275660000,0.3971
1747275720000,0.3793
1747275780000,0.3944
1747275840000,0.3862
1747275900000,0.4027
1747275960000,0.4106
1747276020000,0.4018
1747276080000,0.4036
1747276140000,0.4144
1747276200000,0.3946
1747276260000,0.4002
1747276320000,0.4065
1747276380000,0.4019
1747276440000,0.3897
1747276500000,0.3883
1747276560000,0.3921
1747276620000,0.4205
1747276680000,0.3803
1747276740000,0.376
1747276800000,0.3712
1747276860000,0.4017
1747276920000,0.4136
1747276980000,0.4156
1747277040000,0.4017
1747277100000,0.3926
1747277160000,0.4053
1747277220000,0.396
1747277280000,0.3835
1747277340000,0.3829
1747277400000,0.3728
1747277460000,0.3923
1747277520000,0.406
1747277580000,0.3971
1747277640000,0.3947
1747277700000,0.3817
1747277760000,0.397
1747277820000,0.4074
1747277880000,0.3912
1747277940000,0.3665
1747278000000,0.3843
1747278060000,0.418
1747278120000,0.3942
1747278180000,0.3835
1747278240000,0.3771
1747278300000,0.3909
1747278360000,0.4076
1747278420000,0.38
1747278480000,0.3894
1747278540000,0.4075
1747278600000,0.424
1747278660000,0.4176
1747278720000,0.4186
1747278780000,0.4357
1747278840000,0.4104
1747278900000,0.3858
1747278960000,0.3898
1747279020000,0.3833
1747279080000,0.3811
1747279140000,0.383
1747279200000,0.401
1747279260000,0.412
1747279320000,0.4023
1747279380000,0.3931
1747279440000,0.3828
1747279500000,0.3649
1747279560000,0.3862
1747279620000,0.3898
1747279680000,0.3576
1747279740000,0.3649
1747279800000,0.3662
1747279860000,0.3713
1747279920000,0.377
1747279980000,0.3615
1747280040000,0.3715
1747280100000,0.3672
1747280160000,0.375
1747280220000,0.3567
1747280280000,0.3505
1747280340000,0.3606
1747280400000,0.3888
1747280460000,0.3821
1747280520000,0.3843
1747280580000,0.3838
1747280640000,0.3835
1747280700000,0.3735
1747280760000,0.3775
1747280820000,0.3736
1747280880000,0.3637
1747280940000,0.3672
1747281000000,0.3675
1747281060000,0.3669
1747281120000,0.3773
1747281180000,0.3694
1747281240000,0.3526
1747281300000,0.381
1747281360000,0.3716
1747281420000,0.3806
1747281480000,0.3647
1747281540000,0.3617
1747281600000,0.4039
1747281660000,0.4027
1747281720000,0.3854
1747281780000,0.394
1747281840000,0.3843
1747281900000,0.3757
1747281960000,0.3681
1747282020000,0.3499
1747282080000,0.3428
1747282140000,0.3498
1747282200000,0.383
1747282260000,0.3805
1747282320000,0.3746
1747282380000,0.3694
1747282440000,0.3797
1747282500000,0.364
1747282560000,0.3658
1747282620000,0.3534
1747282680000,0.3676
1747282740000,0.3468
1747282800000,0.3534
1747282860000,0.3421
1747282920000,0.3351
1747282980000,0.346
1747283040000,0.3571
1747283100000,0.3746
1747283160000,0.3745
1747283220000,0.3659
1747283280000,0.3665
1747283340000,0.367
1747283400000,0.3694
1747283460000,0.3418
1747283520000,0.3531
1747283580000,0.3466
1747283640000,0.357
1747283700000,0.3564
1747283760000,0.3481
1747283820000,0.3624
1747283880000,0.3766
1747283940000,0.354
1747284000000,0.336
1747284060000,0.3263
1747284120000,0.3602
1747284180000,0.3415
1747284240000,0.3339
1747284300000,0.3409
1747284360000,0.3432
1747284420000,0.3459
1747284480000,0.368
1747284540000,0.3567
1747284600000,0.3505
1747284660000,0.3272
1747284720000,0.3375
1747284780000,0.3385
1747284840000,0.3566
1747284900000,0.3555
1747284960000,0.3417
1747285020000,0.3251
1747285080000,0.3345
1747285140000,0.3411
1747285200000,0.3507
1747285260000,0.3474
1747285320000,0.3573
1747285380000,0.3451
1747285440000,0.3451
1747285500000,0.3305
1747285560000,0.319
1747285620000,0.3094
1747285680000,0.3145
1747285740000,0.3156
1747285800000,0.3216
1747285860000,0.336
1747285920000,0.3402
1747285980000,0.3541
1747286040000,0.3497
1747286100000,0.3469
1747286160000,0.3487
1747286220000,0.3449
1747286280000,0.3449
1747286340000,0.337
1747286400000,0.3109
1747286460000,0.3096
1747286520000,0.308
1747286580000,0.318
1747286640000,0.3159
1747286700000,0.3329
1747286760000,0.3427
1747286820000,0.3482
1747286880000,0.3473
1747286940000,0.3401
1747287000000,0.331
1747287060000,0.3422
1747287120000,0.3471
1747287180000,0.3674
1747287240000,0.3762
1747287300000,0.3507
1747287360000,0.3651
1747287420000,0.3492
1747287480000,0.3322
1747287540000,0.3237
1747287600000,0.3148
1747287660000,0.3144
1747287720000,0.3252
1747287780000,0.3155
1747287840000,0.3261
1747287900000,0.3177
1747287960000,0.3342
1747288020000,0.335
1747288080000,0.3537
1747288140000,0.3293
1747288200000,0.3233
1747288260000,0.3167
1747288320000,0.31
1747288380000,0.3192
1747288440000,0.3144
1747288500000,0.3112
1747288560000,0.3352
1747288620000,0.3235
1747288680000,0.3236
1747288740000,0.3247
1747288800000,0.3305
1747288860000,0.3263
1747288920000,0.3288
1747288980000,0.3182
1747289040000,0.3426
1747289100000,0.3496
1747289160000,0.3456
1747289220000,0.3403
1747289280000,0.3305
1747289340000,0.3331
1747289400000,0.3285
1747289460000,0.319
1747289520000,0.3475
1747289580000,0.3454
1747289640000,0.3386
1747289700000,0.3315
1747289760000,0.3482
1747289820000,0.3309
1747289880000,0.3275
1747289940000,0.3389
1747290000000,0.333
1747290060000,0.3335
1747290120000,0.3458
1747290180000,0.341
1747290240000,0.3399
1747290300000,0.3272
1747290360000,0.3296
1747290420000,0.3362
1747290480000,0.3503
1747290540000,0.3462
1747290600000,0.3604
1747290660000,0.3812
1747290720000,0.3494
1747290780000,0.3423
1747290840000,0.3427
1747290900000,0.3599
1747290960000,0.3502
1747291020000,0.3414
1747291080000,0.3312
1747291140000,0.3257
1747291200000,0.3435
1747291260000,0.3594
1747291320000,0.3662
1747291380000,0.3785
1747291440000,0.3734
1747291500000,0.3703
1747291560000,0.3748
1747291620000,0.374
1747291680000,0.377
1747291740000,0.3494
1747291800000,0.3401
1747291860000,0.3486
1747291920000,0.3426
1747291980000,0.3559
1747292040000,0.3503
1747292100000,0.3566
1747292160000,0.3857
1747292220000,0.3704
1747292280000,0.3865
1747292340000,0.3883
1747292400000,0.3596
1747292460000,0.3632
1747292520000,0.377
1747292580000,0.3695
1747292640000,0.3699
1747292700000,0.3683
1747292760000,0.3711
1747292820000,0.3654
1747292880000,0.3522
1747292940000,0.3671
1747293000000,0.387
1747293060000,0.3661
1747293120000,0.371
1747293180000,0.3846
1747293240000,0.3756
1747293300000,0.3738
1747293360000,0.4003
1747293420000,0.3946
1747293480000,0.3781
1747293540000,0.3789
1747293600000,0.3929
1747293660000,0.3822
1747293720000,0.3809
1747293780000,0.4035
1747293840000,0.3853
1747293900000,0.3734
1747293960000,0.3757
1747294020000,0.3672
1747294080000,0.3565
1747294140000,0.3684
1747294200000,0.3631
1747294260000,0.3913
1747294320000,0.3893
1747294380000,0.3964
1747294440000,0.3992
1747294500000,0.3825
1747294560000,0.3529
1747294620000,0.3611
1747294680000,0.3814
1747294740000,0.3773
1747294800000,0.3946
1747294860000,0.396
1747294920000,0.3977
1747294980000,0.3954
1747295040000,0.372
1747295100000,0.3826
1747295160000,0.3997
1747295220000,0.3865
1747295280000,0.3576
1747295340000,0.3773
1747295400000,0.3574
1747295460000,0.4
1747295520000,0.3951
1747295580000,0.3934
1747295640000,0.3947
1747295700000,0.3858
1747295760000,0.3743
1747295820000,0.396
1747295880000,0.4201
1747295940000,0.4335
1747296000000,0.4198
1747296060000,0.4204
1747296120000,0.4169
1747296180000,0.4257
1747296240000,0.4037
1747296300000,0.3906
1747296360000,0.4155
1747296420000,0.3967
1747296480000,0.3901
1747296540000,0.389
1747296600000,0.4076
1747296660000,0.4192
1747296720000,0.4314
1747296780000,0.4067
1747296840000,0.407
1747296900000,0.4232
1747296960000,0.4244
1747297020000,0.3983
1747297080000,0.3928
1747297140000,0.3981
1747297200000,0.3878
1747297260000,0.409
1747297320000,0.4225
1747297380000,0.4355
1747297440000,0.4094
1747297500000,0.4165
1747297560000,0.4038
1747297620000,0.4254
1747297680000,0.4177
1747297740000,0.4389
1747297800000,0.4285
1747297860000,0.4047
1747297920000,0.3875
1747297980000,0.3941
1747298040000,0.4239
1747298100000,0.4354
1747298160000,0.4368
1747298220000,0.4459
1747298280000,0.4367
1747298340000,0.4245
1747298400000,0.4256
1747298460000,0.4263
1747298520000,0.419
1747298580000,0.4267
1747298640000,0.4239
1747298700000,0.4313
1747298760000,0.4186
1747298820000,0.4188
1747298880000,0.4163
1747298940000,0.4063
1747299000000,0.4181
1747299060000,0.4363
1747299120000,0.45
1747299180000,0.4442
1747299240000,0.4144
1747299300000,0.4017
1747299360000,0.3875
1747299420000,0.4033
1747299480000,0.4273
1747299540000,0.4283
1747299600000,0.4239
1747299660000,0.4198
1747299720000,0.4468
1747299780000,0.4248
1747299840000,0.4499
1747299900000,0.4229
1747299960000,0.4423
1747300020000,0.4462
1747300080000,0.4356
1747300140000,0.434
1747300200000,0.4172
1747300260000,0.4196
1747300320000,0.438
1747300380000,0.4285
1747300440000,0.4491
1747300500000,0.4432
1747300560000,0.4519
1747300620000,0.439
1747300680000,0.41
1747300740000,0.4025
1747300800000,0.3943
1747300860000,0.3827
1747300920000,0.4151
1747300980000,0.4108
1747301040000,0.4191
1747301100000,0.4059
1747301160000,0.3834
1747301220000,0.3842
1747301280000,0.3892
1747301340000,0.3839
1747301400000,0.3842
1747301460000,0.383
1747301520000,0.3858
1747301580000,0.4116
1747301640000,0.4735
1747301700000,0.4715
1747301760000,0.4629
1747301820000,0.4519
1747301880000,0.4465
1747301940000,0.4536
1747302000000,0.4309
1747302060000,0.4666
1747302120000,0.4743
1747302180000,0.462
1747302240000,0.4711
1747302300000,0.4626
1747302360000,0.4812
1747302420000,0.4976
