timestamp,middleware_metaq_send_rt
1747042380000,2.3572
1747042440000,2.6444
1747042500000,2.5793
1747042560000,2.658
1747042620000,2.5159
1747042680000,2.6841
1747042740000,2.4583
1747042800000,2.6343
1747042860000,2.3759
1747042920000,2.5527
1747042980000,2.2624
1747043040000,2.4794
1747043100000,2.541
1747043160000,2.4839
1747043220000,2.4346
1747043280000,2.5264
1747043340000,2.5221
1747043400000,2.3715
1747043460000,2.4646
1747043520000,2.4043
1747043580000,2.5208
1747043640000,2.4079
1747043700000,2.5065
1747043760000,2.5832
1747043820000,2.52
1747043880000,2.4497
1747043940000,2.6738
1747044000000,2.5701
1747044060000,2.752
1747044120000,2.4904
1747044180000,2.4992
1747044240000,2.4432
1747044300000,2.3955
1747044360000,2.4236
1747044420000,2.4909
1747044480000,2.5207
1747044540000,2.4549
1747044600000,2.7197
1747044660000,2.5849
1747044720000,2.4777
1747044780000,2.6886
1747044840000,2.5635
1747044900000,2.4573
1747044960000,2.5428
1747045020000,2.4057
1747045080000,2.5215
1747045140000,2.7579
1747045200000,2.2727
1747045260000,2.3442
1747045320000,2.386
1747045380000,2.4882
1747045440000,2.4327
1747045500000,2.4198
1747045560000,2.3704
1747045620000,2.4054
1747045680000,2.4192
1747045740000,2.3654
1747045800000,2.6915
1747045860000,2.5755
1747045920000,2.4922
1747045980000,2.5219
1747046040000,2.3882
1747046100000,2.464
1747046160000,2.3753
1747046220000,2.568
1747046280000,2.5109
1747046340000,2.242
1747046400000,2.3724
1747046460000,2.4447
1747046520000,2.5405
1747046580000,2.5928
1747046640000,2.5741
1747046700000,2.2547
1747046760000,2.4514
1747046820000,2.2549
1747046880000,2.3892
1747046940000,2.2999
1747047000000,2.7517
1747047060000,2.5005
1747047120000,2.527
1747047180000,2.3803
1747047240000,2.3277
1747047300000,2.6405
1747047360000,2.4761
1747047420000,2.3591
1747047480000,2.4682
1747047540000,2.4655
1747047600000,2.399
1747047660000,2.337
1747047720000,2.3814
1747047780000,2.452
1747047840000,2.5274
1747047900000,2.6339
1747047960000,2.4701
1747048020000,2.3882
1747048080000,2.3579
1747048140000,2.3824
1747048200000,2.3743
1747048260000,2.7035
1747048320000,2.3048
1747048380000,2.3029
1747048440000,2.5629
1747048500000,2.6727
1747048560000,2.4674
1747048620000,2.5055
1747048680000,2.6117
1747048740000,2.4104
1747048800000,2.3623
1747048860000,2.5297
1747048920000,2.4592
1747048980000,2.3289
1747049040000,2.3756
1747049100000,2.5619
1747049160000,2.3819
1747049220000,2.5422
1747049280000,2.5942
1747049340000,2.5199
1747049400000,2.3511
1747049460000,2.3845
1747049520000,2.389
1747049580000,2.5603
1747049640000,2.3453
1747049700000,2.7763
1747049760000,2.1368
1747049820000,2.3731
1747049880000,2.4873
1747049940000,2.4514
1747050000000,2.761
1747050060000,2.5491
1747050120000,2.4751
1747050180000,2.6277
1747050240000,2.2135
1747050300000,2.5058
1747050360000,2.3043
1747050420000,2.4084
1747050480000,2.5728
1747050540000,2.4554
1747050600000,2.4504
1747050660000,2.4507
1747050720000,2.4828
1747050780000,2.5673
1747050840000,2.4889
1747050900000,2.4152
1747050960000,2.5451
1747051020000,2.4964
1747051080000,2.4852
1747051140000,2.488
1747051200000,2.6833
1747051260000,2.5483
1747051320000,2.4265
1747051380000,2.3945
1747051440000,2.5545
1747051500000,2.5968
1747051560000,2.4751
1747051620000,2.2902
1747051680000,2.6075
1747051740000,2.2903
1747051800000,2.6253
1747051860000,2.6768
1747051920000,2.506
1747051980000,2.4031
1747052040000,2.4173
1747052100000,2.5285
1747052160000,2.6002
1747052220000,2.3358
1747052280000,2.375
1747052340000,2.2482
1747052400000,2.5111
1747052460000,2.4354
1747052520000,2.2771
1747052580000,2.4538
1747052640000,2.499
1747052700000,2.2301
1747052760000,2.6897
1747052820000,2.4582
1747052880000,2.4789
1747052940000,2.407
1747053000000,2.4145
1747053060000,2.3532
1747053120000,2.5167
1747053180000,2.3413
1747053240000,2.4258
1747053300000,2.3453
1747053360000,2.5079
1747053420000,2.3986
1747053480000,2.4332
1747053540000,2.7523
1747053600000,2.4036
1747053660000,2.2496
1747053720000,2.4368
1747053780000,2.388
1747053840000,2.4765
1747053900000,2.3342
1747053960000,2.5246
1747054020000,2.3183
1747054080000,2.4984
1747054140000,2.5884
1747054200000,2.4663
1747054260000,2.6766
1747054320000,2.4795
1747054380000,2.4975
1747054440000,2.1571
1747054500000,2.5113
1747054560000,2.3304
1747054620000,2.2548
1747054680000,2.7812
1747054740000,2.4403
1747054800000,2.4157
1747054860000,2.2409
1747054920000,2.5252
1747054980000,2.5999
1747055040000,2.4971
1747055100000,2.4922
1747055160000,2.5719
1747055220000,2.2576
1747055280000,2.4205
1747055340000,2.2882
1747055400000,2.3838
1747055460000,2.4067
1747055520000,2.7299
1747055580000,2.5142
1747055640000,2.4282
1747055700000,2.3877
1747055760000,2.6366
1747055820000,3.2648
1747055880000,4.7119
1747055940000,2.7288
1747056000000,2.3655
1747056060000,2.5283
1747056120000,2.3854
1747056180000,2.2221
1747056240000,2.4679
1747056300000,2.5285
1747056360000,2.6423
1747056420000,2.2674
1747056480000,2.2146
1747056540000,2.5963
1747056600000,2.3335
1747056660000,2.3216
1747056720000,2.624
1747056780000,2.4497
1747056840000,2.4618
1747056900000,2.1924
1747056960000,2.2594
1747057020000,2.5679
1747057080000,2.4331
1747057140000,2.3773
1747057200000,2.2405
1747057260000,2.2311
1747057320000,2.0409
1747057380000,2.4905
1747057440000,2.4637
1747057500000,2.2333
1747057560000,2.4144
1747057620000,2.5323
1747057680000,2.5452
1747057740000,2.7608
1747057800000,2.4912
1747057860000,2.2484
1747057920000,2.1681
1747057980000,2.5456
1747058040000,2.3299
1747058100000,2.238
1747058160000,2.5251
1747058220000,2.5569
1747058280000,2.5058
1747058340000,2.4819
1747058400000,2.1304
1747058460000,2.4347
1747058520000,2.7765
1747058580000,2.2453
1747058640000,2.5122
1747058700000,2.4486
1747058760000,2.2471
1747058820000,2.3962
1747058880000,2.3032
1747058940000,2.2565
1747059000000,2.4668
1747059060000,2.4219
1747059120000,2.7245
1747059180000,3.2475
1747059240000,2.3593
1747059300000,2.1248
1747059360000,2.5033
1747059420000,1.9687
1747059480000,2.2127
1747059540000,1.8472
1747059600000,2.4336
1747059660000,3.2365
1747059720000,2.1735
1747059780000,2.1879
1747059840000,2.6323
1747059900000,2.7909
1747059960000,2.1261
1747060020000,2.6085
1747060080000,2.0681
1747060140000,3.0402
1747060200000,2.6124
1747060260000,2.7771
1747060320000,2.1873
1747060380000,3.2999
1747060440000,2.7419
1747060500000,2.2721
1747060560000,2.8688
1747060620000,2.1344
1747060680000,2.9672
1747060740000,1.6476
1747060800000,2.4978
1747060860000,3.1049
1747060920000,2.3527
1747060980000,2.4711
1747061040000,2.8881
1747061100000,2.6063
1747061160000,2.6888
1747061220000,2.1097
1747061280000,2.5794
1747061340000,2.3573
1747061400000,2.417
1747061460000,2.252
1747061520000,1.8636
1747061580000,2.5804
1747061640000,3.2335
1747061700000,2.6581
1747061760000,2.2332
1747061820000,2.1527
1747061880000,2.7796
1747061940000,3.4968
1747062000000,2.4028
1747062060000,4.2763
1747062120000,2.9714
1747062180000,2.4364
1747062240000,2.4846
1747062300000,2.1501
1747062360000,2.3567
1747062420000,2.5342
1747062480000,2.0572
1747062540000,2.3198
1747062600000,2.1791
1747062660000,2.4182
1747062720000,2.3043
1747062780000,1.9178
1747062840000,1.8157
1747062900000,2.0151
1747062960000,2.4597
1747063020000,2.555
1747063080000,2.099
1747063140000,2.6778
1747063200000,1.768
1747063260000,2.1166
1747063320000,2.4409
1747063380000,3.1926
1747063440000,2.4533
1747063500000,1.9524
1747063560000,2.5238
1747063620000,2.0168
1747063680000,2.8199
1747063740000,2.7648
1747063800000,2.6547
1747063860000,2.3819
1747063920000,2.9573
1747063980000,1.7787
1747064040000,3.6903
1747064100000,2.3373
1747064160000,2.0584
1747064220000,2.9278
1747064280000,2.1873
1747064340000,2.1542
1747064400000,2.6508
1747064460000,2.6808
1747064520000,2.1644
1747064580000,2.4663
1747064640000,1.7
1747064700000,2.2945
1747064760000,2.1985
1747064820000,3.958
1747064880000,2.2571
1747064940000,2.1485
1747065000000,1.8857
1747065060000,2.4614
1747065120000,3.3458
1747065180000,2.2139
1747065240000,2.3289
1747065300000,1.7829
1747065360000,2.4579
1747065420000,2.6018
1747065480000,3.1062
1747065540000,2.314
1747065600000,2.7092
1747065660000,2.5562
1747065720000,2.5595
1747065780000,2.1023
1747065840000,2.1312
1747065900000,2.5885
1747065960000,2.9399
1747066020000,2.7685
1747066080000,2.5527
1747066140000,2.3516
1747066200000,2.8182
1747066260000,2.4324
1747066320000,1.9618
1747066380000,2.0088
1747066440000,2.5103
1747066500000,2.3462
1747066560000,1.6478
1747066620000,2.3606
1747066680000,2.5662
1747066740000,2.0278
1747066800000,3.3543
1747066860000,2.0405
1747066920000,2.8931
1747066980000,3.0955
1747067040000,1.8686
1747067100000,2.468
1747067160000,2.1194
1747067220000,2.8257
1747067280000,2.1621
1747067340000,2.7114
1747067400000,2.7616
1747067460000,2.4675
1747067520000,2.5122
1747067580000,2.4904
1747067640000,3.1076
1747067700000,2.4244
1747067760000,2.3541
1747067820000,2.1009
1747067880000,2.3019
1747067940000,2.0409
1747068000000,2.5785
1747068060000,1.9796
1747068120000,2.1731
1747068180000,2.3668
1747068240000,3.4561
1747068300000,2.1527
1747068360000,2.2988
1747068420000,2.3737
1747068480000,2.0388
1747068540000,1.6105
1747068600000,3.0056
1747068660000,3.3656
1747068720000,2.9491
1747068780000,3.6904
1747068840000,2.5025
1747068900000,2.1398
1747068960000,2.4033
1747069020000,3.0984
1747069080000,2.5996
1747069140000,2.0644
1747069200000,2.4934
1747069260000,2.9153
1747069320000,2.3299
1747069380000,1.8861
1747069440000,2.0115
1747069500000,2.7654
1747069560000,2.3018
1747069620000,2.6875
1747069680000,1.6793
1747069740000,2.6245
1747069800000,2.565
1747069860000,2.757
1747069920000,2.2598
1747069980000,1.6775
1747070040000,1.9335
1747070100000,2.9622
1747070160000,2.3549
1747070220000,2.4164
1747070280000,2.6327
1747070340000,1.8185
1747070400000,2.7879
1747070460000,2.5426
1747070520000,2.1009
1747070580000,2.6246
1747070640000,1.802
1747070700000,2.9348
1747070760000,2.6319
1747070820000,2.5994
1747070880000,3.1168
1747070940000,2.1406
1747071000000,2.587
1747071060000,2.2278
1747071120000,2.8723
1747071180000,2.3038
1747071240000,2.112
1747071300000,2.0345
1747071360000,2.7906
1747071420000,2.4184
1747071480000,2.8737
1747071540000,1.6321
1747071600000,2.8497
1747071660000,2.381
1747071720000,1.893
1747071780000,4.0
1747071840000,2.5139
1747071900000,2.2708
1747071960000,2.6563
1747072020000,5.0476
1747072080000,3.2752
1747072140000,1.7875
1747072200000,1.7157
1747072260000,2.6076
1747072320000,1.9874
1747072380000,2.5405
1747072440000,2.3269
1747072500000,2.5958
1747072560000,2.25
1747072620000,2.6716
1747072680000,1.6795
1747072740000,3.2674
1747072800000,1.7647
1747072860000,2.1346
1747072920000,2.5161
1747072980000,2.1128
1747073040000,2.6476
1747073100000,1.9182
1747073160000,3.0
1747073220000,2.3059
1747073280000,1.9022
1747073340000,2.5611
1747073400000,3.1822
1747073460000,3.0988
1747073520000,3.8085
1747073580000,3.3214
1747073640000,2.9575
1747073700000,1.8699
1747073760000,1.45
1747073820000,1.8333
1747073880000,3.535
1747073940000,2.3103
1747074000000,2.4933
1747074060000,2.684
1747074120000,3.6111
1747074180000,6.2586
1747074240000,3.325
1747074300000,1.5326
1747074360000,5.4242
1747074420000,1.1818
1747074480000,2.6453
1747074540000,1.8901
1747074600000,2.4234
1747074660000,2.1515
1747074720000,2.9701
1747074780000,1.7483
1747074840000,1.5849
1747074900000,1.9469
1747074960000,2.5856
1747075020000,3.3827
1747075080000,3.3295
1747075140000,2.8475
1747075200000,1.9265
1747075260000,3.0588
1747075320000,1.5
1747075380000,3.617
1747075440000,1.4918
1747075500000,1.4222
1747075560000,1.6897
1747075620000,1.525
1747075680000,1.8471
1747075740000,3.3404
1747075800000,3.0231
1747075860000,1.6842
1747075920000,1.4
1747075980000,3.5
1747076040000,2.1064
1747076100000,1.7581
1747076160000,1.44
1747076220000,1.7333
1747076280000,1.8302
1747076340000,3.8696
1747076400000,3.2562
1747076460000,2.0492
1747076520000,3.125
1747076580000,1.4551
1747076640000,2.673
1747076700000,2.0865
1747076760000,2.3216
1747076820000,2.0058
1747076880000,3.1628
1747076940000,2.6667
1747077000000,2.5867
1747077060000,2.902
1747077120000,4.675
1747077180000,2.4101
1747077240000,1.513
1747077300000,1.6486
1747077360000,3.2766
1747077420000,2.0203
1747077480000,1.84
1747077540000,2.5202
1747077600000,2.3846
1747077660000,4.8718
1747077720000,1.5556
1747077780000,5.8889
1747077840000,1.9508
1747077900000,3.0838
1747077960000,2.1786
1747078020000,2.913
1747078080000,2.6912
1747078140000,2.5976
1747078200000,2.2754
1747078260000,2.6068
1747078320000,1.6471
1747078380000,1.2609
1747078440000,1.3939
1747078500000,2.8167
1747078560000,4.9524
1747078620000,3.7667
1747078680000,1.6276
1747078740000,1.9754
1747078800000,4.8621
1747078860000,2.6667
1747078920000,1.9683
1747078980000,1.5714
1747079040000,1.3478
1747079100000,12.1818
1747079160000,2.907
1747079220000,1.7571
1747079280000,1.7674
1747079340000,2.5146
1747079400000,2.8659
1747079460000,2.0583
1747079520000,1.5111
1747079580000,1.5385
1747079640000,1.5385
1747079700000,1.6328
1747079760000,2.7389
1747079820000,1.7612
1747079880000,1.875
1747079940000,3.2066
1747080000000,2.6919
1747080060000,2.7188
1747080120000,3.0857
1747080180000,1.6667
1747080240000,1.8868
1747080300000,1.6923
1747080360000,2.8134
1747080420000,2.7564
1747080480000,2.4264
1747080540000,2.5339
1747080600000,3.5417
1747080660000,5.2381
1747080720000,1.8
1747080780000,1.5938
1747080840000,1.4643
1747080900000,1.625
1747080960000,1.7
1747081020000,4.6377
1747081080000,2.0
1747081140000,1.7733
1747081200000,2.5122
1747081260000,3.1136
1747081320000,5.0455
1747081380000,1.7719
1747081440000,3.9524
1747081500000,1.2222
1747081560000,1.7742
1747081620000,3.0692
1747081680000,3.0943
1747081740000,1.2857
1747081800000,5.6111
1747081860000,2.1412
1747081920000,1.7802
1747081980000,2.6038
1747082040000,1.9762
1747082100000,1.9362
1747082160000,1.8
1747082220000,1.6063
1747082280000,1.5987
1747082340000,1.1667
1747082400000,1.3793
1747082460000,1.6481
1747082520000,1.52
1747082580000,1.7143
1747082640000,2.3587
1747082700000,3.5636
1747082760000,3.0833
1747082820000,3.2208
1747082880000,1.2222
1747082940000,1.9143
1747083000000,1.7778
1747083060000,1.6324
1747083120000,1.6762
1747083180000,3.1494
1747083240000,1.7551
1747083300000,1.5625
1747083360000,2.1765
1747083420000,1.7647
1747083480000,1.973
1747083540000,1.9469
1747083600000,2.45
1747083660000,2.5787
1747083720000,2.2121
1747083780000,3.1594
1747083840000,1.6923
1747083900000,1.6279
1747083960000,1.7466
1747084020000,2.2825
1747084080000,2.8447
1747084140000,1.5789
1747084200000,2.0079
1747084260000,4.3271
1747084320000,1.7559
1747084380000,1.6364
1747084440000,2.9521
1747084500000,2.877
1747084560000,2.3544
1747084620000,2.1221
1747084680000,3.529
1747084740000,2.0958
1747084800000,2.4891
1747084860000,2.3455
1747084920000,1.8395
1747084980000,2.7848
1747085040000,2.2736
1747085100000,2.1914
1747085160000,3.2015
1747085220000,2.6207
1747085280000,2.8309
1747085340000,1.5417
1747085400000,6.4673
1747085460000,2.1282
1747085520000,1.7975
1747085580000,2.3095
1747085640000,2.0356
1747085700000,2.5
1747085760000,1.5826
1747085820000,1.6301
1747085880000,1.5873
1747085940000,2.0534
1747086000000,2.5931
1747086060000,1.8592
1747086120000,2.0263
1747086180000,2.3394
1747086240000,2.6563
1747086300000,1.4521
1747086360000,2.6878
1747086420000,2.45
1747086480000,2.6389
1747086540000,1.9161
1747086600000,2.1043
1747086660000,1.8037
1747086720000,1.9004
1747086780000,2.254
1747086840000,2.3857
1747086900000,2.2212
1747086960000,1.9412
1747087020000,2.0167
1747087080000,2.5457
1747087140000,1.7964
1747087200000,2.1618
1747087260000,2.4941
1747087320000,2.0114
1747087380000,3.0491
1747087440000,2.874
1747087500000,2.9657
1747087560000,2.573
1747087620000,1.7751
1747087680000,2.5272
1747087740000,2.0
1747087800000,2.6881
1747087860000,3.0488
1747087920000,2.7808
1747087980000,2.4478
1747088040000,3.3744
1747088100000,2.6563
1747088160000,2.4387
1747088220000,2.4415
1747088280000,1.6407
1747088340000,2.0971
1747088400000,2.2973
1747088460000,1.9198
1747088520000,2.4127
1747088580000,2.6177
1747088640000,2.6691
1747088700000,2.9766
1747088760000,2.1548
1747088820000,1.4954
1747088880000,2.5509
1747088940000,2.1453
1747089000000,2.6169
1747089060000,2.2292
1747089120000,1.8693
1747089180000,3.2901
1747089240000,2.1765
1747089300000,2.4931
1747089360000,2.6595
1747089420000,2.0304
1747089480000,2.7644
1747089540000,2.7404
1747089600000,2.3471
1747089660000,2.1201
1747089720000,2.384
1747089780000,2.3884
1747089840000,2.6444
1747089900000,1.7747
1747089960000,2.3917
1747090020000,2.4017
1747090080000,2.5069
1747090140000,2.9934
1747090200000,2.2071
1747090260000,2.0439
1747090320000,1.8759
1747090380000,2.3286
1747090440000,2.3663
1747090500000,2.147
1747090560000,2.3035
1747090620000,2.0246
1747090680000,2.4984
1747090740000,2.0629
1747090800000,2.2552
1747090860000,2.2174
1747090920000,2.0327
1747090980000,2.1977
1747091040000,2.0301
1747091100000,2.4454
1747091160000,1.9516
1747091220000,3.2046
1747091280000,2.0582
1747091340000,2.0637
1747091400000,2.0127
1747091460000,2.2434
1747091520000,1.8525
1747091580000,2.2615
1747091640000,2.1466
1747091700000,2.1568
1747091760000,2.3436
1747091820000,2.0576
1747091880000,2.1642
1747091940000,2.034
1747092000000,2.6576
1747092060000,2.034
1747092120000,2.4011
1747092180000,2.4879
1747092240000,2.3721
1747092300000,2.2832
1747092360000,2.1849
1747092420000,1.7949
1747092480000,1.9784
1747092540000,1.9808
1747092600000,2.5218
1747092660000,2.0336
1747092720000,2.3213
1747092780000,2.0302
1747092840000,2.1188
1747092900000,1.9914
1747092960000,2.3846
1747093020000,2.3244
1747093080000,2.1528
1747093140000,2.0741
1747093200000,2.3129
1747093260000,2.349
1747093320000,2.2559
1747093380000,2.5052
1747093440000,2.1919
1747093500000,2.4831
1747093560000,2.4627
1747093620000,2.127
1747093680000,2.3218
1747093740000,2.172
1747093800000,2.2167
1747093860000,2.3147
1747093920000,2.2369
1747093980000,2.2358
1747094040000,2.319
1747094100000,2.4362
1747094160000,2.1998
1747094220000,1.8757
1747094280000,2.2012
1747094340000,2.0611
1747094400000,2.1717
1747094460000,2.1605
1747094520000,2.3002
1747094580000,2.29
1747094640000,2.42
1747094700000,2.2914
1747094760000,2.3725
1747094820000,2.0692
1747094880000,2.3081
1747094940000,2.1498
1747095000000,2.3513
1747095060000,2.2711
1747095120000,2.359
1747095180000,2.5462
1747095240000,2.3679
1747095300000,2.3948
1747095360000,2.21
1747095420000,2.1115
1747095480000,2.1306
1747095540000,2.0894
1747095600000,2.4365
1747095660000,2.1112
1747095720000,2.3367
1747095780000,2.3198
1747095840000,2.1135
1747095900000,2.5154
1747095960000,2.4382
1747096020000,2.1091
1747096080000,2.3401
1747096140000,2.3486
1747096200000,2.2096
1747096260000,2.496
1747096320000,2.0926
1747096380000,2.5329
1747096440000,2.2792
1747096500000,2.2954
1747096560000,2.4267
1747096620000,2.141
1747096680000,2.1763
1747096740000,2.4289
1747096800000,2.2684
1747096860000,2.2881
1747096920000,2.3221
1747096980000,2.2857
1747097040000,2.366
1747097100000,2.4365
1747097160000,2.5352
1747097220000,2.4028
1747097280000,2.2959
1747097340000,2.3128
1747097400000,2.1882
1747097460000,2.2484
1747097520000,2.4559
1747097580000,2.0796
1747097640000,2.2556
1747097700000,2.3712
1747097760000,2.4462
1747097820000,2.2859
1747097880000,2.4086
1747097940000,2.5283
1747098000000,2.4497
1747098060000,2.3463
1747098120000,2.3298
1747098180000,2.2071
1747098240000,2.4576
1747098300000,2.4543
1747098360000,2.4307
1747098420000,2.4901
1747098480000,2.5884
1747098540000,2.4028
1747098600000,2.4657
1747098660000,2.2165
1747098720000,2.3633
1747098780000,2.3866
1747098840000,2.4391
1747098900000,2.4375
1747098960000,2.5689
1747099020000,2.5371
1747099080000,2.3532
1747099140000,2.363
1747099200000,2.4998
1747099260000,2.2808
1747099320000,2.5341
1747099380000,2.5249
1747099440000,2.4509
1747099500000,2.3947
1747099560000,2.4002
1747099620000,2.6098
1747099680000,2.523
1747099740000,2.3958
1747099800000,2.4497
1747099860000,2.4256
1747099920000,2.2642
1747099980000,2.3353
1747100040000,2.6852
1747100100000,2.4049
1747100160000,2.3142
1747100220000,2.5116
1747100280000,2.2609
1747100340000,2.3285
1747100400000,2.5441
1747100460000,2.3639
1747100520000,2.4331
1747100580000,2.3147
1747100640000,2.2127
1747100700000,2.4683
1747100760000,2.3865
1747100820000,2.3595
1747100880000,2.6095
1747100940000,2.4748
1747101000000,2.6197
1747101060000,2.48
1747101120000,2.485
1747101180000,2.2174
1747101240000,2.41
1747101300000,2.5102
1747101360000,2.5025
1747101420000,2.6088
1747101480000,2.3913
1747101540000,2.5873
1747101600000,2.4852
1747101660000,2.5653
1747101720000,2.4687
1747101780000,2.4078
1747101840000,2.4518
1747101900000,2.4368
1747101960000,2.5513
1747102020000,2.4372
1747102080000,2.6568
1747102140000,2.5705
1747102200000,2.4178
1747102260000,2.584
1747102320000,2.5777
1747102380000,2.8161
1747102440000,2.39
1747102500000,2.5126
1747102560000,2.6583
1747102620000,2.4405
1747102680000,2.3054
1747102740000,2.4758
1747102800000,2.6543
1747102860000,2.5879
1747102920000,2.6283
1747102980000,2.546
1747103040000,2.3297
1747103100000,2.5224
1747103160000,2.5083
1747103220000,2.5761
1747103280000,2.576
1747103340000,2.5528
1747103400000,2.8078
1747103460000,2.6284
1747103520000,2.231
1747103580000,2.3947
1747103640000,2.5472
1747103700000,2.5098
1747103760000,2.5271
1747103820000,2.3915
1747103880000,2.433
1747103940000,2.5581
1747104000000,2.5306
1747104060000,2.6473
1747104120000,2.4863
1747104180000,2.4259
1747104240000,2.5708
1747104300000,2.4637
1747104360000,2.4384
1747104420000,2.6654
1747104480000,2.718
1747104540000,2.5527
1747104600000,2.576
1747104660000,2.5585
1747104720000,2.4198
1747104780000,2.4516
1747104840000,2.5616
1747104900000,2.5713
1747104960000,2.4266
1747105020000,2.3164
1747105080000,2.5209
1747105140000,2.4578
1747105200000,2.5876
1747105260000,2.6182
1747105320000,2.2693
1747105380000,2.7463
1747105440000,2.6364
1747105500000,2.4132
1747105560000,2.5196
1747105620000,2.5795
1747105680000,2.5692
1747105740000,2.4887
1747105800000,2.3973
1747105860000,2.3873
1747105920000,2.69
1747105980000,2.4912
1747106040000,2.6818
1747106100000,2.5713
1747106160000,2.5365
1747106220000,2.491
1747106280000,2.6369
1747106340000,2.653
1747106400000,2.6154
1747106460000,2.5506
1747106520000,2.7864
1747106580000,2.4991
1747106640000,2.3699
1747106700000,2.4113
1747106760000,2.5527
1747106820000,2.4775
1747106880000,2.2512
1747106940000,2.6896
1747107000000,2.5847
1747107060000,2.4659
1747107120000,2.6055
1747107180000,2.5073
1747107240000,2.4771
1747107300000,2.2865
1747107360000,2.502
1747107420000,2.5218
1747107480000,2.4234
1747107540000,2.3584
1747107600000,2.388
1747107660000,2.5328
1747107720000,2.6099
1747107780000,2.5184
1747107840000,2.5006
1747107900000,2.379
1747107960000,2.5865
1747108020000,2.2139
1747108080000,2.4493
1747108140000,2.2936
1747108200000,2.2907
1747108260000,2.4197
1747108320000,2.605
1747108380000,2.1846
1747108440000,2.4346
1747108500000,2.5164
1747108560000,2.2436
1747108620000,2.4002
1747108680000,2.3242
1747108740000,2.482
1747108800000,2.4054
1747108860000,2.7714
1747108920000,2.6362
1747108980000,2.3211
1747109040000,2.4818
1747109100000,2.3538
1747109160000,2.2696
1747109220000,2.2595
1747109280000,2.6405
1747109340000,2.3257
1747109400000,2.6522
1747109460000,2.3352
1747109520000,2.5594
1747109580000,2.3119
1747109640000,2.1658
1747109700000,2.4732
1747109760000,2.4324
1747109820000,2.4567
1747109880000,2.4475
1747109940000,2.4187
1747110000000,2.4044
1747110060000,2.1666
1747110120000,2.4301
1747110180000,2.284
1747110240000,2.3111
1747110300000,2.3575
1747110360000,2.446
1747110420000,2.3175
1747110480000,2.191
1747110540000,2.3497
1747110600000,2.1431
1747110660000,2.367
1747110720000,2.2034
1747110780000,2.3212
1747110840000,2.4914
1747110900000,2.1081
1747110960000,2.3461
1747111020000,2.5708
1747111080000,2.2421
1747111140000,2.2819
1747111200000,2.3539
1747111260000,2.4337
1747111320000,2.0401
1747111380000,2.2744
1747111440000,2.2632
1747111500000,2.4331
1747111560000,2.4805
1747111620000,2.4522
1747111680000,2.4487
1747111740000,2.2451
1747111800000,2.3158
1747111860000,2.3411
1747111920000,2.4347
1747111980000,2.5495
1747112040000,2.4619
1747112100000,2.2439
1747112160000,2.6236
1747112220000,2.2689
1747112280000,2.5062
1747112340000,2.4221
1747112400000,2.3004
1747112460000,2.6174
1747112520000,2.5667
1747112580000,2.359
1747112640000,2.2577
1747112700000,2.3588
1747112760000,2.2591
1747112820000,2.3991
1747112880000,2.5545
1747112940000,2.3517
1747113000000,2.1329
1747113060000,2.3186
1747113120000,2.1938
1747113180000,2.6225
1747113240000,2.5339
1747113300000,2.3795
1747113360000,2.2029
1747113420000,2.3234
1747113480000,2.5854
1747113540000,2.3825
1747113600000,2.4718
1747113660000,2.1562
1747113720000,2.2642
1747113780000,2.3967
1747113840000,2.4556
1747113900000,2.3139
1747113960000,2.6785
1747114020000,2.183
1747114080000,2.3939
1747114140000,2.3654
1747114200000,2.2419
1747114260000,2.497
1747114320000,2.7366
1747114380000,2.4543
1747114440000,2.3492
1747114500000,2.3398
1747114560000,2.7722
1747114620000,2.7726
1747114680000,2.4058
1747114740000,2.2619
1747114800000,2.3369
1747114860000,2.2288
1747114920000,2.4488
1747114980000,2.7795
1747115040000,2.5946
1747115100000,2.4272
1747115160000,2.17
1747115220000,2.3904
1747115280000,2.4293
1747115340000,2.5117
1747115400000,2.5279
1747115460000,2.3231
1747115520000,2.4007
1747115580000,2.2548
1747115640000,2.3566
1747115700000,2.6217
1747115760000,2.4414
1747115820000,2.5631
1747115880000,2.2337
1747115940000,2.2175
1747116000000,2.6611
1747116060000,2.8522
1747116120000,2.3718
1747116180000,2.2649
1747116240000,2.5092
1747116300000,2.789
1747116360000,2.3952
1747116420000,2.4966
1747116480000,2.3618
1747116540000,2.5194
1747116600000,2.6047
1747116660000,2.4368
1747116720000,2.1321
1747116780000,2.4961
1747116840000,2.4582
1747116900000,2.6097
1747116960000,2.4644
1747117020000,2.5634
1747117080000,2.3346
1747117140000,2.5078
1747117200000,2.3073
1747117260000,2.6488
1747117320000,2.627
1747117380000,2.4426
1747117440000,2.5687
1747117500000,2.4072
1747117560000,2.4654
1747117620000,2.2526
1747117680000,2.6854
1747117740000,2.4847
1747117800000,2.4703
1747117860000,2.5865
1747117920000,2.9536
1747117980000,2.5042
1747118040000,2.3074
1747118100000,2.5612
1747118160000,2.4028
1747118220000,2.2685
1747118280000,2.2306
1747118340000,2.3998
1747118400000,2.4542
1747118460000,2.6085
1747118520000,2.4756
1747118580000,2.4705
1747118640000,2.4809
1747118700000,2.6874
1747118760000,2.5177
1747118820000,2.3896
1747118880000,2.7865
1747118940000,2.3547
1747119000000,2.5999
1747119060000,2.364
1747119120000,2.5393
1747119180000,2.541
1747119240000,2.4417
1747119300000,2.6477
1747119360000,2.3239
1747119420000,2.5931
1747119480000,2.5347
1747119540000,2.7442
1747119600000,2.5126
1747119660000,2.3634
1747119720000,2.3173
1747119780000,2.6805
1747119840000,2.5408
1747119900000,2.4819
1747119960000,2.5289
1747120020000,2.6422
1747120080000,2.461
1747120140000,2.4687
1747120200000,2.5675
1747120260000,2.4197
1747120320000,2.448
1747120380000,2.3698
1747120440000,2.531
1747120500000,2.4896
1747120560000,2.5386
1747120620000,2.6054
1747120680000,2.5893
1747120740000,2.5487
1747120800000,2.4561
1747120860000,2.7522
1747120920000,2.3204
1747120980000,2.5008
1747121040000,2.4259
1747121100000,2.5177
1747121160000,2.5235
1747121220000,2.4874
1747121280000,2.6657
1747121340000,2.7202
1747121400000,2.4797
1747121460000,2.4481
1747121520000,2.6863
1747121580000,2.4743
1747121640000,2.4501
1747121700000,2.5598
1747121760000,2.5015
1747121820000,2.4149
1747121880000,2.679
1747121940000,2.6092
1747122000000,2.6363
1747122060000,2.5372
1747122120000,2.6019
1747122180000,2.6078
1747122240000,2.7085
1747122300000,2.7424
1747122360000,2.4667
1747122420000,2.5954
1747122480000,2.4587
1747122540000,2.5767
1747122600000,2.6471
1747122660000,2.5061
1747122720000,2.4566
1747122780000,2.5025
1747122840000,2.3806
1747122900000,2.3832
1747122960000,2.5517
1747123020000,2.4054
1747123080000,2.4682
1747123140000,2.4883
1747123200000,2.6406
1747123260000,2.6676
1747123320000,2.4107
1747123380000,2.7285
1747123440000,2.4096
1747123500000,2.4578
1747123560000,2.4387
1747123620000,2.4042
1747123680000,2.41
1747123740000,2.4339
1747123800000,2.6515
1747123860000,2.4483
1747123920000,2.3878
1747123980000,2.5806
1747124040000,2.5296
1747124100000,2.412
1747124160000,2.3239
1747124220000,2.5357
1747124280000,2.5401
1747124340000,2.542
1747124400000,2.4215
1747124460000,2.5731
1747124520000,2.522
1747124580000,2.4509
1747124640000,2.478
1747124700000,2.552
1747124760000,2.6169
1747124820000,2.5735
1747124880000,2.4156
1747124940000,2.6312
1747125000000,2.522
1747125060000,2.4774
1747125120000,2.5824
1747125180000,2.4216
1747125240000,2.6274
1747125300000,2.4348
1747125360000,2.8352
1747125420000,2.6559
1747125480000,2.5219
1747125540000,2.4243
1747125600000,2.4313
1747125660000,2.3944
1747125720000,2.4999
1747125780000,2.4629
1747125840000,2.554
1747125900000,2.6622
1747125960000,2.4591
1747126020000,2.6865
1747126080000,2.5257
1747126140000,2.4177
1747126200000,2.5178
1747126260000,2.2703
1747126320000,2.5569
1747126380000,2.5053
1747126440000,2.4551
1747126500000,2.4947
1747126560000,2.4496
1747126620000,2.5086
1747126680000,2.5801
1747126740000,2.3746
1747126800000,2.6151
1747126860000,2.6843
1747126920000,2.3891
1747126980000,2.5425
1747127040000,2.5343
1747127100000,2.5742
1747127160000,2.5584
1747127220000,2.5949
1747127280000,2.4162
1747127340000,2.3235
1747127400000,2.4671
1747127460000,2.3682
1747127520000,2.4224
1747127580000,2.6474
1747127640000,2.5615
1747127700000,2.5846
1747127760000,2.5605
1747127820000,2.4153
1747127880000,2.3115
1747127940000,2.412
1747128000000,2.3402
1747128060000,2.4628
1747128120000,2.5594
1747128180000,2.3133
1747128240000,2.6391
1747128300000,2.4981
1747128360000,2.4288
1747128420000,2.4448
1747128480000,2.4998
1747128540000,2.1994
1747128600000,2.5735
1747128660000,2.6011
1747128720000,2.389
1747128780000,2.4736
1747128840000,2.4113
1747128900000,2.5559
1747128960000,2.3947
1747129020000,2.526
1747129080000,2.5461
1747129140000,2.2496
1747129200000,2.2905
1747129260000,2.3782
1747129320000,2.3898
1747129380000,2.4855
1747129440000,2.5915
1747129500000,2.4759
1747129560000,2.4119
1747129620000,2.3916
1747129680000,2.4619
1747129740000,2.6397
1747129800000,2.4461
1747129860000,2.6533
1747129920000,2.6005
1747129980000,2.5809
1747130040000,2.3216
1747130100000,2.5335
1747130160000,2.4542
1747130220000,2.5576
1747130280000,2.7221
1747130340000,2.5404
1747130400000,2.5818
1747130460000,2.5149
1747130520000,2.5075
1747130580000,2.4629
1747130640000,2.5058
1747130700000,2.5804
1747130760000,2.3231
1747130820000,2.4067
1747130880000,2.4078
1747130940000,2.4904
1747131000000,2.6543
1747131060000,2.4852
1747131120000,2.4789
1747131180000,2.5265
1747131240000,2.4257
1747131300000,2.6535
1747131360000,2.5994
1747131420000,2.4859
1747131480000,2.4177
1747131540000,2.5116
1747131600000,2.5336
1747131660000,2.6045
1747131720000,2.442
1747131780000,2.4076
1747131840000,2.3077
1747131900000,2.5622
1747131960000,2.3338
1747132020000,2.5557
1747132080000,2.3237
1747132140000,2.4998
1747132200000,2.3821
1747132260000,2.4678
1747132320000,2.4371
1747132380000,2.4438
1747132440000,2.5485
1747132500000,2.5938
1747132560000,2.4496
1747132620000,2.4796
1747132680000,2.5586
1747132740000,2.5108
1747132800000,2.6218
1747132860000,2.3666
1747132920000,2.2182
1747132980000,2.3197
1747133040000,2.474
1747133100000,2.4672
1747133160000,2.4516
1747133220000,2.5899
1747133280000,2.3451
1747133340000,2.4364
1747133400000,2.4169
1747133460000,2.3005
1747133520000,2.3514
1747133580000,2.2091
1747133640000,2.4304
1747133700000,2.3897
1747133760000,2.4864
1747133820000,2.3263
1747133880000,2.4595
1747133940000,2.3922
1747134000000,2.5788
1747134060000,2.5467
1747134120000,2.5734
1747134180000,2.3862
1747134240000,2.4446
1747134300000,2.2757
1747134360000,2.5381
1747134420000,2.5647
1747134480000,2.4781
1747134540000,2.5838
1747134600000,2.6215
1747134660000,2.5216
1747134720000,2.5736
1747134780000,2.2569
1747134840000,2.4452
1747134900000,2.4302
1747134960000,2.3694
1747135020000,2.3656
1747135080000,2.5257
1747135140000,2.329
1747135200000,2.5069
1747135260000,2.2272
1747135320000,2.4788
1747135380000,2.4901
1747135440000,2.2933
1747135500000,2.3117
1747135560000,2.3417
1747135620000,2.4824
1747135680000,2.4549
1747135740000,2.2733
1747135800000,2.4834
1747135860000,2.4487
1747135920000,2.2793
1747135980000,2.3676
1747136040000,2.5471
1747136100000,2.2815
1747136160000,2.2978
1747136220000,2.3931
1747136280000,2.7382
1747136340000,2.2611
1747136400000,2.4877
1747136460000,2.3429
1747136520000,2.291
1747136580000,2.6781
1747136640000,2.3894
1747136700000,2.3292
1747136760000,2.5808
1747136820000,2.399
1747136880000,2.461
1747136940000,2.3449
1747137000000,2.3488
1747137060000,2.2285
1747137120000,2.5903
1747137180000,2.5925
1747137240000,2.5519
1747137300000,2.3856
1747137360000,2.4713
1747137420000,2.2187
1747137480000,2.3167
1747137540000,2.3772
1747137600000,2.6741
1747137660000,2.6802
1747137720000,2.5611
1747137780000,2.5013
1747137840000,2.3245
1747137900000,2.384
1747137960000,2.6019
1747138020000,2.2882
1747138080000,2.3639
1747138140000,2.2422
1747138200000,2.465
1747138260000,2.4702
1747138320000,2.5127
1747138380000,2.548
1747138440000,2.4482
1747138500000,2.4299
1747138560000,2.3095
1747138620000,2.5603
1747138680000,2.4634
1747138740000,2.5397
1747138800000,2.5449
1747138860000,2.3923
1747138920000,2.6959
1747138980000,2.5055
1747139040000,2.4425
1747139100000,2.4182
1747139160000,2.6682
1747139220000,2.2754
1747139280000,2.2249
1747139340000,2.6361
1747139400000,2.2799
1747139460000,2.5364
1747139520000,2.3392
1747139580000,2.4517
1747139640000,2.3573
1747139700000,2.4627
1747139760000,2.4466
1747139820000,2.387
1747139880000,2.2357
1747139940000,2.4481
1747140000000,2.2739
1747140060000,2.238
1747140120000,2.4222
1747140180000,2.4036
1747140240000,2.5623
1747140300000,2.4616
1747140360000,2.672
1747140420000,2.4701
1747140480000,2.2864
1747140540000,2.4856
1747140600000,2.0881
1747140660000,2.3395
1747140720000,2.3525
1747140780000,2.333
1747140840000,2.361
1747140900000,2.2722
1747140960000,2.3334
1747141020000,2.2589
1747141080000,2.3331
1747141140000,2.502
1747141200000,2.4134
1747141260000,2.4372
1747141320000,2.5171
1747141380000,2.3095
1747141440000,2.2035
1747141500000,2.3699
1747141560000,2.3818
1747141620000,2.5285
1747141680000,2.2046
1747141740000,2.4896
1747141800000,2.4688
1747141860000,2.8498
1747141920000,2.3151
1747141980000,2.4655
1747142040000,2.2844
1747142100000,2.5202
1747142160000,2.3397
1747142220000,2.1702
1747142280000,2.7211
1747142340000,2.3631
1747142400000,2.3592
1747142460000,2.541
1747142520000,2.3075
1747142580000,2.3778
1747142640000,2.2279
1747142700000,2.2912
1747142760000,2.1969
1747142820000,2.0411
1747142880000,2.6371
1747142940000,2.459
1747143000000,2.2452
1747143060000,2.4564
1747143120000,2.0827
1747143180000,2.0906
1747143240000,2.4792
1747143300000,2.3164
1747143360000,2.4029
1747143420000,2.4419
1747143480000,2.3488
1747143540000,2.3494
1747143600000,2.401
1747143660000,2.2958
1747143720000,2.3848
1747143780000,2.6323
1747143840000,2.634
1747143900000,2.3405
1747143960000,2.1741
1747144020000,2.232
1747144080000,2.4177
1747144140000,2.4462
1747144200000,2.3688
1747144260000,2.2292
1747144320000,2.3287
1747144380000,2.7856
1747144440000,2.2549
1747144500000,2.3976
1747144560000,2.0685
1747144620000,2.119
1747144680000,2.4406
1747144740000,2.7453
1747144800000,2.3918
1747144860000,2.6406
1747144920000,2.7005
1747144980000,2.7743
1747145040000,2.4096
1747145100000,2.6559
1747145160000,2.1048
1747145220000,2.2969
1747145280000,2.5705
1747145340000,2.6735
1747145400000,2.5134
1747145460000,2.8273
1747145520000,2.67
1747145580000,2.1123
1747145640000,2.6478
1747145700000,2.1256
1747145760000,2.463
1747145820000,2.0775
1747145880000,2.448
1747145940000,2.3847
1747146000000,2.7458
1747146060000,2.3109
1747146120000,2.45
1747146180000,2.4491
1747146240000,2.4497
1747146300000,2.4808
1747146360000,2.4111
1747146420000,3.3453
1747146480000,2.1024
1747146540000,2.2611
1747146600000,2.878
1747146660000,2.1501
1747146720000,2.805
1747146780000,1.9221
1747146840000,2.041
1747146900000,2.4754
1747146960000,2.1685
1747147020000,2.1859
1747147080000,2.5384
1747147140000,2.3498
1747147200000,2.0959
1747147260000,2.2774
1747147320000,2.5802
1747147380000,2.3372
1747147440000,2.4664
1747147500000,2.2431
1747147560000,2.5294
1747147620000,2.5798
1747147680000,2.3217
1747147740000,2.5821
1747147800000,2.6977
1747147860000,1.9753
1747147920000,2.8568
1747147980000,2.6251
1747148040000,2.3135
1747148100000,2.265
1747148160000,1.9418
1747148220000,2.6087
1747148280000,2.6343
1747148340000,2.0285
1747148400000,1.9322
1747148460000,2.9154
1747148520000,2.3728
1747148580000,1.9862
1747148640000,1.9374
1747148700000,2.05
1747148760000,2.972
1747148820000,2.2289
1747148880000,2.5538
1747148940000,2.0708
1747149000000,2.0925
1747149060000,2.9174
1747149120000,2.4774
1747149180000,2.9401
1747149240000,2.5318
1747149300000,2.2869
1747149360000,1.9814
1747149420000,2.5407
1747149480000,2.0912
1747149540000,2.7222
1747149600000,1.8802
1747149660000,2.6344
1747149720000,1.729
1747149780000,2.6955
1747149840000,2.2695
1747149900000,2.5697
1747149960000,2.1476
1747150020000,2.1708
1747150080000,3.7755
1747150140000,2.0738
1747150200000,2.2361
1747150260000,2.3951
1747150320000,2.6371
1747150380000,1.9121
1747150440000,2.3051
1747150500000,3.0331
1747150560000,1.8795
1747150620000,2.6241
1747150680000,2.4133
1747150740000,2.2792
1747150800000,2.8805
1747150860000,2.5293
1747150920000,2.2623
1747150980000,2.3467
1747151040000,2.3202
1747151100000,2.2265
1747151160000,2.1046
1747151220000,2.3001
1747151280000,2.1323
1747151340000,2.2854
1747151400000,2.4799
1747151460000,2.2188
1747151520000,1.8971
1747151580000,2.0404
1747151640000,2.3799
1747151700000,2.3466
1747151760000,2.1997
1747151820000,2.346
1747151880000,1.9342
1747151940000,2.353
1747152000000,2.7224
1747152060000,2.6178
1747152120000,2.7392
1747152180000,1.7422
1747152240000,2.1578
1747152300000,2.2217
1747152360000,2.3802
1747152420000,2.2338
1747152480000,2.2482
1747152540000,2.0528
1747152600000,2.5696
1747152660000,2.4148
1747152720000,2.7296
1747152780000,2.6544
1747152840000,2.2613
1747152900000,3.1448
1747152960000,2.8094
1747153020000,2.4466
1747153080000,2.7152
1747153140000,1.8408
1747153200000,3.3115
1747153260000,1.9191
1747153320000,2.9744
1747153380000,2.3158
1747153440000,2.6646
1747153500000,2.6173
1747153560000,2.0833
1747153620000,2.2774
1747153680000,2.4969
1747153740000,2.1667
1747153800000,2.3567
1747153860000,2.3446
1747153920000,2.8808
1747153980000,2.8562
1747154040000,1.3623
1747154100000,3.1395
1747154160000,2.7862
1747154220000,2.8255
1747154280000,2.7927
1747154340000,2.2743
1747154400000,2.1703
1747154460000,2.6024
1747154520000,3.0367
1747154580000,3.1964
1747154640000,2.4286
1747154700000,3.1892
1747154760000,2.6329
1747154820000,2.9221
1747154880000,2.0403
1747154940000,3.4224
1747155000000,2.8531
1747155060000,2.5933
1747155120000,2.436
1747155180000,3.4866
1747155240000,2.4904
1747155300000,1.9846
1747155360000,2.3408
1747155420000,2.1691
1747155480000,2.6581
1747155540000,2.2588
1747155600000,2.2473
1747155660000,1.9115
1747155720000,1.795
1747155780000,3.4006
1747155840000,2.4744
1747155900000,2.206
1747155960000,2.6159
1747156020000,3.4463
1747156080000,2.6879
1747156140000,1.964
1747156200000,2.7953
1747156260000,2.8644
1747156320000,2.4562
1747156380000,2.8867
1747156440000,1.9808
1747156500000,2.2927
1747156560000,1.918
1747156620000,2.4499
1747156680000,2.029
1747156740000,2.0791
1747156800000,2.3277
1747156860000,3.4165
1747156920000,2.9688
1747156980000,2.318
1747157040000,3.7945
1747157100000,3.8529
1747157160000,1.7847
1747157220000,1.9038
1747157280000,1.6369
1747157340000,3.6272
1747157400000,1.4697
1747157460000,2.1951
1747157520000,2.122
1747157580000,2.3646
1747157640000,2.3166
1747157700000,2.471
1747157760000,2.3828
1747157820000,2.8978
1747157880000,2.7867
1747157940000,2.6349
1747158000000,2.6417
1747158060000,1.9899
1747158120000,1.9732
1747158180000,2.0441
1747158240000,2.4548
1747158300000,2.9203
1747158360000,1.8537
1747158420000,2.0539
1747158480000,1.6228
1747158540000,2.5565
1747158600000,2.431
1747158660000,1.9394
1747158720000,2.4923
1747158780000,2.4808
1747158840000,1.5732
1747158900000,2.0331
1747158960000,1.5238
1747159020000,2.9453
1747159080000,1.5172
1747159140000,2.4474
1747159200000,1.5468
1747159260000,2.738
1747159320000,3.2037
1747159380000,7.6071
1747159440000,3.0571
1747159500000,3.4032
1747159560000,2.8353
1747159620000,3.2195
1747159680000,1.6267
1747159740000,2.0901
1747159800000,1.6961
1747159860000,2.8349
1747159920000,1.8723
1747159980000,2.6691
1747160040000,3.0282
1747160100000,2.1493
1747160160000,2.7133
1747160220000,1.6154
1747160280000,2.1429
1747160340000,2.4409
1747160400000,3.8529
1747160460000,2.4688
1747160520000,4.614
1747160580000,1.9722
1747160640000,2.56
1747160700000,1.1538
1747160760000,2.055
1747160820000,1.5588
1747160880000,5.6835
1747160940000,2.2267
1747161000000,2.542
1747161060000,3.25
1747161120000,3.2653
1747161180000,2.55
1747161240000,5.3077
1747161300000,4.7073
1747161360000,1.6143
1747161420000,3.7917
1747161480000,2.7181
1747161540000,3.1905
1747161600000,3.8279
1747161660000,2.1698
1747161720000,2.0313
1747161780000,1.6271
1747161840000,1.92
1747161900000,7.5398
1747161960000,2.1667
1747162020000,2.8455
1747162080000,1.7174
1747162140000,1.0
1747162200000,1.6667
1747162260000,2.0854
1747162320000,4.38
1747162380000,1.5217
1747162440000,2.383
1747162500000,2.3452
1747162560000,2.0652
1747162620000,2.5486
1747162680000,1.4608
1747162740000,1.75
1747162800000,2.3497
1747162860000,2.1639
1747162920000,2.3158
1747162980000,1.8503
1747163040000,1.6632
1747163100000,2.625
1747163160000,2.8393
1747163220000,1.3784
1747163280000,1.6364
1747163340000,3.687
1747163400000,2.0526
1747163460000,2.8582
1747163520000,3.7273
1747163580000,2.0714
1747163640000,3.4699
1747163700000,1.8
1747163760000,1.4902
1747163820000,1.9231
1747163880000,2.1667
1747163940000,2.866
1747164000000,1.5313
1747164060000,1.9779
1747164120000,1.5541
1747164180000,3.0424
1747164240000,1.8095
1747164300000,2.0
1747164360000,2.4336
1747164420000,1.5645
1747164480000,2.4071
1747164540000,2.1111
1747164600000,1.8286
1747164660000,9.2
1747164720000,1.7059
1747164780000,1.4948
1747164840000,3.0357
1747164900000,1.7609
1747164960000,2.4217
1747165020000,1.7872
1747165080000,1.5
1747165140000,2.6279
1747165200000,2.7576
1747165260000,1.7134
1747165320000,1.678
1747165380000,1.5652
1747165440000,3.8913
1747165500000,1.5714
1747165560000,2.1446
1747165620000,1.7549
1747165680000,1.6122
1747165740000,3.2644
1747165800000,2.651
1747165860000,1.7049
1747165920000,1.5
1747165980000,1.3529
1747166040000,2.6889
1747166100000,2.5833
1747166160000,2.6683
1747166220000,2.9107
1747166280000,1.6545
1747166340000,3.7246
1747166400000,1.6111
1747166460000,2.0392
1747166520000,2.5657
1747166580000,4.3471
1747166640000,4.3108
1747166700000,2.1852
1747166760000,2.4459
1747166820000,1.6875
1747166880000,2.0
1747166940000,2.6282
1747167000000,1.5373
1747167060000,2.1863
1747167120000,2.5854
1747167180000,2.7778
1747167240000,1.7778
1747167300000,2.8129
1747167360000,2.0769
1747167420000,2.2903
1747167480000,2.5851
1747167540000,2.4054
1747167600000,2.0577
1747167660000,3.1905
1747167720000,3.2899
1747167780000,2.641
1747167840000,1.5789
1747167900000,2.3733
1747167960000,2.0681
1747168020000,1.8305
1747168080000,2.375
1747168140000,2.2581
1747168200000,1.5882
1747168260000,1.5385
1747168320000,1.6182
1747168380000,2.4286
1747168440000,1.7581
1747168500000,1.619
1747168560000,2.16
1747168620000,2.6786
1747168680000,3.9355
1747168740000,3.0
1747168800000,6.0513
1747168860000,5.15
1747168920000,1.7297
1747168980000,1.6585
1747169040000,3.4559
1747169100000,1.625
1747169160000,1.3673
1747169220000,1.8889
1747169280000,3.5122
1747169340000,2.3684
1747169400000,3.2783
1747169460000,2.0545
1747169520000,4.026
1747169580000,2.8808
1747169640000,2.1386
1747169700000,1.6339
1747169760000,1.3333
1747169820000,2.5638
1747169880000,5.4462
1747169940000,2.1618
1747170000000,1.5714
1747170060000,1.381
1747170120000,2.0714
1747170180000,2.1406
1747170240000,4.9792
1747170300000,1.719
1747170360000,1.9877
1747170420000,1.9286
1747170480000,2.0167
1747170540000,1.547
1747170600000,2.9865
1747170660000,3.1379
1747170720000,2.85
1747170780000,3.2239
1747170840000,2.0098
1747170900000,3.4043
1747170960000,2.8852
1747171020000,2.8481
1747171080000,1.9063
1747171140000,2.0364
1747171200000,2.4276
1747171260000,2.3662
1747171320000,15.6341
1747171380000,3.6786
1747171440000,2.1716
1747171500000,3.413
1747171560000,2.594
1747171620000,2.5207
1747171680000,3.3235
1747171740000,1.6076
1747171800000,1.8013
1747171860000,1.6711
1747171920000,1.7849
1747171980000,2.9219
1747172040000,1.7167
1747172100000,4.5833
1747172160000,4.6505
1747172220000,2.4979
1747172280000,3.021
1747172340000,1.6522
1747172400000,3.2917
1747172460000,2.1897
1747172520000,2.4039
1747172580000,3.0139
1747172640000,2.8533
1747172700000,1.5189
1747172760000,1.6822
1747172820000,1.763
1747172880000,1.6301
1747172940000,2.8553
1747173000000,1.9314
1747173060000,1.7015
1747173120000,3.6076
1747173180000,2.2483
1747173240000,1.5769
1747173300000,3.2195
1747173360000,2.3576
1747173420000,2.5741
1747173480000,2.5115
1747173540000,1.956
1747173600000,3.5714
1747173660000,1.8584
1747173720000,3.1794
1747173780000,2.2278
1747173840000,2.2214
1747173900000,1.9384
1747173960000,2.7783
1747174020000,2.6284
1747174080000,2.8692
1747174140000,2.8255
1747174200000,3.1735
1747174260000,1.9923
1747174320000,2.8818
1747174380000,1.6309
1747174440000,1.9029
1747174500000,2.7832
1747174560000,3.5381
1747174620000,2.3253
1747174680000,1.7985
1747174740000,3.6617
1747174800000,1.4686
1747174860000,2.7322
1747174920000,1.8608
1747174980000,4.4824
1747175040000,2.2399
1747175100000,2.0934
1747175160000,2.7109
1747175220000,2.4211
1747175280000,2.1261
1747175340000,2.7165
1747175400000,3.4119
1747175460000,2.4251
1747175520000,2.1853
1747175580000,2.5042
1747175640000,3.1343
1747175700000,2.6151
1747175760000,2.3559
1747175820000,2.5514
1747175880000,2.075
1747175940000,1.9112
1747176000000,3.2183
1747176060000,2.1848
1747176120000,2.2243
1747176180000,1.7445
1747176240000,2.2014
1747176300000,2.4279
1747176360000,2.4111
1747176420000,2.1779
1747176480000,2.3571
1747176540000,1.8011
1747176600000,2.7256
1747176660000,2.1017
1747176720000,1.8919
1747176780000,2.2288
1747176840000,2.1754
1747176900000,2.1317
1747176960000,2.3036
1747177020000,2.1403
1747177080000,2.2074
1747177140000,2.1677
1747177200000,2.3632
1747177260000,2.6941
1747177320000,2.2594
1747177380000,1.8882
1747177440000,2.335
1747177500000,2.3099
1747177560000,1.7417
1747177620000,2.3874
1747177680000,2.2681
1747177740000,2.1834
1747177800000,2.4028
1747177860000,2.5258
1747177920000,2.126
1747177980000,2.2274
1747178040000,2.1385
1747178100000,2.3384
1747178160000,2.3996
1747178220000,2.4115
1747178280000,2.0453
1747178340000,1.7592
1747178400000,2.3102
1747178460000,1.8725
1747178520000,2.046
1747178580000,2.4686
1747178640000,2.5591
1747178700000,2.0556
1747178760000,2.3921
1747178820000,2.2401
1747178880000,2.1708
1747178940000,2.1925
1747179000000,2.8503
1747179060000,2.3404
1747179120000,2.1673
1747179180000,2.1976
1747179240000,2.4213
1747179300000,2.2812
1747179360000,2.1252
1747179420000,1.9434
1747179480000,2.4302
1747179540000,2.4461
1747179600000,2.151
1747179660000,2.3669
1747179720000,2.0815
1747179780000,2.1495
1747179840000,2.5469
1747179900000,2.0719
1747179960000,2.3406
1747180020000,2.4904
1747180080000,2.3111
1747180140000,2.1936
1747180200000,2.3649
1747180260000,1.9905
1747180320000,2.0158
1747180380000,2.2158
1747180440000,2.3379
1747180500000,2.1407
1747180560000,2.1499
1747180620000,2.1636
1747180680000,1.9619
1747180740000,2.1986
1747180800000,2.1703
1747180860000,2.0209
1747180920000,2.3641
1747180980000,2.1045
1747181040000,2.3469
1747181100000,2.3781
1747181160000,2.1799
1747181220000,2.179
1747181280000,2.148
1747181340000,2.1049
1747181400000,2.3501
1747181460000,2.2182
1747181520000,2.1214
1747181580000,2.362
1747181640000,2.3221
1747181700000,2.3619
1747181760000,2.1629
1747181820000,2.2752
1747181880000,2.2784
1747181940000,2.2148
1747182000000,2.3668
1747182060000,1.9856
1747182120000,2.2592
1747182180000,2.1324
1747182240000,2.2186
1747182300000,2.4286
1747182360000,2.067
1747182420000,2.109
1747182480000,2.266
1747182540000,2.1981
1747182600000,2.5413
1747182660000,2.4036
1747182720000,2.4553
1747182780000,2.1786
1747182840000,2.2735
1747182900000,2.521
1747182960000,2.1738
1747183020000,2.2993
1747183080000,2.3848
1747183140000,2.2767
1747183200000,2.4864
1747183260000,2.3481
1747183320000,2.3543
1747183380000,2.3367
1747183440000,2.2651
1747183500000,2.3023
1747183560000,2.3549
1747183620000,2.3565
1747183680000,2.2387
1747183740000,2.2698
1747183800000,2.2954
1747183860000,2.1818
1747183920000,2.2091
1747183980000,2.3797
1747184040000,2.5418
1747184100000,2.2415
1747184160000,2.2361
1747184220000,2.1556
1747184280000,2.4827
1747184340000,2.5929
1747184400000,2.4251
1747184460000,2.2695
1747184520000,2.4737
1747184580000,2.4073
1747184640000,2.4481
1747184700000,2.4055
1747184760000,2.4093
1747184820000,2.4659
1747184880000,2.4147
1747184940000,2.5572
1747185000000,2.4403
1747185060000,2.3983
1747185120000,2.2865
1747185180000,2.3398
1747185240000,2.3613
1747185300000,2.5189
1747185360000,2.4286
1747185420000,2.502
1747185480000,2.4529
1747185540000,2.4497
1747185600000,2.5046
1747185660000,2.5559
1747185720000,2.3926
1747185780000,2.4602
1747185840000,2.2494
1747185900000,2.4718
1747185960000,2.5026
1747186020000,2.2931
1747186080000,2.4878
1747186140000,2.3719
1747186200000,2.4735
1747186260000,2.4203
1747186320000,2.491
1747186380000,2.4917
1747186440000,2.3536
1747186500000,2.526
1747186560000,2.4109
1747186620000,2.5112
1747186680000,2.4648
1747186740000,2.4616
1747186800000,2.4676
1747186860000,2.435
1747186920000,2.5777
1747186980000,2.3733
1747187040000,2.2127
1747187100000,2.6497
1747187160000,2.3505
1747187220000,2.5204
1747187280000,2.5262
1747187340000,2.531
1747187400000,2.3572
1747187460000,2.3694
1747187520000,2.3778
1747187580000,2.4538
1747187640000,2.4515
1747187700000,2.3847
1747187760000,2.4545
1747187820000,2.3442
1747187880000,2.6867
1747187940000,2.424
1747188000000,2.6767
1747188060000,2.4948
1747188120000,2.4754
1747188180000,2.5417
1747188240000,2.3801
1747188300000,2.4935
1747188360000,2.5881
1747188420000,2.695
1747188480000,2.4331
1747188540000,2.4363
1747188600000,2.483
1747188660000,2.3111
1747188720000,2.5019
1747188780000,2.2767
1747188840000,2.4945
1747188900000,2.6676
1747188960000,2.69
1747189020000,2.3104
1747189080000,2.5633
1747189140000,2.4736
1747189200000,2.4723
1747189260000,2.5172
1747189320000,2.5005
1747189380000,2.4162
1747189440000,2.6631
1747189500000,2.4492
1747189560000,2.5702
1747189620000,2.3675
1747189680000,2.5332
1747189740000,2.4262
1747189800000,2.5505
1747189860000,2.716
1747189920000,2.7458
1747189980000,2.6314
1747190040000,2.4655
1747190100000,2.3844
1747190160000,2.4269
1747190220000,2.3711
1747190280000,2.518
1747190340000,2.8068
1747190400000,2.4348
1747190460000,2.4357
1747190520000,2.4383
1747190580000,2.3719
1747190640000,2.6755
1747190700000,2.356
1747190760000,2.3716
1747190820000,2.3697
1747190880000,2.6263
1747190940000,2.4659
1747191000000,2.3707
1747191060000,2.5098
1747191120000,2.6153
1747191180000,2.5126
1747191240000,2.3788
1747191300000,2.5999
1747191360000,2.3363
1747191420000,2.5076
1747191480000,2.8882
1747191540000,2.6561
1747191600000,2.3841
1747191660000,2.4223
1747191720000,2.3965
1747191780000,2.7834
1747191840000,2.5216
1747191900000,2.6811
1747191960000,2.6554
1747192020000,2.8026
1747192080000,2.6258
1747192140000,2.3106
1747192200000,2.411
1747192260000,2.3848
1747192320000,2.5441
1747192380000,2.4181
1747192440000,2.6466
1747192500000,2.5096
1747192560000,2.5906
1747192620000,2.7102
1747192680000,2.6219
1747192740000,2.6179
1747192800000,2.4985
1747192860000,2.4887
1747192920000,2.5267
1747192980000,2.7164
1747193040000,2.3615
1747193100000,2.4576
1747193160000,2.187
1747193220000,2.3721
1747193280000,2.2667
1747193340000,2.5696
1747193400000,2.338
1747193460000,2.6383
1747193520000,2.5033
1747193580000,2.6871
1747193640000,2.6043
1747193700000,2.5478
1747193760000,2.7256
1747193820000,2.565
1747193880000,2.4693
1747193940000,2.2979
1747194000000,2.5282
1747194060000,2.4982
1747194120000,2.5273
1747194180000,2.4767
1747194240000,2.5771
1747194300000,2.5547
1747194360000,2.6461
1747194420000,2.6049
1747194480000,2.6547
1747194540000,2.4553
1747194600000,2.6333
1747194660000,2.3723
1747194720000,2.5674
1747194780000,2.5805
1747194840000,2.582
1747194900000,2.3902
1747194960000,2.5396
1747195020000,2.5625
1747195080000,2.3857
1747195140000,2.6052
1747195200000,2.6652
1747195260000,2.5962
1747195320000,2.6633
1747195380000,2.5207
1747195440000,2.5469
1747195500000,2.3787
1747195560000,2.4869
1747195620000,2.277
1747195680000,2.3792
1747195740000,2.3182
1747195800000,2.1703
1747195860000,2.4505
1747195920000,2.3562
1747195980000,2.5223
1747196040000,2.3083
1747196100000,2.4119
1747196160000,2.5805
1747196220000,2.4174
1747196280000,2.5948
1747196340000,2.403
1747196400000,2.2875
1747196460000,2.3302
1747196520000,2.2612
1747196580000,2.4707
1747196640000,2.3926
1747196700000,2.5868
1747196760000,2.2598
1747196820000,2.5949
1747196880000,2.4651
1747196940000,2.3407
1747197000000,2.5787
1747197060000,2.3436
1747197120000,2.5171
1747197180000,2.3494
1747197240000,2.5688
1747197300000,2.525
1747197360000,2.4095
1747197420000,2.4702
1747197480000,2.3772
1747197540000,2.4746
1747197600000,2.3745
1747197660000,2.5314
1747197720000,2.4768
1747197780000,2.4786
1747197840000,2.3146
1747197900000,2.5123
1747197960000,2.2722
1747198020000,2.476
1747198080000,2.2286
1747198140000,2.5468
1747198200000,2.4185
1747198260000,2.4359
1747198320000,2.4913
1747198380000,2.2863
1747198440000,2.354
1747198500000,2.3276
1747198560000,2.3021
1747198620000,2.3197
1747198680000,2.5906
1747198740000,2.5056
1747198800000,2.2886
1747198860000,2.3316
1747198920000,2.5222
1747198980000,2.4169
1747199040000,2.2416
1747199100000,2.5048
1747199160000,2.1295
1747199220000,2.3363
1747199280000,2.3597
1747199340000,2.4918
1747199400000,2.6653
1747199460000,2.4631
1747199520000,2.7537
1747199580000,2.415
1747199640000,2.3807
1747199700000,2.4439
1747199760000,2.6046
1747199820000,2.6584
1747199880000,2.4509
1747199940000,2.6772
1747200000000,2.5126
1747200060000,2.5203
1747200120000,2.6533
1747200180000,2.472
1747200240000,2.2271
1747200300000,2.6579
1747200360000,2.6998
1747200420000,2.5226
1747200480000,2.3388
1747200540000,2.271
1747200600000,2.6082
1747200660000,2.5193
1747200720000,2.611
1747200780000,2.5335
1747200840000,2.434
1747200900000,2.4924
1747200960000,2.2461
1747201020000,2.3637
1747201080000,2.5006
1747201140000,2.0181
1747201200000,2.5357
1747201260000,2.3468
1747201320000,2.4824
1747201380000,2.4821
1747201440000,2.4843
1747201500000,2.6333
1747201560000,2.0944
1747201620000,2.3157
1747201680000,2.3668
1747201740000,2.3494
1747201800000,2.4721
1747201860000,2.3683
1747201920000,2.3541
1747201980000,2.5275
1747202040000,2.4089
1747202100000,2.5579
1747202160000,2.5156
1747202220000,2.3012
1747202280000,2.5119
1747202340000,2.5347
1747202400000,2.579
1747202460000,2.7898
1747202520000,2.572
1747202580000,2.4745
1747202640000,2.536
1747202700000,2.5324
1747202760000,2.6075
1747202820000,2.621
1747202880000,2.6657
1747202940000,2.6708
1747203000000,2.4247
1747203060000,2.8126
1747203120000,2.6171
1747203180000,2.5245
1747203240000,2.432
1747203300000,2.5449
1747203360000,2.6256
1747203420000,2.8112
1747203480000,2.4053
1747203540000,2.563
1747203600000,2.3731
1747203660000,2.716
1747203720000,2.3875
1747203780000,2.4918
1747203840000,2.5645
1747203900000,2.6544
1747203960000,2.5651
1747204020000,2.4775
1747204080000,2.4374
1747204140000,2.6815
1747204200000,2.502
1747204260000,2.3149
1747204320000,2.3537
1747204380000,2.3614
1747204440000,2.737
1747204500000,2.7122
1747204560000,2.3663
1747204620000,2.4987
1747204680000,2.3363
1747204740000,2.2871
1747204800000,2.7544
1747204860000,2.9253
1747204920000,2.6041
1747204980000,2.5062
1747205040000,2.561
1747205100000,2.4754
1747205160000,2.4882
1747205220000,2.4445
1747205280000,2.6123
1747205340000,2.6372
1747205400000,2.6206
1747205460000,2.4217
1747205520000,2.497
1747205580000,2.8791
1747205640000,2.5573
1747205700000,2.7418
1747205760000,2.6291
1747205820000,2.4362
1747205880000,2.566
1747205940000,2.6256
1747206000000,2.6697
1747206060000,2.5176
1747206120000,2.5298
1747206180000,2.6154
1747206240000,2.7677
1747206300000,2.4945
1747206360000,2.4519
1747206420000,2.7
1747206480000,2.6663
1747206540000,2.4159
1747206600000,2.7667
1747206660000,2.7222
1747206720000,2.2756
1747206780000,2.6263
1747206840000,2.3425
1747206900000,2.5653
1747206960000,2.7369
1747207020000,2.5924
1747207080000,2.4461
1747207140000,2.4887
1747207200000,2.4642
1747207260000,2.5792
1747207320000,2.946
1747207380000,2.4852
1747207440000,2.4406
1747207500000,2.4714
1747207560000,2.617
1747207620000,2.918
1747207680000,2.6882
1747207740000,2.5457
1747207800000,2.3404
1747207860000,2.8932
1747207920000,2.5604
1747207980000,2.6699
1747208040000,2.6968
1747208100000,2.7299
1747208160000,2.5947
1747208220000,2.4686
1747208280000,2.6747
1747208340000,2.4283
1747208400000,2.6517
1747208460000,2.5816
1747208520000,2.6091
1747208580000,2.3483
1747208640000,2.5351
1747208700000,2.292
1747208760000,2.4538
1747208820000,2.5042
1747208880000,2.4827
1747208940000,2.444
1747209000000,2.6622
1747209060000,2.6157
1747209120000,2.4579
1747209180000,2.7297
1747209240000,2.7682
1747209300000,2.5839
1747209360000,2.5956
1747209420000,2.3896
1747209480000,2.6778
1747209540000,2.4918
1747209600000,2.6143
1747209660000,2.5684
1747209720000,2.5266
1747209780000,2.7034
1747209840000,2.7999
1747209900000,2.6818
1747209960000,2.5978
1747210020000,2.3377
1747210080000,2.6022
1747210140000,2.2832
1747210200000,2.3549
1747210260000,2.3663
1747210320000,2.4091
1747210380000,2.5789
1747210440000,2.4736
1747210500000,2.4517
1747210560000,2.5905
1747210620000,2.5862
1747210680000,2.4758
1747210740000,2.4542
1747210800000,2.5875
1747210860000,2.704
1747210920000,2.5473
1747210980000,2.603
1747211040000,2.5315
1747211100000,2.6126
1747211160000,2.6129
1747211220000,2.6382
1747211280000,2.577
1747211340000,2.2822
1747211400000,2.7522
1747211460000,2.6393
1747211520000,2.4748
1747211580000,2.5018
1747211640000,2.5468
1747211700000,2.6354
1747211760000,2.3584
1747211820000,2.4235
1747211880000,2.6459
1747211940000,2.3983
1747212000000,2.5686
1747212060000,2.7453
1747212120000,2.8021
1747212180000,2.7208
1747212240000,2.3284
1747212300000,2.7247
1747212360000,2.5814
1747212420000,2.4925
1747212480000,2.3433
1747212540000,2.3887
1747212600000,2.559
1747212660000,2.5646
1747212720000,2.5329
1747212780000,2.5207
1747212840000,2.2793
1747212900000,2.461
1747212960000,2.4313
1747213020000,2.5981
1747213080000,2.5355
1747213140000,2.535
1747213200000,2.6964
1747213260000,2.5107
1747213320000,2.655
1747213380000,2.3578
1747213440000,2.4756
1747213500000,2.4813
1747213560000,2.3839
1747213620000,2.4878
1747213680000,2.4896
1747213740000,2.6028
1747213800000,2.4353
1747213860000,2.5929
1747213920000,2.4103
1747213980000,2.8006
1747214040000,2.5812
1747214100000,2.5316
1747214160000,2.6175
1747214220000,2.6818
1747214280000,2.5684
1747214340000,2.4068
1747214400000,2.7083
1747214460000,2.4494
1747214520000,2.5702
1747214580000,2.2548
1747214640000,2.3956
1747214700000,2.6307
1747214760000,2.4446
1747214820000,2.3898
1747214880000,2.6932
1747214940000,2.5645
1747215000000,2.5059
1747215060000,2.6038
1747215120000,2.5903
1747215180000,2.6301
1747215240000,2.6339
1747215300000,2.3731
1747215360000,2.4435
1747215420000,2.5123
1747215480000,2.6907
1747215540000,2.5756
1747215600000,2.5106
1747215660000,2.5318
1747215720000,2.7542
1747215780000,2.5679
1747215840000,2.4945
1747215900000,2.5542
1747215960000,2.5132
1747216020000,2.6227
1747216080000,2.3382
1747216140000,2.6837
1747216200000,2.7274
1747216260000,2.4207
1747216320000,2.3478
1747216380000,2.4441
1747216440000,2.935
1747216500000,2.3805
1747216560000,2.651
1747216620000,2.6898
1747216680000,2.4455
1747216740000,2.5718
1747216800000,2.7691
1747216860000,2.5074
1747216920000,2.5404
1747216980000,2.6705
1747217040000,2.559
1747217100000,2.6057
1747217160000,2.571
1747217220000,2.5311
1747217280000,2.6159
1747217340000,2.5231
1747217400000,2.5446
1747217460000,2.453
1747217520000,2.3446
1747217580000,2.5549
1747217640000,2.6343
1747217700000,2.6607
1747217760000,2.4741
1747217820000,2.5
1747217880000,2.4939
1747217940000,2.5718
1747218000000,2.5703
1747218060000,2.4509
1747218120000,2.48
1747218180000,2.4961
1747218240000,2.3731
1747218300000,2.5749
1747218360000,2.4172
1747218420000,2.7305
1747218480000,2.375
1747218540000,2.4759
1747218600000,2.6259
1747218660000,2.3773
1747218720000,2.4464
1747218780000,2.6201
1747218840000,2.5392
1747218900000,2.511
1747218960000,2.5074
1747219020000,2.4681
1747219080000,2.4042
1747219140000,2.3621
1747219200000,2.5189
1747219260000,2.3567
1747219320000,2.4602
1747219380000,2.4709
1747219440000,2.371
1747219500000,2.4166
1747219560000,2.3568
1747219620000,2.4741
1747219680000,2.3672
1747219740000,2.3605
1747219800000,2.2548
1747219860000,2.6386
1747219920000,2.339
1747219980000,2.3479
1747220040000,2.4669
1747220100000,2.595
1747220160000,2.5018
1747220220000,2.4297
1747220280000,2.2786
1747220340000,2.2535
1747220400000,2.4536
1747220460000,2.5647
1747220520000,2.4543
1747220580000,2.3766
1747220640000,2.2507
1747220700000,2.6238
1747220760000,2.2484
1747220820000,2.6067
1747220880000,2.2535
1747220940000,2.2527
1747221000000,2.7721
1747221060000,2.5773
1747221120000,2.6273
1747221180000,2.5306
1747221240000,2.5622
1747221300000,2.6391
1747221360000,2.4839
1747221420000,2.4465
1747221480000,2.562
1747221540000,2.3325
1747221600000,2.5026
1747221660000,2.4161
1747221720000,2.5194
1747221780000,2.3406
1747221840000,2.5299
1747221900000,2.5077
1747221960000,2.2043
1747222020000,2.3902
1747222080000,2.525
1747222140000,2.5324
1747222200000,2.5171
1747222260000,2.617
1747222320000,2.503
1747222380000,2.5477
1747222440000,2.4478
1747222500000,2.6258
1747222560000,2.3904
1747222620000,2.6071
1747222680000,2.3619
1747222740000,2.4559
1747222800000,2.3556
1747222860000,2.3891
1747222920000,2.6192
1747222980000,2.6606
1747223040000,2.3722
1747223100000,2.6432
1747223160000,2.4472
1747223220000,2.6652
1747223280000,2.3554
1747223340000,2.4397
1747223400000,2.3153
1747223460000,2.2992
1747223520000,2.3591
1747223580000,2.34
1747223640000,2.3114
1747223700000,2.5097
1747223760000,2.4089
1747223820000,2.1624
1747223880000,2.7882
1747223940000,2.5474
1747224000000,2.8229
1747224060000,2.9378
1747224120000,2.8796
1747224180000,2.6688
1747224240000,2.6484
1747224300000,2.727
1747224360000,2.9472
1747224420000,2.8243
1747224480000,2.8763
1747224540000,2.7595
1747224600000,2.6148
1747224660000,2.8698
1747224720000,2.9617
1747224780000,2.7941
1747224840000,3.0335
1747224900000,2.6888
1747224960000,2.6632
1747225020000,2.4794
1747225080000,2.4836
1747225140000,2.3557
1747225200000,2.877
1747225260000,2.9234
1747225320000,2.5509
1747225380000,2.9709
1747225440000,2.6727
1747225500000,2.7943
1747225560000,2.9271
1747225620000,2.8196
1747225680000,2.6986
1747225740000,2.6341
1747225800000,2.5682
1747225860000,2.3534
1747225920000,2.3982
1747225980000,2.3841
1747226040000,2.4802
1747226100000,2.4322
1747226160000,2.5202
1747226220000,2.4008
1747226280000,2.4643
1747226340000,2.2991
1747226400000,2.4437
1747226460000,2.445
1747226520000,2.5214
1747226580000,2.4757
1747226640000,2.4061
1747226700000,2.4562
1747226760000,2.3159
1747226820000,2.395
1747226880000,2.2484
1747226940000,2.3938
1747227000000,2.4697
1747227060000,2.4304
1747227120000,2.2324
1747227180000,2.4166
1747227240000,2.417
1747227300000,2.416
1747227360000,2.3554
1747227420000,2.6679
1747227480000,2.4286
1747227540000,2.298
1747227600000,2.5713
1747227660000,2.5719
1747227720000,2.2412
1747227780000,2.4137
1747227840000,2.2487
1747227900000,2.3177
1747227960000,2.4883
1747228020000,2.5729
1747228080000,2.484
1747228140000,2.4259
1747228200000,2.3977
1747228260000,2.4558
1747228320000,2.5121
1747228380000,2.5985
1747228440000,2.6521
1747228500000,2.3952
1747228560000,2.4506
1747228620000,2.5272
1747228680000,2.3812
1747228740000,2.3696
1747228800000,2.1836
1747228860000,2.2361
1747228920000,2.3122
1747228980000,2.2099
1747229040000,2.4307
1747229100000,2.5436
1747229160000,2.2019
1747229220000,2.4015
1747229280000,2.4047
1747229340000,2.2218
1747229400000,2.3626
1747229460000,2.3082
1747229520000,2.5539
1747229580000,2.6559
1747229640000,2.7457
1747229700000,2.7972
1747229760000,1.9452
1747229820000,2.5487
1747229880000,2.3322
1747229940000,2.3662
1747230000000,2.4203
1747230060000,2.5071
1747230120000,2.3111
1747230180000,2.2502
1747230240000,2.2779
1747230300000,2.5049
1747230360000,2.2335
1747230420000,2.4726
1747230480000,2.1582
1747230540000,2.4007
1747230600000,2.5128
1747230660000,2.4588
1747230720000,2.0976
1747230780000,2.5958
1747230840000,1.9881
1747230900000,2.2961
1747230960000,2.1374
1747231020000,2.2204
1747231080000,2.6552
1747231140000,2.609
1747231200000,2.5002
1747231260000,2.6187
1747231320000,2.8476
1747231380000,2.6823
1747231440000,2.544
1747231500000,2.618
1747231560000,2.6382
1747231620000,2.5215
1747231680000,2.4724
1747231740000,2.6547
1747231800000,2.7687
1747231860000,2.6926
1747231920000,2.7339
1747231980000,2.7537
1747232040000,2.848
1747232100000,2.5058
1747232160000,2.8963
1747232220000,3.0232
1747232280000,3.3323
1747232340000,2.8015
1747232400000,2.7042
1747232460000,2.463
1747232520000,2.8594
1747232580000,2.3452
1747232640000,2.1442
1747232700000,2.0421
1747232760000,2.6298
1747232820000,2.1779
1747232880000,3.2163
1747232940000,2.0316
1747233000000,2.4341
1747233060000,3.0104
1747233120000,2.5897
1747233180000,2.62
1747233240000,2.698
1747233300000,2.3812
1747233360000,2.3891
1747233420000,2.5279
1747233480000,2.4141
1747233540000,1.8958
1747233600000,2.7084
1747233660000,3.0831
1747233720000,2.8639
1747233780000,2.5963
1747233840000,2.5673
1747233900000,3.1746
1747233960000,2.2472
1747234020000,2.1866
1747234080000,2.2726
1747234140000,2.6519
1747234200000,3.5464
1747234260000,2.3268
1747234320000,4.1423
1747234380000,2.5214
1747234440000,2.0773
1747234500000,2.335
1747234560000,2.6396
1747234620000,2.6908
1747234680000,2.9455
1747234740000,2.0517
1747234800000,2.2885
1747234860000,2.13
1747234920000,2.3295
1747234980000,2.7392
1747235040000,2.1012
1747235100000,2.3648
1747235160000,2.23
1747235220000,1.7169
1747235280000,2.3816
1747235340000,3.1398
1747235400000,2.3763
1747235460000,2.2865
1747235520000,1.8414
1747235580000,1.7562
1747235640000,2.256
1747235700000,2.247
1747235760000,2.4148
1747235820000,1.9302
1747235880000,2.1477
1747235940000,2.3149
1747236000000,2.5146
1747236060000,3.3018
1747236120000,1.9415
1747236180000,2.4769
1747236240000,2.4317
1747236300000,2.4627
1747236360000,2.0732
1747236420000,2.3301
1747236480000,2.3832
1747236540000,2.6831
1747236600000,3.0656
1747236660000,2.5744
1747236720000,1.9416
1747236780000,2.5506
1747236840000,3.064
1747236900000,2.244
1747236960000,2.6228
1747237020000,1.7662
1747237080000,2.3077
1747237140000,2.3708
1747237200000,2.3716
1747237260000,3.0635
1747237320000,2.7013
1747237380000,2.5473
1747237440000,1.9591
1747237500000,2.7755
1747237560000,2.9725
1747237620000,1.8356
1747237680000,2.5893
1747237740000,3.2298
1747237800000,2.5851
1747237860000,2.3525
1747237920000,2.1382
1747237980000,2.8779
1747238040000,2.5515
1747238100000,3.2474
1747238160000,2.1192
1747238220000,2.6609
1747238280000,3.5437
1747238340000,1.8753
1747238400000,2.491
1747238460000,2.7252
1747238520000,2.4678
1747238580000,3.1361
1747238640000,2.8433
1747238700000,2.4644
1747238760000,4.6291
1747238820000,2.431
1747238880000,2.4688
1747238940000,2.8755
1747239000000,2.2319
1747239060000,3.3166
1747239120000,2.626
1747239180000,1.9159
1747239240000,1.8533
1747239300000,2.4111
1747239360000,3.2315
1747239420000,2.4757
1747239480000,2.109
1747239540000,3.2559
1747239600000,2.0026
1747239660000,2.8541
1747239720000,2.7815
1747239780000,2.1169
1747239840000,2.6182
1747239900000,2.7487
1747239960000,2.2551
1747240020000,2.0831
1747240080000,2.0947
1747240140000,3.2254
1747240200000,2.8799
1747240260000,2.8493
1747240320000,2.9843
1747240380000,2.5821
1747240440000,2.6645
1747240500000,2.4014
1747240560000,1.8338
1747240620000,2.1783
1747240680000,2.8487
1747240740000,2.8668
1747240800000,2.3205
1747240860000,3.8017
1747240920000,2.7007
1747240980000,2.6329
1747241040000,2.5179
1747241100000,3.3413
1747241160000,3.613
1747241220000,2.2345
1747241280000,3.1093
1747241340000,3.519
1747241400000,3.9361
1747241460000,2.4776
1747241520000,2.0994
1747241580000,1.9684
1747241640000,3.5438
1747241700000,2.7946
1747241760000,2.0488
1747241820000,1.6929
1747241880000,2.301
1747241940000,1.8057
1747242000000,1.5477
1747242060000,2.4514
1747242120000,2.8471
1747242180000,2.5986
1747242240000,1.5966
1747242300000,2.3208
1747242360000,2.3716
1747242420000,1.9268
1747242480000,3.0624
1747242540000,3.2027
1747242600000,1.9389
1747242660000,2.6338
1747242720000,2.2192
1747242780000,3.9476
1747242840000,1.8883
1747242900000,2.7103
1747242960000,3.2017
1747243020000,2.1512
1747243080000,2.3734
1747243140000,2.8509
1747243200000,2.487
1747243260000,2.7857
1747243320000,2.4802
1747243380000,2.0383
1747243440000,2.2801
1747243500000,1.8252
1747243560000,2.0971
1747243620000,2.678
1747243680000,1.644
1747243740000,1.6452
1747243800000,1.9202
1747243860000,2.0
1747243920000,2.2184
1747243980000,2.8367
1747244040000,3.7099
1747244100000,2.1143
1747244160000,2.3167
1747244220000,2.6439
1747244280000,2.8509
1747244340000,2.5744
1747244400000,2.0
1747244460000,1.7446
1747244520000,1.8156
1747244580000,1.8119
1747244640000,2.867
1747244700000,2.1
1747244760000,2.5714
1747244820000,3.8
1747244880000,1.6667
1747244940000,1.449
1747245000000,1.974
1747245060000,2.8333
1747245120000,3.1852
1747245180000,1.6092
1747245240000,2.2871
1747245300000,2.1146
1747245360000,3.2234
1747245420000,3.475
1747245480000,3.1579
1747245540000,1.4746
1747245600000,2.1753
1747245660000,2.7643
1747245720000,3.0775
1747245780000,1.5556
1747245840000,1.7164
1747245900000,3.9195
1747245960000,2.5313
1747246020000,2.383
1747246080000,2.0977
1747246140000,1.8929
1747246200000,2.5862
1747246260000,3.567
1747246320000,2.9959
1747246380000,3.0095
1747246440000,1.9223
1747246500000,1.7647
1747246560000,3.2188
1747246620000,1.7931
1747246680000,1.7424
1747246740000,2.2198
1747246800000,1.5652
1747246860000,2.6338
1747246920000,2.3092
1747246980000,1.9273
1747247040000,2.5825
1747247100000,2.3228
1747247160000,2.6601
1747247220000,2.7159
1747247280000,2.0738
1747247340000,1.5876
1747247400000,2.4061
1747247460000,2.9856
1747247520000,1.7705
1747247580000,1.7857
1747247640000,2.8595
1747247700000,1.5
1747247760000,1.9153
1747247820000,4.7905
1747247880000,2.3596
1747247940000,5.0606
1747248000000,2.016
1747248060000,4.3704
1747248120000,1.7372
1747248180000,2.3678
1747248240000,1.5135
1747248300000,2.0658
1747248360000,2.902
1747248420000,3.3182
1747248480000,4.5179
1747248540000,6.3571
1747248600000,2.464
1747248660000,10.9818
1747248720000,1.4197
1747248780000,1.6181
1747248840000,3.2881
1747248900000,1.431
1747248960000,1.8
1747249020000,2.6316
1747249080000,1.7143
1747249140000,1.5652
1747249200000,1.6531
1747249260000,2.6901
1747249320000,2.8361
1747249380000,4.9556
1747249440000,2.3908
1747249500000,3.2115
1747249560000,1.6211
1747249620000,1.5094
1747249680000,4.6053
1747249740000,2.5472
1747249800000,2.618
1747249860000,3.552
1747249920000,3.3036
1747249980000,1.4138
1747250040000,2.125
1747250100000,2.4063
1747250160000,1.44
1747250220000,1.8507
1747250280000,1.875
1747250340000,2.05
1747250400000,1.6149
1747250460000,3.1916
1747250520000,2.5843
1747250580000,2.9111
1747250640000,1.6771
1747250700000,2.2895
1747250760000,1.5085
1747250820000,2.2629
1747250880000,3.5882
1747250940000,1.6818
1747251000000,6.7692
1747251060000,2.625
1747251120000,1.6383
1747251180000,1.5
1747251240000,2.0526
1747251300000,1.6818
1747251360000,3.2459
1747251420000,1.8627
1747251480000,2.5503
1747251540000,2.2933
1747251600000,1.5694
1747251660000,1.5633
1747251720000,2.4659
1747251780000,1.7206
1747251840000,4.8333
1747251900000,1.6
1747251960000,3.4615
1747252020000,1.9512
1747252080000,3.2429
1747252140000,3.0317
1747252200000,1.6667
1747252260000,3.2069
1747252320000,2.0175
1747252380000,1.6471
1747252440000,1.8243
1747252500000,1.6962
1747252560000,1.4545
1747252620000,3.0625
1747252680000,2.3448
1747252740000,2.6866
1747252800000,2.5189
1747252860000,1.7928
1747252920000,1.6067
1747252980000,1.9556
1747253040000,1.6667
1747253100000,2.0
1747253160000,1.4286
1747253280000,2.0725
1747253340000,4.7037
1747253400000,3.7619
1747253460000,1.6429
1747253520000,1.6393
1747253580000,1.5904
1747253640000,1.5278
1747253700000,1.6
1747253760000,8.6364
1747253820000,1.7605
1747253880000,1.4
1747253940000,1.6129
1747254000000,3.2553
1747254060000,2.5349
1747254120000,4.1596
1747254180000,2.8372
1747254240000,1.4545
1747254300000,2.9455
1747254360000,3.1343
1747254420000,1.8462
1747254480000,1.6604
1747254540000,17.2368
1747254600000,1.7353
1747254660000,1.5094
1747254720000,2.8514
1747254780000,4.4865
1747254840000,1.593
1747254900000,2.9424
1747254960000,1.5484
1747255020000,1.5714
1747255080000,1.6186
1747255140000,2.8904
1747255200000,1.5254
1747255260000,2.9076
1747255320000,2.3462
1747255380000,2.5556
1747255440000,2.2143
1747255500000,1.8108
1747255560000,1.6762
1747255620000,2.9527
1747255680000,1.7026
1747255740000,4.1149
1747255800000,1.5385
1747255860000,3.7833
1747255920000,1.398
1747255980000,1.8641
1747256040000,2.7059
1747256100000,1.4521
1747256160000,1.8519
1747256220000,2.1429
1747256280000,1.6031
1747256340000,1.8389
1747256400000,2.8224
1747256460000,5.587
1747256520000,1.5
1747256580000,1.6667
1747256640000,3.0488
1747256700000,2.9032
1747256760000,2.3196
1747256820000,2.6163
1747256880000,3.9048
1747256940000,2.1806
1747257000000,1.7111
1747257060000,1.6627
1747257120000,4.2639
1747257180000,1.3378
1747257240000,2.9844
1747257300000,3.3883
1747257360000,1.7455
1747257420000,4.2432
1747257480000,2.4101
1747257540000,1.4324
1747257600000,1.725
1747257660000,3.4571
1747257720000,2.04
1747257780000,2.0298
1747257840000,2.1315
1747257900000,3.1
1747257960000,1.7901
1747258020000,1.9718
1747258080000,2.2478
1747258140000,5.8418
1747258200000,2.9357
1747258260000,3.75
1747258320000,2.3333
1747258380000,1.4898
1747258440000,2.1887
1747258500000,2.0362
1747258560000,1.7438
1747258620000,4.0938
1747258680000,2.112
1747258740000,3.9274
1747258800000,4.2632
1747258860000,1.5243
1747258920000,2.5891
1747258980000,2.8889
1747259040000,1.9497
1747259100000,1.9744
1747259160000,2.4217
1747259220000,1.9452
1747259280000,1.7831
1747259340000,1.5
1747259400000,2.6563
1747259460000,4.3592
1747259520000,2.5618
1747259580000,1.7179
1747259640000,2.3551
1747259700000,1.9339
1747259760000,2.4191
1747259820000,3.5819
1747259880000,1.3306
1747259940000,2.602
1747260000000,1.4689
1747260060000,2.2694
1747260120000,2.0484
1747260180000,1.8945
1747260240000,2.0995
1747260300000,4.5207
1747260360000,2.0764
1747260420000,2.058
1747260480000,2.2308
1747260540000,2.7427
1747260600000,1.6527
1747260660000,2.2263
1747260720000,1.7295
1747260780000,3.093
1747260840000,2.4468
1747260900000,1.9744
1747260960000,2.1329
1747261020000,2.1407
1747261080000,2.8681
1747261140000,2.1622
1747261200000,2.7293
1747261260000,3.6424
1747261320000,3.4623
1747261380000,2.2693
1747261440000,2.2435
1747261500000,1.8158
1747261560000,2.75
1747261620000,2.7249
1747261680000,2.7459
1747261740000,2.5
1747261800000,2.2714
1747261860000,1.9743
1747261920000,2.3824
1747261980000,2.1175
1747262040000,1.9085
1747262100000,2.6269
1747262160000,2.5403
1747262220000,1.583
1747262280000,2.2057
1747262340000,2.3943
1747262400000,1.875
1747262460000,2.4612
1747262520000,1.4209
1747262580000,2.1468
1747262640000,2.3377
1747262700000,3.3077
1747262760000,2.186
1747262820000,2.2071
1747262880000,2.472
1747262940000,2.7479
1747263000000,2.6952
1747263060000,2.3937
1747263120000,2.5055
1747263180000,1.9134
1747263240000,2.3493
1747263300000,1.9625
1747263360000,2.0621
1747263420000,2.4508
1747263480000,2.2572
1747263540000,1.8345
1747263600000,2.0646
1747263660000,2.1422
1747263720000,2.0809
1747263780000,2.1054
1747263840000,2.0092
1747263900000,2.1786
1747263960000,2.6549
1747264020000,2.1083
1747264080000,2.5473
1747264140000,2.3023
1747264200000,2.4898
1747264260000,2.3448
1747264320000,2.4961
1747264380000,2.2085
1747264440000,2.2595
1747264500000,1.861
1747264560000,2.2886
1747264620000,1.8651
1747264680000,2.3701
1747264740000,1.9205
1747264800000,2.389
1747264860000,2.1786
1747264920000,2.601
1747264980000,2.1556
1747265040000,2.3422
1747265100000,2.3209
1747265160000,2.5199
1747265220000,2.1054
1747265280000,2.2115
1747265340000,2.5441
1747265400000,2.1353
1747265460000,1.9605
1747265520000,2.2084
1747265580000,2.4641
1747265640000,2.4955
1747265700000,2.4663
1747265760000,2.0216
1747265820000,2.2723
1747265880000,2.2309
1747265940000,2.0827
1747266000000,2.3487
1747266060000,2.3122
1747266120000,1.8802
1747266180000,2.354
1747266240000,1.9925
1747266300000,2.1428
1747266360000,2.1298
1747266420000,2.5038
1747266480000,1.8883
1747266540000,2.1626
1747266600000,2.157
1747266660000,2.0057
1747266720000,2.1774
1747266780000,2.3863
1747266840000,2.1567
1747266900000,2.1671
1747266960000,2.0537
1747267020000,2.357
1747267080000,2.2472
1747267140000,2.2616
1747267200000,2.1931
1747267260000,2.1477
1747267320000,2.2709
1747267380000,2.4556
1747267440000,2.4358
1747267500000,2.3995
1747267560000,2.2875
1747267620000,2.174
1747267680000,2.1218
1747267740000,2.2329
1747267800000,2.1945
1747267860000,2.1588
1747267920000,2.48
1747267980000,2.2233
1747268040000,2.2956
1747268100000,2.0754
1747268160000,2.2546
1747268220000,2.2234
1747268280000,2.246
1747268340000,2.0574
1747268400000,2.4026
1747268460000,2.3509
1747268520000,2.1443
1747268580000,2.2294
1747268640000,2.2246
1747268700000,2.1518
1747268760000,2.2708
1747268820000,2.2586
1747268880000,2.391
1747268940000,2.2863
1747269000000,2.4896
1747269060000,2.3927
1747269120000,2.2801
1747269180000,2.2041
1747269240000,2.3405
1747269300000,2.0647
1747269360000,2.1818
1747269420000,2.3931
1747269480000,2.2663
1747269540000,2.2665
1747269600000,2.228
1747269660000,2.3888
1747269720000,2.1741
1747269780000,2.2157
1747269840000,2.4027
1747269900000,2.2277
1747269960000,2.2447
1747270020000,2.3367
1747270080000,2.3673
1747270140000,2.2979
1747270200000,2.2039
1747270260000,2.3602
1747270320000,2.2295
1747270380000,2.3372
1747270440000,2.3727
1747270500000,2.489
1747270560000,2.2984
1747270620000,2.3663
1747270680000,2.2525
1747270740000,2.2989
1747270800000,2.3934
1747270860000,2.3072
1747270920000,2.4089
1747270980000,2.4147
1747271040000,2.2305
1747271100000,2.542
1747271160000,2.3898
1747271220000,2.4749
1747271280000,2.2662
1747271340000,2.2386
1747271400000,2.3745
1747271460000,2.5495
1747271520000,2.2864
1747271580000,2.1828
1747271640000,2.426
1747271700000,2.3821
1747271760000,2.3034
1747271820000,2.4109
1747271880000,2.3347
1747271940000,2.4758
1747272000000,2.449
1747272060000,2.2723
1747272120000,2.6331
1747272180000,2.4274
1747272240000,2.3778
1747272300000,2.3407
1747272360000,2.3701
1747272420000,2.1457
1747272480000,2.5497
1747272540000,2.247
1747272600000,2.447
1747272660000,2.5226
1747272720000,2.101
1747272780000,2.3947
1747272840000,2.347
1747272900000,2.2544
1747272960000,2.552
1747273020000,2.5221
1747273080000,2.4842
1747273140000,2.5202
1747273200000,2.3715
1747273260000,2.4221
1747273320000,2.4809
1747273380000,2.5237
1747273440000,2.3635
1747273500000,2.6146
1747273560000,2.3875
1747273620000,2.2975
1747273680000,2.2238
1747273740000,2.3567
1747273800000,2.5909
1747273860000,2.4174
1747273920000,2.4553
1747273980000,2.3866
1747274040000,2.4243
1747274100000,2.5171
1747274160000,2.6809
1747274220000,2.4281
1747274280000,2.4898
1747274340000,2.5648
1747274400000,2.8729
1747274460000,2.5439
1747274520000,2.5043
1747274580000,2.445
1747274640000,2.369
1747274700000,2.8691
1747274760000,2.3683
1747274820000,2.2604
1747274880000,2.4758
1747274940000,2.4872
1747275000000,2.4887
1747275060000,2.4611
1747275120000,2.4149
1747275180000,2.5309
1747275240000,2.2924
1747275300000,2.4004
1747275360000,2.6018
1747275420000,2.4199
1747275480000,2.3345
1747275540000,2.6626
1747275600000,2.7068
1747275660000,2.406
1747275720000,2.4716
1747275780000,2.5281
1747275840000,2.4711
1747275900000,2.3669
1747275960000,2.5732
1747276020000,2.5046
1747276080000,2.5426
1747276140000,2.5525
1747276200000,2.5737
1747276260000,2.4199
1747276320000,2.6402
1747276380000,2.4912
1747276440000,2.6336
1747276500000,2.3939
1747276560000,2.6358
1747276620000,2.5169
1747276680000,2.5313
1747276740000,2.6855
1747276800000,2.509
1747276860000,2.6026
1747276920000,2.5271
1747276980000,2.5329
1747277040000,2.4564
1747277100000,2.485
1747277160000,2.6551
1747277220000,2.3415
1747277280000,2.4465
1747277340000,2.5378
1747277400000,2.6363
1747277460000,2.7412
1747277520000,2.5671
1747277580000,2.3522
1747277640000,2.6862
1747277700000,2.4119
1747277760000,2.5617
1747277820000,2.3884
1747277880000,2.5592
1747277940000,2.2998
1747278000000,2.664
1747278060000,2.4469
1747278120000,2.6001
1747278180000,2.4311
1747278240000,2.6002
1747278300000,2.6067
1747278360000,2.6115
1747278420000,2.4902
1747278480000,2.5425
1747278540000,2.4387
1747278600000,2.5519
1747278660000,2.6856
1747278720000,2.2848
1747278780000,2.6627
1747278840000,2.4967
1747278900000,2.4175
1747278960000,2.4782
1747279020000,2.4427
1747279080000,2.4283
1747279140000,2.7398
1747279200000,2.6481
1747279260000,2.4321
1747279320000,2.4484
1747279380000,2.4681
1747279440000,2.6127
1747279500000,2.5367
1747279560000,2.6566
1747279620000,2.4893
1747279680000,2.3048
1747279740000,2.4877
1747279800000,2.3814
1747279860000,2.6089
1747279920000,2.4322
1747279980000,2.4609
1747280040000,2.5478
1747280100000,2.4959
1747280160000,2.3932
1747280220000,2.472
1747280280000,2.5426
1747280340000,2.6947
1747280400000,2.4673
1747280460000,2.579
1747280520000,2.4188
1747280580000,2.3403
1747280640000,2.3878
1747280700000,2.4688
1747280760000,2.3353
1747280820000,2.5363
1747280880000,2.6588
1747280940000,2.3657
1747281000000,2.5816
1747281060000,2.3948
1747281120000,2.6161
1747281180000,2.5037
1747281240000,2.4409
1747281300000,2.3667
1747281360000,2.6758
1747281420000,2.3793
1747281480000,2.3521
1747281540000,2.4371
1747281600000,2.6022
1747281660000,2.4953
1747281720000,2.4083
1747281780000,2.3802
1747281840000,2.4363
1747281900000,2.3998
1747281960000,2.5609
1747282020000,2.7413
1747282080000,2.5485
1747282140000,2.2431
1747282200000,2.2537
1747282260000,2.5436
1747282320000,2.2095
1747282380000,2.4647
1747282440000,2.3219
1747282500000,2.4107
1747282560000,2.3224
1747282620000,2.5365
1747282680000,2.2554
1747282740000,2.3471
1747282800000,2.3544
1747282860000,2.2357
1747282920000,2.471
1747282980000,2.4625
1747283040000,2.3493
1747283100000,2.2013
1747283160000,2.3508
1747283220000,2.3366
1747283280000,2.4497
1747283340000,2.4979
1747283400000,2.4992
1747283460000,2.6073
1747283520000,2.506
1747283580000,2.4249
1747283640000,2.6372
1747283700000,2.5482
1747283760000,2.2828
1747283820000,2.5019
1747283880000,2.3667
1747283940000,2.5201
1747284000000,2.64
1747284060000,2.6714
1747284120000,2.5193
1747284180000,2.6865
1747284240000,2.4338
1747284300000,2.3415
1747284360000,2.3984
1747284420000,2.281
1747284480000,2.6325
1747284540000,2.4421
1747284600000,2.7584
1747284660000,2.4904
1747284720000,2.2029
1747284780000,2.4422
1747284840000,2.1463
1747284900000,2.3929
1747284960000,2.4069
1747285020000,2.4574
1747285080000,2.4393
1747285140000,2.1962
1747285200000,2.7539
1747285260000,2.3941
1747285320000,2.4402
1747285380000,2.336
1747285440000,2.5864
1747285500000,2.6505
1747285560000,2.3816
1747285620000,2.3847
1747285680000,2.4327
1747285740000,2.3232
1747285800000,2.51
1747285860000,2.2971
1747285920000,2.3929
1747285980000,2.7237
1747286040000,2.2651
1747286100000,2.3394
1747286160000,2.3452
1747286220000,2.3177
1747286280000,2.4362
1747286340000,2.2602
1747286400000,2.5465
1747286460000,2.4105
1747286520000,2.3527
1747286580000,2.354
1747286640000,2.1786
1747286700000,2.3652
1747286760000,2.3998
1747286820000,2.2529
1747286880000,2.2658
1747286940000,2.3531
1747287000000,2.4642
1747287060000,2.2911
1747287120000,2.3848
1747287180000,1.972
1747287240000,2.5309
1747287300000,2.1764
1747287360000,2.5735
1747287420000,2.6221
1747287480000,2.4589
1747287540000,2.3535
1747287600000,2.3727
1747287660000,2.2188
1747287720000,2.6635
1747287780000,2.5042
1747287840000,2.3592
1747287900000,2.2099
1747287960000,2.714
1747288020000,2.3603
1747288080000,2.4976
1747288140000,2.6731
1747288200000,2.3092
1747288260000,3.0229
1747288320000,2.5853
1747288380000,2.4188
1747288440000,2.4476
1747288500000,2.2774
1747288560000,2.3822
1747288620000,2.3671
1747288680000,2.4177
1747288740000,2.4893
1747288800000,2.1432
1747288860000,2.6797
1747288920000,2.5364
1747288980000,2.3687
1747289040000,2.3385
1747289100000,2.7215
1747289160000,2.334
1747289220000,2.4126
1747289280000,2.4846
1747289340000,2.1757
1747289400000,2.7393
1747289460000,2.3659
1747289520000,2.4958
1747289580000,2.534
1747289640000,2.5398
1747289700000,2.4903
1747289760000,2.2683
1747289820000,2.4895
1747289880000,2.4762
1747289940000,2.4487
1747290000000,2.4571
1747290060000,2.4304
1747290120000,2.4458
1747290180000,2.4304
1747290240000,2.584
1747290300000,2.4006
1747290360000,2.6962
1747290420000,2.4805
1747290480000,2.3658
1747290540000,2.3773
1747290600000,2.467
1747290660000,2.5953
1747290720000,2.4192
1747290780000,2.542
1747290840000,2.3263
1747290900000,2.3698
1747290960000,2.779
1747291020000,2.1569
1747291080000,2.46
1747291140000,2.4263
1747291200000,2.5328
1747291260000,2.5547
1747291320000,2.5409
1747291380000,2.7595
1747291440000,2.4199
1747291500000,2.5019
1747291560000,2.4702
1747291620000,2.6566
1747291680000,2.4846
1747291740000,2.4239
1747291800000,2.7955
1747291860000,2.4104
1747291920000,2.5525
1747291980000,2.74
1747292040000,2.3455
1747292100000,2.4998
1747292160000,2.4148
1747292220000,2.5732
1747292280000,2.572
1747292340000,2.5736
1747292400000,2.6245
1747292460000,2.6611
1747292520000,2.6449
1747292580000,2.7063
1747292640000,2.7517
1747292700000,2.6976
1747292760000,2.7392
1747292820000,2.487
1747292880000,2.4231
1747292940000,2.7173
1747293000000,2.5532
1747293060000,2.8775
1747293120000,2.5513
1747293180000,2.5464
1747293240000,2.5093
1747293300000,2.3862
1747293360000,2.5293
1747293420000,2.3812
1747293480000,2.4134
1747293540000,2.5389
1747293600000,2.4898
1747293660000,2.5588
1747293720000,2.5382
1747293780000,2.7204
1747293840000,2.3842
1747293900000,2.4134
1747293960000,2.4191
1747294020000,2.4906
1747294080000,2.554
1747294140000,2.5005
1747294200000,2.5964
1747294260000,2.3609
1747294320000,2.5335
1747294380000,2.224
1747294440000,2.402
1747294500000,2.6329
1747294560000,2.555
1747294620000,2.2914
1747294680000,2.4997
1747294740000,2.4017
1747294800000,2.5288
1747294860000,2.673
1747294920000,2.508
1747294980000,2.558
1747295040000,2.4177
1747295100000,2.4811
1747295160000,2.6071
1747295220000,2.5528
1747295280000,2.3819
1747295340000,2.6056
1747295400000,2.6607
1747295460000,2.5307
1747295520000,2.3833
1747295580000,2.3617
1747295640000,2.5907
1747295700000,2.5634
1747295760000,2.4261
1747295820000,2.4656
1747295880000,2.4103
1747295940000,2.3748
1747296000000,2.5561
1747296060000,2.5264
1747296120000,2.562
1747296180000,2.7011
1747296240000,2.4934
1747296300000,2.6606
1747296360000,2.3934
1747296420000,2.4102
1747296480000,2.4399
1747296540000,2.3916
1747296600000,2.3559
1747296660000,2.5517
1747296720000,2.5905
1747296780000,2.4962
1747296840000,2.5807
1747296900000,2.3655
1747296960000,2.5098
1747297020000,2.5658
1747297080000,2.4694
1747297140000,2.5607
1747297200000,2.5721
1747297260000,2.3969
1747297320000,2.6457
1747297380000,2.3015
1747297440000,2.3845
1747297500000,2.4924
1747297560000,2.4555
1747297620000,2.6307
1747297680000,2.3701
1747297740000,2.4094
1747297800000,2.3759
1747297860000,2.4019
1747297920000,2.473
1747297980000,2.4398
1747298040000,2.5565
1747298100000,2.5054
1747298160000,2.6022
1747298220000,2.5177
1747298280000,2.4159
1747298340000,2.4175
1747298400000,2.2901
1747298460000,2.2983
1747298520000,2.3784
1747298580000,2.4163
1747298640000,2.4415
1747298700000,2.6393
1747298760000,2.6279
1747298820000,2.5669
1747298880000,2.3975
1747298940000,2.6097
1747299000000,2.4888
1747299060000,2.544
1747299120000,2.3626
1747299180000,2.818
1747299240000,2.5974
1747299300000,2.6412
1747299360000,2.5964
1747299420000,2.2778
1747299480000,2.5138
1747299540000,2.3683
1747299600000,2.5221
1747299660000,2.3812
1747299720000,2.453
1747299780000,2.4474
1747299840000,2.3508
1747299900000,2.4533
1747299960000,2.4808
1747300020000,2.4012
1747300080000,2.2702
1747300140000,2.4634
1747300200000,2.7036
1747300260000,2.4983
1747300320000,2.383
1747300380000,2.2512
1747300440000,2.5236
1747300500000,2.356
1747300560000,2.2076
1747300620000,2.4881
1747300680000,2.5198
1747300740000,2.7304
1747300800000,2.3605
1747300860000,2.5736
1747300920000,2.6065
1747300980000,2.5134
1747301040000,2.6337
1747301100000,2.5635
1747301160000,2.3882
1747301220000,2.6093
1747301280000,2.3355
1747301340000,2.5705
1747301400000,2.767
1747301460000,2.6096
1747301520000,2.6711
1747301580000,2.6346
1747301640000,2.4989
1747301700000,2.5222
1747301760000,2.6509
1747301820000,2.731
1747301880000,2.6595
1747301940000,2.2999
1747302000000,2.3837
1747302060000,2.4653
1747302120000,2.5101
1747302180000,2.5751
1747302240000,2.5943
1747302300000,2.5222
1747302360000,2.6206
1747302420000,2.5527
