timestamp,middleware_metaq_receive_rt
1747042380000,98.2421
1747042440000,91.9556
1747042500000,94.6669
1747042560000,89.8588
1747042620000,90.2146
1747042680000,89.2188
1747042740000,93.78
1747042800000,89.6911
1747042860000,93.292
1747042920000,93.7916
1747042980000,93.4243
1747043040000,95.1901
1747043100000,89.0987
1747043160000,92.5545
1747043220000,87.4157
1747043280000,94.1049
1747043340000,95.0348
1747043400000,87.6612
1747043460000,93.0116
1747043520000,89.6011
1747043580000,88.1509
1747043640000,85.8505
1747043700000,93.3222
1747043760000,74.9447
1747043820000,80.2342
1747043880000,96.0743
1747043940000,94.124
1747044000000,90.9539
1747044060000,91.532
1747044120000,88.2311
1747044180000,91.6616
1747044240000,91.2957
1747044300000,91.609
1747044360000,89.9858
1747044420000,93.0304
1747044480000,90.1064
1747044540000,90.7403
1747044600000,87.8246
1747044660000,87.3508
1747044720000,92.4805
1747044780000,89.6233
1747044840000,94.5403
1747044900000,89.1593
1747044960000,85.6399
1747045020000,93.7182
1747045080000,96.3163
1747045140000,94.7235
1747045200000,84.6235
1747045260000,85.7316
1747045320000,77.4662
1747045380000,88.3596
1747045440000,89.9699
1747045500000,89.2032
1747045560000,87.6433
1747045620000,84.2746
1747045680000,82.4227
1747045740000,88.0631
1747045800000,82.8161
1747045860000,85.5025
1747045920000,89.632
1747045980000,86.8281
1747046040000,85.5944
1747046100000,78.9488
1747046160000,88.7906
1747046220000,78.5521
1747046280000,83.8464
1747046340000,82.6592
1747046400000,82.5105
1747046460000,83.9706
1747046520000,85.3841
1747046580000,86.3416
1747046640000,84.2983
1747046700000,86.1162
1747046760000,78.9563
1747046820000,84.8636
1747046880000,69.9637
1747046940000,70.0315
1747047000000,73.1432
1747047060000,87.9355
1747047120000,82.7701
1747047180000,84.7019
1747047240000,79.4507
1747047300000,80.4567
1747047360000,77.3868
1747047420000,80.0664
1747047480000,86.3949
1747047540000,83.6949
1747047600000,25.1199
1747047660000,21.4581
1747047720000,46.6068
1747047780000,47.8328
1747047840000,23.2736
1747047900000,23.0836
1747047960000,74.7529
1747048020000,60.2617
1747048080000,22.1912
1747048140000,22.5072
1747048200000,60.9934
1747048260000,61.3662
1747048320000,23.2969
1747048380000,32.3336
1747048440000,50.6481
1747048500000,24.4309
1747048560000,30.1641
1747048620000,21.7883
1747048680000,62.604
1747048740000,30.5944
1747048800000,23.1871
1747048860000,20.6146
1747048920000,53.0883
1747048980000,78.2978
1747049040000,23.9845
1747049100000,28.2241
1747049160000,23.1722
1747049220000,59.6709
1747049280000,42.3248
1747049340000,45.2107
1747049400000,24.9002
1747049460000,21.0858
1747049520000,65.9971
1747049580000,46.6623
1747049640000,21.5603
1747049700000,21.1075
1747049760000,57.1786
1747049820000,60.6583
1747049880000,19.9526
1747049940000,21.265
1747050000000,76.5959
1747050060000,54.4756
1747050120000,22.1249
1747050180000,20.8406
1747050240000,54.4532
1747050300000,65.2514
1747050360000,22.5697
1747050420000,22.9206
1747050480000,78.1831
1747050540000,48.4998
1747050600000,23.0343
1747050660000,23.9754
1747050720000,59.246
1747050780000,66.9659
1747050840000,23.9696
1747050900000,22.6001
1747050960000,79.6821
1747051020000,50.3553
1747051080000,23.7653
1747051140000,23.3471
1747051200000,58.7553
1747051260000,58.1823
1747051320000,25.0896
1747051380000,20.8127
1747051440000,75.5457
1747051500000,51.9342
1747051560000,24.1947
1747051620000,21.2871
1747051680000,46.9041
1747051740000,61.5607
1747051800000,23.0591
1747051860000,22.4877
1747051920000,72.3512
1747051980000,48.137
1747052040000,23.5359
1747052100000,23.2541
1747052160000,60.0116
1747052220000,70.3312
1747052280000,21.1949
1747052340000,22.0355
1747052400000,72.2603
1747052460000,47.9172
1747052520000,20.7349
1747052580000,22.2725
1747052640000,51.3236
1747052700000,66.8938
1747052760000,20.6278
1747052820000,20.8456
1747052880000,76.4404
1747052940000,52.3452
1747053000000,25.1541
1747053060000,21.1542
1747053120000,47.8254
1747053180000,56.3951
1747053240000,20.3877
1747053300000,23.0107
1747053360000,79.0502
1747053420000,45.133
1747053480000,21.1765
1747053540000,19.6079
1747053600000,54.3302
1747053660000,59.4097
1747053720000,23.3545
1747053780000,19.1251
1747053840000,75.225
1747053900000,46.0905
1747053960000,21.2163
1747054020000,17.3532
1747054080000,55.3338
1747054140000,59.4708
1747054200000,20.3568
1747054260000,18.1012
1747054320000,81.3259
1747054380000,44.5361
1747054440000,22.5345
1747054500000,19.4383
1747054560000,50.5778
1747054620000,62.8127
1747054680000,19.4995
1747054740000,22.1294
1747054800000,22.3848
1747054860000,45.3689
1747054920000,34.674
1747054980000,17.3929
1747055040000,16.0667
1747055100000,65.2534
1747055160000,68.2821
1747055220000,17.2425
1747055280000,18.5685
1747055340000,16.9007
1747055400000,44.0867
1747055460000,37.0143
1747055520000,18.2898
1747055580000,18.5431
1747055640000,72.6
1747055700000,68.335
1747055760000,16.5425
1747055820000,16.263
1747055880000,74.7004
1747055940000,52.0245
1747056000000,16.8464
1747056060000,13.9323
1747056120000,49.4036
1747056180000,59.4276
1747056240000,16.2188
1747056300000,16.2645
1747056360000,70.1488
1747056420000,47.8012
1747056480000,14.8648
1747056540000,14.1188
1747056600000,60.8982
1747056660000,55.5806
1747056720000,15.133
1747056780000,13.184
1747056840000,65.6495
1747056900000,42.1052
1747056960000,13.4824
1747057020000,13.2183
1747057080000,59.3207
1747057140000,59.9349
1747057200000,12.6541
1747057260000,12.8709
1747057320000,77.3721
1747057380000,46.6147
1747057440000,14.0215
1747057500000,11.6237
1747057560000,60.4822
1747057620000,58.3286
1747057680000,11.613
1747057740000,10.1096
1747057800000,71.2672
1747057860000,43.4941
1747057920000,10.3841
1747057980000,11.0163
1747058040000,57.7731
1747058100000,49.9497
1747058160000,8.6467
1747058220000,9.9731
1747058280000,72.931
1747058340000,36.5423
1747058400000,7.583
1747058460000,6.3644
1747058520000,33.4968
1747058580000,33.7657
1747058640000,6.8743
1747058700000,6.3867
1747058760000,51.5031
1747058820000,26.6748
1747058880000,5.3202
1747058940000,4.927
1747059000000,36.0897
1747059060000,30.721
1747059120000,5.7176
1747059180000,4.6736
1747059240000,56.9492
1747059300000,20.8259
1747059360000,4.5528
1747059420000,4.4519
1747059480000,22.1951
1747059540000,25.4447
1747059600000,4.827
1747059660000,4.0572
1747059720000,42.2482
1747059780000,10.0941
1747059840000,4.5975
1747059900000,3.2883
1747059960000,20.4366
1747060020000,23.5979
1747060080000,3.2041
1747060140000,3.0125
1747060200000,3.5259
1747060260000,17.6059
1747060320000,4.7388
1747060380000,3.6473
1747060440000,3.533
1747060500000,22.7388
1747060560000,26.6098
1747060620000,2.9359
1747060680000,2.0626
1747060740000,2.5206
1747060800000,10.3744
1747060860000,5.7198
1747060920000,1.9666
1747060980000,3.8368
1747061040000,4.3094
1747061100000,2.8858
1747061160000,7.3595
1747061220000,4.1887
1747061280000,2.4857
1747061340000,1.7901
1747061400000,4.1286
1747061460000,2.564
1747061520000,4.0957
1747061580000,3.4128
1747061640000,2.579
1747061700000,2.4931
1747061760000,4.4528
1747061820000,3.1357
1747061880000,8.9244
1747061940000,4.9228
1747062000000,1.6324
1747062060000,1.8306
1747062120000,32.3595
1747062180000,30.8935
1747062240000,2.6944
1747062300000,2.9239
1747062360000,3.0094
1747062420000,11.2273
1747062480000,4.6425
1747062540000,1.4816
1747062600000,1.6299
1747062660000,34.4412
1747062720000,18.1036
1747062780000,1.7296
1747062840000,4.3488
1747062900000,1.6344
1747062960000,10.9792
1747063020000,3.4512
1747063080000,3.6322
1747063140000,2.8827
1747063200000,38.0887
1747063260000,50.6533
1747063320000,1.9218
1747063380000,3.0386
1747063440000,2.3719
1747063500000,7.0309
1747063560000,2.1562
1747063620000,1.9598
1747063680000,2.3284
1747063740000,5.6068
1747063800000,1.5288
1747063860000,4.3681
1747063920000,3.3026
1747063980000,2.2288
1747064040000,2.2453
1747064100000,5.3748
1747064160000,1.8418
1747064220000,2.2072
1747064280000,2.4767
1747064340000,2.1705
1747064400000,5.4368
1747064460000,6.0026
1747064520000,2.1494
1747064580000,4.4697
1747064640000,3.0014
1747064700000,1.7877
1747064760000,2.9214
1747064820000,2.8724
1747064880000,3.0312
1747064940000,4.9234
1747065000000,3.0991
1747065060000,1.8039
1747065120000,1.5989
1747065180000,3.1035
1747065240000,1.4882
1747065300000,5.4834
1747065360000,3.3774
1747065420000,2.0107
1747065480000,3.2313
1747065540000,6.4618
1747065600000,63.524
1747065660000,59.0196
1747065720000,75.4231
1747065780000,60.0822
1747065840000,53.0898
1747065900000,34.8445
1747065960000,31.5388
1747066020000,31.6958
1747066080000,24.259
1747066140000,21.8464
1747066200000,22.8193
1747066260000,26.1307
1747066320000,24.5892
1747066380000,20.0939
1747066440000,18.3036
1747066500000,23.9888
1747066560000,27.7611
1747066620000,21.2993
1747066680000,20.73
1747066740000,20.1384
1747066800000,13.7937
1747066860000,12.7586
1747066920000,19.6826
1747066980000,132.4868
1747067040000,146.062
1747067100000,148.589
1747067160000,152.444
1747067220000,143.9925
1747067280000,134.026
1747067340000,21.373
1747067400000,142.965
1747067460000,77.4539
1747067520000,26.0812
1747067580000,33.2183
1747067640000,125.6749
1747067700000,34.5371
1747067760000,29.6396
1747067820000,32.2407
1747067880000,36.9499
1747067940000,104.3738
1747068000000,33.7842
1747068060000,28.323
1747068120000,38.1334
1747068180000,34.0014
1747068240000,25.4678
1747068300000,56.2692
1747068360000,22.8702
1747068420000,42.7505
1747068480000,41.5175
1747068540000,27.6893
1747068600000,30.786
1747068660000,20.2513
1747068720000,26.7834
1747068780000,25.0467
1747068840000,26.1332
1747068900000,27.6732
1747068960000,37.8444
1747069020000,30.8405
1747069080000,30.9341
1747069140000,23.5673
1747069200000,36.224
1747069260000,32.2729
1747069320000,30.5517
1747069380000,40.8843
1747069440000,24.0836
1747069500000,22.4313
1747069560000,22.414
1747069620000,30.0189
1747069680000,35.6342
1747069740000,28.1933
1747069800000,23.0373
1747069860000,33.4316
1747069920000,24.544
1747069980000,21.7088
1747070040000,27.454
1747070100000,26.059
1747070160000,31.7121
1747070220000,40.9513
1747070280000,33.3961
1747070340000,32.6912
1747070400000,29.7878
1747070460000,29.3358
1747070520000,24.6082
1747070580000,22.2081
1747070640000,36.1227
1747070700000,26.4027
1747070760000,25.3968
1747070820000,22.846
1747070880000,18.9043
1747070940000,21.7963
1747071000000,23.043
1747071060000,18.9896
1747071120000,6.9831
1747071180000,22.4356
1747071240000,19.7044
1747071300000,7.9472
1747071360000,13.8003
1747071420000,5.7704
1747071480000,16.1684
1747071540000,4.5615
1747071600000,8.1606
1747071660000,3.7491
1747071720000,8.8046
1747071780000,10.5613
1747071840000,10.0386
1747071900000,7.184
1747071960000,1.7684
1747072020000,4.2974
1747072080000,6.4475
1747072140000,15.6548
1747072200000,4.8525
1747072260000,4.1135
1747072320000,12.7021
1747072380000,2.6119
1747072440000,4.5855
1747072500000,14.2006
1747072560000,5.6163
1747072620000,6.7211
1747072680000,3.6367
1747072740000,3.8362
1747072800000,10.6763
1747072860000,9.5438
1747072920000,6.8787
1747072980000,13.9124
1747073040000,5.5141
1747073100000,4.0332
1747073160000,5.5289
1747073220000,11.5608
1747073280000,10.8969
1747073340000,11.4896
1747073400000,14.6647
1747073460000,6.8283
1747073520000,4.1412
1747073580000,14.7389
1747073640000,20.188
1747073700000,6.2655
1747073760000,1.2812
1747073820000,7.6311
1747073880000,12.9174
1747073940000,4.4212
1747074000000,3.1096
1747074060000,14.6665
1747074120000,9.3413
1747074180000,6.1545
1747074240000,2.5818
1747074300000,11.6473
1747074360000,2.6157
1747074420000,0.9652
1747074480000,7.8796
1747074540000,13.719
1747074600000,22.0316
1747074660000,5.1638
1747074720000,7.5296
1747074780000,13.1989
1747074840000,9.4273
1747074900000,5.9817
1747074960000,4.4062
1747075020000,5.5686
1747075080000,9.3854
1747075140000,3.566
1747075200000,3.5187
1747075260000,3.3068
1747075320000,2.3842
1747075380000,3.563
1747075440000,2.3562
1747075500000,3.064
1747075560000,1.3281
1747075620000,4.3783
1747075680000,4.7875
1747075740000,1.7948
1747075800000,12.63
1747075860000,1.2351
1747075920000,0.7168
1747075980000,1.4443
1747076040000,3.5177
1747076100000,2.9119
1747076160000,1.8438
1747076220000,2.0019
1747076280000,3.8062
1747076340000,2.6011
1747076400000,0.94
1747076460000,0.9536
1747076520000,2.4963
1747076580000,2.0661
1747076640000,1.66
1747076700000,1.1293
1747076760000,15.4983
1747076820000,10.5009
1747076880000,0.6467
1747076940000,0.5828
1747077000000,12.6893
1747077060000,1.5712
1747077120000,0.6331
1747077180000,0.7564
1747077240000,5.7421
1747077300000,5.7558
1747077360000,0.4211
1747077420000,0.7382
1747077480000,9.8717
1747077540000,4.2194
1747077600000,0.7754
1747077660000,0.4305
1747077720000,4.1803
1747077780000,0.963
1747077840000,0.9796
1747077900000,0.8208
1747077960000,6.7409
1747078020000,1.9809
1747078080000,0.5346
1747078140000,0.4963
1747078200000,9.537
1747078260000,6.8622
1747078320000,0.5738
1747078380000,0.3833
1747078440000,4.9182
1747078500000,1.7446
1747078560000,0.3605
1747078620000,0.388
1747078680000,7.2749
1747078740000,8.4466
1747078800000,0.4457
1747078860000,0.4549
1747078920000,7.6421
1747078980000,1.7753
1747079040000,0.4339
1747079100000,0.3852
1747079160000,3.9413
1747079220000,3.1424
1747079280000,0.8052
1747079340000,0.628
1747079400000,15.2344
1747079460000,5.3407
1747079520000,0.5663
1747079580000,0.3993
1747079640000,0.9536
1747079700000,6.4469
1747079760000,0.7989
1747079820000,0.5031
1747079880000,24.8298
1747079940000,6.5453
1747080000000,1.1136
1747080060000,0.7344
1747080120000,2.5744
1747080180000,1.401
1747080240000,0.4373
1747080300000,0.4846
1747080360000,13.196
1747080420000,4.4105
1747080480000,0.894
1747080540000,0.6834
1747080600000,4.2979
1747080660000,0.8834
1747080720000,0.4161
1747080780000,0.361
1747080840000,0.4228
1747080900000,1.8139
1747080960000,0.4114
1747081020000,0.8465
1747081080000,0.4938
1747081140000,1.0501
1747081200000,0.6367
1747081260000,1.0217
1747081320000,0.4536
1747081380000,0.4678
1747081440000,1.3546
1747081500000,0.3155
1747081560000,0.4115
1747081620000,2.141
1747081680000,0.7188
1747081740000,0.2827
1747081800000,0.3918
1747081860000,0.8825
1747081920000,0.5616
1747081980000,0.8351
1747082040000,1.0308
1747082100000,0.4627
1747082160000,0.767
1747082220000,1.8707
1747082280000,0.8253
1747082340000,0.6166
1747082400000,0.5224
1747082460000,0.4287
1747082520000,0.7348
1747082580000,0.3108
1747082640000,0.5928
1747082700000,7.2255
1747082760000,0.6685
1747082820000,0.5828
1747082880000,0.3174
1747082940000,0.606
1747083000000,2.4315
1747083060000,4.0938
1747083120000,3.2272
1747083180000,5.0302
1747083240000,6.0951
1747083300000,8.3145
1747083360000,14.5989
1747083420000,18.6006
1747083480000,15.5201
1747083540000,50.2591
1747083600000,64.9069
1747083660000,69.5012
1747083720000,33.709
1747083780000,29.3483
1747083840000,2.584
1747083900000,20.3743
1747083960000,50.0234
1747084020000,97.1675
1747084080000,67.4041
1747084140000,24.8181
1747084200000,64.442
1747084260000,44.497
1747084320000,53.6866
1747084380000,79.4114
1747084440000,64.602
1747084500000,72.2786
1747084560000,27.9777
1747084620000,48.5276
1747084680000,48.0707
1747084740000,43.5672
1747084800000,91.4889
1747084860000,20.6789
1747084920000,35.9503
1747084980000,46.7788
1747085040000,41.326
1747085100000,53.6396
1747085160000,56.5064
1747085220000,50.3634
1747085280000,42.2785
1747085340000,31.2684
1747085400000,35.9873
1747085460000,37.1608
1747085520000,54.4552
1747085580000,63.6962
1747085640000,51.5388
1747085700000,54.3351
1747085760000,37.5412
1747085820000,27.3286
1747085880000,21.8754
1747085940000,32.684
1747086000000,66.9985
1747086060000,51.2858
1747086120000,53.6017
1747086180000,23.7369
1747086240000,46.9303
1747086300000,51.6143
1747086360000,60.0385
1747086420000,33.4086
1747086480000,38.6377
1747086540000,64.323
1747086600000,76.0528
1747086660000,51.3038
1747086720000,59.8483
1747086780000,54.2764
1747086840000,52.6637
1747086900000,52.9876
1747086960000,48.3258
1747087020000,59.0866
1747087080000,65.7427
1747087140000,63.3042
1747087200000,52.0361
1747087260000,75.8439
1747087320000,61.8194
1747087380000,51.8757
1747087440000,21.8244
1747087500000,39.1436
1747087560000,54.0931
1747087620000,24.9438
1747087680000,50.5464
1747087740000,56.2061
1747087800000,62.1678
1747087860000,39.006
1747087920000,68.508
1747087980000,50.5719
1747088040000,40.8972
1747088100000,47.8932
1747088160000,75.4706
1747088220000,68.7916
1747088280000,63.3749
1747088340000,60.6951
1747088400000,59.8994
1747088460000,48.8665
1747088520000,48.4243
1747088580000,59.1669
1747088640000,47.9305
1747088700000,47.1731
1747088760000,23.6197
1747088820000,42.9033
1747088880000,43.9211
1747088940000,48.7795
1747089000000,41.1922
1747089060000,46.4694
1747089120000,34.0331
1747089180000,52.3367
1747089240000,46.5825
1747089300000,54.6081
1747089360000,46.236
1747089420000,41.2841
1747089480000,64.2871
1747089540000,59.4388
1747089600000,67.2172
1747089660000,51.6743
1747089720000,53.9345
1747089780000,65.1207
1747089840000,52.1175
1747089900000,47.4381
1747089960000,53.2796
1747090020000,68.8867
1747090080000,62.5261
1747090140000,63.7348
1747090200000,59.226
1747090260000,59.1302
1747090320000,70.3472
1747090380000,65.0284
1747090440000,52.9892
1747090500000,70.8389
1747090560000,79.9871
1747090620000,72.1947
1747090680000,70.5634
1747090740000,78.0593
1747090800000,62.7964
1747090860000,53.1246
1747090920000,61.7122
1747090980000,70.5801
1747091040000,63.1905
1747091100000,73.5906
1747091160000,77.0805
1747091220000,69.9032
1747091280000,75.1542
1747091340000,81.1643
1747091400000,87.1042
1747091460000,82.0073
1747091520000,96.5882
1747091580000,77.6413
1747091640000,78.6923
1747091700000,84.4811
1747091760000,78.6024
1747091820000,71.7822
1747091880000,80.7073
1747091940000,85.1389
1747092000000,73.358
1747092060000,75.0631
1747092120000,72.8526
1747092180000,84.2196
1747092240000,83.6267
1747092300000,85.6317
1747092360000,75.1888
1747092420000,73.6661
1747092480000,82.2135
1747092540000,79.7642
1747092600000,61.1887
1747092660000,63.4167
1747092720000,65.769
1747092780000,67.0132
1747092840000,69.7907
1747092900000,52.0884
1747092960000,66.7839
1747093020000,70.8478
1747093080000,66.7868
1747093140000,65.6278
1747093200000,68.5001
1747093260000,72.9048
1747093320000,71.0416
1747093380000,65.5014
1747093440000,81.0495
1747093500000,77.046
1747093560000,74.5328
1747093620000,75.7033
1747093680000,83.2722
1747093740000,83.9112
1747093800000,77.0306
1747093860000,90.0552
1747093920000,92.1841
1747093980000,82.2426
1747094040000,78.1161
1747094100000,82.8575
1747094160000,89.9744
1747094220000,91.1352
1747094280000,98.6793
1747094340000,106.0211
1747094400000,16.8372
1747094460000,13.2648
1747094520000,61.3253
1747094580000,54.9516
1747094640000,16.8223
1747094700000,46.7888
1747094760000,96.9397
1747094820000,93.4054
1747094880000,92.0258
1747094940000,93.8224
1747095000000,96.0879
1747095060000,99.399
1747095120000,94.8005
1747095180000,99.5923
1747095240000,101.3377
1747095300000,92.7747
1747095360000,100.1659
1747095420000,103.0592
1747095480000,97.9678
1747095540000,101.3196
1747095600000,104.0387
1747095660000,102.8892
1747095720000,106.2298
1747095780000,97.5413
1747095840000,106.0021
1747095900000,104.637
1747095960000,109.8228
1747096020000,106.1387
1747096080000,108.9668
1747096140000,117.658
1747096200000,99.7977
1747096260000,96.3641
1747096320000,94.6922
1747096380000,94.8237
1747096440000,105.1442
1747096500000,106.5429
1747096560000,104.1324
1747096620000,110.4024
1747096680000,98.7462
1747096740000,102.7351
1747096800000,110.8425
1747096860000,107.2318
1747096920000,107.9229
1747096980000,110.479
1747097040000,110.0128
1747097100000,102.2896
1747097160000,104.9457
1747097220000,107.6792
1747097280000,112.8564
1747097340000,108.7523
1747097400000,114.5038
1747097460000,107.8955
1747097520000,111.4551
1747097580000,107.6803
1747097640000,108.9569
1747097700000,113.0568
1747097760000,112.3973
1747097820000,109.415
1747097880000,118.5441
1747097940000,122.5664
1747098000000,103.0045
1747098060000,106.6587
1747098120000,109.5422
1747098180000,109.9533
1747098240000,107.8276
1747098300000,104.3299
1747098360000,111.3819
1747098420000,108.2759
1747098480000,111.7452
1747098540000,114.4978
1747098600000,110.4173
1747098660000,109.6449
1747098720000,113.4846
1747098780000,115.6653
1747098840000,103.9307
1747098900000,113.448
1747098960000,106.0018
1747099020000,107.5681
1747099080000,109.7667
1747099140000,110.2442
1747099200000,112.7789
1747099260000,25.5438
1747099320000,24.909
1747099380000,60.8594
1747099440000,64.269
1747099500000,30.3001
1747099560000,28.9089
1747099620000,27.7027
1747099680000,75.7612
1747099740000,49.9769
1747099800000,24.8968
1747099860000,23.0411
1747099920000,70.6166
1747099980000,87.9592
1747100040000,24.5623
1747100100000,92.6922
1747100160000,91.1993
1747100220000,107.1769
1747100280000,100.4731
1747100340000,109.111
1747100400000,108.2299
1747100460000,108.6077
1747100520000,104.3389
1747100580000,104.5874
1747100640000,98.7296
1747100700000,104.3166
1747100760000,105.3648
1747100820000,106.1115
1747100880000,104.2803
1747100940000,108.3115
1747101000000,108.7416
1747101060000,103.2677
1747101120000,104.5828
1747101180000,100.0938
1747101240000,107.2138
1747101300000,112.7161
1747101360000,113.1621
1747101420000,106.5161
1747101480000,107.209
1747101540000,112.3198
1747101600000,99.6045
1747101660000,102.74
1747101720000,100.795
1747101780000,106.3358
1747101840000,107.7066
1747101900000,101.1803
1747101960000,105.9306
1747102020000,105.4413
1747102080000,106.256
1747102140000,105.8575
1747102200000,96.5889
1747102260000,98.7081
1747102320000,99.7085
1747102380000,100.2751
1747102440000,105.4611
1747102500000,25.9049
1747102560000,23.2814
1747102620000,53.1747
1747102680000,56.7393
1747102740000,26.1374
1747102800000,24.8987
1747102860000,99.6314
1747102920000,80.4737
1747102980000,25.5823
1747103040000,24.8032
1747103100000,80.224
1747103160000,74.745
1747103220000,26.6759
1747103280000,33.85
1747103340000,65.1962
1747103400000,27.787
1747103460000,31.8013
1747103520000,27.426
1747103580000,59.8036
1747103640000,32.5187
1747103700000,24.2175
1747103760000,24.9392
1747103820000,76.3921
1747103880000,100.5503
1747103940000,25.2736
1747104000000,32.0917
1747104060000,28.3953
1747104120000,85.0397
1747104180000,50.5007
1747104240000,52.0623
1747104300000,23.4555
1747104360000,26.565
1747104420000,25.5238
1747104480000,74.8367
1747104540000,44.7101
1747104600000,25.4397
1747104660000,25.5695
1747104720000,64.8857
1747104780000,90.1043
1747104840000,25.3454
1747104900000,27.2851
1747104960000,29.0087
1747105020000,41.9938
1747105080000,88.5171
1747105140000,100.6618
1747105200000,29.5217
1747105260000,23.7599
1747105320000,51.1985
1747105380000,50.8215
1747105440000,24.4372
1747105500000,24.0269
1747105560000,79.2245
1747105620000,79.3191
1747105680000,24.5511
1747105740000,22.2643
1747105800000,76.1124
1747105860000,70.9545
1747105920000,26.1179
1747105980000,32.2909
1747106040000,58.9769
1747106100000,27.8221
1747106160000,32.165
1747106220000,25.1412
1747106280000,63.2566
1747106340000,33.4245
1747106400000,27.0226
1747106460000,23.6958
1747106520000,71.8568
1747106580000,92.5897
1747106640000,26.8314
1747106700000,28.276
1747106760000,25.7189
1747106820000,89.3267
1747106880000,53.2813
1747106940000,47.8314
1747107000000,23.2608
1747107060000,24.4003
1747107120000,96.8492
1747107180000,68.9215
1747107240000,23.8512
1747107300000,23.1757
1747107360000,86.528
1747107420000,62.4192
1747107480000,23.9991
1747107540000,22.011
1747107600000,79.9975
1747107660000,68.8076
1747107720000,22.996
1747107780000,31.3546
1747107840000,42.2738
1747107900000,23.415
1747107960000,31.8418
1747108020000,23.5211
1747108080000,98.0829
1747108140000,23.2751
1747108200000,21.9727
1747108260000,21.979
1747108320000,58.9087
1747108380000,95.8679
1747108440000,24.5219
1747108500000,36.4012
1747108560000,25.6522
1747108620000,75.9768
1747108680000,35.5902
1747108740000,37.2794
1747108800000,23.6193
1747108860000,28.2849
1747108920000,27.1399
1747108980000,100.9262
1747109040000,24.5971
1747109100000,21.3505
1747109160000,18.0801
1747109220000,53.9435
1747109280000,84.5805
1747109340000,20.6008
1747109400000,37.7682
1747109460000,26.0853
1747109520000,25.9674
1747109580000,48.5309
1747109640000,83.4946
1747109700000,20.518
1747109760000,22.1258
1747109820000,99.0485
1747109880000,42.1297
1747109940000,22.8331
1747110000000,18.3334
1747110060000,60.6947
1747110120000,63.3409
1747110180000,20.176
1747110240000,21.3879
1747110300000,22.7581
1747110360000,94.5192
1747110420000,43.8592
1747110480000,19.144
1747110540000,50.9841
1747110600000,20.3007
1747110660000,34.8142
1747110720000,18.8185
1747110780000,47.3003
1747110840000,20.3114
1747110900000,76.0679
1747110960000,18.4655
1747111020000,43.4408
1747111080000,19.9244
1747111140000,60.6721
1747111200000,24.5291
1747111260000,18.3204
1747111320000,36.3126
1747111380000,30.0739
1747111440000,28.3688
1747111500000,17.9623
1747111560000,19.9903
1747111620000,19.6431
1747111680000,88.6127
1747111740000,17.8073
1747111800000,19.5635
1747111860000,18.1075
1747111920000,80.538
1747111980000,59.3104
1747112040000,16.0332
1747112100000,66.4956
1747112160000,26.995
1747112220000,19.265
1747112280000,91.5091
1747112340000,28.0031
1747112400000,16.3609
1747112460000,15.0837
1747112520000,78.5265
1747112580000,39.596
1747112640000,15.5567
1747112700000,20.8637
1747112760000,16.5942
1747112820000,65.1723
1747112880000,22.1441
1747112940000,16.1615
1747113000000,16.1753
1747113060000,41.656
1747113120000,21.7703
1747113180000,26.3504
1747113240000,46.1429
1747113300000,15.8557
1747113360000,20.0543
1747113420000,16.086
1747113480000,55.7867
1747113540000,20.1563
1747113600000,18.0906
1747113660000,14.0247
1747113720000,76.0526
1747113780000,56.5988
1747113840000,15.1264
1747113900000,31.4181
1747113960000,21.0925
1747114020000,17.3834
1747114080000,28.5352
1747114140000,56.6805
1747114200000,16.3337
1747114260000,15.6472
1747114320000,14.9972
1747114380000,39.0789
1747114440000,26.5024
1747114500000,15.0366
1747114560000,16.6709
1747114620000,20.0984
1747114680000,16.9315
1747114740000,69.4342
1747114800000,37.0849
1747114860000,16.0536
1747114920000,31.851
1747114980000,67.9247
1747115040000,79.6592
1747115100000,14.7642
1747115160000,13.9435
1747115220000,44.4056
1747115280000,43.2811
1747115340000,13.516
1747115400000,16.0166
1747115460000,73.5178
1747115520000,65.1574
1747115580000,14.3675
1747115640000,14.4277
1747115700000,72.8259
1747115760000,55.1742
1747115820000,16.8291
1747115880000,20.8285
1747115940000,42.8504
1747116000000,17.4561
1747116060000,20.524
1747116120000,14.558
1747116180000,36.8685
1747116240000,17.5465
1747116300000,14.7398
1747116360000,14.545
1747116420000,60.5229
1747116480000,75.7969
1747116540000,15.1177
1747116600000,20.5831
1747116660000,17.5214
1747116720000,73.3011
1747116780000,32.0869
1747116840000,33.5442
1747116900000,16.325
1747116960000,16.1479
1747117020000,15.634
1747117080000,68.7844
1747117140000,26.6228
1747117200000,15.8658
1747117260000,13.4967
1747117320000,48.4401
1747117380000,64.3056
1747117440000,16.7677
1747117500000,19.5331
1747117560000,17.9383
1747117620000,24.6459
1747117680000,47.3131
1747117740000,75.5938
1747117800000,15.8293
1747117860000,12.923
1747117920000,67.359
1747117980000,37.1412
1747118040000,15.9626
1747118100000,14.2904
1747118160000,51.2047
1747118220000,62.12
1747118280000,17.3522
1747118340000,16.0358
1747118400000,82.0501
1747118460000,51.137
1747118520000,18.4146
1747118580000,25.4572
1747118640000,41.7491
1747118700000,17.1764
1747118760000,20.4584
1747118820000,20.0393
1747118880000,66.7737
1747118940000,24.7763
1747119000000,17.5714
1747119060000,17.7599
1747119120000,58.9934
1747119180000,76.8166
1747119240000,18.8783
1747119300000,25.3167
1747119360000,18.5476
1747119420000,25.6738
1747119480000,54.3119
1747119540000,74.4552
1747119600000,19.3268
1747119660000,16.6482
1747119720000,73.0446
1747119780000,48.0711
1747119840000,18.9342
1747119900000,16.4441
1747119960000,54.6984
1747120020000,63.4896
1747120080000,18.4734
1747120140000,18.1269
1747120200000,88.5434
1747120260000,49.5951
1747120320000,18.364
1747120380000,28.2038
1747120440000,44.8746
1747120500000,17.7829
1747120560000,25.4964
1747120620000,21.2878
1747120680000,68.7879
1747120740000,26.1716
1747120800000,21.3123
1747120860000,20.077
1747120920000,57.8223
1747120980000,69.5043
1747121040000,19.7806
1747121100000,27.3788
1747121160000,24.2865
1747121220000,26.696
1747121280000,51.108
1747121340000,69.4101
1747121400000,78.8919
1747121460000,82.5073
1747121520000,84.8351
1747121580000,82.9506
1747121640000,87.7842
1747121700000,83.8796
1747121760000,88.7852
1747121820000,85.7561
1747121880000,85.6413
1747121940000,84.2417
1747122000000,86.4423
1747122060000,84.1402
1747122120000,76.161
1747122180000,86.6284
1747122240000,90.6493
1747122300000,91.6256
1747122360000,84.4648
1747122420000,97.014
1747122480000,92.9044
1747122540000,92.7871
1747122600000,92.7318
1747122660000,92.0374
1747122720000,89.8879
1747122780000,91.9065
1747122840000,87.9759
1747122900000,83.2171
1747122960000,74.9626
1747123020000,90.1275
1747123080000,94.9971
1747123140000,90.3518
1747123200000,93.2351
1747123260000,88.1314
1747123320000,81.9843
1747123380000,91.4035
1747123440000,87.8455
1747123500000,87.7179
1747123560000,98.966
1747123620000,82.1608
1747123680000,92.9674
1747123740000,87.1999
1747123800000,89.2973
1747123860000,92.5362
1747123920000,96.4684
1747123980000,93.6464
1747124040000,93.1859
1747124100000,95.5199
1747124160000,88.9528
1747124220000,93.2055
1747124280000,97.2864
1747124340000,92.0734
1747124400000,90.829
1747124460000,92.0514
1747124520000,94.3049
1747124580000,89.5212
1747124640000,92.0445
1747124700000,91.2797
1747124760000,85.0919
1747124820000,88.5969
1747124880000,94.3449
1747124940000,97.8266
1747125000000,85.4583
1747125060000,74.7034
1747125120000,89.7717
1747125180000,88.5964
1747125240000,87.736
1747125300000,90.9072
1747125360000,92.1999
1747125420000,92.0303
1747125480000,95.2287
1747125540000,94.1126
1747125600000,94.0286
1747125660000,93.4504
1747125720000,98.5959
1747125780000,91.1322
1747125840000,94.6151
1747125900000,91.7298
1747125960000,92.2293
1747126020000,92.9063
1747126080000,95.9765
1747126140000,98.2401
1747126200000,91.8391
1747126260000,93.1831
1747126320000,91.7521
1747126380000,97.1131
1747126440000,89.8757
1747126500000,87.702
1747126560000,93.6078
1747126620000,92.779
1747126680000,91.771
1747126740000,94.9161
1747126800000,97.0644
1747126860000,88.172
1747126920000,90.4594
1747126980000,93.2927
1747127040000,90.8556
1747127100000,88.6947
1747127160000,90.5559
1747127220000,93.3443
1747127280000,85.4472
1747127340000,90.1946
1747127400000,88.9077
1747127460000,93.2063
1747127520000,86.1396
1747127580000,94.3095
1747127640000,94.5555
1747127700000,93.6643
1747127760000,88.4347
1747127820000,89.4763
1747127880000,88.2543
1747127940000,90.5333
1747128000000,87.2974
1747128060000,94.9717
1747128120000,94.1519
1747128180000,87.8841
1747128240000,74.7627
1747128300000,92.9968
1747128360000,94.8758
1747128420000,94.9277
1747128480000,93.2025
1747128540000,91.9582
1747128600000,85.6138
1747128660000,89.4585
1747128720000,89.4301
1747128780000,86.9696
1747128840000,89.7005
1747128900000,88.6192
1747128960000,90.971
1747129020000,82.6398
1747129080000,88.1066
1747129140000,95.7399
1747129200000,87.0955
1747129260000,88.8205
1747129320000,83.3768
1747129380000,91.6927
1747129440000,92.7634
1747129500000,87.1671
1747129560000,86.8677
1747129620000,85.1408
1747129680000,94.4536
1747129740000,88.7832
1747129800000,92.2969
1747129860000,91.297
1747129920000,86.4106
1747129980000,90.5921
1747130040000,88.136
1747130100000,82.237
1747130160000,87.8193
1747130220000,91.3188
1747130280000,94.377
1747130340000,92.6783
1747130400000,88.4787
1747130460000,77.4387
1747130520000,75.5972
1747130580000,73.4483
1747130640000,87.9641
1747130700000,90.6806
1747130760000,83.5962
1747130820000,74.2783
1747130880000,84.6472
1747130940000,87.5896
1747131000000,91.419
1747131060000,87.8109
1747131120000,90.4032
1747131180000,95.7292
1747131240000,90.5861
1747131300000,84.0787
1747131360000,84.0361
1747131420000,84.2017
1747131480000,88.7111
1747131540000,84.2285
1747131600000,86.8282
1747131660000,86.752
1747131720000,88.5665
1747131780000,90.093
1747131840000,80.9563
1747131900000,83.4767
1747131960000,86.0775
1747132020000,87.0029
1747132080000,87.7725
1747132140000,88.3914
1747132200000,76.1607
1747132260000,67.0286
1747132320000,73.327
1747132380000,85.6519
1747132440000,75.9946
1747132500000,83.1546
1747132560000,82.4735
1747132620000,79.8684
1747132680000,82.4215
1747132740000,77.5918
1747132800000,81.3287
1747132860000,80.3284
1747132920000,77.0178
1747132980000,74.9915
1747133040000,78.7929
1747133100000,78.9639
1747133160000,76.8487
1747133220000,78.0196
1747133280000,81.3585
1747133340000,83.9698
1747133400000,77.0414
1747133460000,77.4984
1747133520000,79.1392
1747133580000,67.6054
1747133640000,76.7349
1747133700000,74.6584
1747133760000,65.6525
1747133820000,68.1251
1747133880000,79.6304
1747133940000,74.432
1747134000000,68.4208
1747134060000,72.8529
1747134120000,75.6611
1747134180000,77.507
1747134240000,79.1906
1747134300000,72.3111
1747134360000,70.1251
1747134420000,76.0624
1747134480000,75.0753
1747134540000,67.0184
1747134600000,72.7702
1747134660000,74.392
1747134720000,75.2629
1747134780000,71.6311
1747134840000,74.7939
1747134900000,68.319
1747134960000,70.5824
1747135020000,72.4794
1747135080000,63.4608
1747135140000,69.1262
1747135200000,73.9774
1747135260000,71.9145
1747135320000,72.7175
1747135380000,66.1268
1747135440000,68.2892
1747135500000,61.0293
1747135560000,62.1689
1747135620000,74.8164
1747135680000,67.081
1747135740000,69.5868
1747135800000,65.3406
1747135860000,71.7109
1747135920000,73.5496
1747135980000,76.0662
1747136040000,61.0642
1747136100000,68.6223
1747136160000,70.7354
1747136220000,74.8628
1747136280000,76.1301
1747136340000,70.2939
1747136400000,72.2119
1747136460000,72.5533
1747136520000,71.5833
1747136580000,66.428
1747136640000,80.0223
1747136700000,67.2914
1747136760000,74.4474
1747136820000,71.9188
1747136880000,70.5251
1747136940000,74.319
1747137000000,71.2192
1747137060000,66.9392
1747137120000,66.1607
1747137180000,75.8996
1747137240000,76.271
1747137300000,68.4298
1747137360000,65.6207
1747137420000,67.5324
1747137480000,74.022
1747137540000,80.422
1747137600000,76.8064
1747137660000,71.6325
1747137720000,75.9884
1747137780000,70.3032
1747137840000,73.1309
1747137900000,75.0911
1747137960000,77.0909
1747138020000,71.5601
1747138080000,75.4725
1747138140000,71.0893
1747138200000,71.556
1747138260000,75.232
1747138320000,76.4157
1747138380000,73.7942
1747138440000,73.6797
1747138500000,74.106
1747138560000,74.1629
1747138620000,73.8976
1747138680000,74.3244
1747138740000,68.5676
1747138800000,60.4085
1747138860000,79.4518
1747138920000,72.6829
1747138980000,64.0614
1747139040000,65.3547
1747139100000,65.8152
1747139160000,71.148
1747139220000,75.2221
1747139280000,77.692
1747139340000,67.3036
1747139400000,68.4403
1747139460000,74.2388
1747139520000,63.0669
1747139580000,73.4599
1747139640000,72.752
1747139700000,78.3663
1747139760000,69.6456
1747139820000,71.8652
1747139880000,75.6364
1747139940000,74.8712
1747140000000,68.3965
1747140060000,55.8724
1747140120000,67.5155
1747140180000,73.7959
1747140240000,74.3476
1747140300000,73.6907
1747140360000,67.9045
1747140420000,73.6225
1747140480000,73.1679
1747140540000,67.0461
1747140600000,65.7354
1747140660000,77.138
1747140720000,75.0925
1747140780000,65.1603
1747140840000,69.9112
1747140900000,70.523
1747140960000,71.8697
1747141020000,68.8571
1747141080000,65.7032
1747141140000,71.5735
1747141200000,73.3427
1747141260000,68.3855
1747141320000,56.5413
1747141380000,71.7666
1747141440000,69.6471
1747141500000,78.4034
1747141560000,71.7888
1747141620000,75.9303
1747141680000,63.3021
1747141740000,64.7976
1747141800000,63.313
1747141860000,63.017
1747141920000,77.054
1747141980000,80.0278
1747142040000,82.1492
1747142100000,76.0688
1747142160000,79.2813
1747142220000,73.9876
1747142280000,76.1863
1747142340000,76.1068
1747142400000,77.578
1747142460000,76.8927
1747142520000,70.1623
1747142580000,76.1914
1747142640000,77.1583
1747142700000,78.4931
1747142760000,72.9715
1747142820000,85.0431
1747142880000,84.4251
1747142940000,87.8647
1747143000000,73.6301
1747143060000,85.3135
1747143120000,87.5366
1747143180000,91.6435
1747143240000,81.1615
1747143300000,80.2265
1747143360000,85.3553
1747143420000,86.4971
1747143480000,82.6781
1747143540000,71.7415
1747143600000,75.3064
1747143660000,84.3422
1747143720000,79.4534
1747143780000,81.0848
1747143840000,87.0751
1747143900000,78.931
1747143960000,86.6938
1747144020000,85.1027
1747144080000,82.8168
1747144140000,82.8278
1747144200000,76.5559
1747144260000,79.9416
1747144320000,73.5518
1747144380000,80.7762
1747144440000,70.1641
1747144500000,76.8366
1747144560000,76.5003
1747144620000,81.1868
1747144680000,80.9865
1747144740000,69.5152
1747144800000,73.2818
1747144860000,74.0429
1747144920000,64.0799
1747144980000,64.5546
1747145040000,60.7657
1747145100000,71.8579
1747145160000,72.8383
1747145220000,59.5026
1747145280000,57.0812
1747145340000,58.1385
1747145400000,51.7251
1747145460000,55.2436
1747145520000,64.9004
1747145580000,55.784
1747145640000,52.6538
1747145700000,53.7526
1747145760000,50.113
1747145820000,51.9115
1747145880000,56.8663
1747145940000,66.876
1747146000000,51.3279
1747146060000,42.5713
1747146120000,48.263
1747146180000,54.7104
1747146240000,43.4748
1747146300000,54.1794
1747146360000,54.0742
1747146420000,59.1893
1747146480000,56.0512
1747146540000,53.7827
1747146600000,54.6035
1747146660000,39.7084
1747146720000,52.5083
1747146780000,42.9701
1747146840000,44.1358
1747146900000,42.7202
1747146960000,52.6572
1747147020000,58.3719
1747147080000,47.9225
1747147140000,37.0577
1747147200000,48.8828
1747147260000,42.8258
1747147320000,44.3414
1747147380000,48.3283
1747147440000,44.2511
1747147500000,33.8365
1747147560000,43.0914
1747147620000,35.5563
1747147680000,29.3824
1747147740000,42.4268
1747147800000,43.5979
1747147860000,46.4684
1747147920000,47.8276
1747147980000,53.2525
1747148040000,37.2729
1747148100000,47.531
1747148160000,46.5669
1747148220000,45.6327
1747148280000,43.0241
1747148340000,47.0011
1747148400000,49.5206
1747148460000,52.2743
1747148520000,31.7286
1747148580000,52.0219
1747148640000,31.3486
1747148700000,32.7986
1747148760000,37.2443
1747148820000,29.805
1747148880000,34.9231
1747148940000,41.6534
1747149000000,48.4526
1747149060000,39.6857
1747149120000,39.1757
1747149180000,25.2953
1747149240000,39.0286
1747149300000,38.3485
1747149360000,48.7932
1747149420000,44.7901
1747149480000,37.3511
1747149540000,50.5749
1747149600000,48.2497
1747149660000,40.1569
1747149720000,42.4497
1747149780000,32.7243
1747149840000,35.8141
1747149900000,41.8611
1747149960000,31.9585
1747150020000,39.2572
1747150080000,32.872
1747150140000,46.5922
1747150200000,58.2759
1747150260000,46.5867
1747150320000,53.7315
1747150380000,34.9189
1747150440000,42.2429
1747150500000,49.989
1747150560000,50.5264
1747150620000,43.265
1747150680000,40.1827
1747150740000,48.8069
1747150800000,36.8509
1747150860000,52.3496
1747150920000,63.139
1747150980000,41.6577
1747151040000,45.4087
1747151100000,57.6771
1747151160000,38.5672
1747151220000,47.4113
1747151280000,47.0917
1747151340000,48.8195
1747151400000,53.1375
1747151460000,43.0863
1747151520000,47.217
1747151580000,46.9349
1747151640000,58.7711
1747151700000,48.7161
1747151760000,46.4622
1747151820000,39.8519
1747151880000,26.3007
1747151940000,46.4257
1747152000000,72.9687
1747152060000,87.7591
1747152120000,61.4098
1747152180000,61.8092
1747152240000,43.9116
1747152300000,34.2042
1747152360000,41.1941
1747152420000,47.8177
1747152480000,38.9484
1747152540000,36.3685
1747152600000,34.7479
1747152660000,40.4873
1747152720000,28.5194
1747152780000,38.2387
1747152840000,29.5879
1747152900000,33.2579
1747152960000,37.171
1747153020000,26.404
1747153080000,28.9776
1747153140000,32.9864
1747153200000,37.8904
1747153260000,51.743
1747153320000,32.3616
1747153380000,133.4158
1747153440000,147.3802
1747153500000,161.8062
1747153560000,132.2838
1747153620000,156.0241
1747153680000,70.7949
1747153740000,43.5834
1747153800000,169.7322
1747153860000,54.1387
1747153920000,72.3815
1747153980000,42.7015
1747154040000,177.1264
1747154100000,65.5524
1747154160000,62.6094
1747154220000,53.1384
1747154280000,47.8636
1747154340000,195.9187
1747154400000,62.724
1747154460000,65.5077
1747154520000,65.9948
1747154580000,76.8678
1747154640000,62.0074
1747154700000,164.4076
1747154760000,67.4551
1747154820000,50.4253
1747154880000,45.8996
1747154940000,61.8562
1747155000000,62.8197
1747155060000,55.7529
1747155120000,85.1696
1747155180000,64.0784
1747155240000,67.5514
1747155300000,78.3557
1747155360000,69.1613
1747155420000,78.2776
1747155480000,50.449
1747155540000,79.3946
1747155600000,82.5964
1747155660000,57.8812
1747155720000,73.1016
1747155780000,64.7288
1747155840000,71.3188
1747155900000,71.9573
1747155960000,78.3688
1747156020000,71.1373
1747156080000,82.9825
1747156140000,64.2865
1747156200000,65.6382
1747156260000,58.1957
1747156320000,81.0005
1747156380000,65.5685
1747156440000,73.4576
1747156500000,65.8803
1747156560000,66.1725
1747156620000,81.8478
1747156680000,63.6916
1747156740000,69.0636
1747156800000,79.8746
1747156860000,74.0385
1747156920000,71.353
1747156980000,68.9983
1747157040000,75.2415
1747157100000,56.0728
1747157160000,78.4919
1747157220000,40.0125
1747157280000,61.418
1747157340000,40.6564
1747157400000,27.409
1747157460000,36.568
1747157520000,60.9553
1747157580000,37.1331
1747157640000,46.9435
1747157700000,59.6373
1747157760000,47.8237
1747157820000,33.7106
1747157880000,48.129
1747157940000,45.6064
1747158000000,41.002
1747158060000,20.2907
1747158120000,29.7606
1747158180000,39.0703
1747158240000,68.7453
1747158300000,33.2101
1747158360000,9.2268
1747158420000,45.491
1747158480000,29.2982
1747158540000,26.5701
1747158600000,12.1007
1747158660000,20.8407
1747158720000,18.6829
1747158780000,11.0023
1747158840000,18.0514
1747158900000,39.0692
1747158960000,16.8051
1747159020000,24.2948
1747159080000,21.3622
1747159140000,22.079
1747159200000,26.8623
1747159260000,62.5871
1747159320000,22.4356
1747159380000,11.8069
1747159440000,13.2062
1747159500000,18.7523
1747159560000,18.3761
1747159620000,42.3741
1747159680000,19.3556
1747159740000,33.5466
1747159800000,24.6872
1747159860000,21.1296
1747159920000,16.8319
1747159980000,35.8409
1747160040000,11.7253
1747160100000,46.3205
1747160160000,31.9475
1747160220000,6.5992
1747160280000,3.7945
1747160340000,22.6987
1747160400000,7.3679
1747160460000,32.2809
1747160520000,31.6242
1747160580000,42.1472
1747160640000,16.7954
1747160700000,3.7332
1747160760000,30.2459
1747160820000,17.5259
1747160880000,20.7164
1747160940000,23.3155
1747161000000,32.1977
1747161060000,17.172
1747161120000,29.3214
1747161180000,14.1541
1747161240000,6.38
1747161300000,8.7869
1747161360000,22.3617
1747161420000,13.5867
1747161480000,49.6321
1747161540000,27.6892
1747161600000,35.5802
1747161660000,11.0576
1747161720000,39.4192
1747161780000,14.4026
1747161840000,54.1265
1747161900000,30.2822
1747161960000,31.4661
1747162020000,36.4841
1747162080000,15.5543
1747162140000,3.5661
1747162200000,13.9473
1747162260000,29.2312
1747162320000,10.0223
1747162380000,5.6652
1747162440000,29.9762
1747162500000,22.4233
1747162560000,15.9942
1747162620000,38.7716
1747162680000,78.778
1747162740000,39.5213
1747162800000,54.7062
1747162860000,27.2096
1747162920000,41.0662
1747162980000,45.1538
1747163040000,42.1659
1747163100000,23.7178
1747163160000,24.1891
1747163220000,18.2228
1747163280000,17.6091
1747163340000,43.0805
1747163400000,20.0559
1747163460000,41.5892
1747163520000,24.0697
1747163580000,6.7665
1747163640000,33.3932
1747163700000,13.4814
1747163760000,27.9847
1747163820000,5.265
1747163880000,15.5783
1747163940000,70.4777
1747164000000,29.4916
1747164060000,44.1904
1747164120000,22.0456
1747164180000,47.8313
1747164240000,7.605
1747164300000,27.036
1747164360000,43.1023
1747164420000,36.8315
1747164480000,46.6796
1747164540000,29.8738
1747164600000,32.6568
1747164660000,9.2722
1747164720000,8.3469
1747164780000,39.8198
1747164840000,19.2956
1747164900000,68.5781
1747164960000,57.4493
1747165020000,21.1448
1747165080000,4.3501
1747165140000,18.1794
1747165200000,8.3213
1747165260000,62.7027
1747165320000,22.2995
1747165380000,6.9006
1747165440000,23.1375
1747165500000,6.761
1747165560000,60.4923
1747165620000,37.0389
1747165680000,19.6496
1747165740000,27.628
1747165800000,59.528
1747165860000,30.7988
1747165920000,1.323
1747165980000,7.6672
1747166040000,19.0991
1747166100000,40.8652
1747166160000,67.095
1747166220000,22.2863
1747166280000,81.861
1747166340000,68.8416
1747166400000,42.5557
1747166460000,58.0888
1747166520000,48.1146
1747166580000,42.9962
1747166640000,33.7093
1747166700000,48.3084
1747166760000,37.8422
1747166820000,9.8344
1747166880000,23.2452
1747166940000,33.5049
1747167000000,30.0597
1747167060000,39.4075
1747167120000,23.6443
1747167180000,17.3964
1747167240000,35.2909
1747167300000,70.6912
1747167360000,34.2991
1747167420000,58.3899
1747167480000,38.7804
1747167540000,24.5981
1747167600000,25.3586
1747167660000,25.3772
1747167720000,38.6049
1747167780000,40.8889
1747167840000,20.7512
1747167900000,58.2986
1747167960000,93.341
1747168020000,22.3592
1747168080000,35.3008
1747168140000,25.1564
1747168200000,9.6
1747168260000,5.1107
1747168320000,23.245
1747168380000,44.9439
1747168440000,54.3908
1747168500000,23.8092
1747168560000,18.8668
1747168620000,22.3286
1747168680000,43.624
1747168740000,38.8623
1747168800000,17.7191
1747168860000,21.2474
1747168920000,21.6859
1747168980000,20.5661
1747169040000,30.753
1747169100000,22.3053
1747169160000,19.4275
1747169220000,8.1287
1747169280000,27.9444
1747169340000,69.1862
1747169400000,52.5571
1747169460000,59.1905
1747169520000,34.4277
1747169580000,70.5168
1747169640000,50.9217
1747169700000,48.7616
1747169760000,8.5346
1747169820000,57.1898
1747169880000,54.6207
1747169940000,27.4128
1747170000000,24.2927
1747170060000,8.7329
1747170120000,36.5894
1747170180000,47.0488
1747170240000,18.0
1747170300000,48.2852
1747170360000,27.9555
1747170420000,30.2409
1747170480000,30.9198
1747170540000,30.2966
1747170600000,25.7744
1747170660000,58.888
1747170720000,74.9325
1747170780000,28.3829
1747170840000,34.744
1747170900000,41.9975
1747170960000,25.3762
1747171020000,30.5203
1747171080000,10.2179
1747171140000,24.7827
1747171200000,51.167
1747171260000,30.1302
1747171320000,26.5359
1747171380000,57.9521
1747171440000,53.2032
1747171500000,49.9253
1747171560000,51.2688
1747171620000,41.0906
1747171680000,37.3208
1747171740000,26.0242
1747171800000,41.8939
1747171860000,18.2812
1747171920000,35.2537
1747171980000,19.8763
1747172040000,16.4878
1747172100000,14.4101
1747172160000,33.3544
1747172220000,58.612
1747172280000,43.178
1747172340000,25.0111
1747172400000,30.338
1747172460000,41.1022
1747172520000,84.6877
1747172580000,25.989
1747172640000,29.2726
1747172700000,30.5928
1747172760000,37.5372
1747172820000,42.2749
1747172880000,54.2137
1747172940000,70.7637
1747173000000,31.2468
1747173060000,48.5443
1747173120000,39.5195
1747173180000,58.1109
1747173240000,61.6773
1747173300000,78.4777
1747173360000,70.8424
1747173420000,70.6164
1747173480000,47.6979
1747173540000,27.3241
1747173600000,52.8094
1747173660000,62.5865
1747173720000,66.9972
1747173780000,39.2195
1747173840000,56.9486
1747173900000,27.6837
1747173960000,39.2544
1747174020000,48.2944
1747174080000,47.1869
1747174140000,51.4402
1747174200000,44.842
1747174260000,48.9775
1747174320000,64.1999
1747174380000,52.4267
1747174440000,53.5766
1747174500000,41.7585
1747174560000,42.8469
1747174620000,54.9243
1747174680000,65.553
1747174740000,45.5634
1747174800000,38.8407
1747174860000,44.808
1747174920000,53.6433
1747174980000,58.8924
1747175040000,57.0426
1747175100000,50.49
1747175160000,38.9398
1747175220000,60.299
1747175280000,42.8451
1747175340000,47.9813
1747175400000,46.9778
1747175460000,39.4346
1747175520000,46.3527
1747175580000,35.4511
1747175640000,25.1752
1747175700000,28.9194
1747175760000,54.7769
1747175820000,49.9488
1747175880000,49.921
1747175940000,40.8599
1747176000000,55.4556
1747176060000,44.2027
1747176120000,40.895
1747176180000,48.8704
1747176240000,60.1261
1747176300000,50.0405
1747176360000,55.3453
1747176420000,65.7842
1747176480000,74.828
1747176540000,50.7474
1747176600000,66.6549
1747176660000,58.9403
1747176720000,63.5574
1747176780000,56.9169
1747176840000,67.808
1747176900000,57.3111
1747176960000,70.32
1747177020000,65.7872
1747177080000,59.544
1747177140000,56.7798
1747177200000,56.0694
1747177260000,49.59
1747177320000,54.429
1747177380000,65.0626
1747177440000,73.2093
1747177500000,74.4999
1747177560000,71.0982
1747177620000,73.1107
1747177680000,82.5677
1747177740000,71.1394
1747177800000,69.0171
1747177860000,68.6017
1747177920000,70.5396
1747177980000,82.3027
1747178040000,68.8117
1747178100000,77.3772
1747178160000,88.1689
1747178220000,77.4257
1747178280000,70.6612
1747178340000,75.5307
1747178400000,68.6976
1747178460000,76.2796
1747178520000,72.7388
1747178580000,80.9053
1747178640000,85.1057
1747178700000,68.7314
1747178760000,71.679
1747178820000,69.0516
1747178880000,70.1957
1747178940000,84.8117
1747179000000,59.6565
1747179060000,54.6637
1747179120000,65.1647
1747179180000,55.4099
1747179240000,66.0556
1747179300000,68.2594
1747179360000,66.112
1747179420000,59.1197
1747179480000,66.0308
1747179540000,66.2005
1747179600000,76.8069
1747179660000,70.6756
1747179720000,74.5467
1747179780000,79.8347
1747179840000,74.5672
1747179900000,64.0167
1747179960000,68.4843
1747180020000,73.2856
1747180080000,67.0799
1747180140000,75.8139
1747180200000,73.3898
1747180260000,75.3669
1747180320000,68.9983
1747180380000,86.2402
1747180440000,78.2901
1747180500000,89.0156
1747180560000,83.0199
1747180620000,80.7824
1747180680000,87.1663
1747180740000,88.2501
1747180800000,84.2584
1747180860000,80.4036
1747180920000,81.9868
1747180980000,80.5487
1747181040000,80.2339
1747181100000,85.5916
1747181160000,81.6066
1747181220000,91.043
1747181280000,90.4055
1747181340000,92.0318
1747181400000,88.5251
1747181460000,96.1869
1747181520000,94.6459
1747181580000,95.725
1747181640000,90.3286
1747181700000,95.8907
1747181760000,95.0086
1747181820000,102.6117
1747181880000,101.1166
1747181940000,100.5847
1747182000000,102.6091
1747182060000,101.3101
1747182120000,92.0392
1747182180000,98.8882
1747182240000,99.1509
1747182300000,105.506
1747182360000,90.039
1747182420000,98.692
1747182480000,98.8535
1747182540000,115.0028
1747182600000,96.2551
1747182660000,96.7169
1747182720000,95.8615
1747182780000,101.2742
1747182840000,99.757
1747182900000,108.52
1747182960000,97.4423
1747183020000,104.7745
1747183080000,95.4888
1747183140000,106.0553
1747183200000,93.1836
1747183260000,97.6242
1747183320000,104.6509
1747183380000,102.6992
1747183440000,111.0141
1747183500000,109.7385
1747183560000,106.1271
1747183620000,103.6961
1747183680000,103.0766
1747183740000,105.9402
1747183800000,102.9889
1747183860000,106.2084
1747183920000,114.211
1747183980000,108.8905
1747184040000,106.1422
1747184100000,115.2521
1747184160000,103.0885
1747184220000,109.7494
1747184280000,112.0319
1747184340000,114.887
1747184400000,89.597
1747184460000,96.5306
1747184520000,101.5566
1747184580000,98.6256
1747184640000,106.3353
1747184700000,102.9975
1747184760000,104.9894
1747184820000,106.3806
1747184880000,101.3304
1747184940000,98.424
1747185000000,110.5579
1747185060000,105.2944
1747185120000,97.3943
1747185180000,109.5976
1747185240000,105.8438
1747185300000,107.0799
1747185360000,101.2984
1747185420000,105.8939
1747185480000,100.0703
1747185540000,103.8116
1747185600000,100.468
1747185660000,102.8247
1747185720000,109.9395
1747185780000,104.4749
1747185840000,104.7546
1747185900000,104.2436
1747185960000,105.1574
1747186020000,104.5636
1747186080000,107.4894
1747186140000,113.0536
1747186200000,100.6403
1747186260000,100.3069
1747186320000,96.1793
1747186380000,94.2549
1747186440000,97.3635
1747186500000,96.0078
1747186560000,101.3429
1747186620000,102.8674
1747186680000,96.1022
1747186740000,96.8986
1747186800000,96.8675
1747186860000,99.7721
1747186920000,100.9025
1747186980000,96.7016
1747187040000,101.496
1747187100000,24.0638
1747187160000,22.9601
1747187220000,49.8599
1747187280000,47.314
1747187340000,23.8327
1747187400000,22.7616
1747187460000,98.6163
1747187520000,73.7906
1747187580000,24.4582
1747187640000,25.1713
1747187700000,61.833
1747187760000,63.7852
1747187820000,22.7453
1747187880000,47.906
1747187940000,84.0252
1747188000000,24.7515
1747188060000,23.6706
1747188120000,71.6542
1747188180000,50.1574
1747188240000,24.9371
1747188300000,23.9104
1747188360000,58.2723
1747188420000,73.9875
1747188480000,24.6113
1747188540000,24.7497
1747188600000,96.6944
1747188660000,61.0401
1747188720000,26.5415
1747188780000,86.2797
1747188840000,97.8209
1747188900000,25.8761
1747188960000,22.6118
1747189020000,50.1716
1747189080000,50.8715
1747189140000,25.8083
1747189200000,22.5508
1747189260000,90.2113
1747189320000,73.9052
1747189380000,23.8645
1747189440000,23.3748
1747189500000,69.9821
1747189560000,67.9339
1747189620000,28.879
1747189680000,97.9867
1747189740000,106.5703
1747189800000,26.6141
1747189860000,25.2584
1747189920000,42.0051
1747189980000,42.406
1747190040000,25.9068
1747190100000,23.3605
1747190160000,86.6018
1747190220000,73.55
1747190280000,23.8228
1747190340000,23.7407
1747190400000,63.4614
1747190460000,71.4431
1747190520000,25.8314
1747190580000,96.9944
1747190640000,99.9816
1747190700000,25.4807
1747190760000,21.4814
1747190820000,40.4435
1747190880000,43.8209
1747190940000,23.8036
1747191000000,24.4293
1747191060000,95.2212
1747191120000,73.2954
1747191180000,25.357
1747191240000,23.4044
1747191300000,60.1148
1747191360000,63.1392
1747191420000,26.0141
1747191480000,96.5497
1747191540000,100.1096
1747191600000,25.8596
1747191660000,23.2116
1747191720000,44.398
1747191780000,41.92
1747191840000,23.2796
1747191900000,23.8239
1747191960000,85.9488
1747192020000,67.5711
1747192080000,23.8472
1747192140000,21.6122
1747192200000,54.1238
1747192260000,59.9526
1747192320000,26.3524
1747192380000,93.6016
1747192440000,93.5894
1747192500000,25.1181
1747192560000,23.8379
1747192620000,39.4117
1747192680000,43.6907
1747192740000,24.9691
1747192800000,22.8942
1747192860000,81.2581
1747192920000,67.8416
1747192980000,23.2789
1747193040000,23.537
1747193100000,54.7521
1747193160000,60.4949
1747193220000,24.6598
1747193280000,49.7938
1747193340000,77.1546
1747193400000,90.6444
1747193460000,98.0239
1747193520000,97.4026
1747193580000,101.5032
1747193640000,94.5768
1747193700000,96.1182
1747193760000,99.3448
1747193820000,96.7317
1747193880000,97.2941
1747193940000,92.3537
1747194000000,91.9536
1747194060000,89.7804
1747194120000,92.9031
1747194180000,98.6151
1747194240000,87.1855
1747194300000,87.3437
1747194360000,95.8746
1747194420000,87.2823
1747194480000,100.911
1747194540000,98.8115
1747194600000,96.7817
1747194660000,96.8838
1747194720000,96.4229
1747194780000,101.4183
1747194840000,98.4612
1747194900000,95.5612
1747194960000,89.1368
1747195020000,93.8107
1747195080000,94.0573
1747195140000,95.1825
1747195200000,87.3577
1747195260000,91.3793
1747195320000,82.945
1747195380000,82.9253
1747195440000,87.0471
1747195500000,93.6054
1747195560000,84.4441
1747195620000,85.6484
1747195680000,94.2356
1747195740000,87.297
1747195800000,83.7448
1747195860000,90.6499
1747195920000,92.4126
1747195980000,85.7869
1747196040000,88.9537
1747196100000,92.6514
1747196160000,89.4729
1747196220000,89.578
1747196280000,89.9522
1747196340000,91.149
1747196400000,94.1031
1747196460000,91.9546
1747196520000,92.5445
1747196580000,89.5044
1747196640000,91.9841
1747196700000,91.8595
1747196760000,89.3944
1747196820000,92.1352
1747196880000,92.3271
1747196940000,91.2412
1747197000000,86.719
1747197060000,87.7044
1747197120000,83.2778
1747197180000,84.1488
1747197240000,87.5658
1747197300000,84.8469
1747197360000,78.852
1747197420000,87.9422
1747197480000,93.72
1747197540000,83.8121
1747197600000,80.5061
1747197660000,89.8093
1747197720000,85.9802
1747197780000,83.599
1747197840000,84.4414
1747197900000,81.1114
1747197960000,90.5669
1747198020000,87.7899
1747198080000,89.0453
1747198140000,84.6765
1747198200000,78.8185
1747198260000,80.5674
1747198320000,85.1801
1747198380000,82.9033
1747198440000,82.7119
1747198500000,75.8394
1747198560000,86.7715
1747198620000,87.8115
1747198680000,88.3067
1747198740000,76.718
1747198800000,73.2056
1747198860000,80.0308
1747198920000,79.2567
1747198980000,81.224
1747199040000,79.9287
1747199100000,77.9432
1747199160000,82.3999
1747199220000,78.0383
1747199280000,81.4892
1747199340000,76.1945
1747199400000,76.0259
1747199460000,80.4568
1747199520000,82.4174
1747199580000,78.4719
1747199640000,77.5301
1747199700000,74.2031
1747199760000,84.6231
1747199820000,82.8907
1747199880000,82.1487
1747199940000,78.4166
1747200000000,83.1251
1747200060000,84.1684
1747200120000,87.5122
1747200180000,80.4143
1747200240000,77.1245
1747200300000,77.1532
1747200360000,71.766
1747200420000,82.947
1747200480000,84.7904
1747200540000,83.3142
1747200600000,74.8141
1747200660000,84.8298
1747200720000,81.9977
1747200780000,89.6083
1747200840000,79.028
1747200900000,79.1519
1747200960000,73.3243
1747201020000,79.1378
1747201080000,82.8248
1747201140000,74.6382
1747201200000,76.0499
1747201260000,83.1583
1747201320000,82.3742
1747201380000,82.1622
1747201440000,82.4887
1747201500000,74.9898
1747201560000,79.4899
1747201620000,75.9218
1747201680000,77.3534
1747201740000,80.0948
1747201800000,85.7525
1747201860000,83.809
1747201920000,84.4282
1747201980000,86.6068
1747202040000,82.0357
1747202100000,78.3219
1747202160000,80.9731
1747202220000,75.8998
1747202280000,82.5739
1747202340000,78.8494
1747202400000,84.0273
1747202460000,75.6661
1747202520000,77.5688
1747202580000,81.3053
1747202640000,81.6604
1747202700000,83.6066
1747202760000,82.6067
1747202820000,85.9421
1747202880000,84.8846
1747202940000,78.8533
1747203000000,73.1579
1747203060000,82.2258
1747203120000,78.2632
1747203180000,77.2272
1747203240000,72.0902
1747203300000,73.9114
1747203360000,76.2391
1747203420000,78.8517
1747203480000,82.8366
1747203540000,135.7089
1747203600000,81.4374
1747203660000,80.1756
1747203720000,82.0126
1747203780000,84.2121
1747203840000,75.0891
1747203900000,74.4938
1747203960000,77.2952
1747204020000,80.0466
1747204080000,79.1316
1747204140000,81.3466
1747204200000,75.3706
1747204260000,79.6501
1747204320000,81.3031
1747204380000,77.8617
1747204440000,80.566
1747204500000,80.1581
1747204560000,82.2682
1747204620000,80.3262
1747204680000,80.8217
1747204740000,86.1396
1747204800000,78.0435
1747204860000,81.4151
1747204920000,82.4502
1747204980000,83.7137
1747205040000,84.1679
1747205100000,77.5194
1747205160000,80.1603
1747205220000,78.3093
1747205280000,75.5021
1747205340000,76.9522
1747205400000,87.9491
1747205460000,84.7324
1747205520000,76.6536
1747205580000,84.4117
1747205640000,76.2055
1747205700000,81.2355
1747205760000,79.3631
1747205820000,81.8135
1747205880000,77.6836
1747205940000,85.0776
1747206000000,80.149
1747206060000,79.5894
1747206120000,82.2241
1747206180000,16.3162
1747206240000,16.9773
1747206300000,40.8414
1747206360000,43.4297
1747206420000,18.6533
1747206480000,17.361
1747206540000,73.633
1747206600000,60.1018
1747206660000,19.2462
1747206720000,19.1135
1747206780000,44.9849
1747206840000,79.5001
1747206900000,81.4566
1747206960000,80.1231
1747207020000,83.1941
1747207080000,18.4116
1747207140000,16.9461
1747207200000,45.877
1747207260000,47.3011
1747207320000,18.2033
1747207380000,18.4198
1747207440000,54.0116
1747207500000,54.2747
1747207560000,18.9942
1747207620000,18.7439
1747207680000,43.2781
1747207740000,80.7878
1747207800000,78.4895
1747207860000,81.6943
1747207920000,82.4322
1747207980000,19.3458
1747208040000,19.3299
1747208100000,44.6742
1747208160000,48.1962
1747208220000,20.1726
1747208280000,17.6582
1747208340000,69.6264
1747208400000,60.2483
1747208460000,21.6373
1747208520000,25.3676
1747208580000,41.223
1747208640000,73.4391
1747208700000,86.1819
1747208760000,81.3459
1747208820000,85.6379
1747208880000,72.5471
1747208940000,80.912
1747209000000,87.1002
1747209060000,84.9761
1747209120000,84.5418
1747209180000,91.3173
1747209240000,79.7913
1747209300000,83.9537
1747209360000,85.182
1747209420000,90.8309
1747209480000,85.7196
1747209540000,91.9654
1747209600000,88.6907
1747209660000,81.8187
1747209720000,83.1858
1747209780000,82.895
1747209840000,85.0068
1747209900000,84.9047
1747209960000,85.3811
1747210020000,84.2892
1747210080000,83.8277
1747210140000,90.3345
1747210200000,78.7593
1747210260000,90.473
1747210320000,81.0793
1747210380000,85.2912
1747210440000,91.3572
1747210500000,84.9764
1747210560000,90.1775
1747210620000,87.3321
1747210680000,82.7322
1747210740000,89.5404
1747210800000,90.5346
1747210860000,87.7571
1747210920000,85.4755
1747210980000,89.8789
1747211040000,91.0797
1747211100000,89.3293
1747211160000,94.7059
1747211220000,85.7024
1747211280000,89.2986
1747211340000,92.9569
1747211400000,88.1008
1747211460000,88.1467
1747211520000,86.2372
1747211580000,88.5787
1747211640000,92.5163
1747211700000,85.7318
1747211760000,85.8544
1747211820000,90.9029
1747211880000,87.2181
1747211940000,91.8304
1747212000000,89.941
1747212060000,88.6034
1747212120000,87.3535
1747212180000,91.1396
1747212240000,78.9974
1747212300000,76.3638
1747212360000,84.7004
1747212420000,84.8959
1747212480000,88.2737
1747212540000,88.6953
1747212600000,89.8363
1747212660000,95.4073
1747212720000,87.2791
1747212780000,88.8002
1747212840000,92.1
1747212900000,91.9695
1747212960000,97.2419
1747213020000,95.6294
1747213080000,95.8804
1747213140000,95.8162
1747213200000,92.5089
1747213260000,85.4865
1747213320000,87.7658
1747213380000,80.1236
1747213440000,83.4246
1747213500000,88.0259
1747213560000,93.0715
1747213620000,90.6907
1747213680000,90.9839
1747213740000,90.0575
1747213800000,92.9043
1747213860000,91.1081
1747213920000,86.1012
1747213980000,91.4503
1747214040000,94.0287
1747214100000,88.531
1747214160000,85.9251
1747214220000,92.1569
1747214280000,95.7461
1747214340000,92.697
1747214400000,91.7588
1747214460000,83.913
1747214520000,89.0929
1747214580000,89.0968
1747214640000,89.8103
1747214700000,87.5669
1747214760000,78.7429
1747214820000,87.8932
1747214880000,98.2537
1747214940000,96.6834
1747215000000,89.5766
1747215060000,78.9164
1747215120000,90.0541
1747215180000,89.6737
1747215240000,93.0282
1747215300000,92.5236
1747215360000,93.021
1747215420000,88.6977
1747215480000,92.6941
1747215540000,87.8586
1747215600000,88.9775
1747215660000,91.6965
1747215720000,94.026
1747215780000,90.762
1747215840000,88.3231
1747215900000,88.0301
1747215960000,88.7493
1747216020000,89.7574
1747216080000,89.8797
1747216140000,95.4391
1747216200000,83.5432
1747216260000,82.4211
1747216320000,93.463
1747216380000,94.3307
1747216440000,92.0538
1747216500000,93.3275
1747216560000,95.0215
1747216620000,90.8001
1747216680000,85.3968
1747216740000,99.1187
1747216800000,87.9958
1747216860000,88.9453
1747216920000,82.3197
1747216980000,80.1344
1747217040000,88.0788
1747217100000,86.2078
1747217160000,84.1204
1747217220000,74.6034
1747217280000,89.5513
1747217340000,89.9884
1747217400000,74.7733
1747217460000,83.4553
1747217520000,87.1537
1747217580000,87.959
1747217640000,86.5754
1747217700000,84.2411
1747217760000,78.9897
1747217820000,83.476
1747217880000,76.8528
1747217940000,82.9035
1747218000000,86.5553
1747218060000,71.308
1747218120000,81.8868
1747218180000,79.9008
1747218240000,84.1205
1747218300000,82.7066
1747218360000,83.7826
1747218420000,81.0261
1747218480000,78.5158
1747218540000,89.4907
1747218600000,21.8117
1747218660000,22.9692
1747218720000,82.9861
1747218780000,63.3164
1747218840000,20.545
1747218900000,23.0444
1747218960000,24.0583
1747219020000,77.6773
1747219080000,42.2387
1747219140000,21.6749
1747219200000,25.6787
1747219260000,45.1172
1747219320000,57.8951
1747219380000,79.7523
1747219440000,76.961
1747219500000,18.6873
1747219560000,19.8473
1747219620000,75.5676
1747219680000,57.6622
1747219740000,20.0593
1747219800000,19.8988
1747219860000,25.2993
1747219920000,69.0956
1747219980000,36.31
1747220040000,20.2574
1747220100000,25.4771
1747220160000,45.4087
1747220220000,55.8512
1747220280000,75.9352
1747220340000,74.6935
1747220400000,22.0391
1747220460000,18.5308
1747220520000,58.6784
1747220580000,51.6994
1747220640000,19.1338
1747220700000,21.6723
1747220760000,20.1748
1747220820000,76.6178
1747220880000,35.9304
1747220940000,19.6952
1747221000000,20.3114
1747221060000,74.4289
1747221120000,66.1011
1747221180000,20.223
1747221240000,25.5234
1747221300000,18.7909
1747221360000,70.1481
1747221420000,27.9106
1747221480000,17.1148
1747221540000,17.4224
1747221600000,71.8036
1747221660000,67.294
1747221720000,16.2606
1747221780000,27.3001
1747221840000,19.6586
1747221900000,63.4945
1747221960000,26.4917
1747222020000,17.8516
1747222080000,19.9747
1747222140000,35.383
1747222200000,21.0482
1747222260000,45.9838
1747222320000,24.7774
1747222380000,17.4064
1747222440000,18.4326
1747222500000,36.6937
1747222560000,18.5505
1747222620000,44.3367
1747222680000,22.1664
1747222740000,17.9132
1747222800000,22.2146
1747222860000,41.9376
1747222920000,20.3453
1747222980000,53.4542
1747223040000,25.9208
1747223100000,20.0097
1747223160000,18.5652
1747223220000,34.7165
1747223280000,21.6241
1747223340000,52.8434
1747223400000,28.41
1747223460000,17.7
1747223520000,19.1101
1747223580000,67.8638
1747223640000,71.7383
1747223700000,19.9433
1747223760000,44.0468
1747223820000,22.914
1747223880000,19.3052
1747223940000,53.7578
1747224000000,42.1828
1747224060000,22.056
1747224120000,20.1406
1747224180000,76.5227
1747224240000,67.5689
1747224300000,19.9832
1747224360000,20.2056
1747224420000,20.8172
1747224480000,69.6568
1747224540000,40.1626
1747224600000,21.7323
1747224660000,25.9486
1747224720000,37.6779
1747224780000,34.4937
1747224840000,56.1756
1747224900000,19.9687
1747224960000,29.2891
1747225020000,19.1899
1747225080000,70.6699
1747225140000,26.2176
1747225200000,18.6976
1747225260000,21.4043
1747225320000,72.295
1747225380000,72.4751
1747225440000,20.5401
1747225500000,38.0964
1747225560000,27.9618
1747225620000,36.7853
1747225680000,71.3413
1747225740000,76.5819
1747225800000,17.5945
1747225860000,18.8739
1747225920000,74.5538
1747225980000,62.0003
1747226040000,16.3963
1747226100000,18.0144
1747226160000,18.88
1747226220000,71.4639
1747226280000,34.7346
1747226340000,17.7439
1747226400000,22.5189
1747226460000,39.5626
1747226520000,53.4345
1747226580000,75.2031
1747226640000,62.7407
1747226700000,15.3504
1747226760000,16.7284
1747226820000,68.1854
1747226880000,57.5922
1747226940000,18.0557
1747227000000,17.8277
1747227060000,19.021
1747227120000,16.6288
1747227180000,46.5409
1747227240000,48.2116
1747227300000,19.7588
1747227360000,48.2262
1747227420000,60.0342
1747227480000,75.978
1747227540000,71.8701
1747227600000,17.3487
1747227660000,15.7793
1747227720000,57.7992
1747227780000,54.6421
1747227840000,15.0936
1747227900000,16.1343
1747227960000,17.03
1747228020000,14.7531
1747228080000,49.6787
1747228140000,46.0808
1747228200000,18.7194
1747228260000,48.4748
1747228320000,67.6541
1747228380000,73.8084
1747228440000,74.491
1747228500000,15.2851
1747228560000,13.919
1747228620000,77.0772
1747228680000,54.3554
1747228740000,12.1168
1747228800000,15.5075
1747228860000,16.7062
1747228920000,15.0905
1747228980000,45.5885
1747229040000,48.8201
1747229100000,13.2152
1747229160000,50.5902
1747229220000,66.6443
1747229280000,71.6652
1747229340000,76.5946
1747229400000,80.0126
1747229460000,79.3901
1747229520000,79.8111
1747229580000,84.7852
1747229640000,86.3819
1747229700000,83.6565
1747229760000,79.6039
1747229820000,79.4652
1747229880000,76.5845
1747229940000,80.5411
1747230000000,83.202
1747230060000,80.9305
1747230120000,73.0732
1747230180000,76.5051
1747230240000,86.157
1747230300000,11.0812
1747230360000,11.6491
1747230420000,79.2003
1747230480000,43.8959
1747230540000,9.3912
1747230600000,9.7771
1747230660000,8.5477
1747230720000,9.2571
1747230780000,40.9915
1747230840000,41.9123
1747230900000,8.3266
1747230960000,42.345
1747231020000,45.9125
1747231080000,71.9729
1747231140000,74.5424
1747231200000,7.2542
1747231260000,6.5509
1747231320000,56.6164
1747231380000,36.0611
1747231440000,6.245
1747231500000,6.8353
1747231560000,6.8934
1747231620000,68.3844
1747231680000,12.7837
1747231740000,5.7989
1747231800000,6.6676
1747231860000,16.8873
1747231920000,25.8183
1747231980000,51.2214
1747232040000,54.8544
1747232100000,3.4148
1747232160000,5.1591
1747232220000,41.2245
1747232280000,19.6239
1747232340000,4.094
1747232400000,4.2421
1747232460000,4.3046
1747232520000,50.716
1747232580000,8.3534
1747232640000,3.7132
1747232700000,5.2665
1747232760000,9.3664
1747232820000,15.9847
1747232880000,43.5428
1747232940000,55.5655
1747233000000,3.5164
1747233060000,2.5547
1747233120000,37.8708
1747233180000,18.8533
1747233240000,2.4541
1747233300000,2.8916
1747233360000,2.3251
1747233420000,2.1746
1747233480000,7.2047
1747233540000,8.8206
1747233600000,2.3054
1747233660000,15.988
1747233720000,22.7467
1747233780000,43.6265
1747233840000,45.9893
1747233900000,2.8542
1747233960000,2.2508
1747234020000,2.1027
1747234080000,36.9252
1747234140000,6.9464
1747234200000,2.4217
1747234260000,2.4936
1747234320000,3.5546
1747234380000,3.4714
1747234440000,29.8318
1747234500000,9.26
1747234560000,4.7464
1747234620000,36.8912
1747234680000,36.0622
1747234740000,27.7318
1747234800000,2.0008
1747234860000,2.0087
1747234920000,38.7953
1747234980000,17.037
1747235040000,1.6257
1747235100000,1.7489
1747235160000,1.9256
1747235220000,2.2062
1747235280000,5.7386
1747235340000,8.2588
1747235400000,2.4845
1747235460000,22.1824
1747235520000,17.0158
1747235580000,24.5355
1747235640000,31.8496
1747235700000,1.7808
1747235760000,2.2641
1747235820000,40.6315
1747235880000,14.1221
1747235940000,2.146
1747236000000,2.5507
1747236060000,2.5998
1747236120000,2.423
1747236180000,16.1121
1747236240000,11.0682
1747236300000,1.8956
1747236360000,15.0023
1747236420000,20.2655
1747236480000,24.3257
1747236540000,43.3328
1747236600000,1.6701
1747236660000,1.5186
1747236720000,15.2733
1747236780000,14.701
1747236840000,1.5055
1747236900000,2.0566
1747236960000,40.9968
1747237020000,14.7142
1747237080000,2.8435
1747237140000,2.4272
1747237200000,30.1972
1747237260000,16.5515
1747237320000,1.7489
1747237380000,6.0213
1747237440000,20.2506
1747237500000,3.0546
1747237560000,2.0263
1747237620000,34.6113
1747237680000,8.7297
1747237740000,1.4897
1747237800000,1.4835
1747237860000,11.6956
1747237920000,16.6375
1747237980000,1.5666
1747238040000,2.3376
1747238100000,28.3887
1747238160000,9.2606
1747238220000,3.1302
1747238280000,4.5758
1747238340000,13.5472
1747238400000,45.2422
1747238460000,54.9719
1747238520000,40.0753
1747238580000,43.4814
1747238640000,20.5812
1747238700000,25.2356
1747238760000,10.2394
1747238820000,18.7373
1747238880000,27.8714
1747238940000,20.5258
1747239000000,24.4602
1747239060000,16.6884
1747239120000,5.6768
1747239180000,11.9094
1747239240000,22.8245
1747239300000,21.1493
1747239360000,14.5119
1747239420000,14.8223
1747239480000,16.9199
1747239540000,16.8195
1747239600000,19.987
1747239660000,18.7415
1747239720000,10.9491
1747239780000,139.2666
1747239840000,161.7351
1747239900000,134.7315
1747239960000,34.7926
1747240020000,131.9954
1747240080000,22.363
1747240140000,16.4474
1747240200000,140.1073
1747240260000,20.1896
1747240320000,16.3659
1747240380000,31.796
1747240440000,101.3132
1747240500000,23.6466
1747240560000,19.7552
1747240620000,23.9958
1747240680000,23.0801
1747240740000,29.5302
1747240800000,21.9477
1747240860000,25.2341
1747240920000,25.5345
1747240980000,29.2354
1747241040000,21.5389
1747241100000,17.0211
1747241160000,20.4539
1747241220000,25.379
1747241280000,19.4727
1747241340000,19.4345
1747241400000,25.3562
1747241460000,19.5582
1747241520000,18.2604
1747241580000,26.2271
1747241640000,20.5851
1747241700000,19.7865
1747241760000,15.498
1747241820000,22.9365
1747241880000,25.566
1747241940000,23.7001
1747242000000,30.4687
1747242060000,19.323
1747242120000,18.9059
1747242180000,23.0005
1747242240000,23.2195
1747242300000,24.7465
1747242360000,15.4293
1747242420000,26.772
1747242480000,27.2371
1747242540000,26.5848
1747242600000,23.6056
1747242660000,21.7098
1747242720000,21.6951
1747242780000,18.3534
1747242840000,11.1066
1747242900000,16.9317
1747242960000,35.4113
1747243020000,26.9585
1747243080000,23.4485
1747243140000,15.742
1747243200000,20.9094
1747243260000,18.9618
1747243320000,16.5373
1747243380000,33.6212
1747243440000,24.7505
1747243500000,18.2552
1747243560000,10.3199
1747243620000,10.7482
1747243680000,12.2273
1747243740000,15.5581
1747243800000,10.004
1747243860000,12.6882
1747243920000,9.5398
1747243980000,10.6555
1747244040000,6.6653
1747244100000,4.7356
1747244160000,10.0038
1747244220000,8.5998
1747244280000,16.0147
1747244340000,9.9429
1747244400000,9.69
1747244460000,8.016
1747244520000,16.617
1747244580000,5.9054
1747244640000,13.0586
1747244700000,8.239
1747244760000,2.9668
1747244820000,1.4607
1747244880000,2.9306
1747244940000,3.0379
1747245000000,7.7486
1747245060000,12.349
1747245120000,8.854
1747245180000,21.3712
1747245240000,10.1433
1747245300000,6.7404
1747245360000,5.2103
1747245420000,4.9134
1747245480000,8.8378
1747245540000,2.3997
1747245600000,15.5834
1747245660000,11.2401
1747245720000,3.2189
1747245780000,8.1992
1747245840000,6.1956
1747245900000,4.0741
1747245960000,2.3928
1747246020000,9.9404
1747246080000,12.4778
1747246140000,12.185
1747246200000,3.5085
1747246260000,4.5937
1747246320000,11.2194
1747246380000,6.9001
1747246440000,7.7943
1747246500000,1.3351
1747246560000,7.6825
1747246620000,7.0918
1747246680000,5.5964
1747246740000,8.9634
1747246800000,4.658
1747246860000,2.752
1747246920000,6.3251
1747246980000,9.0381
1747247040000,7.4424
1747247100000,6.5603
1747247160000,7.0265
1747247220000,14.715
1747247280000,20.2582
1747247340000,3.3596
1747247400000,8.6792
1747247460000,9.2814
1747247520000,3.3482
1747247580000,2.6708
1747247640000,10.6856
1747247700000,4.0632
1747247760000,3.7569
1747247820000,5.2352
1747247880000,9.6563
1747247940000,4.7981
1747248000000,8.2695
1747248060000,2.4067
1747248120000,7.4816
1747248180000,5.6825
1747248240000,2.4184
1747248300000,8.1403
1747248360000,12.1574
1747248420000,1.4558
1747248480000,6.4398
1747248540000,1.394
1747248600000,14.649
1747248660000,4.6266
1747248720000,10.7007
1747248780000,9.3882
1747248840000,6.1985
1747248900000,3.3966
1747248960000,3.776
1747249020000,1.8748
1747249080000,0.7029
1747249140000,4.7075
1747249200000,0.4024
1747249260000,0.5419
1747249320000,2.0394
1747249380000,1.4171
1747249440000,0.6182
1747249500000,0.4705
1747249560000,5.9473
1747249620000,2.7661
1747249680000,0.4532
1747249740000,0.4051
1747249800000,37.2432
1747249860000,3.6812
1747249920000,0.6947
1747249980000,0.3513
1747250040000,0.9273
1747250100000,2.5146
1747250160000,0.3933
1747250220000,0.503
1747250280000,3.5041
1747250340000,2.6381
1747250400000,0.8043
1747250460000,0.8543
1747250520000,4.506
1747250580000,3.5124
1747250640000,0.6704
1747250700000,0.5519
1747250760000,16.1384
1747250820000,5.5562
1747250880000,0.5997
1747250940000,0.3479
1747251000000,1.3425
1747251060000,0.8637
1747251120000,0.4115
1747251180000,0.3169
1747251240000,15.2886
1747251300000,2.0115
1747251360000,0.4979
1747251420000,0.4761
1747251480000,6.8601
1747251540000,3.3084
1747251600000,0.5503
1747251660000,0.9939
1747251720000,9.2237
1747251780000,2.1798
1747251840000,0.3327
1747251900000,0.3076
1747251960000,2.699
1747252020000,2.4137
1747252080000,0.5057
1747252140000,0.5137
1747252200000,2.1768
1747252260000,0.8171
1747252320000,0.7022
1747252380000,0.3622
1747252440000,12.9743
1747252500000,4.0244
1747252560000,0.3961
1747252620000,0.6059
1747252680000,10.6907
1747252740000,2.6933
1747252800000,0.6847
1747252860000,0.6662
1747252920000,5.5444
1747252980000,1.858
1747253040000,0.326
1747253100000,0.3164
1747253160000,5.1822
1747253220000,0.3133
1747253280000,0.5128
1747253340000,0.4131
1747253400000,4.0437
1747253460000,0.8342
1747253520000,0.4619
1747253580000,0.6815
1747253640000,3.4837
1747253700000,1.1314
1747253760000,0.3096
1747253820000,0.7793
1747253880000,0.9409
1747253940000,1.4471
1747254000000,0.4096
1747254060000,0.9501
1747254120000,10.5743
1747254180000,2.3281
1747254240000,0.3178
1747254300000,0.5317
1747254360000,2.8591
1747254420000,1.8584
1747254480000,0.4426
1747254540000,0.4295
1747254600000,9.6726
1747254660000,2.1012
1747254720000,0.5506
1747254780000,0.6338
1747254840000,4.2569
1747254900000,7.9958
1747254960000,0.4073
1747255020000,0.2985
1747255080000,13.1942
1747255140000,5.6959
1747255200000,0.5252
1747255260000,0.6941
1747255320000,3.1956
1747255380000,4.0723
1747255440000,0.4054
1747255500000,0.3393
1747255560000,22.9461
1747255620000,5.9297
1747255680000,1.1111
1747255740000,0.5996
1747255800000,1.2345
1747255860000,2.7615
1747255920000,0.6389
1747255980000,0.5956
1747256040000,14.482
1747256100000,2.5137
1747256160000,0.4689
1747256220000,0.6544
1747256280000,8.2016
1747256340000,4.3606
1747256400000,0.6243
1747256460000,0.4442
1747256520000,0.6797
1747256580000,0.5237
1747256640000,0.4118
1747256700000,0.5776
1747256760000,8.1437
1747256820000,3.2222
1747256880000,0.5173
1747256940000,0.7665
1747257000000,20.6342
1747257060000,2.2444
1747257120000,0.6143
1747257180000,0.6679
1747257240000,13.4472
1747257300000,5.1266
1747257360000,0.4328
1747257420000,0.7815
1747257480000,23.0045
1747257540000,1.3145
1747257600000,0.6387
1747257660000,0.4898
1747257720000,5.9462
1747257780000,5.5367
1747257840000,1.0666
1747257900000,0.7975
1747257960000,21.4139
1747258020000,9.3496
1747258080000,0.5605
1747258140000,0.8305
1747258200000,13.5849
1747258260000,2.3062
1747258320000,0.331
1747258380000,0.4506
1747258440000,15.4245
1747258500000,6.0055
1747258560000,0.8503
1747258620000,0.7171
1747258680000,12.0217
1747258740000,4.3061
1747258800000,0.9784
1747258860000,0.8629
1747258920000,12.2006
1747258980000,2.4025
1747259040000,1.0073
1747259100000,0.7195
1747259160000,4.3555
1747259220000,9.1943
1747259280000,0.5837
1747259340000,0.712
1747259400000,13.4075
1747259460000,4.2944
1747259520000,0.613
1747259580000,0.7048
1747259640000,9.7796
1747259700000,4.6328
1747259760000,1.5568
1747259820000,1.0379
1747259880000,17.1939
1747259940000,3.2394
1747260000000,0.9388
1747260060000,1.2155
1747260120000,9.0488
1747260180000,6.9344
1747260240000,0.885
1747260300000,0.769
1747260360000,17.5207
1747260420000,8.4742
1747260480000,1.1674
1747260540000,1.7809
1747260600000,20.6432
1747260660000,12.9661
1747260720000,1.0924
1747260780000,1.592
1747260840000,26.2393
1747260900000,8.798
1747260960000,2.3985
1747261020000,1.6248
1747261080000,29.9007
1747261140000,11.1563
1747261200000,1.3451
1747261260000,0.9097
1747261320000,20.6412
1747261380000,11.9195
1747261440000,1.4979
1747261500000,1.5272
1747261560000,19.8846
1747261620000,8.793
1747261680000,1.864
1747261740000,1.9803
1747261800000,28.7796
1747261860000,9.1771
1747261920000,2.3924
1747261980000,2.0531
1747262040000,12.3756
1747262100000,7.7977
1747262160000,2.1799
1747262220000,1.2129
1747262280000,16.906
1747262340000,8.5802
1747262400000,2.2691
1747262460000,1.6215
1747262520000,15.0736
1747262580000,11.7021
1747262640000,2.3347
1747262700000,2.6249
1747262760000,27.6432
1747262820000,17.0934
1747262880000,3.8711
1747262940000,3.5035
1747263000000,42.2336
1747263060000,20.1843
1747263120000,3.0495
1747263180000,2.9317
1747263240000,53.0346
1747263300000,23.579
1747263360000,4.0651
1747263420000,5.9144
1747263480000,71.8248
1747263540000,26.6088
1747263600000,4.9256
1747263660000,3.8598
1747263720000,31.7759
1747263780000,33.8329
1747263840000,5.5401
1747263900000,5.3991
1747263960000,40.4686
1747264020000,29.5226
1747264080000,5.1326
1747264140000,5.5293
1747264200000,61.5835
1747264260000,33.7245
1747264320000,5.419
1747264380000,5.857
1747264440000,75.8161
1747264500000,34.6257
1747264560000,6.1318
1747264620000,6.7142
1747264680000,83.9081
1747264740000,27.1773
1747264800000,6.8225
1747264860000,7.4009
1747264920000,9.7881
1747264980000,76.4848
1747265040000,12.3706
1747265100000,7.4873
1747265160000,8.4301
1747265220000,12.4316
1747265280000,8.9299
1747265340000,33.9518
1747265400000,15.7342
1747265460000,9.2239
1747265520000,11.6839
1747265580000,15.9936
1747265640000,8.9155
1747265700000,26.6412
1747265760000,15.3168
1747265820000,9.9941
1747265880000,14.9748
1747265940000,16.1269
1747266000000,9.5445
1747266060000,19.4411
1747266120000,15.3958
1747266180000,10.2908
1747266240000,25.1472
1747266300000,24.1841
1747266360000,13.7526
1747266420000,24.386
1747266480000,20.0286
1747266540000,12.7586
1747266600000,22.0256
1747266660000,23.5142
1747266720000,14.7844
1747266780000,26.9611
1747266840000,21.3689
1747266900000,14.1742
1747266960000,24.5556
1747267020000,25.4331
1747267080000,15.4857
1747267140000,43.3877
1747267200000,31.7685
1747267260000,13.7695
1747267320000,68.5302
1747267380000,33.9101
1747267440000,26.9812
1747267500000,51.5547
1747267560000,70.2969
1747267620000,81.8573
1747267680000,88.8777
1747267740000,82.3861
1747267800000,99.0049
1747267860000,98.436
1747267920000,96.0906
1747267980000,100.4452
1747268040000,93.3601
1747268100000,96.9059
1747268160000,96.7859
1747268220000,94.3379
1747268280000,95.6434
1747268340000,100.412
1747268400000,101.6443
1747268460000,105.046
1747268520000,110.2285
1747268580000,101.1166
1747268640000,111.3881
1747268700000,94.9225
1747268760000,105.3258
1747268820000,105.7886
1747268880000,106.918
1747268940000,119.3566
1747269000000,99.8434
1747269060000,98.9686
1747269120000,105.4784
1747269180000,99.2088
1747269240000,100.6912
1747269300000,99.4654
1747269360000,102.0659
1747269420000,105.4763
1747269480000,106.7772
1747269540000,108.4079
1747269600000,109.6828
1747269660000,112.1413
1747269720000,110.9724
1747269780000,110.9988
1747269840000,107.2556
1747269900000,108.382
1747269960000,101.5925
1747270020000,107.7408
1747270080000,106.9235
1747270140000,110.073
1747270200000,108.4146
1747270260000,109.5536
1747270320000,110.4066
1747270380000,111.5017
1747270440000,111.6759
1747270500000,108.4796
1747270560000,113.9751
1747270620000,109.8955
1747270680000,121.0922
1747270740000,119.5398
1747270800000,104.6019
1747270860000,102.887
1747270920000,102.6858
1747270980000,98.3082
1747271040000,106.8267
1747271100000,108.4602
1747271160000,107.4495
1747271220000,105.8717
1747271280000,108.1188
1747271340000,107.1644
1747271400000,107.5284
1747271460000,106.2563
1747271520000,108.0505
1747271580000,104.7774
1747271640000,101.68
1747271700000,112.3978
1747271760000,109.1324
1747271820000,106.8329
1747271880000,104.5889
1747271940000,106.6185
1747272000000,104.7194
1747272060000,104.2126
1747272120000,106.0236
1747272180000,96.8308
1747272240000,105.7946
1747272300000,103.264
1747272360000,103.9157
1747272420000,101.2714
1747272480000,105.578
1747272540000,115.0427
1747272600000,26.3561
1747272660000,22.7452
1747272720000,50.7679
1747272780000,51.4497
1747272840000,21.7943
1747272900000,22.1144
1747272960000,102.0436
1747273020000,74.4495
1747273080000,24.8923
1747273140000,22.4981
1747273200000,92.6093
1747273260000,76.7611
1747273320000,34.4537
1747273380000,101.9378
1747273440000,105.7352
1747273500000,22.9729
1747273560000,22.9515
1747273620000,56.8471
1747273680000,61.315
1747273740000,23.6965
1747273800000,26.3562
1747273860000,100.432
1747273920000,79.3528
1747273980000,25.4079
1747274040000,22.3665
1747274100000,99.9101
1747274160000,83.1782
1747274220000,33.156
1747274280000,106.86
1747274340000,107.8148
1747274400000,26.6779
1747274460000,23.3312
1747274520000,49.4074
1747274580000,47.2608
1747274640000,23.735
1747274700000,22.0158
1747274760000,95.9722
1747274820000,75.8453
1747274880000,24.5139
1747274940000,22.5286
1747275000000,91.1188
1747275060000,68.4018
1747275120000,31.7713
1747275180000,99.6598
1747275240000,103.8628
1747275300000,27.6468
1747275360000,23.6926
1747275420000,53.3764
1747275480000,60.12
1747275540000,24.9955
1747275600000,22.9721
1747275660000,84.3769
1747275720000,72.7923
1747275780000,23.4015
1747275840000,23.195
1747275900000,92.8417
1747275960000,82.791
1747276020000,37.4603
1747276080000,107.4821
1747276140000,109.1255
1747276200000,26.0708
1747276260000,24.0806
1747276320000,59.8203
1747276380000,61.5829
1747276440000,26.3054
1747276500000,24.9327
1747276560000,94.0817
1747276620000,70.282
1747276680000,24.9678
1747276740000,23.1825
1747276800000,92.7811
1747276860000,81.9656
1747276920000,33.4604
1747276980000,101.6831
1747277040000,106.7403
1747277100000,25.6676
1747277160000,23.174
1747277220000,54.0761
1747277280000,57.6581
1747277340000,25.2265
1747277400000,22.0866
1747277460000,93.6209
1747277520000,77.6227
1747277580000,24.8095
1747277640000,21.6322
1747277700000,83.3293
1747277760000,73.6285
1747277820000,32.5459
1747277880000,97.6507
1747277940000,104.8727
1747278000000,28.3249
1747278060000,23.0746
1747278120000,47.2862
1747278180000,50.2873
1747278240000,24.1356
1747278300000,23.01
1747278360000,94.7201
1747278420000,78.7506
1747278480000,24.0802
1747278540000,23.3339
1747278600000,84.1537
1747278660000,77.7361
1747278720000,35.4971
1747278780000,99.0385
1747278840000,96.7693
1747278900000,22.1722
1747278960000,22.7571
1747279020000,58.7784
1747279080000,60.8182
1747279140000,24.0481
1747279200000,23.1378
1747279260000,88.605
1747279320000,80.4205
1747279380000,23.6466
1747279440000,21.0523
1747279500000,88.9469
1747279560000,76.5277
1747279620000,35.3137
1747279680000,104.1688
1747279740000,96.9242
1747279800000,23.6162
1747279860000,21.5685
1747279920000,47.749
1747279980000,52.5198
1747280040000,24.2287
1747280100000,21.0779
1747280160000,87.297
1747280220000,71.7365
1747280280000,24.4291
1747280340000,22.2005
1747280400000,84.8481
1747280460000,75.2884
1747280520000,31.2527
1747280580000,100.6744
1747280640000,96.1181
1747280700000,92.1214
1747280760000,95.7997
1747280820000,102.4289
1747280880000,97.3902
1747280940000,95.8842
1747281000000,99.7751
1747281060000,99.8054
1747281120000,95.0305
1747281180000,106.7353
1747281240000,101.1742
1747281300000,94.051
1747281360000,100.6042
1747281420000,100.0251
1747281480000,96.2041
1747281540000,100.839
1747281600000,106.4037
1747281660000,95.9568
1747281720000,100.1085
1747281780000,93.7944
1747281840000,92.8491
1747281900000,97.2845
1747281960000,103.1152
1747282020000,84.6483
1747282080000,97.4619
1747282140000,95.4876
1747282200000,91.5729
1747282260000,85.775
1747282320000,92.8974
1747282380000,97.3132
1747282440000,91.4471
1747282500000,94.7216
1747282560000,90.6717
1747282620000,93.0957
1747282680000,90.1936
1747282740000,95.5959
1747282800000,96.7825
1747282860000,97.6745
1747282920000,93.8863
1747282980000,97.2207
1747283040000,92.1882
1747283100000,101.2844
1747283160000,96.0362
1747283220000,92.0417
1747283280000,93.8795
1747283340000,97.4707
1747283400000,88.5993
1747283460000,91.5788
1747283520000,94.4603
1747283580000,96.8778
1747283640000,84.5354
1747283700000,92.8233
1747283760000,84.6646
1747283820000,89.9832
1747283880000,89.7145
1747283940000,87.9113
1747284000000,90.6153
1747284060000,90.146
1747284120000,89.1543
1747284180000,91.6713
1747284240000,92.1795
1747284300000,90.3258
1747284360000,78.5256
1747284420000,86.0049
1747284480000,90.0683
1747284540000,81.4418
1747284600000,89.3045
1747284660000,88.6623
1747284720000,87.1295
1747284780000,92.5712
1747284840000,91.551
1747284900000,83.7045
1747284960000,88.6456
1747285020000,94.2648
1747285080000,90.5948
1747285140000,93.8025
1747285200000,87.6846
1747285260000,92.5374
1747285320000,88.4986
1747285380000,90.4207
1747285440000,93.1377
1747285500000,84.4389
1747285560000,81.7199
1747285620000,82.1122
1747285680000,86.9661
1747285740000,87.8115
1747285800000,93.4981
1747285860000,88.1555
1747285920000,86.8194
1747285980000,92.8566
1747286040000,79.2093
1747286100000,88.979
1747286160000,93.6854
1747286220000,89.1829
1747286280000,87.4374
1747286340000,82.3604
1747286400000,89.2171
1747286460000,91.5009
1747286520000,89.3794
1747286580000,90.2796
1747286640000,86.2908
1747286700000,89.5274
1747286760000,85.79
1747286820000,89.6818
1747286880000,88.7777
1747286940000,97.8091
1747287000000,83.6547
1747287060000,93.3702
1747287120000,88.2975
1747287180000,90.1767
1747287240000,87.5211
1747287300000,84.739
1747287360000,89.531
1747287420000,84.9531
1747287480000,86.3762
1747287540000,84.6717
1747287600000,78.3752
1747287660000,89.5999
1747287720000,89.2407
1747287780000,92.6095
1747287840000,86.7133
1747287900000,90.5528
1747287960000,86.9604
1747288020000,85.1952
1747288080000,89.1564
1747288140000,80.3468
1747288200000,80.1034
1747288260000,94.8938
1747288320000,88.1442
1747288380000,81.1971
1747288440000,77.9624
1747288500000,91.393
1747288560000,87.1367
1747288620000,91.2736
1747288680000,84.224
1747288740000,82.5909
1747288800000,86.3199
1747288860000,82.4091
1747288920000,86.0399
1747288980000,84.251
1747289040000,79.3892
1747289100000,79.665
1747289160000,84.1898
1747289220000,82.8754
1747289280000,67.0509
1747289340000,75.5714
1747289400000,86.9453
1747289460000,83.7834
1747289520000,92.2007
1747289580000,85.2122
1747289640000,83.4923
1747289700000,85.0222
1747289760000,78.7292
1747289820000,78.5882
1747289880000,84.2184
1747289940000,85.9299
1747290000000,88.5309
1747290060000,89.2939
1747290120000,83.2786
1747290180000,83.081
1747290240000,86.0152
1747290300000,82.0583
1747290360000,83.4782
1747290420000,80.4944
1747290480000,85.3679
1747290540000,85.2149
1747290600000,87.9558
1747290660000,78.2399
1747290720000,78.0607
1747290780000,82.2684
1747290840000,82.3145
1747290900000,85.065
1747290960000,84.6554
1747291020000,85.2432
1747291080000,86.2229
1747291140000,91.4365
1747291200000,82.2094
1747291260000,85.2112
1747291320000,93.3673
1747291380000,81.8271
1747291440000,90.4774
1747291500000,81.8611
1747291560000,88.1778
1747291620000,74.8676
1747291680000,92.1463
1747291740000,87.5317
1747291800000,80.7104
1747291860000,93.931
1747291920000,84.0655
1747291980000,80.6643
1747292040000,85.5401
1747292100000,82.2243
1747292160000,89.5352
1747292220000,81.0611
1747292280000,86.2715
1747292340000,91.3019
1747292400000,90.4279
1747292460000,86.1871
1747292520000,87.6849
1747292580000,79.2115
1747292640000,82.0344
1747292700000,92.9627
1747292760000,90.4216
1747292820000,86.5339
1747292880000,86.2211
1747292940000,88.6698
1747293000000,85.2848
1747293060000,85.4014
1747293120000,88.4541
1747293180000,85.9111
1747293240000,91.9386
1747293300000,73.7722
1747293360000,84.2111
1747293420000,85.8252
1747293480000,89.3612
1747293540000,89.5373
1747293600000,90.8791
1747293660000,90.184
1747293720000,87.2752
1747293780000,87.162
1747293840000,88.0212
1747293900000,89.3626
1747293960000,89.5565
1747294020000,74.3931
1747294080000,86.5476
1747294140000,89.1867
1747294200000,95.2694
1747294260000,91.6179
1747294320000,84.8589
1747294380000,93.9705
1747294440000,89.4464
1747294500000,85.8976
1747294560000,86.0935
1747294620000,85.6758
1747294680000,93.9002
1747294740000,99.9666
1747294800000,89.3182
1747294860000,82.677
1747294920000,89.9156
1747294980000,92.7246
1747295040000,95.3858
1747295100000,90.0007
1747295160000,88.9967
1747295220000,91.3036
1747295280000,90.3383
1747295340000,86.2776
1747295400000,88.4311
1747295460000,90.4424
1747295520000,96.6066
1747295580000,93.4902
1747295640000,90.2828
1747295700000,89.4161
1747295760000,97.6186
1747295820000,93.5581
1747295880000,94.2601
1747295940000,92.6719
1747296000000,23.9552
1747296060000,22.3667
1747296120000,50.9504
1747296180000,52.1367
1747296240000,25.3028
1747296300000,25.3479
1747296360000,82.583
1747296420000,65.426
1747296480000,25.6567
1747296540000,38.5467
1747296600000,77.6992
1747296660000,89.0226
1747296720000,87.3201
1747296780000,97.5441
1747296840000,97.6774
1747296900000,81.5853
1747296960000,82.8909
1747297020000,87.5215
1747297080000,93.5384
1747297140000,90.1159
1747297200000,26.063
1747297260000,22.8268
1747297320000,50.4709
1747297380000,58.054
1747297440000,30.0275
1747297500000,27.0268
1747297560000,77.0114
1747297620000,71.3004
1747297680000,27.6642
1747297740000,36.4106
1747297800000,81.7357
1747297860000,85.4077
1747297920000,91.8075
1747297980000,89.1068
1747298040000,91.4395
1747298100000,90.9173
1747298160000,85.7036
1747298220000,95.5187
1747298280000,93.2071
1747298340000,89.6588
1747298400000,29.6458
1747298460000,26.954
1747298520000,49.2449
1747298580000,52.2245
1747298640000,29.4844
1747298700000,26.8359
1747298760000,97.726
1747298820000,73.713
1747298880000,28.3436
1747298940000,33.6157
1747299000000,73.3818
1747299060000,88.8881
1747299120000,98.4359
1747299180000,90.9544
1747299240000,84.1747
1747299300000,89.0478
1747299360000,92.2102
1747299420000,94.7531
1747299480000,97.5519
1747299540000,97.6811
1747299600000,93.1026
1747299660000,90.2964
1747299720000,95.2567
1747299780000,94.5459
1747299840000,88.2469
1747299900000,96.4176
1747299960000,94.4416
1747300020000,93.0465
1747300080000,89.9219
1747300140000,95.5904
1747300200000,86.3168
1747300260000,80.3458
1747300320000,90.7363
1747300380000,93.7972
1747300440000,99.6877
1747300500000,89.2319
1747300560000,89.7366
1747300620000,89.42
1747300680000,92.3872
1747300740000,96.6245
1747300800000,87.0115
1747300860000,91.1627
1747300920000,94.4434
1747300980000,99.7464
1747301040000,106.7774
1747301100000,105.2874
1747301160000,110.0954
1747301220000,110.214
1747301280000,108.5925
1747301340000,114.094
1747301400000,121.4609
1747301460000,152.9494
1747301520000,136.2395
1747301580000,142.3979
1747301640000,129.3264
1747301700000,137.1873
1747301760000,142.9729
1747301820000,145.0068
1747301880000,131.9393
1747301940000,132.9873
1747302000000,112.3839
1747302060000,101.8851
1747302120000,102.3645
1747302180000,94.9806
1747302240000,92.8495
1747302300000,30.5732
1747302360000,29.1266
1747302420000,68.2882
