timestamp,pod_cpu_limit_usage
1747042380000,0.3181
1747042440000,0.3232
1747042500000,0.3073
1747042560000,0.3081
1747042620000,0.3107
1747042680000,0.3136
1747042740000,0.3063
1747042800000,0.3183
1747042860000,0.3091
1747042920000,0.3191
1747042980000,0.3265
1747043040000,0.3211
1747043100000,0.3237
1747043160000,0.3078
1747043220000,0.3173
1747043280000,0.3011
1747043340000,0.3183
1747043400000,0.3136
1747043460000,0.3061
1747043520000,0.3244
1747043580000,0.3049
1747043640000,0.3135
1747043700000,0.3214
1747043760000,0.3181
1747043820000,0.3171
1747043880000,0.3254
1747043940000,0.3275
1747044000000,0.3289
1747044060000,0.326
1747044120000,0.3196
1747044180000,0.317
1747044240000,0.3211
1747044300000,0.3185
1747044360000,0.3204
1747044420000,0.3201
1747044480000,0.3264
1747044540000,0.3177
1747044600000,0.3147
1747044660000,0.3079
1747044720000,0.3111
1747044780000,0.3133
1747044840000,0.3072
1747044900000,0.3102
1747044960000,0.3162
1747045020000,0.3168
1747045080000,0.3173
1747045140000,0.3198
1747045200000,0.3134
1747045260000,0.3052
1747045320000,0.316
1747045380000,0.3148
1747045440000,0.3137
1747045500000,0.3167
1747045560000,0.3092
1747045620000,0.308
1747045680000,0.318
1747045740000,0.3125
1747045800000,0.3055
1747045860000,0.3013
1747045920000,0.309
1747045980000,0.3074
1747046040000,0.298
1747046100000,0.2999
1747046160000,0.287
1747046220000,0.3018
1747046280000,0.2881
1747046340000,0.296
1747046400000,0.2914
1747046460000,0.3022
1747046520000,0.2985
1747046580000,0.3044
1747046640000,0.3093
1747046700000,0.3113
1747046760000,0.3067
1747046820000,0.2996
1747046880000,0.3094
1747046940000,0.3082
1747047000000,0.3122
1747047060000,0.3119
1747047120000,0.3082
1747047180000,0.3051
1747047240000,0.3077
1747047300000,0.2968
1747047360000,0.2954
1747047420000,0.2998
1747047480000,0.3008
1747047540000,0.3045
1747047600000,0.3112
1747047660000,0.3068
1747047720000,0.3139
1747047780000,0.3042
1747047840000,0.3097
1747047900000,0.3138
1747047960000,0.3113
1747048020000,0.2988
1747048080000,0.303
1747048140000,0.3023
1747048200000,0.3091
1747048260000,0.2976
1747048320000,0.3058
1747048380000,0.315
1747048440000,0.3099
1747048500000,0.3002
1747048560000,0.3073
1747048620000,0.3051
1747048680000,0.2989
1747048740000,0.3015
1747048800000,0.3105
1747048860000,0.3097
1747048920000,0.3029
1747048980000,0.2953
1747049040000,0.2964
1747049100000,0.3109
1747049160000,0.2989
1747049220000,0.3045
1747049280000,0.2968
1747049340000,0.3001
1747049400000,0.304
1747049460000,0.3009
1747049520000,0.2928
1747049580000,0.2905
1747049640000,0.2995
1747049700000,0.2997
1747049760000,0.3062
1747049820000,0.2908
1747049880000,0.2922
1747049940000,0.2961
1747050000000,0.2964
1747050060000,0.3025
1747050120000,0.3088
1747050180000,0.3048
1747050240000,0.303
1747050300000,0.298
1747050360000,0.2968
1747050420000,0.3036
1747050480000,0.3125
1747050540000,0.3036
1747050600000,0.2898
1747050660000,0.3057
1747050720000,0.3079
1747050780000,0.2986
1747050840000,0.2997
1747050900000,0.307
1747050960000,0.2998
1747051020000,0.2929
1747051080000,0.2902
1747051140000,0.3049
1747051200000,0.3061
1747051260000,0.2966
1747051320000,0.2954
1747051380000,0.3126
1747051440000,0.2935
1747051500000,0.293
1747051560000,0.2979
1747051620000,0.3131
1747051680000,0.3029
1747051740000,0.2891
1747051800000,0.3001
1747051860000,0.2943
1747051920000,0.303
1747051980000,0.3086
1747052040000,0.297
1747052100000,0.3191
1747052160000,0.3224
1747052220000,0.2996
1747052280000,0.3006
1747052340000,0.2991
1747052400000,0.2898
1747052460000,0.3326
1747052520000,0.2953
1747052580000,0.303
1747052640000,0.3015
1747052700000,0.2924
1747052760000,0.2977
1747052820000,0.2948
1747052880000,0.2944
1747052940000,0.296
1747053000000,0.2975
1747053060000,0.3032
1747053120000,0.2994
1747053180000,0.2787
1747053240000,0.2807
1747053300000,0.2825
1747053360000,0.2978
1747053420000,0.2943
1747053480000,0.2863
1747053540000,0.2887
1747053600000,0.3045
1747053660000,0.2924
1747053720000,0.2892
1747053780000,0.2897
1747053840000,0.2825
1747053900000,0.2859
1747053960000,0.2966
1747054020000,0.3105
1747054080000,0.2877
1747054140000,0.2832
1747054200000,0.2848
1747054260000,0.2828
1747054320000,0.2848
1747054380000,0.2891
1747054440000,0.2922
1747054500000,0.2928
1747054560000,0.3254
1747054620000,0.2754
1747054680000,0.2717
1747054740000,0.2757
1747054800000,0.2812
1747054860000,0.2828
1747054920000,0.2711
1747054980000,0.2878
1747055040000,0.2787
1747055100000,0.2814
1747055160000,0.2896
1747055220000,0.2547
1747055280000,0.2652
1747055340000,0.2692
1747055400000,0.2708
1747055460000,0.2669
1747055520000,0.2743
1747055580000,0.2757
1747055640000,0.2629
1747055700000,0.2539
1747055760000,0.2693
1747055820000,0.26
1747055880000,0.2732
1747055940000,0.2649
1747056000000,0.2739
1747056060000,0.2529
1747056120000,0.2478
1747056180000,0.2388
1747056240000,0.2579
1747056300000,0.2686
1747056360000,0.2646
1747056420000,0.2496
1747056480000,0.2539
1747056540000,0.2397
1747056600000,0.2452
1747056660000,0.2479
1747056720000,0.2461
1747056780000,0.2527
1747056840000,0.2525
1747056900000,0.2425
1747056960000,0.2352
1747057020000,0.256
1747057080000,0.2591
1747057140000,0.2435
1747057200000,0.2406
1747057260000,0.2373
1747057320000,0.2395
1747057380000,0.2314
1747057440000,0.2568
1747057500000,0.2398
1747057560000,0.2304
1747057620000,0.2237
1747057680000,0.23
1747057740000,0.2308
1747057800000,0.2359
1747057860000,0.2257
1747057920000,0.2194
1747057980000,0.2187
1747058040000,0.2277
1747058100000,0.2123
1747058160000,0.2146
1747058220000,0.2147
1747058280000,0.2132
1747058340000,0.2054
1747058400000,0.2045
1747058460000,0.2126
1747058520000,0.2139
1747058580000,0.2095
1747058640000,0.2087
1747058700000,0.2059
1747058760000,0.1978
1747058820000,0.2013
1747058880000,0.1913
1747058940000,0.1989
1747059000000,0.1974
1747059060000,0.189
1747059120000,0.1933
1747059180000,0.1917
1747059240000,0.1965
1747059300000,0.1939
1747059360000,0.1945
1747059420000,0.1956
1747059480000,0.1964
1747059540000,0.1848
1747059600000,0.1884
1747059660000,0.1922
1747059720000,0.1907
1747059780000,0.1805
1747059840000,0.1783
1747059900000,0.1877
1747059960000,0.1867
1747060020000,0.1812
1747060080000,0.1792
1747060140000,0.1829
1747060200000,0.1818
1747060260000,0.1794
1747060320000,0.1743
1747060380000,0.179
1747060440000,0.1807
1747060500000,0.1838
1747060560000,0.1723
1747060620000,0.1714
1747060680000,0.1779
1747060740000,0.1732
1747060800000,0.1792
1747060860000,0.1688
1747060920000,0.1708
1747060980000,0.1697
1747061040000,0.1756
1747061100000,0.1713
1747061160000,0.1758
1747061220000,0.1706
1747061280000,0.1722
1747061340000,0.1741
1747061400000,0.1772
1747061460000,0.1722
1747061520000,0.1726
1747061580000,0.1639
1747061640000,0.1692
1747061700000,0.175
1747061760000,0.1667
1747061820000,0.1655
1747061880000,0.1749
1747061940000,0.163
1747062000000,0.1648
1747062060000,0.1754
1747062120000,0.1729
1747062180000,0.1668
1747062240000,0.1685
1747062300000,0.1767
1747062360000,0.1737
1747062420000,0.173
1747062480000,0.1691
1747062540000,0.1675
1747062600000,0.1691
1747062660000,0.1671
1747062720000,0.161
1747062780000,0.161
1747062840000,0.1666
1747062900000,0.1645
1747062960000,0.1684
1747063020000,0.1602
1747063080000,0.1653
1747063140000,0.1748
1747063200000,0.173
1747063260000,0.1636
1747063320000,0.1631
1747063380000,0.1687
1747063440000,0.1648
1747063500000,0.1698
1747063560000,0.1619
1747063620000,0.1648
1747063680000,0.1686
1747063740000,0.1653
1747063800000,0.1644
1747063860000,0.1666
1747063920000,0.1713
1747063980000,0.1703
1747064040000,0.1671
1747064100000,0.1608
1747064160000,0.1613
1747064220000,0.162
1747064280000,0.1606
1747064340000,0.165
1747064400000,0.1641
1747064460000,0.1586
1747064520000,0.1555
1747064580000,0.1652
1747064640000,0.1562
1747064700000,0.1636
1747064760000,0.1647
1747064820000,0.164
1747064880000,0.159
1747064940000,0.1636
1747065000000,0.1566
1747065060000,0.1613
1747065120000,0.1614
1747065180000,0.1604
1747065240000,0.158
1747065300000,0.1607
1747065360000,0.1544
1747065420000,0.1601
1747065480000,0.1608
1747065540000,0.1556
1747065600000,0.1603
1747065660000,0.1711
1747065720000,0.1649
1747065780000,0.1666
1747065840000,0.161
1747065900000,0.161
1747065960000,0.1551
1747066020000,0.1591
1747066080000,0.1587
1747066140000,0.1539
1747066200000,0.1534
1747066260000,0.1545
1747066320000,0.1561
1747066380000,0.1591
1747066440000,0.1596
1747066500000,0.1606
1747066560000,0.1579
1747066620000,0.1607
1747066680000,0.1603
1747066740000,0.1569
1747066800000,0.1581
1747066860000,0.192
1747066920000,0.1873
1747066980000,0.1612
1747067040000,0.2372
1747067100000,0.1899
1747067160000,0.1806
1747067220000,0.1657
1747067280000,0.1723
1747067340000,0.1594
1747067400000,0.1602
1747067460000,0.1678
1747067520000,0.1584
1747067580000,0.1573
1747067640000,0.1589
1747067700000,0.162
1747067760000,0.1563
1747067820000,0.1573
1747067880000,0.1577
1747067940000,0.1595
1747068000000,0.1608
1747068060000,0.1574
1747068120000,0.1564
1747068180000,0.1596
1747068240000,0.1576
1747068300000,0.1566
1747068360000,0.1565
1747068420000,0.1577
1747068480000,0.1569
1747068540000,0.1564
1747068600000,0.1554
1747068660000,0.1561
1747068720000,0.1561
1747068780000,0.1597
1747068840000,0.1584
1747068900000,0.1564
1747068960000,0.1574
1747069020000,0.1587
1747069080000,0.1552
1747069140000,0.1553
1747069200000,0.1548
1747069260000,0.1576
1747069320000,0.1603
1747069380000,0.1554
1747069440000,0.1575
1747069500000,0.1542
1747069560000,0.1567
1747069620000,0.1532
1747069680000,0.1564
1747069740000,0.1551
1747069800000,0.1551
1747069860000,0.1549
1747069920000,0.1551
1747069980000,0.1524
1747070040000,0.1519
1747070100000,0.1519
1747070160000,0.1568
1747070220000,0.1569
1747070280000,0.1579
1747070340000,0.1525
1747070400000,0.1543
1747070460000,0.1531
1747070520000,0.1545
1747070580000,0.1552
1747070640000,0.1533
1747070700000,0.1543
1747070760000,0.1546
1747070820000,0.1544
1747070880000,0.1542
1747070940000,0.1535
1747071000000,0.1546
1747071060000,0.1543
1747071120000,0.1556
1747071180000,0.1539
1747071240000,0.1541
1747071300000,0.1521
1747071360000,0.1521
1747071420000,0.1529
1747071480000,0.1512
1747071540000,0.1519
1747071600000,0.1489
1747071660000,0.1504
1747071720000,0.1467
1747071780000,0.1483
1747071840000,0.1499
1747071900000,0.1494
1747071960000,0.1488
1747072020000,0.15
1747072080000,0.1524
1747072140000,0.1518
1747072200000,0.1518
1747072260000,0.1523
1747072320000,0.1515
1747072380000,0.1522
1747072440000,0.1523
1747072500000,0.1514
1747072560000,0.1545
1747072620000,0.1521
1747072680000,0.1534
1747072740000,0.1526
1747072800000,0.152
1747072860000,0.165
1747072920000,0.1535
1747072980000,0.1535
1747073040000,0.1573
1747073100000,0.1527
1747073160000,0.1542
1747073220000,0.1535
1747073280000,0.1561
1747073340000,0.1531
1747073400000,0.1526
1747073460000,0.154
1747073520000,0.1531
1747073580000,0.1508
1747073640000,0.1519
1747073700000,0.1526
1747073760000,0.1497
1747073820000,0.1517
1747073880000,0.1492
1747073940000,0.1513
1747074000000,0.1501
1747074060000,0.1495
1747074120000,0.151
1747074180000,0.1527
1747074240000,0.1511
1747074300000,0.1505
1747074360000,0.1526
1747074420000,0.1507
1747074480000,0.1515
1747074540000,0.1502
1747074600000,0.1533
1747074660000,0.1539
1747074720000,0.1521
1747074780000,0.1516
1747074840000,0.1525
1747074900000,0.1498
1747074960000,0.149
1747075020000,0.1505
1747075080000,0.1488
1747075140000,0.1487
1747075200000,0.146
1747075260000,0.1466
1747075320000,0.148
1747075380000,0.1463
1747075440000,0.1479
1747075500000,0.1497
1747075560000,0.1495
1747075620000,0.1499
1747075680000,0.1506
1747075740000,0.1499
1747075800000,0.1482
1747075860000,0.15
1747075920000,0.1501
1747075980000,0.1488
1747076040000,0.1462
1747076100000,0.1462
1747076160000,0.1467
1747076220000,0.1471
1747076280000,0.1471
1747076340000,0.1483
1747076400000,0.149
1747076460000,0.1573
1747076520000,0.1583
1747076580000,0.1528
1747076640000,0.1519
1747076700000,0.1617
1747076760000,0.1599
1747076820000,0.1528
1747076880000,0.1528
1747076940000,0.1585
1747077000000,0.1569
1747077060000,0.149
1747077120000,0.1497
1747077180000,0.1559
1747077240000,0.1556
1747077300000,0.1474
1747077360000,0.1486
1747077420000,0.1537
1747077480000,0.1547
1747077540000,0.1476
1747077600000,0.1519
1747077660000,0.1562
1747077720000,0.1543
1747077780000,0.1502
1747077840000,0.1481
1747077900000,0.1556
1747077960000,0.1559
1747078020000,0.1471
1747078080000,0.1488
1747078140000,0.1534
1747078200000,0.1544
1747078260000,0.1472
1747078320000,0.1474
1747078380000,0.1538
1747078440000,0.1549
1747078500000,0.1465
1747078560000,0.1498
1747078620000,0.1597
1747078680000,0.1594
1747078740000,0.1522
1747078800000,0.1534
1747078860000,0.1587
1747078920000,0.1585
1747078980000,0.1511
1747079040000,0.1512
1747079100000,0.159
1747079160000,0.1563
1747079220000,0.1492
1747079280000,0.1497
1747079340000,0.1577
1747079400000,0.1569
1747079460000,0.1504
1747079520000,0.1524
1747079580000,0.1568
1747079640000,0.1547
1747079700000,0.147
1747079760000,0.1491
1747079820000,0.1555
1747079880000,0.1552
1747079940000,0.1494
1747080000000,0.1499
1747080060000,0.1633
1747080120000,0.1557
1747080180000,0.1489
1747080240000,0.1474
1747080300000,0.1552
1747080360000,0.1536
1747080420000,0.1486
1747080480000,0.1484
1747080540000,0.1569
1747080600000,0.1551
1747080660000,0.1503
1747080720000,0.1486
1747080780000,0.1551
1747080840000,0.1526
1747080900000,0.1516
1747080960000,0.1463
1747081020000,0.1524
1747081080000,0.1544
1747081140000,0.1527
1747081200000,0.1554
1747081260000,0.1552
1747081320000,0.1475
1747081380000,0.1515
1747081440000,0.1542
1747081500000,0.1519
1747081560000,0.1504
1747081620000,0.1565
1747081680000,0.1492
1747081740000,0.1503
1747081800000,0.1539
1747081860000,0.1507
1747081920000,0.153
1747081980000,0.1534
1747082040000,0.1466
1747082100000,0.1501
1747082160000,0.1518
1747082220000,0.1475
1747082280000,0.1512
1747082340000,0.1543
1747082400000,0.1458
1747082460000,0.1488
1747082520000,0.1589
1747082580000,0.1454
1747082640000,0.1487
1747082700000,0.1528
1747082760000,0.1464
1747082820000,0.1495
1747082880000,0.1521
1747082940000,0.1493
1747083000000,0.1493
1747083060000,0.1465
1747083120000,0.1467
1747083180000,0.1458
1747083240000,0.1444
1747083300000,0.1463
1747083360000,0.1454
1747083420000,0.1459
1747083480000,0.1453
1747083540000,0.1441
1747083600000,0.1449
1747083660000,0.1462
1747083720000,0.1471
1747083780000,0.1463
1747083840000,0.1469
1747083900000,0.1467
1747083960000,0.1465
1747084020000,0.1491
1747084080000,0.15
1747084140000,0.1485
1747084200000,0.1468
1747084260000,0.1483
1747084320000,0.1502
1747084380000,0.1516
1747084440000,0.151
1747084500000,0.1489
1747084560000,0.1486
1747084620000,0.1482
1747084680000,0.1497
1747084740000,0.1494
1747084800000,0.1486
1747084860000,0.1522
1747084920000,0.1472
1747084980000,0.1469
1747085040000,0.1487
1747085100000,0.1459
1747085160000,0.1493
1747085220000,0.1479
1747085280000,0.149
1747085340000,0.151
1747085400000,0.1462
1747085460000,0.1482
1747085520000,0.1477
1747085580000,0.1474
1747085640000,0.1494
1747085700000,0.1499
1747085760000,0.1476
1747085820000,0.1488
1747085880000,0.1499
1747085940000,0.1482
1747086000000,0.1481
1747086060000,0.1516
1747086120000,0.15
1747086180000,0.1494
1747086240000,0.1501
1747086300000,0.1499
1747086360000,0.1526
1747086420000,0.1525
1747086480000,0.1501
1747086540000,0.152
1747086600000,0.151
1747086660000,0.1527
1747086720000,0.1512
1747086780000,0.1537
1747086840000,0.152
1747086900000,0.1536
1747086960000,0.1519
1747087020000,0.1529
1747087080000,0.1545
1747087140000,0.1517
1747087200000,0.153
1747087260000,0.1583
1747087320000,0.1529
1747087380000,0.1519
1747087440000,0.1531
1747087500000,0.153
1747087560000,0.1528
1747087620000,0.1537
1747087680000,0.1518
1747087740000,0.1528
1747087800000,0.1538
1747087860000,0.1544
1747087920000,0.1532
1747087980000,0.1562
1747088040000,0.1519
1747088100000,0.1518
1747088160000,0.1538
1747088220000,0.1576
1747088280000,0.1568
1747088340000,0.1586
1747088400000,0.1587
1747088460000,0.1577
1747088520000,0.1564
1747088580000,0.1556
1747088640000,0.1562
1747088700000,0.1566
1747088760000,0.1559
1747088820000,0.1565
1747088880000,0.1561
1747088940000,0.1573
1747089000000,0.1577
1747089060000,0.1606
1747089120000,0.1591
1747089180000,0.1575
1747089240000,0.1599
1747089300000,0.1588
1747089360000,0.1594
1747089420000,0.1596
1747089480000,0.1618
1747089540000,0.1629
1747089600000,0.1613
1747089660000,0.1658
1747089720000,0.1638
1747089780000,0.1637
1747089840000,0.1644
1747089900000,0.1637
1747089960000,0.1662
1747090020000,0.1671
1747090080000,0.1657
1747090140000,0.1659
1747090200000,0.168
1747090260000,0.1668
1747090320000,0.1694
1747090380000,0.1727
1747090440000,0.1719
1747090500000,0.1701
1747090560000,0.1723
1747090620000,0.1748
1747090680000,0.1706
1747090740000,0.1718
1747090800000,0.1756
1747090860000,0.1779
1747090920000,0.174
1747090980000,0.1779
1747091040000,0.1798
1747091100000,0.1817
1747091160000,0.1833
1747091220000,0.1831
1747091280000,0.1827
1747091340000,0.1801
1747091400000,0.1855
1747091460000,0.1814
1747091520000,0.1874
1747091580000,0.1933
1747091640000,0.1837
1747091700000,0.1854
1747091760000,0.1929
1747091820000,0.1915
1747091880000,0.1893
1747091940000,0.19
1747092000000,0.1992
1747092060000,0.188
1747092120000,0.1937
1747092180000,0.189
1747092240000,0.1959
1747092300000,0.2043
1747092360000,0.1997
1747092420000,0.196
1747092480000,0.1945
1747092540000,0.2008
1747092600000,0.2019
1747092660000,0.192
1747092720000,0.1954
1747092780000,0.1974
1747092840000,0.1992
1747092900000,0.2029
1747092960000,0.1924
1747093020000,0.2038
1747093080000,0.2007
1747093140000,0.1979
1747093200000,0.1966
1747093260000,0.2003
1747093320000,0.203
1747093380000,0.2061
1747093440000,0.213
1747093500000,0.2189
1747093560000,0.213
1747093620000,0.2149
1747093680000,0.2144
1747093740000,0.2212
1747093800000,0.219
1747093860000,0.2182
1747093920000,0.2252
1747093980000,0.24
1747094040000,0.2152
1747094100000,0.22
1747094160000,0.2276
1747094220000,0.2343
1747094280000,0.2355
1747094340000,0.242
1747094400000,0.2602
1747094460000,0.2462
1747094520000,0.2584
1747094580000,0.2499
1747094640000,0.246
1747094700000,0.2503
1747094760000,0.2413
1747094820000,0.2529
1747094880000,0.2458
1747094940000,0.246
1747095000000,0.2473
1747095060000,0.2492
1747095120000,0.2604
1747095180000,0.2544
1747095240000,0.25
1747095300000,0.2521
1747095360000,0.2463
1747095420000,0.2631
1747095480000,0.2566
1747095540000,0.2533
1747095600000,0.2548
1747095660000,0.2673
1747095720000,0.2591
1747095780000,0.2727
1747095840000,0.2635
1747095900000,0.2757
1747095960000,0.2718
1747096020000,0.2866
1747096080000,0.2834
1747096140000,0.2773
1747096200000,0.3014
1747096260000,0.2683
1747096320000,0.2704
1747096380000,0.2555
1747096440000,0.2673
1747096500000,0.2786
1747096560000,0.28
1747096620000,0.2745
1747096680000,0.2825
1747096740000,0.2684
1747096800000,0.2747
1747096860000,0.2972
1747096920000,0.2817
1747096980000,0.2865
1747097040000,0.2854
1747097100000,0.2897
1747097160000,0.2724
1747097220000,0.2732
1747097280000,0.2853
1747097340000,0.2907
1747097400000,0.2898
1747097460000,0.2998
1747097520000,0.2904
1747097580000,0.298
1747097640000,0.2939
1747097700000,0.2982
1747097760000,0.2916
1747097820000,0.2883
1747097880000,0.2985
1747097940000,0.2926
1747098000000,0.3136
1747098060000,0.2915
1747098120000,0.2959
1747098180000,0.2974
1747098240000,0.2906
1747098300000,0.2946
1747098360000,0.2847
1747098420000,0.3007
1747098480000,0.289
1747098540000,0.3005
1747098600000,0.2943
1747098660000,0.2923
1747098720000,0.2919
1747098780000,0.3002
1747098840000,0.3056
1747098900000,0.2936
1747098960000,0.2981
1747099020000,0.2956
1747099080000,0.3101
1747099140000,0.3109
1747099200000,0.3038
1747099260000,0.3011
1747099320000,0.3024
1747099380000,0.3001
1747099440000,0.3058
1747099500000,0.3025
1747099560000,0.3226
1747099620000,0.315
1747099680000,0.3058
1747099740000,0.3092
1747099800000,0.3133
1747099860000,0.2965
1747099920000,0.2872
1747099980000,0.2989
1747100040000,0.2773
1747100100000,0.2928
1747100160000,0.284
1747100220000,0.2958
1747100280000,0.2891
1747100340000,0.2849
1747100400000,0.2991
1747100460000,0.2968
1747100520000,0.3116
1747100580000,0.2875
1747100640000,0.3162
1747100700000,0.2895
1747100760000,0.2992
1747100820000,0.3
1747100880000,0.299
1747100940000,0.2958
1747101000000,0.3023
1747101060000,0.2976
1747101120000,0.2932
1747101180000,0.2929
1747101240000,0.2933
1747101300000,0.3036
1747101360000,0.3328
1747101420000,0.3135
1747101480000,0.3118
1747101540000,0.3036
1747101600000,0.3035
1747101660000,0.3105
1747101720000,0.2988
1747101780000,0.2929
1747101840000,0.3055
1747101900000,0.3064
1747101960000,0.2926
1747102020000,0.2944
1747102080000,0.2957
1747102140000,0.3009
1747102200000,0.2969
1747102260000,0.2897
1747102320000,0.2886
1747102380000,0.2952
1747102440000,0.2934
1747102500000,0.3078
1747102560000,0.3057
1747102620000,0.304
1747102680000,0.3046
1747102740000,0.3014
1747102800000,0.3063
1747102860000,0.3108
1747102920000,0.3157
1747102980000,0.2964
1747103040000,0.3154
1747103100000,0.312
1747103160000,0.3081
1747103220000,0.2996
1747103280000,0.309
1747103340000,0.3031
1747103400000,0.3154
1747103460000,0.3161
1747103520000,0.3013
1747103580000,0.2951
1747103640000,0.2887
1747103700000,0.3048
1747103760000,0.2931
1747103820000,0.2962
1747103880000,0.2935
1747103940000,0.2938
1747104000000,0.2915
1747104060000,0.3024
1747104120000,0.3094
1747104180000,0.2958
1747104240000,0.3027
1747104300000,0.2892
1747104360000,0.2985
1747104420000,0.3055
1747104480000,0.2971
1747104540000,0.2974
1747104600000,0.3056
1747104660000,0.2897
1747104720000,0.3099
1747104780000,0.3033
1747104840000,0.299
1747104900000,0.2941
1747104960000,0.309
1747105020000,0.3148
1747105080000,0.3035
1747105140000,0.3028
1747105200000,0.3007
1747105260000,0.3101
1747105320000,0.294
1747105380000,0.2862
1747105440000,0.3009
1747105500000,0.3039
1747105560000,0.3036
1747105620000,0.2956
1747105680000,0.2953
1747105740000,0.2981
1747105800000,0.3096
1747105860000,0.2873
1747105920000,0.3015
1747105980000,0.2981
1747106040000,0.3128
1747106100000,0.2992
1747106160000,0.3264
1747106220000,0.3047
1747106280000,0.2992
1747106340000,0.2872
1747106400000,0.3071
1747106460000,0.3124
1747106520000,0.3047
1747106580000,0.2942
1747106640000,0.2884
1747106700000,0.3069
1747106760000,0.2929
1747106820000,0.2968
1747106880000,0.2829
1747106940000,0.2994
1747107000000,0.303
1747107060000,0.2973
1747107120000,0.296
1747107180000,0.2858
1747107240000,0.3037
1747107300000,0.3048
1747107360000,0.299
1747107420000,0.2925
1747107480000,0.2793
1747107540000,0.2875
1747107600000,0.2952
1747107660000,0.2857
1747107720000,0.2889
1747107780000,0.2945
1747107840000,0.2998
1747107900000,0.291
1747107960000,0.2977
1747108020000,0.2902
1747108080000,0.2759
1747108140000,0.2789
1747108200000,0.283
1747108260000,0.2874
1747108320000,0.2952
1747108380000,0.2878
1747108440000,0.2866
1747108500000,0.2947
1747108560000,0.2773
1747108620000,0.2913
1747108680000,0.2881
1747108740000,0.2904
1747108800000,0.2875
1747108860000,0.2978
1747108920000,0.2907
1747108980000,0.2933
1747109040000,0.2918
1747109100000,0.282
1747109160000,0.2926
1747109220000,0.2792
1747109280000,0.2701
1747109340000,0.2711
1747109400000,0.2803
1747109460000,0.2786
1747109520000,0.2943
1747109580000,0.2945
1747109640000,0.2808
1747109700000,0.2861
1747109760000,0.2808
1747109820000,0.2846
1747109880000,0.2756
1747109940000,0.2766
1747110000000,0.2853
1747110060000,0.2753
1747110120000,0.2735
1747110180000,0.2756
1747110240000,0.2786
1747110300000,0.2733
1747110360000,0.2804
1747110420000,0.2748
1747110480000,0.2758
1747110540000,0.2676
1747110600000,0.268
1747110660000,0.2763
1747110720000,0.2675
1747110780000,0.2712
1747110840000,0.2715
1747110900000,0.2682
1747110960000,0.2538
1747111020000,0.2717
1747111080000,0.2605
1747111140000,0.2746
1747111200000,0.2578
1747111260000,0.2708
1747111320000,0.2678
1747111380000,0.2537
1747111440000,0.2685
1747111500000,0.2624
1747111560000,0.2653
1747111620000,0.2531
1747111680000,0.2616
1747111740000,0.2558
1747111800000,0.2538
1747111860000,0.2738
1747111920000,0.2796
1747111980000,0.2603
1747112040000,0.2594
1747112100000,0.2582
1747112160000,0.2656
1747112220000,0.2612
1747112280000,0.2682
1747112340000,0.2524
1747112400000,0.2543
1747112460000,0.2615
1747112520000,0.2495
1747112580000,0.2479
1747112640000,0.2481
1747112700000,0.2531
1747112760000,0.2574
1747112820000,0.257
1747112880000,0.248
1747112940000,0.2525
1747113000000,0.2582
1747113060000,0.2494
1747113120000,0.2469
1747113180000,0.2557
1747113240000,0.2455
1747113300000,0.2529
1747113360000,0.257
1747113420000,0.2565
1747113480000,0.2535
1747113540000,0.2468
1747113600000,0.2446
1747113660000,0.2639
1747113720000,0.2468
1747113780000,0.2403
1747113840000,0.2441
1747113900000,0.2459
1747113960000,0.247
1747114020000,0.2466
1747114080000,0.2439
1747114140000,0.2552
1747114200000,0.2458
1747114260000,0.2485
1747114320000,0.2537
1747114380000,0.2499
1747114440000,0.2447
1747114500000,0.2635
1747114560000,0.2506
1747114620000,0.2596
1747114680000,0.2453
1747114740000,0.2524
1747114800000,0.2442
1747114860000,0.2462
1747114920000,0.2489
1747114980000,0.2421
1747115040000,0.2381
1747115100000,0.2394
1747115160000,0.249
1747115220000,0.2558
1747115280000,0.2484
1747115340000,0.2437
1747115400000,0.2449
1747115460000,0.2745
1747115520000,0.2461
1747115580000,0.2576
1747115640000,0.2541
1747115700000,0.2548
1747115760000,0.2561
1747115820000,0.2587
1747115880000,0.2577
1747115940000,0.244
1747116000000,0.2461
1747116060000,0.2601
1747116120000,0.2459
1747116180000,0.2479
1747116240000,0.2396
1747116300000,0.2474
1747116360000,0.2536
1747116420000,0.2571
1747116480000,0.26
1747116540000,0.2502
1747116600000,0.2548
1747116660000,0.2491
1747116720000,0.2586
1747116780000,0.2544
1747116840000,0.2573
1747116900000,0.2592
1747116960000,0.2644
1747117020000,0.2646
1747117080000,0.2532
1747117140000,0.2482
1747117200000,0.2546
1747117260000,0.2528
1747117320000,0.2469
1747117380000,0.2445
1747117440000,0.2428
1747117500000,0.2617
1747117560000,0.2545
1747117620000,0.2621
1747117680000,0.2596
1747117740000,0.2606
1747117800000,0.2643
1747117860000,0.2612
1747117920000,0.2478
1747117980000,0.2491
1747118040000,0.2516
1747118100000,0.2571
1747118160000,0.253
1747118220000,0.254
1747118280000,0.2571
1747118340000,0.2601
1747118400000,0.2633
1747118460000,0.2491
1747118520000,0.2681
1747118580000,0.2642
1747118640000,0.2689
1747118700000,0.2638
1747118760000,0.2613
1747118820000,0.2589
1747118880000,0.2696
1747118940000,0.2646
1747119000000,0.2649
1747119060000,0.267
1747119120000,0.2693
1747119180000,0.2611
1747119240000,0.2565
1747119300000,0.273
1747119360000,0.2633
1747119420000,0.2663
1747119480000,0.2731
1747119540000,0.2655
1747119600000,0.2656
1747119660000,0.2671
1747119720000,0.2732
1747119780000,0.2571
1747119840000,0.2712
1747119900000,0.2706
1747119960000,0.2652
1747120020000,0.2566
1747120080000,0.2709
1747120140000,0.2756
1747120200000,0.2713
1747120260000,0.2721
1747120320000,0.2705
1747120380000,0.2716
1747120440000,0.2722
1747120500000,0.2795
1747120560000,0.276
1747120620000,0.2827
1747120680000,0.2743
1747120740000,0.2668
1747120800000,0.2767
1747120860000,0.2871
1747120920000,0.2771
1747120980000,0.2782
1747121040000,0.2736
1747121100000,0.2815
1747121160000,0.2778
1747121220000,0.2825
1747121280000,0.278
1747121340000,0.2751
1747121400000,0.2709
1747121460000,0.2698
1747121520000,0.266
1747121580000,0.2723
1747121640000,0.2759
1747121700000,0.2795
1747121760000,0.284
1747121820000,0.2789
1747121880000,0.2761
1747121940000,0.2731
1747122000000,0.2666
1747122060000,0.273
1747122120000,0.2879
1747122180000,0.2918
1747122240000,0.2732
1747122300000,0.2836
1747122360000,0.2839
1747122420000,0.2813
1747122480000,0.2883
1747122540000,0.2841
1747122600000,0.2866
1747122660000,0.2963
1747122720000,0.2829
1747122780000,0.2842
1747122840000,0.2827
1747122900000,0.2827
1747122960000,0.2993
1747123020000,0.2881
1747123080000,0.2905
1747123140000,0.2939
1747123200000,0.2946
1747123260000,0.3034
1747123320000,0.2873
1747123380000,0.2842
1747123440000,0.2896
1747123500000,0.2891
1747123560000,0.2825
1747123620000,0.3114
1747123680000,0.2883
1747123740000,0.296
1747123800000,0.2884
1747123860000,0.3008
1747123920000,0.2978
1747123980000,0.3038
1747124040000,0.3011
1747124100000,0.2983
1747124160000,0.2997
1747124220000,0.2932
1747124280000,0.3101
1747124340000,0.3043
1747124400000,0.2982
1747124460000,0.3045
1747124520000,0.3007
1747124580000,0.3109
1747124640000,0.2979
1747124700000,0.3176
1747124760000,0.3031
1747124820000,0.3065
1747124880000,0.3166
1747124940000,0.3097
1747125000000,0.3128
1747125060000,0.3071
1747125120000,0.3226
1747125180000,0.3118
1747125240000,0.3061
1747125300000,0.3068
1747125360000,0.3061
1747125420000,0.3125
1747125480000,0.3126
1747125540000,0.3117
1747125600000,0.3085
1747125660000,0.3104
1747125720000,0.3054
1747125780000,0.3161
1747125840000,0.3164
1747125900000,0.3212
1747125960000,0.3153
1747126020000,0.3202
1747126080000,0.3231
1747126140000,0.3299
1747126200000,0.3311
1747126260000,0.3226
1747126320000,0.3225
1747126380000,0.3059
1747126440000,0.3229
1747126500000,0.3109
1747126560000,0.3221
1747126620000,0.3268
1747126680000,0.3222
1747126740000,0.3144
1747126800000,0.3266
1747126860000,0.3283
1747126920000,0.3183
1747126980000,0.3178
1747127040000,0.3221
1747127100000,0.3231
1747127160000,0.3132
1747127220000,0.3241
1747127280000,0.3238
1747127340000,0.329
1747127400000,0.3319
1747127460000,0.3245
1747127520000,0.3305
1747127580000,0.3356
1747127640000,0.3283
1747127700000,0.3342
1747127760000,0.3339
1747127820000,0.3106
1747127880000,0.3221
1747127940000,0.3143
1747128000000,0.3183
1747128060000,0.3232
1747128120000,0.3291
1747128180000,0.3181
1747128240000,0.3216
1747128300000,0.3305
1747128360000,0.335
1747128420000,0.3285
1747128480000,0.3209
1747128540000,0.3309
1747128600000,0.3334
1747128660000,0.3206
1747128720000,0.3266
1747128780000,0.3153
1747128840000,0.3227
1747128900000,0.3201
1747128960000,0.3184
1747129020000,0.3189
1747129080000,0.3322
1747129140000,0.3182
1747129200000,0.3313
1747129260000,0.325
1747129320000,0.3231
1747129380000,0.3372
1747129440000,0.3345
1747129500000,0.3346
1747129560000,0.3242
1747129620000,0.3212
1747129680000,0.3226
1747129740000,0.3286
1747129800000,0.3264
1747129860000,0.3336
1747129920000,0.326
1747129980000,0.3142
1747130040000,0.3304
1747130100000,0.3194
1747130160000,0.3231
1747130220000,0.3239
1747130280000,0.3308
1747130340000,0.3338
1747130400000,0.34
1747130460000,0.3312
1747130520000,0.3278
1747130580000,0.3292
1747130640000,0.3339
1747130700000,0.3267
1747130760000,0.3265
1747130820000,0.3211
1747130880000,0.3162
1747130940000,0.3199
1747131000000,0.3252
1747131060000,0.3389
1747131120000,0.323
1747131180000,0.3327
1747131240000,0.3277
1747131300000,0.3395
1747131360000,0.3124
1747131420000,0.3232
1747131480000,0.3129
1747131540000,0.3195
1747131600000,0.3148
1747131660000,0.3213
1747131720000,0.3172
1747131780000,0.3177
1747131840000,0.3254
1747131900000,0.3137
1747131960000,0.3389
1747132020000,0.318
1747132080000,0.3331
1747132140000,0.3214
1747132200000,0.3315
1747132260000,0.323
1747132320000,0.3131
1747132380000,0.3139
1747132440000,0.3202
1747132500000,0.3336
1747132560000,0.3152
1747132620000,0.3128
1747132680000,0.3069
1747132740000,0.3166
1747132800000,0.3061
1747132860000,0.3123
1747132920000,0.3122
1747132980000,0.314
1747133040000,0.3285
1747133100000,0.3124
1747133160000,0.307
1747133220000,0.3032
1747133280000,0.3073
1747133340000,0.3032
1747133400000,0.313
1747133460000,0.3117
1747133520000,0.3013
1747133580000,0.3054
1747133640000,0.3074
1747133700000,0.3115
1747133760000,0.3019
1747133820000,0.3091
1747133880000,0.3086
1747133940000,0.3076
1747134000000,0.3021
1747134060000,0.309
1747134120000,0.3059
1747134180000,0.305
1747134240000,0.2978
1747134300000,0.3092
1747134360000,0.3073
1747134420000,0.3075
1747134480000,0.3131
1747134540000,0.3077
1747134600000,0.3102
1747134660000,0.3058
1747134720000,0.3062
1747134780000,0.3134
1747134840000,0.3031
1747134900000,0.3153
1747134960000,0.3091
1747135020000,0.3064
1747135080000,0.2977
1747135140000,0.3026
1747135200000,0.298
1747135260000,0.3094
1747135320000,0.3065
1747135380000,0.3062
1747135440000,0.3076
1747135500000,0.3068
1747135560000,0.3162
1747135620000,0.3195
1747135680000,0.3087
1747135740000,0.3088
1747135800000,0.3156
1747135860000,0.3009
1747135920000,0.3071
1747135980000,0.3104
1747136040000,0.3153
1747136100000,0.3
1747136160000,0.2947
1747136220000,0.3012
1747136280000,0.3071
1747136340000,0.3036
1747136400000,0.2998
1747136460000,0.2983
1747136520000,0.2984
1747136580000,0.2949
1747136640000,0.31
1747136700000,0.3108
1747136760000,0.2993
1747136820000,0.3055
1747136880000,0.2918
1747136940000,0.2952
1747137000000,0.2965
1747137060000,0.3003
1747137120000,0.3032
1747137180000,0.3047
1747137240000,0.3004
1747137300000,0.2957
1747137360000,0.2848
1747137420000,0.3001
1747137480000,0.31
1747137540000,0.2998
1747137600000,0.3029
1747137660000,0.3125
1747137720000,0.2943
1747137780000,0.2964
1747137840000,0.2887
1747137900000,0.2952
1747137960000,0.2981
1747138020000,0.2985
1747138080000,0.2901
1747138140000,0.2949
1747138200000,0.2995
1747138260000,0.3004
1747138320000,0.2914
1747138380000,0.2919
1747138440000,0.2847
1747138500000,0.2819
1747138560000,0.2937
1747138620000,0.2923
1747138680000,0.2908
1747138740000,0.2938
1747138800000,0.2958
1747138860000,0.2999
1747138920000,0.3047
1747138980000,0.2892
1747139040000,0.2974
1747139100000,0.3038
1747139160000,0.293
1747139220000,0.2898
1747139280000,0.2833
1747139340000,0.2893
1747139400000,0.2923
1747139460000,0.2879
1747139520000,0.2813
1747139580000,0.2851
1747139640000,0.2813
1747139700000,0.2728
1747139760000,0.2854
1747139820000,0.2762
1747139880000,0.2768
1747139940000,0.2759
1747140000000,0.2789
1747140060000,0.2816
1747140120000,0.2806
1747140180000,0.2689
1747140240000,0.2814
1747140300000,0.28
1747140360000,0.2767
1747140420000,0.2645
1747140480000,0.2719
1747140540000,0.2707
1747140600000,0.2792
1747140660000,0.2748
1747140720000,0.2817
1747140780000,0.2718
1747140840000,0.2791
1747140900000,0.2758
1747140960000,0.2687
1747141020000,0.2702
1747141080000,0.2765
1747141140000,0.2678
1747141200000,0.2664
1747141260000,0.2678
1747141320000,0.2687
1747141380000,0.2815
1747141440000,0.2573
1747141500000,0.2584
1747141560000,0.263
1747141620000,0.2579
1747141680000,0.2568
1747141740000,0.2575
1747141800000,0.2656
1747141860000,0.2591
1747141920000,0.2552
1747141980000,0.2519
1747142040000,0.2557
1747142100000,0.256
1747142160000,0.253
1747142220000,0.2533
1747142280000,0.244
1747142340000,0.2405
1747142400000,0.2469
1747142460000,0.2493
1747142520000,0.2518
1747142580000,0.2353
1747142640000,0.2453
1747142700000,0.2391
1747142760000,0.2455
1747142820000,0.2374
1747142880000,0.2409
1747142940000,0.2406
1747143000000,0.247
1747143060000,0.233
1747143120000,0.2379
1747143180000,0.2382
1747143240000,0.2408
1747143300000,0.2346
1747143360000,0.229
1747143420000,0.239
1747143480000,0.2328
1747143540000,0.226
1747143600000,0.2185
1747143660000,0.2271
1747143720000,0.2291
1747143780000,0.2219
1747143840000,0.2198
1747143900000,0.2243
1747143960000,0.218
1747144020000,0.2219
1747144080000,0.2283
1747144140000,0.2166
1747144200000,0.2181
1747144260000,0.2128
1747144320000,0.2113
1747144380000,0.209
1747144440000,0.2075
1747144500000,0.2039
1747144560000,0.2098
1747144620000,0.2097
1747144680000,0.2088
1747144740000,0.2067
1747144800000,0.2032
1747144860000,0.2194
1747144920000,0.2051
1747144980000,0.1991
1747145040000,0.1987
1747145100000,0.197
1747145160000,0.1985
1747145220000,0.1952
1747145280000,0.1929
1747145340000,0.1876
1747145400000,0.1902
1747145460000,0.1888
1747145520000,0.1903
1747145580000,0.1912
1747145640000,0.1843
1747145700000,0.1839
1747145760000,0.1834
1747145820000,0.1839
1747145880000,0.1841
1747145940000,0.1852
1747146000000,0.1969
1747146060000,0.1892
1747146120000,0.1814
1747146180000,0.1864
1747146240000,0.1925
1747146300000,0.1819
1747146360000,0.1881
1747146420000,0.1866
1747146480000,0.1836
1747146540000,0.1804
1747146600000,0.1808
1747146660000,0.1806
1747146720000,0.1772
1747146780000,0.1834
1747146840000,0.1791
1747146900000,0.1751
1747146960000,0.1819
1747147020000,0.1801
1747147080000,0.1788
1747147140000,0.1748
1747147200000,0.1687
1747147260000,0.1775
1747147320000,0.1763
1747147380000,0.1814
1747147440000,0.1724
1747147500000,0.1697
1747147560000,0.1694
1747147620000,0.1714
1747147680000,0.1728
1747147740000,0.1692
1747147800000,0.1743
1747147860000,0.1732
1747147920000,0.1717
1747147980000,0.1742
1747148040000,0.1698
1747148100000,0.1712
1747148160000,0.1712
1747148220000,0.169
1747148280000,0.1681
1747148340000,0.1727
1747148400000,0.1757
1747148460000,0.1744
1747148520000,0.1754
1747148580000,0.17
1747148640000,0.1775
1747148700000,0.1673
1747148760000,0.1704
1747148820000,0.1706
1747148880000,0.165
1747148940000,0.1658
1747149000000,0.166
1747149060000,0.1652
1747149120000,0.168
1747149180000,0.1683
1747149240000,0.1667
1747149300000,0.1667
1747149360000,0.1647
1747149420000,0.1691
1747149480000,0.1695
1747149540000,0.171
1747149600000,0.1682
1747149660000,0.1681
1747149720000,0.1663
1747149780000,0.167
1747149840000,0.164
1747149900000,0.1656
1747149960000,0.1689
1747150020000,0.1648
1747150080000,0.1656
1747150140000,0.1596
1747150200000,0.1624
1747150260000,0.1653
1747150320000,0.1675
1747150380000,0.166
1747150440000,0.1632
1747150500000,0.162
1747150560000,0.1614
1747150620000,0.161
1747150680000,0.1623
1747150740000,0.1607
1747150800000,0.1612
1747150860000,0.1579
1747150920000,0.1622
1747150980000,0.1588
1747151040000,0.1569
1747151100000,0.1575
1747151160000,0.164
1747151220000,0.1609
1747151280000,0.1615
1747151340000,0.1617
1747151400000,0.1592
1747151460000,0.1597
1747151520000,0.1573
1747151580000,0.1576
1747151640000,0.1562
1747151700000,0.1605
1747151760000,0.1572
1747151820000,0.1554
1747151880000,0.1562
1747151940000,0.1547
1747152000000,0.1626
1747152060000,0.177
1747152120000,0.1683
1747152180000,0.1631
1747152240000,0.1626
1747152300000,0.1608
1747152360000,0.1544
1747152420000,0.1569
1747152480000,0.1553
1747152540000,0.155
1747152600000,0.1533
1747152660000,0.156
1747152720000,0.1575
1747152780000,0.1568
1747152840000,0.158
1747152900000,0.1572
1747152960000,0.1586
1747153020000,0.1619
1747153080000,0.1608
1747153140000,0.161
1747153200000,0.1599
1747153260000,0.1963
1747153320000,0.1845
1747153380000,0.1554
1747153440000,0.2121
1747153500000,0.1889
1747153560000,0.1784
1747153620000,0.1585
1747153680000,0.1719
1747153740000,0.1596
1747153800000,0.1615
1747153860000,0.1787
1747153920000,0.1612
1747153980000,0.1645
1747154040000,0.1605
1747154100000,0.165
1747154160000,0.1613
1747154220000,0.1596
1747154280000,0.1589
1747154340000,0.1584
1747154400000,0.1638
1747154460000,0.1599
1747154520000,0.1577
1747154580000,0.1591
1747154640000,0.1614
1747154700000,0.1577
1747154760000,0.1581
1747154820000,0.1594
1747154880000,0.1558
1747154940000,0.1563
1747155000000,0.1579
1747155060000,0.1585
1747155120000,0.1589
1747155180000,0.1626
1747155240000,0.1585
1747155300000,0.1565
1747155360000,0.1615
1747155420000,0.1577
1747155480000,0.159
1747155540000,0.1575
1747155600000,0.1572
1747155660000,0.1584
1747155720000,0.1541
1747155780000,0.1565
1747155840000,0.156
1747155900000,0.1589
1747155960000,0.159
1747156020000,0.1589
1747156080000,0.1569
1747156140000,0.1555
1747156200000,0.1551
1747156260000,0.1564
1747156320000,0.1559
1747156380000,0.1552
1747156440000,0.1562
1747156500000,0.1547
1747156560000,0.1539
1747156620000,0.1537
1747156680000,0.1574
1747156740000,0.155
1747156800000,0.1551
1747156860000,0.1557
1747156920000,0.1544
1747156980000,0.1533
1747157040000,0.1527
1747157100000,0.1549
1747157160000,0.1532
1747157220000,0.1538
1747157280000,0.1526
1747157340000,0.1546
1747157400000,0.1519
1747157460000,0.1532
1747157520000,0.1528
1747157580000,0.1563
1747157640000,0.1528
1747157700000,0.1554
1747157760000,0.1584
1747157820000,0.156
1747157880000,0.1519
1747157940000,0.1527
1747158000000,0.1523
1747158060000,0.1512
1747158120000,0.1519
1747158180000,0.1503
1747158240000,0.151
1747158300000,0.156
1747158360000,0.1518
1747158420000,0.1496
1747158480000,0.1523
1747158540000,0.152
1747158600000,0.1499
1747158660000,0.1515
1747158720000,0.1494
1747158780000,0.1499
1747158840000,0.1523
1747158900000,0.1533
1747158960000,0.1564
1747159020000,0.1532
1747159080000,0.1535
1747159140000,0.152
1747159200000,0.1515
1747159260000,0.1592
1747159320000,0.1545
1747159380000,0.1506
1747159440000,0.1522
1747159500000,0.1524
1747159560000,0.1536
1747159620000,0.1517
1747159680000,0.1529
1747159740000,0.1522
1747159800000,0.1533
1747159860000,0.1537
1747159920000,0.1534
1747159980000,0.1524
1747160040000,0.1541
1747160100000,0.1521
1747160160000,0.1551
1747160220000,0.1516
1747160280000,0.1492
1747160340000,0.1511
1747160400000,0.1539
1747160460000,0.1514
1747160520000,0.1505
1747160580000,0.1522
1747160640000,0.1516
1747160700000,0.1497
1747160760000,0.1499
1747160820000,0.1494
1747160880000,0.149
1747160940000,0.1485
1747161000000,0.1478
1747161060000,0.1498
1747161120000,0.1507
1747161180000,0.1505
1747161240000,0.1503
1747161300000,0.1488
1747161360000,0.1487
1747161420000,0.1488
1747161480000,0.148
1747161540000,0.1473
1747161600000,0.1488
1747161660000,0.1495
1747161720000,0.1486
1747161780000,0.1511
1747161840000,0.1508
1747161900000,0.1523
1747161960000,0.1488
1747162020000,0.1489
1747162080000,0.151
1747162140000,0.1515
1747162200000,0.1545
1747162260000,0.1536
1747162320000,0.1537
1747162380000,0.1519
1747162440000,0.1512
1747162500000,0.1508
1747162560000,0.1516
1747162620000,0.1498
1747162680000,0.1523
1747162740000,0.1539
1747162800000,0.1523
1747162860000,0.1522
1747162920000,0.1508
1747162980000,0.1556
1747163040000,0.1521
1747163100000,0.1507
1747163160000,0.1512
1747163220000,0.1505
1747163280000,0.1502
1747163340000,0.1488
1747163400000,0.1516
1747163460000,0.1515
1747163520000,0.1515
1747163580000,0.1526
1747163640000,0.1527
1747163700000,0.1524
1747163760000,0.1525
1747163820000,0.1533
1747163880000,0.1559
1747163940000,0.1535
1747164000000,0.1549
1747164060000,0.1537
1747164120000,0.1539
1747164180000,0.1529
1747164240000,0.1532
1747164300000,0.1512
1747164360000,0.1519
1747164420000,0.1523
1747164480000,0.1519
1747164540000,0.1517
1747164600000,0.1503
1747164660000,0.152
1747164720000,0.1503
1747164780000,0.1508
1747164840000,0.1521
1747164900000,0.1508
1747164960000,0.1527
1747165020000,0.1529
1747165080000,0.1512
1747165140000,0.1526
1747165200000,0.1532
1747165260000,0.1519
1747165320000,0.1521
1747165380000,0.1504
1747165440000,0.1506
1747165500000,0.1514
1747165560000,0.1514
1747165620000,0.1515
1747165680000,0.1509
1747165740000,0.1517
1747165800000,0.1517
1747165860000,0.1507
1747165920000,0.1507
1747165980000,0.1505
1747166040000,0.1505
1747166100000,0.1501
1747166160000,0.1514
1747166220000,0.1504
1747166280000,0.1499
1747166340000,0.1515
1747166400000,0.1477
1747166460000,0.1528
1747166520000,0.1474
1747166580000,0.1468
1747166640000,0.1474
1747166700000,0.1477
1747166760000,0.1475
1747166820000,0.1474
1747166880000,0.1463
1747166940000,0.1478
1747167000000,0.1484
1747167060000,0.15
1747167120000,0.1504
1747167180000,0.1484
1747167240000,0.1477
1747167300000,0.1481
1747167360000,0.1529
1747167420000,0.1486
1747167480000,0.1475
1747167540000,0.1489
1747167600000,0.1474
1747167660000,0.1479
1747167720000,0.1466
1747167780000,0.1477
1747167840000,0.1468
1747167900000,0.1482
1747167960000,0.1488
1747168020000,0.1498
1747168080000,0.148
1747168140000,0.1474
1747168200000,0.1481
1747168260000,0.1499
1747168320000,0.1505
1747168380000,0.1479
1747168440000,0.1495
1747168500000,0.1513
1747168560000,0.148
1747168620000,0.1481
1747168680000,0.1477
1747168740000,0.1477
1747168800000,0.15
1747168860000,0.1462
1747168920000,0.1458
1747168980000,0.1467
1747169040000,0.1486
1747169100000,0.1473
1747169160000,0.1491
1747169220000,0.1482
1747169280000,0.147
1747169340000,0.1475
1747169400000,0.1485
1747169460000,0.1498
1747169520000,0.1489
1747169580000,0.148
1747169640000,0.1486
1747169700000,0.1488
1747169760000,0.1485
1747169820000,0.1486
1747169880000,0.1503
1747169940000,0.1491
1747170000000,0.1471
1747170060000,0.149
1747170120000,0.1493
1747170180000,0.1497
1747170240000,0.1512
1747170300000,0.1492
1747170360000,0.1491
1747170420000,0.1487
1747170480000,0.1472
1747170540000,0.1482
1747170600000,0.1483
1747170660000,0.1485
1747170720000,0.1491
1747170780000,0.1511
1747170840000,0.1492
1747170900000,0.1485
1747170960000,0.1488
1747171020000,0.1545
1747171080000,0.1485
1747171140000,0.1493
1747171200000,0.1494
1747171260000,0.151
1747171320000,0.1483
1747171380000,0.1475
1747171440000,0.1503
1747171500000,0.1478
1747171560000,0.1489
1747171620000,0.1485
1747171680000,0.1489
1747171740000,0.1478
1747171800000,0.1484
1747171860000,0.1499
1747171920000,0.1481
1747171980000,0.1498
1747172040000,0.1528
1747172100000,0.1483
1747172160000,0.1498
1747172220000,0.1512
1747172280000,0.1525
1747172340000,0.15
1747172400000,0.1492
1747172460000,0.1499
1747172520000,0.1496
1747172580000,0.1523
1747172640000,0.149
1747172700000,0.1482
1747172760000,0.1495
1747172820000,0.1508
1747172880000,0.1511
1747172940000,0.1524
1747173000000,0.1534
1747173060000,0.1521
1747173120000,0.1519
1747173180000,0.1503
1747173240000,0.1527
1747173300000,0.1519
1747173360000,0.1538
1747173420000,0.1541
1747173480000,0.1526
1747173540000,0.1524
1747173600000,0.1525
1747173660000,0.1637
1747173720000,0.1552
1747173780000,0.1545
1747173840000,0.1556
1747173900000,0.1555
1747173960000,0.1549
1747174020000,0.1563
1747174080000,0.1562
1747174140000,0.1547
1747174200000,0.1552
1747174260000,0.1575
1747174320000,0.1564
1747174380000,0.1582
1747174440000,0.1555
1747174500000,0.1556
1747174560000,0.1543
1747174620000,0.1568
1747174680000,0.1588
1747174740000,0.1587
1747174800000,0.1574
1747174860000,0.1586
1747174920000,0.1619
1747174980000,0.1607
1747175040000,0.1585
1747175100000,0.1567
1747175160000,0.1566
1747175220000,0.1554
1747175280000,0.1608
1747175340000,0.1626
1747175400000,0.1576
1747175460000,0.1627
1747175520000,0.1629
1747175580000,0.1608
1747175640000,0.1614
1747175700000,0.1585
1747175760000,0.1593
1747175820000,0.1637
1747175880000,0.1634
1747175940000,0.1608
1747176000000,0.161
1747176060000,0.1634
1747176120000,0.1637
1747176180000,0.1624
1747176240000,0.1621
1747176300000,0.1615
1747176360000,0.1624
1747176420000,0.1652
1747176480000,0.1644
1747176540000,0.1712
1747176600000,0.168
1747176660000,0.1691
1747176720000,0.1687
1747176780000,0.1693
1747176840000,0.1672
1747176900000,0.1777
1747176960000,0.168
1747177020000,0.1727
1747177080000,0.1678
1747177140000,0.1817
1747177200000,0.1711
1747177260000,0.1729
1747177320000,0.1751
1747177380000,0.1769
1747177440000,0.1821
1747177500000,0.1804
1747177560000,0.1841
1747177620000,0.1827
1747177680000,0.1834
1747177740000,0.1859
1747177800000,0.1815
1747177860000,0.1859
1747177920000,0.1853
1747177980000,0.1882
1747178040000,0.1852
1747178100000,0.1846
1747178160000,0.1852
1747178220000,0.1924
1747178280000,0.1913
1747178340000,0.1913
1747178400000,0.1911
1747178460000,0.1903
1747178520000,0.1918
1747178580000,0.2006
1747178640000,0.1967
1747178700000,0.1949
1747178760000,0.1984
1747178820000,0.1939
1747178880000,0.1967
1747178940000,0.1946
1747179000000,0.2056
1747179060000,0.1889
1747179120000,0.1925
1747179180000,0.1989
1747179240000,0.1938
1747179300000,0.1975
1747179360000,0.2047
1747179420000,0.2075
1747179480000,0.1951
1747179540000,0.2009
1747179600000,0.2059
1747179660000,0.2147
1747179720000,0.2041
1747179780000,0.2094
1747179840000,0.2137
1747179900000,0.2107
1747179960000,0.2054
1747180020000,0.2088
1747180080000,0.214
1747180140000,0.2065
1747180200000,0.2197
1747180260000,0.2136
1747180320000,0.223
1747180380000,0.218
1747180440000,0.2381
1747180500000,0.2371
1747180560000,0.2211
1747180620000,0.2205
1747180680000,0.2255
1747180740000,0.235
1747180800000,0.24
1747180860000,0.2493
1747180920000,0.2418
1747180980000,0.2299
1747181040000,0.2334
1747181100000,0.2346
1747181160000,0.2423
1747181220000,0.2386
1747181280000,0.2427
1747181340000,0.2433
1747181400000,0.2452
1747181460000,0.2391
1747181520000,0.2545
1747181580000,0.2418
1747181640000,0.245
1747181700000,0.2393
1747181760000,0.2525
1747181820000,0.2488
1747181880000,0.2591
1747181940000,0.2631
1747182000000,0.2591
1747182060000,0.2547
1747182120000,0.2685
1747182180000,0.2583
1747182240000,0.2649
1747182300000,0.2716
1747182360000,0.2693
1747182420000,0.254
1747182480000,0.2614
1747182540000,0.2658
1747182600000,0.2862
1747182660000,0.2714
1747182720000,0.2635
1747182780000,0.2631
1747182840000,0.2749
1747182900000,0.2642
1747182960000,0.2688
1747183020000,0.2651
1747183080000,0.2697
1747183140000,0.2559
1747183200000,0.2744
1747183260000,0.2623
1747183320000,0.2622
1747183380000,0.2781
1747183440000,0.2664
1747183500000,0.2831
1747183560000,0.2747
1747183620000,0.2765
1747183680000,0.2756
1747183740000,0.2688
1747183800000,0.2806
1747183860000,0.2771
1747183920000,0.2918
1747183980000,0.2857
1747184040000,0.284
1747184100000,0.2827
1747184160000,0.2881
1747184220000,0.2822
1747184280000,0.2857
1747184340000,0.2828
1747184400000,0.2882
1747184460000,0.2761
1747184520000,0.2659
1747184580000,0.275
1747184640000,0.2762
1747184700000,0.282
1747184760000,0.28
1747184820000,0.288
1747184880000,0.2821
1747184940000,0.2776
1747185000000,0.2773
1747185060000,0.2939
1747185120000,0.293
1747185180000,0.2803
1747185240000,0.2904
1747185300000,0.2771
1747185360000,0.2858
1747185420000,0.2884
1747185480000,0.2775
1747185540000,0.2877
1747185600000,0.287
1747185660000,0.2857
1747185720000,0.2907
1747185780000,0.3003
1747185840000,0.2882
1747185900000,0.2869
1747185960000,0.2846
1747186020000,0.2964
1747186080000,0.2934
1747186140000,0.292
1747186200000,0.3045
1747186260000,0.2905
1747186320000,0.2876
1747186380000,0.2784
1747186440000,0.2794
1747186500000,0.2757
1747186560000,0.2751
1747186620000,0.2803
1747186680000,0.2836
1747186740000,0.2751
1747186800000,0.2849
1747186860000,0.278
1747186920000,0.2892
1747186980000,0.2862
1747187040000,0.2822
1747187100000,0.2899
1747187160000,0.2936
1747187220000,0.3009
1747187280000,0.2983
1747187340000,0.2856
1747187400000,0.2882
1747187460000,0.2943
1747187520000,0.2972
1747187580000,0.2838
1747187640000,0.2886
1747187700000,0.3012
1747187760000,0.2887
1747187820000,0.2843
1747187880000,0.2889
1747187940000,0.2789
1747188000000,0.2842
1747188060000,0.2989
1747188120000,0.294
1747188180000,0.2931
1747188240000,0.2945
1747188300000,0.2986
1747188360000,0.2959
1747188420000,0.2995
1747188480000,0.2868
1747188540000,0.299
1747188600000,0.3122
1747188660000,0.2847
1747188720000,0.2917
1747188780000,0.3023
1747188840000,0.286
1747188900000,0.2898
1747188960000,0.3052
1747189020000,0.2915
1747189080000,0.2811
1747189140000,0.2901
1747189200000,0.2986
1747189260000,0.2892
1747189320000,0.3031
1747189380000,0.2956
1747189440000,0.2938
1747189500000,0.299
1747189560000,0.2999
1747189620000,0.2927
1747189680000,0.3069
1747189740000,0.2916
1747189800000,0.3048
1747189860000,0.2942
1747189920000,0.3138
1747189980000,0.2967
1747190040000,0.2878
1747190100000,0.3027
1747190160000,0.2975
1747190220000,0.2931
1747190280000,0.2904
1747190340000,0.2952
1747190400000,0.2961
1747190460000,0.2918
1747190520000,0.2979
1747190580000,0.2889
1747190640000,0.2928
1747190700000,0.2927
1747190760000,0.2918
1747190820000,0.2904
1747190880000,0.2945
1747190940000,0.2882
1747191000000,0.2873
1747191060000,0.297
1747191120000,0.3009
1747191180000,0.2859
1747191240000,0.3039
1747191300000,0.2995
1747191360000,0.2939
1747191420000,0.2913
1747191480000,0.2907
1747191540000,0.3046
1747191600000,0.2985
1747191660000,0.2915
1747191720000,0.2967
1747191780000,0.2868
1747191840000,0.2833
1747191900000,0.2912
1747191960000,0.2978
1747192020000,0.2941
1747192080000,0.2875
1747192140000,0.2988
1747192200000,0.297
1747192260000,0.2853
1747192320000,0.2905
1747192380000,0.2965
1747192440000,0.2879
1747192500000,0.2965
1747192560000,0.3004
1747192620000,0.306
1747192680000,0.2878
1747192740000,0.2926
1747192800000,0.3116
1747192860000,0.2933
1747192920000,0.2919
1747192980000,0.2808
1747193040000,0.302
1747193100000,0.2998
1747193160000,0.2929
1747193220000,0.2871
1747193280000,0.3042
1747193340000,0.3065
1747193400000,0.2884
1747193460000,0.2899
1747193520000,0.2954
1747193580000,0.285
1747193640000,0.2877
1747193700000,0.2769
1747193760000,0.2915
1747193820000,0.2852
1747193880000,0.2835
1747193940000,0.2867
1747194000000,0.2878
1747194060000,0.2806
1747194120000,0.274
1747194180000,0.2838
1747194240000,0.2873
1747194300000,0.2806
1747194360000,0.2741
1747194420000,0.2867
1747194480000,0.2763
1747194540000,0.2909
1747194600000,0.28
1747194660000,0.2787
1747194720000,0.2785
1747194780000,0.2751
1747194840000,0.2842
1747194900000,0.281
1747194960000,0.2751
1747195020000,0.2755
1747195080000,0.279
1747195140000,0.2816
1747195200000,0.2816
1747195260000,0.2837
1747195320000,0.2745
1747195380000,0.2699
1747195440000,0.2628
1747195500000,0.268
1747195560000,0.2784
1747195620000,0.2732
1747195680000,0.2736
1747195740000,0.2712
1747195800000,0.2686
1747195860000,0.261
1747195920000,0.2701
1747195980000,0.2767
1747196040000,0.2734
1747196100000,0.2672
1747196160000,0.2765
1747196220000,0.2634
1747196280000,0.2748
1747196340000,0.2719
1747196400000,0.2657
1747196460000,0.2764
1747196520000,0.2723
1747196580000,0.2781
1747196640000,0.2715
1747196700000,0.271
1747196760000,0.2758
1747196820000,0.2653
1747196880000,0.2735
1747196940000,0.2775
1747197000000,0.269
1747197060000,0.2721
1747197120000,0.2684
1747197180000,0.2638
1747197240000,0.2687
1747197300000,0.2652
1747197360000,0.2745
1747197420000,0.2637
1747197480000,0.2738
1747197540000,0.2832
1747197600000,0.2723
1747197660000,0.2604
1747197720000,0.2626
1747197780000,0.2668
1747197840000,0.2589
1747197900000,0.2636
1747197960000,0.2573
1747198020000,0.2704
1747198080000,0.2563
1747198140000,0.2613
1747198200000,0.2491
1747198260000,0.2598
1747198320000,0.2592
1747198380000,0.2581
1747198440000,0.2566
1747198500000,0.2538
1747198560000,0.2499
1747198620000,0.2624
1747198680000,0.2657
1747198740000,0.2563
1747198800000,0.2549
1747198860000,0.2583
1747198920000,0.2516
1747198980000,0.2516
1747199040000,0.2604
1747199100000,0.2491
1747199160000,0.2454
1747199220000,0.2559
1747199280000,0.253
1747199340000,0.2511
1747199400000,0.2413
1747199460000,0.2525
1747199520000,0.2542
1747199580000,0.2571
1747199640000,0.2471
1747199700000,0.252
1747199760000,0.2424
1747199820000,0.2498
1747199880000,0.2452
1747199940000,0.2555
1747200000000,0.251
1747200060000,0.2552
1747200120000,0.2504
1747200180000,0.2498
1747200240000,0.2434
1747200300000,0.2499
1747200360000,0.25
1747200420000,0.2454
1747200480000,0.245
1747200540000,0.2475
1747200600000,0.2483
1747200660000,0.2445
1747200720000,0.2569
1747200780000,0.2452
1747200840000,0.2609
1747200900000,0.2459
1747200960000,0.2383
1747201020000,0.2354
1747201080000,0.2385
1747201140000,0.2453
1747201200000,0.2367
1747201260000,0.24
1747201320000,0.2448
1747201380000,0.2463
1747201440000,0.2541
1747201500000,0.2526
1747201560000,0.2532
1747201620000,0.243
1747201680000,0.245
1747201740000,0.2479
1747201800000,0.2527
1747201860000,0.2554
1747201920000,0.2531
1747201980000,0.2523
1747202040000,0.2558
1747202100000,0.2489
1747202160000,0.2445
1747202220000,0.2466
1747202280000,0.2553
1747202340000,0.2427
1747202400000,0.2482
1747202460000,0.2545
1747202520000,0.2478
1747202580000,0.2478
1747202640000,0.25
1747202700000,0.2505
1747202760000,0.2591
1747202820000,0.249
1747202880000,0.2529
1747202940000,0.2505
1747203000000,0.2495
1747203060000,0.2424
1747203120000,0.2531
1747203180000,0.2478
1747203240000,0.2398
1747203300000,0.2555
1747203360000,0.2444
1747203420000,0.2501
1747203480000,0.25
1747203540000,0.2527
1747203600000,0.2488
1747203660000,0.2508
1747203720000,0.2518
1747203780000,0.2581
1747203840000,0.2514
1747203900000,0.2485
1747203960000,0.2436
1747204020000,0.2485
1747204080000,0.2534
1747204140000,0.2532
1747204200000,0.2533
1747204260000,0.2411
1747204320000,0.2497
1747204380000,0.2484
1747204440000,0.2437
1747204500000,0.2465
1747204560000,0.2469
1747204620000,0.2518
1747204680000,0.2536
1747204740000,0.255
1747204800000,0.2586
1747204860000,0.2501
1747204920000,0.256
1747204980000,0.2523
1747205040000,0.2532
1747205100000,0.2555
1747205160000,0.2574
1747205220000,0.2514
1747205280000,0.2482
1747205340000,0.2516
1747205400000,0.2565
1747205460000,0.2633
1747205520000,0.2563
1747205580000,0.2644
1747205640000,0.2561
1747205700000,0.2554
1747205760000,0.2568
1747205820000,0.2576
1747205880000,0.2656
1747205940000,0.2467
1747206000000,0.2707
1747206060000,0.2593
1747206120000,0.2567
1747206180000,0.2694
1747206240000,0.2633
1747206300000,0.2728
1747206360000,0.2593
1747206420000,0.2587
1747206480000,0.2809
1747206540000,0.2716
1747206600000,0.266
1747206660000,0.275
1747206720000,0.2871
1747206780000,0.2731
1747206840000,0.2707
1747206900000,0.2691
1747206960000,0.2607
1747207020000,0.2655
1747207080000,0.2723
1747207140000,0.2744
1747207200000,0.2781
1747207260000,0.2743
1747207320000,0.2784
1747207380000,0.2725
1747207440000,0.281
1747207500000,0.2681
1747207560000,0.2805
1747207620000,0.2864
1747207680000,0.2772
1747207740000,0.27
1747207800000,0.2749
1747207860000,0.2773
1747207920000,0.2771
1747207980000,0.2742
1747208040000,0.288
1747208100000,0.2966
1747208160000,0.2732
1747208220000,0.2711
1747208280000,0.281
1747208340000,0.2758
1747208400000,0.2718
1747208460000,0.2731
1747208520000,0.286
1747208580000,0.2967
1747208640000,0.2848
1747208700000,0.2721
1747208760000,0.2824
1747208820000,0.2704
1747208880000,0.2769
1747208940000,0.2778
1747209000000,0.2767
1747209060000,0.2819
1747209120000,0.2784
1747209180000,0.2863
1747209240000,0.2851
1747209300000,0.2773
1747209360000,0.2914
1747209420000,0.2838
1747209480000,0.2966
1747209540000,0.2831
1747209600000,0.3036
1747209660000,0.2938
1747209720000,0.2844
1747209780000,0.2824
1747209840000,0.2899
1747209900000,0.2942
1747209960000,0.2958
1747210020000,0.2871
1747210080000,0.2906
1747210140000,0.2899
1747210200000,0.2908
1747210260000,0.2981
1747210320000,0.2953
1747210380000,0.2875
1747210440000,0.2938
1747210500000,0.3033
1747210560000,0.2934
1747210620000,0.2942
1747210680000,0.2915
1747210740000,0.3146
1747210800000,0.303
1747210860000,0.3055
1747210920000,0.302
1747210980000,0.2996
1747211040000,0.2992
1747211100000,0.3067
1747211160000,0.3123
1747211220000,0.3212
1747211280000,0.3011
1747211340000,0.3136
1747211400000,0.3086
1747211460000,0.3084
1747211520000,0.3084
1747211580000,0.3024
1747211640000,0.3088
1747211700000,0.3082
1747211760000,0.3051
1747211820000,0.2945
1747211880000,0.3117
1747211940000,0.2978
1747212000000,0.3169
1747212060000,0.3118
1747212120000,0.3105
1747212180000,0.3245
1747212240000,0.3121
1747212300000,0.3134
1747212360000,0.3224
1747212420000,0.3055
1747212480000,0.3037
1747212540000,0.2972
1747212600000,0.3106
1747212660000,0.307
1747212720000,0.3151
1747212780000,0.3056
1747212840000,0.3164
1747212900000,0.3112
1747212960000,0.3209
1747213020000,0.327
1747213080000,0.3302
1747213140000,0.3337
1747213200000,0.3277
1747213260000,0.3209
1747213320000,0.3147
1747213380000,0.3135
1747213440000,0.3067
1747213500000,0.3118
1747213560000,0.3113
1747213620000,0.3197
1747213680000,0.3153
1747213740000,0.3218
1747213800000,0.3171
1747213860000,0.33
1747213920000,0.3275
1747213980000,0.3225
1747214040000,0.3194
1747214100000,0.3314
1747214160000,0.3169
1747214220000,0.3127
1747214280000,0.3268
1747214340000,0.3309
1747214400000,0.331
1747214460000,0.3247
1747214520000,0.318
1747214580000,0.3234
1747214640000,0.3202
1747214700000,0.3252
1747214760000,0.3219
1747214820000,0.3335
1747214880000,0.3277
1747214940000,0.3363
1747215000000,0.3361
1747215060000,0.3255
1747215120000,0.3226
1747215180000,0.3189
1747215240000,0.3191
1747215300000,0.3239
1747215360000,0.3208
1747215420000,0.3232
1747215480000,0.3169
1747215540000,0.318
1747215600000,0.3176
1747215660000,0.3198
1747215720000,0.3175
1747215780000,0.3278
1747215840000,0.3237
1747215900000,0.3173
1747215960000,0.3123
1747216020000,0.3271
1747216080000,0.318
1747216140000,0.3303
1747216200000,0.3317
1747216260000,0.3256
1747216320000,0.3134
1747216380000,0.3306
1747216440000,0.3272
1747216500000,0.321
1747216560000,0.3394
1747216620000,0.3343
1747216680000,0.3261
1747216740000,0.3395
1747216800000,0.3313
1747216860000,0.3324
1747216920000,0.3221
1747216980000,0.3233
1747217040000,0.3161
1747217100000,0.3091
1747217160000,0.3196
1747217220000,0.3273
1747217280000,0.3208
1747217340000,0.3187
1747217400000,0.3216
1747217460000,0.3249
1747217520000,0.317
1747217580000,0.3262
1747217640000,0.3162
1747217700000,0.3179
1747217760000,0.3089
1747217820000,0.3043
1747217880000,0.3145
1747217940000,0.302
1747218000000,0.3164
1747218060000,0.3145
1747218120000,0.3163
1747218180000,0.311
1747218240000,0.3128
1747218300000,0.3113
1747218360000,0.3133
1747218420000,0.311
1747218480000,0.3156
1747218540000,0.3111
1747218600000,0.3269
1747218660000,0.3107
1747218720000,0.334
1747218780000,0.3241
1747218840000,0.3099
1747218900000,0.3154
1747218960000,0.3123
1747219020000,0.3124
1747219080000,0.3114
1747219140000,0.3044
1747219200000,0.3148
1747219260000,0.3178
1747219320000,0.3045
1747219380000,0.3068
1747219440000,0.3162
1747219500000,0.3119
1747219560000,0.3054
1747219620000,0.3135
1747219680000,0.3042
1747219740000,0.2929
1747219800000,0.319
1747219860000,0.3129
1747219920000,0.3136
1747219980000,0.3041
1747220040000,0.3038
1747220100000,0.3136
1747220160000,0.3122
1747220220000,0.3144
1747220280000,0.3121
1747220340000,0.31
1747220400000,0.305
1747220460000,0.3179
1747220520000,0.3188
1747220580000,0.3049
1747220640000,0.3081
1747220700000,0.3044
1747220760000,0.309
1747220820000,0.3061
1747220880000,0.3039
1747220940000,0.2963
1747221000000,0.316
1747221060000,0.3157
1747221120000,0.3104
1747221180000,0.3052
1747221240000,0.3091
1747221300000,0.3059
1747221360000,0.2961
1747221420000,0.2973
1747221480000,0.3055
1747221540000,0.301
1747221600000,0.2999
1747221660000,0.2967
1747221720000,0.3011
1747221780000,0.3027
1747221840000,0.3088
1747221900000,0.3083
1747221960000,0.2967
1747222020000,0.2971
1747222080000,0.3113
1747222140000,0.316
1747222200000,0.3181
1747222260000,0.317
1747222320000,0.298
1747222380000,0.3106
1747222440000,0.3006
1747222500000,0.3026
1747222560000,0.2986
1747222620000,0.3078
1747222680000,0.2985
1747222740000,0.2958
1747222800000,0.3031
1747222860000,0.3037
1747222920000,0.2963
1747222980000,0.3069
1747223040000,0.3061
1747223100000,0.3021
1747223160000,0.3055
1747223220000,0.3072
1747223280000,0.3009
1747223340000,0.3048
1747223400000,0.2994
1747223460000,0.302
1747223520000,0.3019
1747223580000,0.2971
1747223640000,0.284
1747223700000,0.2867
1747223760000,0.3081
1747223820000,0.2981
1747223880000,0.2947
1747223940000,0.3003
1747224000000,0.2976
1747224060000,0.3072
1747224120000,0.3112
1747224180000,0.3066
1747224240000,0.2971
1747224300000,0.2976
1747224360000,0.2965
1747224420000,0.3015
1747224480000,0.3081
1747224540000,0.2994
1747224600000,0.29
1747224660000,0.3035
1747224720000,0.3015
1747224780000,0.2939
1747224840000,0.3036
1747224900000,0.2923
1747224960000,0.3031
1747225020000,0.3008
1747225080000,0.2936
1747225140000,0.2875
1747225200000,0.2935
1747225260000,0.2936
1747225320000,0.3037
1747225380000,0.2905
1747225440000,0.2856
1747225500000,0.3021
1747225560000,0.2991
1747225620000,0.3018
1747225680000,0.2973
1747225740000,0.2909
1747225800000,0.2936
1747225860000,0.299
1747225920000,0.2931
1747225980000,0.2841
1747226040000,0.2941
1747226100000,0.2831
1747226160000,0.2901
1747226220000,0.287
1747226280000,0.2767
1747226340000,0.2847
1747226400000,0.2842
1747226460000,0.2866
1747226520000,0.284
1747226580000,0.2837
1747226640000,0.2856
1747226700000,0.2854
1747226760000,0.2735
1747226820000,0.2809
1747226880000,0.2709
1747226940000,0.2894
1747227000000,0.2875
1747227060000,0.278
1747227120000,0.2845
1747227180000,0.2787
1747227240000,0.2732
1747227300000,0.2754
1747227360000,0.2839
1747227420000,0.2687
1747227480000,0.2709
1747227540000,0.2754
1747227600000,0.2729
1747227660000,0.2808
1747227720000,0.2815
1747227780000,0.2816
1747227840000,0.2651
1747227900000,0.2679
1747227960000,0.2705
1747228020000,0.2694
1747228080000,0.271
1747228140000,0.2608
1747228200000,0.2617
1747228260000,0.2795
1747228320000,0.2713
1747228380000,0.2629
1747228440000,0.2574
1747228500000,0.2604
1747228560000,0.2635
1747228620000,0.259
1747228680000,0.2575
1747228740000,0.2607
1747228800000,0.2597
1747228860000,0.2704
1747228920000,0.2641
1747228980000,0.2639
1747229040000,0.2552
1747229100000,0.2547
1747229160000,0.2656
1747229220000,0.2514
1747229280000,0.2478
1747229340000,0.2376
1747229400000,0.2416
1747229460000,0.2429
1747229520000,0.2429
1747229580000,0.2417
1747229640000,0.2388
1747229700000,0.2386
1747229760000,0.2405
1747229820000,0.2368
1747229880000,0.2303
1747229940000,0.2348
1747230000000,0.2303
1747230060000,0.232
1747230120000,0.2283
1747230180000,0.2218
1747230240000,0.2235
1747230300000,0.2316
1747230360000,0.2331
1747230420000,0.2361
1747230480000,0.227
1747230540000,0.2194
1747230600000,0.2252
1747230660000,0.2291
1747230720000,0.2192
1747230780000,0.2209
1747230840000,0.2145
1747230900000,0.2106
1747230960000,0.2249
1747231020000,0.2169
1747231080000,0.2128
1747231140000,0.213
1747231200000,0.2094
1747231260000,0.2252
1747231320000,0.214
1747231380000,0.2043
1747231440000,0.1999
1747231500000,0.2076
1747231560000,0.2074
1747231620000,0.1999
1747231680000,0.2
1747231740000,0.1987
1747231800000,0.2026
1747231860000,0.1965
1747231920000,0.1901
1747231980000,0.1925
1747232040000,0.1915
1747232100000,0.1896
1747232160000,0.1938
1747232220000,0.1966
1747232280000,0.1851
1747232340000,0.1855
1747232400000,0.1979
1747232460000,0.1949
1747232520000,0.1963
1747232580000,0.1898
1747232640000,0.1909
1747232700000,0.1941
1747232760000,0.1903
1747232820000,0.1839
1747232880000,0.1828
1747232940000,0.1813
1747233000000,0.1842
1747233060000,0.1933
1747233120000,0.1886
1747233180000,0.1785
1747233240000,0.1827
1747233300000,0.1858
1747233360000,0.186
1747233420000,0.1844
1747233480000,0.185
1747233540000,0.1737
1747233600000,0.1726
1747233660000,0.184
1747233720000,0.1793
1747233780000,0.1777
1747233840000,0.1801
1747233900000,0.1789
1747233960000,0.1898
1747234020000,0.1847
1747234080000,0.1808
1747234140000,0.1744
1747234200000,0.1746
1747234260000,0.1774
1747234320000,0.1781
1747234380000,0.176
1747234440000,0.18
1747234500000,0.1708
1747234560000,0.1703
1747234620000,0.1725
1747234680000,0.1718
1747234740000,0.1712
1747234800000,0.1681
1747234860000,0.1797
1747234920000,0.1833
1747234980000,0.1746
1747235040000,0.1736
1747235100000,0.1817
1747235160000,0.1834
1747235220000,0.1772
1747235280000,0.1781
1747235340000,0.1708
1747235400000,0.1684
1747235460000,0.1777
1747235520000,0.1737
1747235580000,0.1661
1747235640000,0.167
1747235700000,0.1681
1747235760000,0.1764
1747235820000,0.1786
1747235880000,0.1725
1747235940000,0.1678
1747236000000,0.1772
1747236060000,0.1776
1747236120000,0.1779
1747236180000,0.1788
1747236240000,0.1695
1747236300000,0.1693
1747236360000,0.1763
1747236420000,0.1673
1747236480000,0.1648
1747236540000,0.1669
1747236600000,0.1661
1747236660000,0.1722
1747236720000,0.1717
1747236780000,0.1656
1747236840000,0.1669
1747236900000,0.1734
1747236960000,0.1723
1747237020000,0.167
1747237080000,0.1646
1747237140000,0.1708
1747237200000,0.1713
1747237260000,0.1624
1747237320000,0.162
1747237380000,0.1677
1747237440000,0.1614
1747237500000,0.1597
1747237560000,0.1689
1747237620000,0.1676
1747237680000,0.1594
1747237740000,0.1606
1747237800000,0.1644
1747237860000,0.1673
1747237920000,0.1589
1747237980000,0.1577
1747238040000,0.1646
1747238100000,0.1665
1747238160000,0.1599
1747238220000,0.1638
1747238280000,0.1716
1747238340000,0.1642
1747238400000,0.1671
1747238460000,0.1773
1747238520000,0.1726
1747238580000,0.1685
1747238640000,0.1669
1747238700000,0.1647
1747238760000,0.1601
1747238820000,0.1562
1747238880000,0.1619
1747238940000,0.1584
1747239000000,0.1609
1747239060000,0.1593
1747239120000,0.1588
1747239180000,0.1595
1747239240000,0.1615
1747239300000,0.1636
1747239360000,0.1588
1747239420000,0.1599
1747239480000,0.1633
1747239540000,0.1587
1747239600000,0.1622
1747239660000,0.1848
1747239720000,0.1962
1747239780000,0.1628
1747239840000,0.2077
1747239900000,0.1839
1747239960000,0.1751
1747240020000,0.1651
1747240080000,0.1726
1747240140000,0.162
1747240200000,0.1603
1747240260000,0.1695
1747240320000,0.1623
1747240380000,0.1601
1747240440000,0.1628
1747240500000,0.1675
1747240560000,0.1609
1747240620000,0.1616
1747240680000,0.158
1747240740000,0.1592
1747240800000,0.1601
1747240860000,0.1601
1747240920000,0.1598
1747240980000,0.1619
1747241040000,0.1605
1747241100000,0.159
1747241160000,0.1584
1747241220000,0.1568
1747241280000,0.1557
1747241340000,0.1561
1747241400000,0.1557
1747241460000,0.1582
1747241520000,0.1566
1747241580000,0.1575
1747241640000,0.1576
1747241700000,0.156
1747241760000,0.1554
1747241820000,0.1582
1747241880000,0.1587
1747241940000,0.1596
1747242000000,0.1589
1747242060000,0.158
1747242120000,0.1584
1747242180000,0.1575
1747242240000,0.156
1747242300000,0.1554
1747242360000,0.1563
1747242420000,0.1558
1747242480000,0.158
1747242540000,0.1607
1747242600000,0.1592
1747242660000,0.1582
1747242720000,0.1561
1747242780000,0.1557
1747242840000,0.155
1747242900000,0.1545
1747242960000,0.1547
1747243020000,0.156
1747243080000,0.1543
1747243140000,0.1558
1747243200000,0.1545
1747243260000,0.1523
1747243320000,0.1543
1747243380000,0.1539
1747243440000,0.1567
1747243500000,0.1548
1747243560000,0.1544
1747243620000,0.153
1747243680000,0.1532
1747243740000,0.1533
1747243800000,0.1537
1747243860000,0.153
1747243920000,0.1519
1747243980000,0.153
1747244040000,0.1525
1747244100000,0.1508
1747244160000,0.1528
1747244220000,0.1524
1747244280000,0.1532
1747244340000,0.1543
1747244400000,0.1522
1747244460000,0.1507
1747244520000,0.1506
1747244580000,0.1541
1747244640000,0.15
1747244700000,0.1518
1747244760000,0.1519
1747244820000,0.1527
1747244880000,0.1513
1747244940000,0.1506
1747245000000,0.1502
1747245060000,0.1506
1747245120000,0.1532
1747245180000,0.1503
1747245240000,0.1531
1747245300000,0.1513
1747245360000,0.1513
1747245420000,0.1534
1747245480000,0.1528
1747245540000,0.154
1747245600000,0.1506
1747245660000,0.1584
1747245720000,0.155
1747245780000,0.1524
1747245840000,0.1538
1747245900000,0.1534
1747245960000,0.1541
1747246020000,0.1538
1747246080000,0.1576
1747246140000,0.1523
1747246200000,0.1553
1747246260000,0.1537
1747246320000,0.1521
1747246380000,0.1543
1747246440000,0.1531
1747246500000,0.1532
1747246560000,0.1524
1747246620000,0.1534
1747246680000,0.1525
1747246740000,0.1517
1747246800000,0.1531
1747246860000,0.1521
1747246920000,0.1506
1747246980000,0.1509
1747247040000,0.1509
1747247100000,0.1506
1747247160000,0.1532
1747247220000,0.1545
1747247280000,0.1531
1747247340000,0.1523
1747247400000,0.1531
1747247460000,0.1545
1747247520000,0.1567
1747247580000,0.1522
1747247640000,0.1519
1747247700000,0.154
1747247760000,0.1531
1747247820000,0.1537
1747247880000,0.1529
1747247940000,0.1523
1747248000000,0.153
1747248060000,0.1536
1747248120000,0.1521
1747248180000,0.1528
1747248240000,0.1509
1747248300000,0.1524
1747248360000,0.1554
1747248420000,0.1519
1747248480000,0.1508
1747248540000,0.1514
1747248600000,0.1495
1747248660000,0.1529
1747248720000,0.152
1747248780000,0.1552
1747248840000,0.1522
1747248900000,0.1519
1747248960000,0.1517
1747249020000,0.1512
1747249080000,0.1534
1747249140000,0.1521
1747249200000,0.1506
1747249260000,0.1601
1747249320000,0.1598
1747249380000,0.1556
1747249440000,0.1566
1747249500000,0.1594
1747249560000,0.1601
1747249620000,0.1552
1747249680000,0.1513
1747249740000,0.1585
1747249800000,0.1599
1747249860000,0.1554
1747249920000,0.1518
1747249980000,0.1593
1747250040000,0.1595
1747250100000,0.1499
1747250160000,0.1501
1747250220000,0.1583
1747250280000,0.1583
1747250340000,0.1514
1747250400000,0.1517
1747250460000,0.1622
1747250520000,0.1606
1747250580000,0.15
1747250640000,0.151
1747250700000,0.1582
1747250760000,0.1577
1747250820000,0.1505
1747250880000,0.153
1747250940000,0.1576
1747251000000,0.1584
1747251060000,0.1499
1747251120000,0.1522
1747251180000,0.1574
1747251240000,0.1576
1747251300000,0.1504
1747251360000,0.1504
1747251420000,0.1565
1747251480000,0.1569
1747251540000,0.1494
1747251600000,0.1498
1747251660000,0.1579
1747251720000,0.1595
1747251780000,0.1521
1747251840000,0.1521
1747251900000,0.1559
1747251960000,0.1565
1747252020000,0.1518
1747252080000,0.1572
1747252140000,0.1583
1747252200000,0.1598
1747252260000,0.1524
1747252320000,0.1545
1747252380000,0.1615
1747252440000,0.1604
1747252500000,0.156
1747252560000,0.1541
1747252620000,0.1604
1747252680000,0.1677
1747252740000,0.1526
1747252800000,0.1535
1747252860000,0.1667
1747252920000,0.1618
1747252980000,0.1539
1747253040000,0.1538
1747253100000,0.1615
1747253160000,0.1618
1747253220000,0.1522
1747253280000,0.1516
1747253340000,0.1591
1747253400000,0.1573
1747253460000,0.1519
1747253520000,0.1515
1747253580000,0.1581
1747253640000,0.1584
1747253700000,0.1517
1747253760000,0.1545
1747253820000,0.1583
1747253880000,0.1606
1747253940000,0.1544
1747254000000,0.1521
1747254060000,0.1603
1747254120000,0.161
1747254180000,0.1501
1747254240000,0.1515
1747254300000,0.1563
1747254360000,0.1563
1747254420000,0.1522
1747254480000,0.1508
1747254540000,0.1575
1747254600000,0.1582
1747254660000,0.1506
1747254720000,0.1516
1747254780000,0.1575
1747254840000,0.1588
1747254900000,0.1508
1747254960000,0.1524
1747255020000,0.1578
1747255080000,0.1558
1747255140000,0.151
1747255200000,0.1538
1747255260000,0.1579
1747255320000,0.1629
1747255380000,0.1512
1747255440000,0.1515
1747255500000,0.1575
1747255560000,0.1564
1747255620000,0.1525
1747255680000,0.1513
1747255740000,0.1602
1747255800000,0.1564
1747255860000,0.1511
1747255920000,0.1518
1747255980000,0.1593
1747256040000,0.1595
1747256100000,0.1516
1747256160000,0.1514
1747256220000,0.1581
1747256280000,0.1586
1747256340000,0.1516
1747256400000,0.1511
1747256460000,0.159
1747256520000,0.1574
1747256580000,0.1496
1747256640000,0.1515
1747256700000,0.1562
1747256760000,0.1565
1747256820000,0.1501
1747256880000,0.1511
1747256940000,0.1537
1747257000000,0.1572
1747257060000,0.1495
1747257120000,0.1504
1747257180000,0.1556
1747257240000,0.1575
1747257300000,0.1505
1747257360000,0.1503
1747257420000,0.1561
1747257480000,0.157
1747257540000,0.1498
1747257600000,0.1484
1747257660000,0.1562
1747257720000,0.1566
1747257780000,0.1488
1747257840000,0.1499
1747257900000,0.1563
1747257960000,0.1581
1747258020000,0.1513
1747258080000,0.153
1747258140000,0.1573
1747258200000,0.1566
1747258260000,0.1519
1747258320000,0.1512
1747258380000,0.1569
1747258440000,0.1572
1747258500000,0.151
1747258560000,0.1518
1747258620000,0.1573
1747258680000,0.1579
1747258740000,0.1517
1747258800000,0.1506
1747258860000,0.1568
1747258920000,0.1586
1747258980000,0.1509
1747259040000,0.1513
1747259100000,0.1573
1747259160000,0.1577
1747259220000,0.1507
1747259280000,0.1535
1747259340000,0.1606
1747259400000,0.1607
1747259460000,0.1528
1747259520000,0.1531
1747259580000,0.1586
1747259640000,0.1572
1747259700000,0.1499
1747259760000,0.1523
1747259820000,0.1623
1747259880000,0.1602
1747259940000,0.154
1747260000000,0.1536
1747260060000,0.1698
1747260120000,0.1672
1747260180000,0.1549
1747260240000,0.1559
1747260300000,0.1626
1747260360000,0.163
1747260420000,0.1559
1747260480000,0.1582
1747260540000,0.1665
1747260600000,0.1694
1747260660000,0.1581
1747260720000,0.1601
1747260780000,0.1656
1747260840000,0.1662
1747260900000,0.1573
1747260960000,0.1596
1747261020000,0.1686
1747261080000,0.1671
1747261140000,0.1596
1747261200000,0.1588
1747261260000,0.1658
1747261320000,0.1668
1747261380000,0.16
1747261440000,0.1634
1747261500000,0.1657
1747261560000,0.168
1747261620000,0.1616
1747261680000,0.162
1747261740000,0.1694
1747261800000,0.1711
1747261860000,0.1655
1747261920000,0.1683
1747261980000,0.1707
1747262040000,0.1719
1747262100000,0.1613
1747262160000,0.1625
1747262220000,0.1706
1747262280000,0.1678
1747262340000,0.1622
1747262400000,0.1613
1747262460000,0.1713
1747262520000,0.1703
1747262580000,0.1639
1747262640000,0.1646
1747262700000,0.1722
1747262760000,0.1746
1747262820000,0.1654
1747262880000,0.1683
1747262940000,0.1745
1747263000000,0.1789
1747263060000,0.1717
1747263120000,0.1728
1747263180000,0.1755
1747263240000,0.1813
1747263300000,0.1799
1747263360000,0.1744
1747263420000,0.1858
1747263480000,0.1866
1747263540000,0.1795
1747263600000,0.1822
1747263660000,0.1852
1747263720000,0.1871
1747263780000,0.187
1747263840000,0.1848
1747263900000,0.1863
1747263960000,0.1881
1747264020000,0.179
1747264080000,0.1829
1747264140000,0.1888
1747264200000,0.1904
1747264260000,0.1872
1747264320000,0.1884
1747264380000,0.1927
1747264440000,0.1913
1747264500000,0.192
1747264560000,0.1909
1747264620000,0.1987
1747264680000,0.1981
1747264740000,0.1921
1747264800000,0.193
1747264860000,0.1994
1747264920000,0.2014
1747264980000,0.203
1747265040000,0.1931
1747265100000,0.2026
1747265160000,0.2001
1747265220000,0.1976
1747265280000,0.198
1747265340000,0.2021
1747265400000,0.1984
1747265460000,0.2088
1747265520000,0.2152
1747265580000,0.2014
1747265640000,0.2101
1747265700000,0.2099
1747265760000,0.2032
1747265820000,0.2101
1747265880000,0.2183
1747265940000,0.2083
1747266000000,0.2112
1747266060000,0.2104
1747266120000,0.2054
1747266180000,0.2139
1747266240000,0.2176
1747266300000,0.2187
1747266360000,0.2155
1747266420000,0.2259
1747266480000,0.2331
1747266540000,0.2213
1747266600000,0.2227
1747266660000,0.218
1747266720000,0.2249
1747266780000,0.2374
1747266840000,0.226
1747266900000,0.2293
1747266960000,0.2284
1747267020000,0.2229
1747267080000,0.2334
1747267140000,0.2372
1747267200000,0.2442
1747267260000,0.2581
1747267320000,0.2575
1747267380000,0.231
1747267440000,0.233
1747267500000,0.2488
1747267560000,0.2556
1747267620000,0.2438
1747267680000,0.2451
1747267740000,0.24
1747267800000,0.2354
1747267860000,0.2489
1747267920000,0.248
1747267980000,0.2495
1747268040000,0.2533
1747268100000,0.2486
1747268160000,0.2609
1747268220000,0.2524
1747268280000,0.2535
1747268340000,0.2509
1747268400000,0.269
1747268460000,0.2594
1747268520000,0.2682
1747268580000,0.2741
1747268640000,0.2662
1747268700000,0.2719
1747268760000,0.2753
1747268820000,0.2702
1747268880000,0.2815
1747268940000,0.2691
1747269000000,0.2919
1747269060000,0.271
1747269120000,0.2683
1747269180000,0.2723
1747269240000,0.2665
1747269300000,0.2765
1747269360000,0.271
1747269420000,0.272
1747269480000,0.2774
1747269540000,0.2784
1747269600000,0.2918
1747269660000,0.2835
1747269720000,0.2824
1747269780000,0.2825
1747269840000,0.2878
1747269900000,0.2806
1747269960000,0.2736
1747270020000,0.2771
1747270080000,0.2809
1747270140000,0.2876
1747270200000,0.2795
1747270260000,0.2804
1747270320000,0.2796
1747270380000,0.2794
1747270440000,0.2861
1747270500000,0.2843
1747270560000,0.2833
1747270620000,0.2894
1747270680000,0.2845
1747270740000,0.3109
1747270800000,0.3063
1747270860000,0.295
1747270920000,0.2865
1747270980000,0.2841
1747271040000,0.2825
1747271100000,0.2934
1747271160000,0.2904
1747271220000,0.2962
1747271280000,0.2934
1747271340000,0.3015
1747271400000,0.2944
1747271460000,0.2952
1747271520000,0.2903
1747271580000,0.2947
1747271640000,0.2954
1747271700000,0.3042
1747271760000,0.307
1747271820000,0.3018
1747271880000,0.2973
1747271940000,0.2959
1747272000000,0.3002
1747272060000,0.3003
1747272120000,0.2872
1747272180000,0.3025
1747272240000,0.2936
1747272300000,0.3002
1747272360000,0.2882
1747272420000,0.2937
1747272480000,0.2935
1747272540000,0.2951
1747272600000,0.3228
1747272660000,0.2988
1747272720000,0.3001
1747272780000,0.3018
1747272840000,0.2899
1747272900000,0.2933
1747272960000,0.2959
1747273020000,0.2896
1747273080000,0.2885
1747273140000,0.3068
1747273200000,0.3059
1747273260000,0.2951
1747273320000,0.2979
1747273380000,0.3122
1747273440000,0.2958
1747273500000,0.3076
1747273560000,0.3083
1747273620000,0.3032
1747273680000,0.2966
1747273740000,0.2995
1747273800000,0.3013
1747273860000,0.3153
1747273920000,0.3065
1747273980000,0.3143
1747274040000,0.3103
1747274100000,0.3128
1747274160000,0.3028
1747274220000,0.312
1747274280000,0.3037
1747274340000,0.3044
1747274400000,0.2985
1747274460000,0.3173
1747274520000,0.3075
1747274580000,0.3063
1747274640000,0.2934
1747274700000,0.3133
1747274760000,0.3065
1747274820000,0.3043
1747274880000,0.3023
1747274940000,0.3079
1747275000000,0.3062
1747275060000,0.3042
1747275120000,0.2872
1747275180000,0.2995
1747275240000,0.3009
1747275300000,0.298
1747275360000,0.3138
1747275420000,0.315
1747275480000,0.3085
1747275540000,0.3068
1747275600000,0.315
1747275660000,0.314
1747275720000,0.3012
1747275780000,0.3041
1747275840000,0.3221
1747275900000,0.3114
1747275960000,0.3131
1747276020000,0.3021
1747276080000,0.3219
1747276140000,0.3184
1747276200000,0.3199
1747276260000,0.3156
1747276320000,0.3166
1747276380000,0.316
1747276440000,0.3002
1747276500000,0.3197
1747276560000,0.3209
1747276620000,0.3045
1747276680000,0.3099
1747276740000,0.3179
1747276800000,0.3144
1747276860000,0.3206
1747276920000,0.3159
1747276980000,0.3167
1747277040000,0.312
1747277100000,0.317
1747277160000,0.315
1747277220000,0.3144
1747277280000,0.31
1747277340000,0.3071
1747277400000,0.3087
1747277460000,0.3104
1747277520000,0.3038
1747277580000,0.3117
1747277640000,0.3083
1747277700000,0.3085
1747277760000,0.3027
1747277820000,0.2964
1747277880000,0.3124
1747277940000,0.3114
1747278000000,0.3127
1747278060000,0.3238
1747278120000,0.3129
1747278180000,0.3166
1747278240000,0.3117
1747278300000,0.3197
1747278360000,0.3163
1747278420000,0.306
1747278480000,0.3141
1747278540000,0.3202
1747278600000,0.3179
1747278660000,0.3016
1747278720000,0.3051
1747278780000,0.3152
1747278840000,0.3177
1747278900000,0.2941
1747278960000,0.3015
1747279020000,0.3013
1747279080000,0.3107
1747279140000,0.3132
1747279200000,0.316
1747279260000,0.3089
1747279320000,0.3047
1747279380000,0.3087
1747279440000,0.3072
1747279500000,0.2868
1747279560000,0.2855
1747279620000,0.2967
1747279680000,0.2951
1747279740000,0.3001
1747279800000,0.2965
1747279860000,0.3044
1747279920000,0.2987
1747279980000,0.2935
1747280040000,0.3054
1747280100000,0.3014
1747280160000,0.3017
1747280220000,0.2897
1747280280000,0.2934
1747280340000,0.3162
1747280400000,0.3225
1747280460000,0.3147
1747280520000,0.2964
1747280580000,0.2932
1747280640000,0.2934
1747280700000,0.2919
1747280760000,0.2938
1747280820000,0.3104
1747280880000,0.3123
1747280940000,0.2863
1747281000000,0.2873
1747281060000,0.2962
1747281120000,0.2967
1747281180000,0.2877
1747281240000,0.2955
1747281300000,0.2984
1747281360000,0.2891
1747281420000,0.296
1747281480000,0.2898
1747281540000,0.2891
1747281600000,0.3001
1747281660000,0.3073
1747281720000,0.283
1747281780000,0.3021
1747281840000,0.2858
1747281900000,0.2825
1747281960000,0.292
1747282020000,0.3007
1747282080000,0.2725
1747282140000,0.2927
1747282200000,0.2856
1747282260000,0.2833
1747282320000,0.282
1747282380000,0.2827
1747282440000,0.2896
1747282500000,0.2794
1747282560000,0.2938
1747282620000,0.286
1747282680000,0.2853
1747282740000,0.2816
1747282800000,0.2872
1747282860000,0.2844
1747282920000,0.2954
1747282980000,0.2836
1747283040000,0.2859
1747283100000,0.2872
1747283160000,0.2897
1747283220000,0.2887
1747283280000,0.2818
1747283340000,0.2786
1747283400000,0.2887
1747283460000,0.2706
1747283520000,0.283
1747283580000,0.2819
1747283640000,0.2892
1747283700000,0.2709
1747283760000,0.2786
1747283820000,0.2804
1747283880000,0.2767
1747283940000,0.2739
1747284000000,0.2765
1747284060000,0.2773
1747284120000,0.2803
1747284180000,0.2746
1747284240000,0.2735
1747284300000,0.282
1747284360000,0.2696
1747284420000,0.2682
1747284480000,0.2781
1747284540000,0.2702
1747284600000,0.2634
1747284660000,0.2686
1747284720000,0.2706
1747284780000,0.2735
1747284840000,0.2782
1747284900000,0.2709
1747284960000,0.2648
1747285020000,0.269
1747285080000,0.2798
1747285140000,0.2788
1747285200000,0.2834
1747285260000,0.267
1747285320000,0.2779
1747285380000,0.2681
1747285440000,0.281
1747285500000,0.2734
1747285560000,0.2661
1747285620000,0.2688
1747285680000,0.2611
1747285740000,0.2654
1747285800000,0.2717
1747285860000,0.2767
1747285920000,0.2663
1747285980000,0.2692
1747286040000,0.2662
1747286100000,0.2649
1747286160000,0.2681
1747286220000,0.2639
1747286280000,0.2697
1747286340000,0.2627
1747286400000,0.2525
1747286460000,0.2609
1747286520000,0.2634
1747286580000,0.265
1747286640000,0.2692
1747286700000,0.2613
1747286760000,0.2746
1747286820000,0.2648
1747286880000,0.2695
1747286940000,0.2721
1747287000000,0.273
1747287060000,0.2592
1747287120000,0.2827
1747287180000,0.2628
1747287240000,0.2757
1747287300000,0.2643
1747287360000,0.2585
1747287420000,0.2618
1747287480000,0.2626
1747287540000,0.2593
1747287600000,0.2542
1747287660000,0.2535
1747287720000,0.2661
1747287780000,0.2659
1747287840000,0.2742
1747287900000,0.2611
1747287960000,0.2696
1747288020000,0.2722
1747288080000,0.2608
1747288140000,0.2677
1747288200000,0.262
1747288260000,0.2647
1747288320000,0.2737
1747288380000,0.2663
1747288440000,0.2659
1747288500000,0.2639
1747288560000,0.2693
1747288620000,0.267
1747288680000,0.2681
1747288740000,0.2638
1747288800000,0.2626
1747288860000,0.2702
1747288920000,0.2617
1747288980000,0.26
1747289040000,0.2628
1747289100000,0.2869
1747289160000,0.2628
1747289220000,0.2694
1747289280000,0.2699
1747289340000,0.2592
1747289400000,0.2652
1747289460000,0.2754
1747289520000,0.2739
1747289580000,0.2771
1747289640000,0.2642
1747289700000,0.266
1747289760000,0.2603
1747289820000,0.2613
1747289880000,0.2649
1747289940000,0.2719
1747290000000,0.2704
1747290060000,0.283
1747290120000,0.2775
1747290180000,0.2708
1747290240000,0.265
1747290300000,0.2617
1747290360000,0.2798
1747290420000,0.2702
1747290480000,0.2764
1747290540000,0.2825
1747290600000,0.2796
1747290660000,0.2837
1747290720000,0.2688
1747290780000,0.2685
1747290840000,0.2749
1747290900000,0.2735
1747290960000,0.2718
1747291020000,0.276
1747291080000,0.2598
1747291140000,0.2619
1747291200000,0.2836
1747291260000,0.2875
1747291320000,0.2877
1747291380000,0.2832
1747291440000,0.2811
1747291500000,0.2804
1747291560000,0.2794
1747291620000,0.2744
1747291680000,0.2889
1747291740000,0.2856
1747291800000,0.273
1747291860000,0.2762
1747291920000,0.287
1747291980000,0.2846
1747292040000,0.2798
1747292100000,0.2848
1747292160000,0.2812
1747292220000,0.2881
1747292280000,0.3114
1747292340000,0.2843
1747292400000,0.2758
1747292460000,0.2897
1747292520000,0.2843
1747292580000,0.2947
1747292640000,0.2879
1747292700000,0.2913
1747292760000,0.2953
1747292820000,0.2881
1747292880000,0.2786
1747292940000,0.2868
1747293000000,0.321
1747293060000,0.2828
1747293120000,0.2894
1747293180000,0.2957
1747293240000,0.2847
1747293300000,0.2912
1747293360000,0.2899
1747293420000,0.2847
1747293480000,0.2937
1747293540000,0.2947
1747293600000,0.2944
1747293660000,0.2838
1747293720000,0.3015
1747293780000,0.3007
1747293840000,0.2898
1747293900000,0.2886
1747293960000,0.2897
1747294020000,0.2821
1747294080000,0.2838
1747294140000,0.2869
1747294200000,0.3029
1747294260000,0.3096
1747294320000,0.3091
1747294380000,0.2842
1747294440000,0.296
1747294500000,0.2912
1747294560000,0.2835
1747294620000,0.2905
1747294680000,0.2914
1747294740000,0.3088
1747294800000,0.3105
1747294860000,0.2967
1747294920000,0.3071
1747294980000,0.3005
1747295040000,0.2996
1747295100000,0.3107
1747295160000,0.3309
1747295220000,0.2962
1747295280000,0.2926
1747295340000,0.2916
1747295400000,0.2933
1747295460000,0.2997
1747295520000,0.3135
1747295580000,0.3165
1747295640000,0.3067
1747295700000,0.3004
1747295760000,0.3039
1747295820000,0.3064
1747295880000,0.3263
1747295940000,0.3103
1747296000000,0.301
1747296060000,0.314
1747296120000,0.3105
1747296180000,0.3113
1747296240000,0.3078
1747296300000,0.3282
1747296360000,0.328
1747296420000,0.3216
1747296480000,0.3163
1747296540000,0.3282
1747296600000,0.3268
1747296660000,0.3058
1747296720000,0.3052
1747296780000,0.3025
1747296840000,0.3243
1747296900000,0.3272
1747296960000,0.3111
1747297020000,0.3192
1747297080000,0.3128
1747297140000,0.3246
1747297200000,0.3084
1747297260000,0.3204
1747297320000,0.3208
1747297380000,0.3164
1747297440000,0.3267
1747297500000,0.3307
1747297560000,0.3309
1747297620000,0.3241
1747297680000,0.3235
1747297740000,0.333
1747297800000,0.3388
1747297860000,0.3242
1747297920000,0.3137
1747297980000,0.3272
1747298040000,0.3228
1747298100000,0.3262
1747298160000,0.3249
1747298220000,0.3388
1747298280000,0.3294
1747298340000,0.3286
1747298400000,0.3287
1747298460000,0.3314
1747298520000,0.3367
1747298580000,0.3251
1747298640000,0.3301
1747298700000,0.3383
1747298760000,0.3383
1747298820000,0.345
1747298880000,0.3325
1747298940000,0.3397
1747299000000,0.3345
1747299060000,0.3344
1747299120000,0.3306
1747299180000,0.3392
1747299240000,0.3271
1747299300000,0.3254
1747299360000,0.3245
1747299420000,0.3277
1747299480000,0.3424
1747299540000,0.335
1747299600000,0.3382
1747299660000,0.3335
1747299720000,0.338
1747299780000,0.3297
1747299840000,0.3384
1747299900000,0.3254
1747299960000,0.3372
1747300020000,0.3431
1747300080000,0.3297
1747300140000,0.3277
1747300200000,0.3327
1747300260000,0.3439
1747300320000,0.3372
1747300380000,0.3353
1747300440000,0.3498
1747300500000,0.3453
1747300560000,0.3324
1747300620000,0.3264
1747300680000,0.3249
1747300740000,0.3087
1747300800000,0.3257
1747300860000,0.3436
1747300920000,0.3365
1747300980000,0.3516
1747301040000,0.3418
1747301100000,0.315
1747301160000,0.297
1747301220000,0.3021
1747301280000,0.304
1747301340000,0.312
1747301400000,0.3133
1747301460000,0.3194
1747301520000,0.329
1747301580000,0.3594
1747301640000,0.3998
1747301700000,0.3831
1747301760000,0.3476
1747301820000,0.3331
1747301880000,0.3403
1747301940000,0.3416
1747302000000,0.3334
1747302060000,0.3892
1747302120000,0.3793
1747302180000,0.3849
1747302240000,0.387
1747302300000,0.3779
1747302360000,0.3964
1747302420000,0.4147
