timestamp,middleware_notify_receive_rt
1747042380000,40.4971
1747042440000,38.8825
1747042500000,38.1735
1747042560000,39.4785
1747042620000,38.5019
1747042680000,37.4235
1747042740000,37.8837
1747042800000,39.2264
1747042860000,39.3087
1747042920000,39.5319
1747042980000,38.8053
1747043040000,40.271
1747043100000,36.8621
1747043160000,38.1451
1747043220000,36.0087
1747043280000,39.0694
1747043340000,38.737
1747043400000,36.9791
1747043460000,37.7324
1747043520000,36.7865
1747043580000,38.2219
1747043640000,39.5139
1747043700000,37.9391
1747043760000,37.4523
1747043820000,40.6271
1747043880000,39.6652
1747043940000,39.5865
1747044000000,38.1102
1747044060000,37.4816
1747044120000,37.2318
1747044180000,37.9812
1747044240000,38.1993
1747044300000,37.4084
1747044360000,38.2766
1747044420000,39.0454
1747044480000,37.3581
1747044540000,38.5222
1747044600000,37.0794
1747044660000,36.6872
1747044720000,37.5769
1747044780000,37.717
1747044840000,39.2058
1747044900000,37.7434
1747044960000,36.0022
1747045020000,37.6716
1747045080000,39.4325
1747045140000,38.2908
1747045200000,35.0264
1747045260000,35.9808
1747045320000,36.9453
1747045380000,37.0179
1747045440000,38.3416
1747045500000,36.157
1747045560000,36.5145
1747045620000,36.176
1747045680000,36.3364
1747045740000,36.4468
1747045800000,34.7463
1747045860000,35.062
1747045920000,36.8531
1747045980000,35.3738
1747046040000,34.4161
1747046100000,33.2166
1747046160000,37.6973
1747046220000,34.3391
1747046280000,34.916
1747046340000,35.1633
1747046400000,34.5059
1747046460000,35.7865
1747046520000,37.1287
1747046580000,35.6204
1747046640000,36.0848
1747046700000,35.7458
1747046760000,34.8017
1747046820000,34.7268
1747046880000,35.4501
1747046940000,36.0649
1747047000000,34.3606
1747047060000,35.1791
1747047120000,35.0159
1747047180000,33.8157
1747047240000,33.0434
1747047300000,33.9558
1747047360000,33.6965
1747047420000,34.2333
1747047480000,35.2683
1747047540000,35.2625
1747047600000,33.3527
1747047660000,32.8178
1747047720000,32.0949
1747047780000,33.0423
1747047840000,33.8682
1747047900000,33.9689
1747047960000,31.8644
1747048020000,32.4806
1747048080000,32.3881
1747048140000,32.7349
1747048200000,32.3941
1747048260000,32.6991
1747048320000,33.4091
1747048380000,33.2628
1747048440000,32.9013
1747048500000,33.7828
1747048560000,32.539
1747048620000,29.9399
1747048680000,32.2454
1747048740000,32.7422
1747048800000,33.1947
1747048860000,31.9171
1747048920000,31.7301
1747048980000,32.8336
1747049040000,32.7653
1747049100000,31.5703
1747049160000,31.5177
1747049220000,32.8398
1747049280000,32.1585
1747049340000,33.603
1747049400000,33.3309
1747049460000,31.3292
1747049520000,30.7374
1747049580000,31.7952
1747049640000,32.5935
1747049700000,32.3411
1747049760000,31.6349
1747049820000,31.4741
1747049880000,29.8663
1747049940000,31.4002
1747050000000,32.916
1747050060000,34.3053
1747050120000,33.2266
1747050180000,32.4955
1747050240000,33.0898
1747050300000,32.8068
1747050360000,31.8068
1747050420000,33.8456
1747050480000,32.898
1747050540000,32.0137
1747050600000,32.6526
1747050660000,33.3663
1747050720000,32.0739
1747050780000,32.8818
1747050840000,33.5549
1747050900000,32.5139
1747050960000,33.8399
1747051020000,33.4829
1747051080000,34.6761
1747051140000,34.4695
1747051200000,32.256
1747051260000,32.5883
1747051320000,33.2101
1747051380000,33.5389
1747051440000,33.3288
1747051500000,32.0835
1747051560000,34.192
1747051620000,34.1396
1747051680000,32.8151
1747051740000,34.1474
1747051800000,33.5225
1747051860000,32.8538
1747051920000,34.6816
1747051980000,33.1038
1747052040000,33.7525
1747052100000,34.0439
1747052160000,34.0649
1747052220000,34.3865
1747052280000,32.6245
1747052340000,32.6795
1747052400000,33.7415
1747052460000,32.0551
1747052520000,32.4923
1747052580000,33.7583
1747052640000,32.5442
1747052700000,34.1283
1747052760000,32.8691
1747052820000,33.4472
1747052880000,34.4917
1747052940000,34.7859
1747053000000,33.9558
1747053060000,34.4234
1747053120000,33.2249
1747053180000,31.7972
1747053240000,31.5919
1747053300000,34.2279
1747053360000,34.0869
1747053420000,31.1398
1747053480000,33.1126
1747053540000,32.9639
1747053600000,33.6806
1747053660000,34.2643
1747053720000,33.429
1747053780000,33.0404
1747053840000,33.7481
1747053900000,35.075
1747053960000,32.4233
1747054020000,31.4381
1747054080000,33.645
1747054140000,31.7802
1747054200000,32.3175
1747054260000,31.8003
1747054320000,34.89
1747054380000,32.5431
1747054440000,36.0428
1747054500000,33.9449
1747054560000,33.957
1747054620000,34.2699
1747054680000,34.6903
1747054740000,36.181
1747054800000,34.7123
1747054860000,33.4124
1747054920000,35.1499
1747054980000,34.8495
1747055040000,35.047
1747055100000,34.1847
1747055160000,32.5878
1747055220000,33.3194
1747055280000,34.0715
1747055340000,33.8573
1747055400000,34.9733
1747055460000,36.2021
1747055520000,34.4761
1747055580000,35.5124
1747055640000,36.2005
1747055700000,38.5663
1747055760000,36.6619
1747055820000,36.7845
1747055880000,36.2759
1747055940000,37.9731
1747056000000,36.3347
1747056060000,34.0887
1747056120000,35.7396
1747056180000,37.1795
1747056240000,36.0026
1747056300000,37.8128
1747056360000,37.7186
1747056420000,37.7006
1747056480000,36.6503
1747056540000,39.1366
1747056600000,39.7592
1747056660000,37.7718
1747056720000,37.4272
1747056780000,38.5788
1747056840000,38.6969
1747056900000,37.1018
1747056960000,39.4576
1747057020000,39.1177
1747057080000,40.5057
1747057140000,38.9656
1747057200000,39.1202
1747057260000,40.9688
1747057320000,40.1886
1747057380000,42.9243
1747057440000,41.6118
1747057500000,42.2623
1747057560000,41.1673
1747057620000,40.9459
1747057680000,40.7477
1747057740000,41.2433
1747057800000,44.3709
1747057860000,41.451
1747057920000,40.075
1747057980000,43.4267
1747058040000,38.8528
1747058100000,42.5667
1747058160000,39.4681
1747058220000,39.7594
1747058280000,38.9156
1747058340000,36.6463
1747058400000,36.4188
1747058460000,38.1644
1747058520000,38.5755
1747058580000,39.8326
1747058640000,36.2251
1747058700000,39.2047
1747058760000,36.0946
1747058820000,34.4472
1747058880000,34.2428
1747058940000,36.0195
1747059000000,35.9432
1747059060000,39.6714
1747059120000,39.9834
1747059180000,35.7424
1747059240000,38.6741
1747059300000,38.5728
1747059360000,37.3668
1747059420000,38.2895
1747059480000,34.4117
1747059540000,33.4623
1747059600000,36.5128
1747059660000,39.8532
1747059720000,32.8748
1747059780000,22.3965
1747059840000,36.5464
1747059900000,31.1254
1747059960000,34.8386
1747060020000,33.7655
1747060080000,29.9071
1747060140000,27.842
1747060200000,28.577
1747060260000,36.8353
1747060320000,26.815
1747060380000,27.9778
1747060440000,33.7715
1747060500000,26.5797
1747060560000,25.9105
1747060620000,27.2654
1747060680000,23.0126
1747060740000,25.6657
1747060800000,23.8122
1747060860000,29.382
1747060920000,21.1544
1747060980000,31.3187
1747061040000,26.4846
1747061100000,28.5246
1747061160000,26.0466
1747061220000,26.5708
1747061280000,25.4216
1747061340000,19.5751
1747061400000,29.0667
1747061460000,27.6274
1747061520000,22.5261
1747061580000,27.9293
1747061640000,24.3638
1747061700000,21.1955
1747061760000,22.711
1747061820000,32.2754
1747061880000,30.6967
1747061940000,29.4394
1747062000000,21.8531
1747062060000,26.076
1747062120000,28.764
1747062180000,27.3358
1747062240000,29.1702
1747062300000,19.3352
1747062360000,23.4142
1747062420000,22.5856
1747062480000,12.8839
1747062540000,12.3416
1747062600000,12.8115
1747062660000,16.1757
1747062720000,15.1573
1747062780000,14.334
1747062840000,20.2702
1747062900000,14.4934
1747062960000,15.9655
1747063020000,20.3377
1747063080000,28.9505
1747063140000,26.1517
1747063200000,19.0832
1747063260000,24.1616
1747063320000,15.7024
1747063380000,17.2469
1747063440000,20.3025
1747063500000,15.6892
1747063560000,12.9169
1747063620000,17.6411
1747063680000,15.4676
1747063740000,20.3178
1747063800000,14.144
1747063860000,27.5201
1747063920000,26.7554
1747063980000,18.7272
1747064040000,14.2896
1747064100000,19.125
1747064160000,18.0085
1747064220000,11.8635
1747064280000,13.8585
1747064340000,19.3224
1747064400000,20.3232
1747064460000,17.2721
1747064520000,15.3989
1747064580000,16.1981
1747064640000,17.2732
1747064700000,17.026
1747064760000,20.4378
1747064820000,12.4519
1747064880000,25.5995
1747064940000,30.287
1747065000000,25.8953
1747065060000,21.5006
1747065120000,19.5135
1747065180000,23.6715
1747065240000,19.4029
1747065300000,19.8958
1747065360000,22.8105
1747065420000,22.57
1747065480000,16.871
1747065540000,19.904
1747065600000,33.7643
1747065660000,24.8933
1747065720000,39.4104
1747065780000,37.8372
1747065840000,27.5782
1747065900000,23.7155
1747065960000,20.6735
1747066020000,22.901
1747066080000,24.4695
1747066140000,19.0498
1747066200000,20.3421
1747066260000,26.5809
1747066320000,30.6097
1747066380000,21.8214
1747066440000,19.4341
1747066500000,22.9085
1747066560000,27.4799
1747066620000,22.8642
1747066680000,22.4073
1747066740000,27.9182
1747066800000,21.4834
1747066860000,24.2927
1747066920000,30.0467
1747066980000,24.0126
1747067040000,25.501
1747067100000,33.3219
1747067160000,34.1017
1747067220000,35.2113
1747067280000,24.3645
1747067340000,25.9964
1747067400000,27.8115
1747067460000,30.6355
1747067520000,26.0752
1747067580000,37.6793
1747067640000,34.3401
1747067700000,41.4552
1747067760000,30.0487
1747067820000,34.2786
1747067880000,42.7368
1747067940000,36.6688
1747068000000,31.5289
1747068060000,35.6821
1747068120000,38.243
1747068180000,31.2996
1747068240000,23.299
1747068300000,36.8088
1747068360000,35.1848
1747068420000,48.1523
1747068480000,41.7304
1747068540000,35.5312
1747068600000,31.8659
1747068660000,32.5806
1747068720000,31.7355
1747068780000,30.2272
1747068840000,28.241
1747068900000,41.4146
1747068960000,35.4722
1747069020000,33.8382
1747069080000,31.2485
1747069140000,33.1665
1747069200000,38.8777
1747069260000,35.5022
1747069320000,34.4734
1747069380000,46.6644
1747069440000,40.1394
1747069500000,30.074
1747069560000,45.5761
1747069620000,40.3657
1747069680000,35.8102
1747069740000,30.1139
1747069800000,29.5332
1747069860000,43.4307
1747069920000,34.8394
1747069980000,28.2778
1747070040000,34.9877
1747070100000,31.2252
1747070160000,39.64
1747070220000,50.3046
1747070280000,46.8203
1747070340000,43.6564
1747070400000,41.1133
1747070460000,32.5106
1747070520000,33.5482
1747070580000,37.9735
1747070640000,57.2465
1747070700000,51.8524
1747070760000,34.1875
1747070820000,30.3578
1747070880000,31.9946
1747070940000,40.7846
1747071000000,29.8433
1747071060000,34.2437
1747071120000,20.4168
1747071180000,36.5448
1747071240000,35.191
1747071300000,25.217
1747071360000,33.5796
1747071420000,19.5033
1747071480000,20.9813
1747071540000,19.2943
1747071600000,22.2022
1747071660000,17.0669
1747071720000,20.018
1747071780000,26.2457
1747071840000,36.8321
1747071900000,30.8889
1747071960000,18.1898
1747072020000,18.3324
1747072080000,19.3062
1747072140000,29.2696
1747072200000,30.0124
1747072260000,23.0179
1747072320000,30.1803
1747072380000,17.3835
1747072440000,21.1391
1747072500000,35.3452
1747072560000,30.9853
1747072620000,36.5692
1747072680000,20.0409
1747072740000,19.7682
1747072800000,21.9967
1747072860000,40.6959
1747072920000,29.887
1747072980000,44.9421
1747073040000,25.493
1747073100000,18.495
1747073160000,25.3659
1747073220000,53.2382
1747073280000,40.1128
1747073340000,52.5894
1747073400000,40.1619
1747073460000,45.4598
1747073520000,32.6454
1747073580000,34.7262
1747073640000,43.0201
1747073700000,36.1607
1747073760000,13.18
1747073820000,28.15
1747073880000,36.5774
1747073940000,22.4825
1747074000000,15.2621
1747074060000,35.7124
1747074120000,40.5833
1747074180000,24.784
1747074240000,18.254
1747074300000,44.1584
1747074360000,22.0164
1747074420000,15.2871
1747074480000,30.8796
1747074540000,52.7608
1747074600000,58.6345
1747074660000,36.8859
1747074720000,49.3896
1747074780000,37.6395
1747074840000,28.5975
1747074900000,25.7884
1747074960000,20.7401
1747075020000,27.1107
1747075080000,26.3574
1747075140000,13.8883
1747075200000,22.6729
1747075260000,34.845
1747075320000,16.9336
1747075380000,18.6667
1747075440000,12.7629
1747075500000,15.934
1747075560000,15.4645
1747075620000,18.7423
1747075680000,33.205
1747075740000,19.7294
1747075800000,26.7943
1747075860000,18.4477
1747075920000,8.0851
1747075980000,14.553
1747076040000,15.2959
1747076100000,19.9272
1747076160000,15.4756
1747076220000,18.6716
1747076280000,22.1756
1747076340000,19.476
1747076400000,38.4771
1747076460000,38.2424
1747076520000,18.7583
1747076580000,42.3901
1747076640000,75.5371
1747076700000,56.0267
1747076760000,83.6538
1747076820000,56.1647
1747076880000,41.608
1747076940000,50.1932
1747077000000,49.8438
1747077060000,18.8021
1747077120000,27.2066
1747077180000,30.1667
1747077240000,37.4103
1747077300000,46.0216
1747077360000,26.725
1747077420000,32.6461
1747077480000,17.4737
1747077540000,38.5305
1747077600000,54.8608
1747077660000,18.7716
1747077720000,41.1106
1747077780000,24.5904
1747077840000,34.0543
1747077900000,59.0638
1747077960000,39.8277
1747078020000,23.4747
1747078080000,30.0549
1747078140000,28.4739
1747078200000,46.929
1747078260000,45.9953
1747078320000,39.3224
1747078380000,16.0573
1747078440000,13.7039
1747078500000,24.2123
1747078560000,13.6802
1747078620000,15.0
1747078680000,47.2865
1747078740000,52.1345
1747078800000,39.6863
1747078860000,33.7486
1747078920000,29.7514
1747078980000,20.1237
1747079040000,31.2708
1747079100000,7.4354
1747079160000,28.7565
1747079220000,19.3522
1747079280000,52.3333
1747079340000,32.5628
1747079400000,27.8384
1747079460000,35.1245
1747079520000,22.5159
1747079580000,10.1484
1747079640000,12.8042
1747079700000,23.7529
1747079760000,45.6409
1747079820000,38.6871
1747079880000,46.7202
1747079940000,70.0245
1747080000000,48.5618
1747080060000,33.8475
1747080120000,33.8976
1747080180000,11.2774
1747080240000,21.0064
1747080300000,39.0379
1747080360000,50.3431
1747080420000,43.949
1747080480000,30.6568
1747080540000,26.183
1747080600000,16.4933
1747080660000,22.2
1747080720000,19.2973
1747080780000,27.0539
1747080840000,15.3803
1747080900000,11.3596
1747080960000,11.5916
1747081020000,34.7012
1747081080000,27.0328
1747081140000,40.485
1747081200000,26.84
1747081260000,28.8041
1747081320000,14.6096
1747081380000,26.6421
1747081440000,41.437
1747081500000,11.314
1747081560000,18.8636
1747081620000,41.2878
1747081680000,29.8846
1747081740000,9.461
1747081800000,11.6263
1747081860000,19.9414
1747081920000,31.2315
1747081980000,13.6421
1747082040000,21.0769
1747082100000,21.2727
1747082160000,17.9045
1747082220000,48.6189
1747082280000,42.8323
1747082340000,17.1724
1747082400000,21.6701
1747082460000,13.8795
1747082520000,19.0516
1747082580000,6.0301
1747082640000,61.3162
1747082700000,37.131
1747082760000,19.9167
1747082820000,35.5858
1747082880000,15.9739
1747082940000,11.0191
1747083000000,42.9461
1747083060000,81.015
1747083120000,54.0208
1747083180000,36.3211
1747083240000,23.0731
1747083300000,14.6197
1747083360000,19.5792
1747083420000,16.5084
1747083480000,15.316
1747083540000,35.7288
1747083600000,52.125
1747083660000,35.8851
1747083720000,38.2136
1747083780000,20.0324
1747083840000,8.4688
1747083900000,14.4121
1747083960000,23.6019
1747084020000,30.8847
1747084080000,29.2947
1747084140000,22.2021
1747084200000,24.3401
1747084260000,30.1985
1747084320000,33.1697
1747084380000,48.9258
1747084440000,33.2793
1747084500000,33.5831
1747084560000,19.1014
1747084620000,22.423
1747084680000,25.7687
1747084740000,29.5802
1747084800000,35.0324
1747084860000,18.4322
1747084920000,20.9116
1747084980000,25.9882
1747085040000,32.0963
1747085100000,32.1178
1747085160000,27.2921
1747085220000,27.9919
1747085280000,20.5809
1747085340000,14.2466
1747085400000,25.7611
1747085460000,25.1239
1747085520000,33.2197
1747085580000,39.1957
1747085640000,24.8059
1747085700000,22.6539
1747085760000,22.0164
1747085820000,19.5693
1747085880000,17.914
1747085940000,29.6111
1747086000000,29.9964
1747086060000,29.5347
1747086120000,27.6793
1747086180000,19.9788
1747086240000,24.8776
1747086300000,28.5315
1747086360000,28.3106
1747086420000,19.426
1747086480000,21.8979
1747086540000,28.3309
1747086600000,35.0224
1747086660000,25.5193
1747086720000,20.4141
1747086780000,25.2342
1747086840000,29.9384
1747086900000,29.8657
1747086960000,26.7137
1747087020000,34.2957
1747087080000,31.6726
1747087140000,37.277
1747087200000,19.4597
1747087260000,33.8213
1747087320000,27.4622
1747087380000,27.3681
1747087440000,18.3873
1747087500000,23.1378
1747087560000,24.2004
1747087620000,18.1367
1747087680000,23.9599
1747087740000,31.5618
1747087800000,26.5254
1747087860000,21.4185
1747087920000,33.7163
1747087980000,23.5593
1747088040000,22.4317
1747088100000,23.0252
1747088160000,27.1769
1747088220000,32.6724
1747088280000,26.363
1747088340000,25.9297
1747088400000,23.6144
1747088460000,24.5803
1747088520000,21.8839
1747088580000,23.8283
1747088640000,28.1803
1747088700000,20.4646
1747088760000,17.6898
1747088820000,23.2467
1747088880000,22.1984
1747088940000,23.2275
1747089000000,22.0777
1747089060000,21.9277
1747089120000,20.7979
1747089180000,25.5567
1747089240000,28.2107
1747089300000,28.753
1747089360000,26.0119
1747089420000,24.5883
1747089480000,28.3937
1747089540000,31.4023
1747089600000,30.4293
1747089660000,28.0617
1747089720000,28.0091
1747089780000,33.7073
1747089840000,27.9308
1747089900000,27.416
1747089960000,27.9819
1747090020000,31.6148
1747090080000,29.8295
1747090140000,28.1009
1747090200000,26.9873
1747090260000,31.0035
1747090320000,31.9891
1747090380000,34.9007
1747090440000,31.5077
1747090500000,35.447
1747090560000,37.9556
1747090620000,33.3714
1747090680000,34.9388
1747090740000,38.7161
1747090800000,38.4535
1747090860000,33.0434
1747090920000,33.1353
1747090980000,33.8615
1747091040000,31.7594
1747091100000,38.6972
1747091160000,35.9809
1747091220000,32.8412
1747091280000,33.7359
1747091340000,35.2555
1747091400000,36.1635
1747091460000,34.6671
1747091520000,36.3239
1747091580000,33.4784
1747091640000,31.7984
1747091700000,35.1135
1747091760000,33.1268
1747091820000,32.7409
1747091880000,32.1435
1747091940000,34.7012
1747092000000,31.2152
1747092060000,34.0998
1747092120000,32.4832
1747092180000,37.3769
1747092240000,35.845
1747092300000,36.3829
1747092360000,32.7824
1747092420000,33.6804
1747092480000,35.6581
1747092540000,35.4173
1747092600000,30.8068
1747092660000,29.723
1747092720000,31.0265
1747092780000,32.8427
1747092840000,32.5437
1747092900000,28.2486
1747092960000,32.079
1747093020000,31.7574
1747093080000,30.2918
1747093140000,29.9915
1747093200000,31.8345
1747093260000,32.6266
1747093320000,30.9054
1747093380000,31.8266
1747093440000,38.0885
1747093500000,33.7856
1747093560000,34.7389
1747093620000,33.4692
1747093680000,35.3222
1747093740000,34.5823
1747093800000,37.2243
1747093860000,37.9509
1747093920000,39.4719
1747093980000,35.4145
1747094040000,36.0983
1747094100000,38.0621
1747094160000,39.2521
1747094220000,38.5172
1747094280000,42.6381
1747094340000,45.2279
1747094400000,36.985
1747094460000,35.1538
1747094520000,42.6568
1747094580000,37.1331
1747094640000,40.1004
1747094700000,40.3232
1747094760000,41.3927
1747094820000,38.8774
1747094880000,39.5444
1747094940000,39.2844
1747095000000,40.3835
1747095060000,41.4383
1747095120000,40.0484
1747095180000,40.6487
1747095240000,41.1676
1747095300000,36.8411
1747095360000,39.8734
1747095420000,42.3234
1747095480000,38.7557
1747095540000,40.7839
1747095600000,40.0786
1747095660000,41.071
1747095720000,43.1605
1747095780000,40.6133
1747095840000,44.7491
1747095900000,41.79
1747095960000,44.4879
1747096020000,44.8653
1747096080000,44.9484
1747096140000,48.243
1747096200000,41.0782
1747096260000,40.3828
1747096320000,41.0339
1747096380000,39.6079
1747096440000,43.9233
1747096500000,45.2953
1747096560000,44.4792
1747096620000,43.4236
1747096680000,40.9891
1747096740000,41.4527
1747096800000,46.0443
1747096860000,44.0287
1747096920000,43.5658
1747096980000,44.5333
1747097040000,45.5288
1747097100000,42.4052
1747097160000,42.8276
1747097220000,44.7966
1747097280000,46.1619
1747097340000,43.5943
1747097400000,44.0464
1747097460000,43.9685
1747097520000,44.9601
1747097580000,43.6229
1747097640000,44.5381
1747097700000,45.9051
1747097760000,45.843
1747097820000,44.9141
1747097880000,47.5713
1747097940000,49.3687
1747098000000,42.571
1747098060000,45.8219
1747098120000,44.166
1747098180000,43.6535
1747098240000,43.0696
1747098300000,43.0149
1747098360000,43.2521
1747098420000,43.6487
1747098480000,44.3565
1747098540000,46.2339
1747098600000,45.2307
1747098660000,42.9663
1747098720000,45.3264
1747098780000,46.6538
1747098840000,44.2701
1747098900000,45.2997
1747098960000,43.7809
1747099020000,43.0932
1747099080000,42.2151
1747099140000,43.057
1747099200000,42.7673
1747099260000,41.7956
1747099320000,42.8004
1747099380000,43.2014
1747099440000,43.5879
1747099500000,44.1691
1747099560000,44.1235
1747099620000,42.6791
1747099680000,43.7145
1747099740000,44.2071
1747099800000,41.8546
1747099860000,41.7899
1747099920000,43.1661
1747099980000,40.771
1747100040000,40.9953
1747100100000,41.7015
1747100160000,42.0223
1747100220000,42.0051
1747100280000,40.1928
1747100340000,42.9675
1747100400000,42.531
1747100460000,44.3327
1747100520000,42.2585
1747100580000,43.0614
1747100640000,41.4107
1747100700000,41.7658
1747100760000,42.2779
1747100820000,41.7241
1747100880000,42.4268
1747100940000,43.7726
1747101000000,43.9344
1747101060000,40.9687
1747101120000,41.4306
1747101180000,40.4341
1747101240000,44.0987
1747101300000,44.8196
1747101360000,44.2459
1747101420000,43.1271
1747101480000,43.1016
1747101540000,44.1018
1747101600000,37.2145
1747101660000,41.8211
1747101720000,42.2344
1747101780000,43.4679
1747101840000,43.086
1747101900000,41.4999
1747101960000,42.1313
1747102020000,41.184
1747102080000,42.9674
1747102140000,41.0455
1747102200000,38.0591
1747102260000,40.5522
1747102320000,39.6135
1747102380000,39.9605
1747102440000,42.6749
1747102500000,41.0819
1747102560000,40.1726
1747102620000,42.7306
1747102680000,42.6067
1747102740000,41.3246
1747102800000,42.1745
1747102860000,41.3323
1747102920000,41.0162
1747102980000,41.2954
1747103040000,43.3127
1747103100000,41.8175
1747103160000,41.8794
1747103220000,41.6032
1747103280000,40.6853
1747103340000,44.1252
1747103400000,41.6556
1747103460000,41.1408
1747103520000,40.9615
1747103580000,39.5994
1747103640000,40.5666
1747103700000,40.7228
1747103760000,42.0157
1747103820000,41.8602
1747103880000,40.6233
1747103940000,39.7463
1747104000000,40.8682
1747104060000,43.7245
1747104120000,42.8546
1747104180000,42.2805
1747104240000,39.4409
1747104300000,39.5895
1747104360000,40.9785
1747104420000,40.205
1747104480000,40.741
1747104540000,41.8228
1747104600000,41.4226
1747104660000,42.2513
1747104720000,40.8491
1747104780000,42.5726
1747104840000,39.3767
1747104900000,40.759
1747104960000,42.8422
1747105020000,42.3838
1747105080000,43.8859
1747105140000,41.509
1747105200000,42.0728
1747105260000,41.1147
1747105320000,38.1537
1747105380000,40.2165
1747105440000,41.1496
1747105500000,40.8964
1747105560000,41.3668
1747105620000,41.5703
1747105680000,40.3941
1747105740000,40.1618
1747105800000,39.7538
1747105860000,41.0234
1747105920000,41.5076
1747105980000,41.5841
1747106040000,40.2881
1747106100000,43.0923
1747106160000,40.226
1747106220000,39.3612
1747106280000,39.7142
1747106340000,44.1962
1747106400000,42.7265
1747106460000,41.2501
1747106520000,40.0472
1747106580000,40.2371
1747106640000,42.2857
1747106700000,40.4784
1747106760000,40.1626
1747106820000,37.876
1747106880000,42.3829
1747106940000,41.3295
1747107000000,41.7224
1747107060000,41.0893
1747107120000,40.7975
1747107180000,41.4338
1747107240000,41.98
1747107300000,41.0865
1747107360000,41.384
1747107420000,38.0735
1747107480000,40.9925
1747107540000,39.7459
1747107600000,41.8098
1747107660000,40.3881
1747107720000,39.0483
1747107780000,41.1389
1747107840000,40.263
1747107900000,40.4478
1747107960000,40.7734
1747108020000,37.9682
1747108080000,38.8318
1747108140000,37.356
1747108200000,38.1326
1747108260000,39.7656
1747108320000,42.2915
1747108380000,40.8907
1747108440000,40.0786
1747108500000,37.5324
1747108560000,40.5015
1747108620000,38.471
1747108680000,39.6288
1747108740000,41.1639
1747108800000,41.697
1747108860000,41.7469
1747108920000,40.277
1747108980000,40.7948
1747109040000,38.1317
1747109100000,39.0925
1747109160000,36.0706
1747109220000,35.1335
1747109280000,38.2906
1747109340000,37.2899
1747109400000,38.6734
1747109460000,38.4705
1747109520000,38.7934
1747109580000,39.433
1747109640000,39.1723
1747109700000,39.0913
1747109760000,38.1291
1747109820000,37.9459
1747109880000,36.4879
1747109940000,40.1985
1747110000000,37.7036
1747110060000,37.7561
1747110120000,36.6939
1747110180000,37.1786
1747110240000,37.8627
1747110300000,40.5477
1747110360000,40.5306
1747110420000,37.1446
1747110480000,35.9953
1747110540000,36.3526
1747110600000,36.7545
1747110660000,37.4392
1747110720000,36.1417
1747110780000,36.4587
1747110840000,33.8097
1747110900000,34.2727
1747110960000,35.809
1747111020000,33.9514
1747111080000,37.2469
1747111140000,36.8116
1747111200000,36.0714
1747111260000,37.9905
1747111320000,35.8953
1747111380000,38.067
1747111440000,35.5744
1747111500000,35.8646
1747111560000,36.5267
1747111620000,35.9115
1747111680000,36.4362
1747111740000,33.3093
1747111800000,38.1889
1747111860000,37.651
1747111920000,37.2494
1747111980000,36.7807
1747112040000,34.6354
1747112100000,37.5964
1747112160000,40.2518
1747112220000,39.36
1747112280000,37.7563
1747112340000,39.2661
1747112400000,35.9122
1747112460000,35.8578
1747112520000,33.8346
1747112580000,34.526
1747112640000,35.5141
1747112700000,39.7139
1747112760000,35.2149
1747112820000,38.0279
1747112880000,34.3316
1747112940000,34.7171
1747113000000,33.9777
1747113060000,33.1957
1747113120000,35.5678
1747113180000,34.7149
1747113240000,36.9033
1747113300000,37.7765
1747113360000,38.7675
1747113420000,35.9416
1747113480000,36.1023
1747113540000,32.6804
1747113600000,36.7938
1747113660000,34.4871
1747113720000,35.4206
1747113780000,35.6087
1747113840000,36.1287
1747113900000,35.4297
1747113960000,34.4462
1747114020000,34.7015
1747114080000,36.5456
1747114140000,38.2825
1747114200000,35.6152
1747114260000,38.7168
1747114320000,36.5168
1747114380000,36.5696
1747114440000,36.435
1747114500000,40.1698
1747114560000,37.6919
1747114620000,34.6894
1747114680000,37.6499
1747114740000,35.2608
1747114800000,37.0094
1747114860000,35.8758
1747114920000,34.5091
1747114980000,34.7725
1747115040000,33.6147
1747115100000,34.0551
1747115160000,34.0199
1747115220000,37.4868
1747115280000,36.9393
1747115340000,34.3257
1747115400000,37.8091
1747115460000,34.865
1747115520000,37.9585
1747115580000,34.5384
1747115640000,37.6596
1747115700000,40.7431
1747115760000,37.2032
1747115820000,38.0051
1747115880000,36.4469
1747115940000,35.7256
1747116000000,36.5335
1747116060000,35.7288
1747116120000,34.4882
1747116180000,33.8432
1747116240000,34.0779
1747116300000,35.3609
1747116360000,40.2308
1747116420000,35.4991
1747116480000,35.1525
1747116540000,35.7463
1747116600000,36.5926
1747116660000,37.0377
1747116720000,36.9796
1747116780000,35.7949
1747116840000,36.6246
1747116900000,36.6046
1747116960000,35.9304
1747117020000,34.7629
1747117080000,36.1829
1747117140000,37.0773
1747117200000,36.7646
1747117260000,34.7933
1747117320000,34.942
1747117380000,34.2775
1747117440000,35.7161
1747117500000,34.207
1747117560000,36.0183
1747117620000,34.5367
1747117680000,35.8883
1747117740000,37.5596
1747117800000,35.0528
1747117860000,32.7654
1747117920000,36.33
1747117980000,34.353
1747118040000,35.3831
1747118100000,35.6607
1747118160000,35.5589
1747118220000,36.935
1747118280000,36.9407
1747118340000,35.3392
1747118400000,35.5724
1747118460000,38.9548
1747118520000,36.9031
1747118580000,37.3198
1747118640000,35.8041
1747118700000,36.5302
1747118760000,34.6311
1747118820000,36.8222
1747118880000,36.6557
1747118940000,35.9656
1747119000000,35.4214
1747119060000,37.7971
1747119120000,37.0221
1747119180000,36.4747
1747119240000,38.0235
1747119300000,37.3441
1747119360000,34.9248
1747119420000,38.8487
1747119480000,38.0463
1747119540000,37.1352
1747119600000,36.1324
1747119660000,36.9434
1747119720000,37.6088
1747119780000,37.1949
1747119840000,37.3072
1747119900000,35.0758
1747119960000,35.3621
1747120020000,38.5162
1747120080000,36.43
1747120140000,36.4106
1747120200000,36.536
1747120260000,34.5096
1747120320000,35.3457
1747120380000,38.4192
1747120440000,37.6715
1747120500000,35.1863
1747120560000,36.453
1747120620000,37.5162
1747120680000,35.8768
1747120740000,36.0558
1747120800000,36.918
1747120860000,37.9734
1747120920000,35.6248
1747120980000,36.0452
1747121040000,36.8717
1747121100000,36.1113
1747121160000,38.3212
1747121220000,36.1463
1747121280000,37.8239
1747121340000,37.5592
1747121400000,35.4575
1747121460000,36.0314
1747121520000,34.4774
1747121580000,36.0953
1747121640000,37.2477
1747121700000,35.9309
1747121760000,36.0679
1747121820000,35.5636
1747121880000,36.2119
1747121940000,34.3137
1747122000000,36.4455
1747122060000,36.5168
1747122120000,35.8672
1747122180000,35.6203
1747122240000,37.7981
1747122300000,40.6369
1747122360000,36.8858
1747122420000,39.4222
1747122480000,37.4274
1747122540000,38.4392
1747122600000,38.648
1747122660000,36.2588
1747122720000,37.9783
1747122780000,38.1428
1747122840000,36.3737
1747122900000,37.3286
1747122960000,35.0877
1747123020000,36.6027
1747123080000,39.0964
1747123140000,37.7952
1747123200000,38.0677
1747123260000,37.0122
1747123320000,36.3813
1747123380000,37.4221
1747123440000,37.0575
1747123500000,37.3547
1747123560000,39.9644
1747123620000,35.536
1747123680000,37.9924
1747123740000,35.3548
1747123800000,36.7834
1747123860000,36.4746
1747123920000,39.8974
1747123980000,38.0543
1747124040000,37.4934
1747124100000,41.3951
1747124160000,37.4892
1747124220000,37.5497
1747124280000,38.3203
1747124340000,36.853
1747124400000,37.5209
1747124460000,38.4971
1747124520000,38.4492
1747124580000,37.345
1747124640000,37.1033
1747124700000,36.2197
1747124760000,37.2224
1747124820000,39.5347
1747124880000,38.5045
1747124940000,39.2
1747125000000,38.1714
1747125060000,37.7981
1747125120000,38.9449
1747125180000,37.5091
1747125240000,36.6626
1747125300000,37.514
1747125360000,38.4767
1747125420000,38.0014
1747125480000,38.9925
1747125540000,38.7643
1747125600000,37.9398
1747125660000,37.7531
1747125720000,39.2539
1747125780000,38.1807
1747125840000,39.2404
1747125900000,38.0689
1747125960000,37.9063
1747126020000,38.5223
1747126080000,38.2729
1747126140000,40.8265
1747126200000,40.6637
1747126260000,39.2326
1747126320000,37.6788
1747126380000,39.066
1747126440000,36.4835
1747126500000,37.302
1747126560000,38.8985
1747126620000,39.377
1747126680000,36.9081
1747126740000,39.5975
1747126800000,40.2775
1747126860000,39.0925
1747126920000,39.2345
1747126980000,38.0778
1747127040000,38.1309
1747127100000,36.4259
1747127160000,38.2614
1747127220000,38.7098
1747127280000,38.4514
1747127340000,38.5082
1747127400000,37.8746
1747127460000,39.9658
1747127520000,39.6671
1747127580000,40.0221
1747127640000,38.4956
1747127700000,39.4402
1747127760000,36.4876
1747127820000,38.3247
1747127880000,37.8439
1747127940000,38.4308
1747128000000,37.4438
1747128060000,38.3022
1747128120000,38.8406
1747128180000,39.401
1747128240000,37.6083
1747128300000,38.2807
1747128360000,38.3276
1747128420000,38.8701
1747128480000,38.2858
1747128540000,39.814
1747128600000,37.0521
1747128660000,38.3602
1747128720000,37.7629
1747128780000,38.5375
1747128840000,38.4375
1747128900000,37.9635
1747128960000,38.44
1747129020000,38.3573
1747129080000,37.9046
1747129140000,40.4293
1747129200000,37.9003
1747129260000,38.2235
1747129320000,38.4246
1747129380000,38.7327
1747129440000,38.7607
1747129500000,36.4674
1747129560000,36.7433
1747129620000,36.6704
1747129680000,38.875
1747129740000,36.8101
1747129800000,37.5034
1747129860000,38.6582
1747129920000,36.1807
1747129980000,37.5102
1747130040000,37.7308
1747130100000,36.7777
1747130160000,36.6568
1747130220000,39.2053
1747130280000,39.087
1747130340000,39.3017
1747130400000,37.5204
1747130460000,37.6696
1747130520000,37.7945
1747130580000,36.8825
1747130640000,37.6628
1747130700000,37.0164
1747130760000,35.9456
1747130820000,36.1475
1747130880000,35.6645
1747130940000,37.2129
1747131000000,37.5708
1747131060000,37.4555
1747131120000,37.4662
1747131180000,37.6315
1747131240000,38.9531
1747131300000,36.0827
1747131360000,36.295
1747131420000,36.1689
1747131480000,36.2267
1747131540000,35.5126
1747131600000,37.3708
1747131660000,35.9117
1747131720000,36.9192
1747131780000,38.4683
1747131840000,35.2334
1747131900000,38.8598
1747131960000,36.3693
1747132020000,36.5607
1747132080000,37.0243
1747132140000,37.7698
1747132200000,36.402
1747132260000,34.5323
1747132320000,35.5001
1747132380000,36.0382
1747132440000,36.0884
1747132500000,35.1533
1747132560000,35.2368
1747132620000,34.4005
1747132680000,34.3243
1747132740000,32.1116
1747132800000,35.4086
1747132860000,33.798
1747132920000,33.5836
1747132980000,35.3181
1747133040000,35.664
1747133100000,34.4857
1747133160000,33.4209
1747133220000,33.5847
1747133280000,33.9333
1747133340000,35.292
1747133400000,33.5316
1747133460000,33.2734
1747133520000,33.7825
1747133580000,33.5341
1747133640000,32.7967
1747133700000,32.674
1747133760000,33.524
1747133820000,33.1088
1747133880000,33.6573
1747133940000,32.9515
1747134000000,32.8969
1747134060000,32.6379
1747134120000,32.824
1747134180000,32.0053
1747134240000,33.1343
1747134300000,30.372
1747134360000,30.4112
1747134420000,31.1588
1747134480000,30.8038
1747134540000,31.1251
1747134600000,31.2774
1747134660000,31.1453
1747134720000,31.648
1747134780000,31.0213
1747134840000,32.3963
1747134900000,31.6728
1747134960000,31.5328
1747135020000,31.5011
1747135080000,30.77
1747135140000,30.3316
1747135200000,30.6261
1747135260000,30.5458
1747135320000,31.5792
1747135380000,32.4136
1747135440000,30.3268
1747135500000,31.639
1747135560000,31.9285
1747135620000,31.1598
1747135680000,32.4685
1747135740000,31.9979
1747135800000,30.1683
1747135860000,30.5709
1747135920000,32.0368
1747135980000,32.3907
1747136040000,30.7746
1747136100000,30.8318
1747136160000,30.0786
1747136220000,32.4555
1747136280000,32.697
1747136340000,31.5501
1747136400000,31.2809
1747136460000,31.3549
1747136520000,32.1557
1747136580000,32.6292
1747136640000,34.4988
1747136700000,32.2533
1747136760000,32.8935
1747136820000,31.5009
1747136880000,29.9321
1747136940000,31.7802
1747137000000,30.5602
1747137060000,31.4186
1747137120000,32.8103
1747137180000,34.0056
1747137240000,31.0226
1747137300000,29.8992
1747137360000,32.6506
1747137420000,31.9007
1747137480000,31.9653
1747137540000,32.6487
1747137600000,32.3949
1747137660000,31.628
1747137720000,31.8089
1747137780000,31.0855
1747137840000,31.5949
1747137900000,32.3661
1747137960000,31.4813
1747138020000,31.4776
1747138080000,32.135
1747138140000,31.9415
1747138200000,31.344
1747138260000,32.2443
1747138320000,30.6084
1747138380000,29.9908
1747138440000,30.6225
1747138500000,31.2121
1747138560000,31.8318
1747138620000,30.9036
1747138680000,32.2099
1747138740000,32.1934
1747138800000,31.1029
1747138860000,33.004
1747138920000,30.8053
1747138980000,30.7642
1747139040000,32.4096
1747139100000,30.9057
1747139160000,30.6614
1747139220000,31.2502
1747139280000,31.6331
1747139340000,31.9066
1747139400000,33.9977
1747139460000,32.394
1747139520000,32.1111
1747139580000,31.2415
1747139640000,31.4403
1747139700000,32.4191
1747139760000,29.1556
1747139820000,31.1676
1747139880000,32.2522
1747139940000,32.1573
1747140000000,32.6273
1747140060000,29.5514
1747140120000,30.0591
1747140180000,31.1413
1747140240000,33.2562
1747140300000,33.0027
1747140360000,30.5021
1747140420000,32.8776
1747140480000,30.6642
1747140540000,33.6293
1747140600000,30.323
1747140660000,34.5059
1747140720000,32.2083
1747140780000,32.1146
1747140840000,33.2
1747140900000,30.8058
1747140960000,30.9738
1747141020000,34.0624
1747141080000,31.9675
1747141140000,31.2557
1747141200000,33.4619
1747141260000,33.3158
1747141320000,33.7519
1747141380000,33.8845
1747141440000,34.0328
1747141500000,32.7974
1747141560000,32.7966
1747141620000,32.1401
1747141680000,32.4685
1747141740000,33.6731
1747141800000,34.2243
1747141860000,31.461
1747141920000,34.4927
1747141980000,36.0147
1747142040000,36.7995
1747142100000,34.3715
1747142160000,34.6969
1747142220000,34.6625
1747142280000,35.4891
1747142340000,34.1693
1747142400000,34.1575
1747142460000,35.1317
1747142520000,33.1683
1747142580000,33.7349
1747142640000,33.884
1747142700000,35.0404
1747142760000,35.1361
1747142820000,37.6652
1747142880000,38.0629
1747142940000,39.6709
1747143000000,35.5046
1747143060000,37.8005
1747143120000,38.6434
1747143180000,40.4966
1747143240000,36.5748
1747143300000,36.6544
1747143360000,36.1961
1747143420000,38.1417
1747143480000,38.0491
1747143540000,33.1597
1747143600000,37.2666
1747143660000,36.9491
1747143720000,37.2108
1747143780000,36.5424
1747143840000,38.2985
1747143900000,36.4613
1747143960000,38.9844
1747144020000,39.7836
1747144080000,37.1236
1747144140000,38.3345
1747144200000,36.4371
1747144260000,37.6004
1747144320000,34.1854
1747144380000,37.5317
1747144440000,36.003
1747144500000,37.3884
1747144560000,38.1205
1747144620000,39.3568
1747144680000,37.8708
1747144740000,34.9931
1747144800000,34.6915
1747144860000,35.6579
1747144920000,35.0699
1747144980000,30.2324
1747145040000,33.2771
1747145100000,37.7722
1747145160000,37.0157
1747145220000,33.0845
1747145280000,30.8666
1747145340000,33.3869
1747145400000,30.5518
1747145460000,30.9747
1747145520000,36.2213
1747145580000,33.0126
1747145640000,32.8226
1747145700000,37.8235
1747145760000,32.0975
1747145820000,31.3039
1747145880000,35.0453
1747145940000,42.2492
1747146000000,36.1462
1747146060000,29.5413
1747146120000,30.9828
1747146180000,34.1974
1747146240000,23.6389
1747146300000,32.3351
1747146360000,38.2392
1747146420000,34.0309
1747146480000,34.7574
1747146540000,29.3013
1747146600000,36.1996
1747146660000,26.2611
1747146720000,32.4855
1747146780000,28.7358
1747146840000,26.174
1747146900000,24.944
1747146960000,32.5033
1747147020000,34.1689
1747147080000,26.9465
1747147140000,23.8397
1747147200000,28.8286
1747147260000,27.0974
1747147320000,28.4898
1747147380000,28.7278
1747147440000,28.6285
1747147500000,22.0952
1747147560000,26.5571
1747147620000,22.2473
1747147680000,23.3112
1747147740000,28.4112
1747147800000,26.2173
1747147860000,28.3893
1747147920000,33.7554
1747147980000,34.9134
1747148040000,25.2859
1747148100000,25.6061
1747148160000,32.1333
1747148220000,31.2695
1747148280000,26.7682
1747148340000,28.955
1747148400000,29.6461
1747148460000,31.1232
1747148520000,22.5172
1747148580000,30.7665
1747148640000,20.6084
1747148700000,16.7543
1747148760000,19.6682
1747148820000,14.8247
1747148880000,16.5794
1747148940000,20.9337
1747149000000,22.507
1747149060000,16.8804
1747149120000,18.5584
1747149180000,11.8266
1747149240000,16.0438
1747149300000,17.6318
1747149360000,17.4352
1747149420000,19.4393
1747149480000,14.6788
1747149540000,21.4249
1747149600000,20.333
1747149660000,18.4798
1747149720000,20.3618
1747149780000,14.3173
1747149840000,15.1885
1747149900000,16.5991
1747149960000,14.0206
1747150020000,16.3129
1747150080000,15.8199
1747150140000,18.3786
1747150200000,21.1571
1747150260000,19.2083
1747150320000,20.9926
1747150380000,14.2103
1747150440000,19.9783
1747150500000,21.4198
1747150560000,19.8025
1747150620000,18.3974
1747150680000,16.1795
1747150740000,19.1512
1747150800000,13.777
1747150860000,19.3796
1747150920000,23.4356
1747150980000,14.9096
1747151040000,19.0832
1747151100000,23.3044
1747151160000,16.1282
1747151220000,16.7905
1747151280000,18.2671
1747151340000,19.4827
1747151400000,21.5053
1747151460000,16.4468
1747151520000,16.6425
1747151580000,16.8078
1747151640000,21.5603
1747151700000,23.6003
1747151760000,21.9389
1747151820000,18.5424
1747151880000,13.3386
1747151940000,16.1569
1747152000000,31.4871
1747152060000,44.6462
1747152120000,35.0324
1747152180000,39.6905
1747152240000,30.0654
1747152300000,25.7909
1747152360000,25.0178
1747152420000,30.2311
1747152480000,28.4885
1747152540000,27.9586
1747152600000,22.181
1747152660000,26.9849
1747152720000,21.2837
1747152780000,24.1176
1747152840000,20.4209
1747152900000,22.2179
1747152960000,23.4651
1747153020000,19.2018
1747153080000,20.3186
1747153140000,21.8555
1747153200000,35.7822
1747153260000,39.141
1747153320000,23.7211
1747153380000,23.7914
1747153440000,24.0486
1747153500000,28.059
1747153560000,32.8907
1747153620000,24.4667
1747153680000,28.5015
1747153740000,24.217
1747153800000,33.2957
1747153860000,30.9273
1747153920000,37.0354
1747153980000,20.0354
1747154040000,25.7711
1747154100000,33.2711
1747154160000,26.4825
1747154220000,30.5287
1747154280000,29.0694
1747154340000,30.5964
1747154400000,26.0219
1747154460000,32.6074
1747154520000,30.49
1747154580000,40.9642
1747154640000,33.6492
1747154700000,34.527
1747154760000,30.5437
1747154820000,24.8252
1747154880000,21.1287
1747154940000,26.0544
1747155000000,26.8053
1747155060000,27.1593
1747155120000,36.6263
1747155180000,32.6651
1747155240000,34.7657
1747155300000,36.8039
1747155360000,32.9777
1747155420000,32.5543
1747155480000,29.7317
1747155540000,33.7896
1747155600000,45.208
1747155660000,29.4757
1747155720000,36.4826
1747155780000,31.9142
1747155840000,30.1804
1747155900000,29.5015
1747155960000,43.3375
1747156020000,34.461
1747156080000,38.1264
1747156140000,26.2189
1747156200000,30.9571
1747156260000,30.7556
1747156320000,39.6314
1747156380000,36.398
1747156440000,43.2274
1747156500000,28.9419
1747156560000,39.7649
1747156620000,33.9639
1747156680000,37.168
1747156740000,30.1591
1747156800000,35.2509
1747156860000,29.5258
1747156920000,38.1236
1747156980000,37.5839
1747157040000,31.5074
1747157100000,29.9349
1747157160000,45.0166
1747157220000,20.8679
1747157280000,34.0992
1747157340000,23.646
1747157400000,18.7753
1747157460000,27.3669
1747157520000,42.1277
1747157580000,24.351
1747157640000,26.3533
1747157700000,57.0019
1747157760000,33.8367
1747157820000,20.2956
1747157880000,29.1396
1747157940000,27.3246
1747158000000,29.8438
1747158060000,16.3191
1747158120000,19.3788
1747158180000,22.2799
1747158240000,31.8943
1747158300000,20.1143
1747158360000,15.4519
1747158420000,32.1816
1747158480000,23.558
1747158540000,21.8879
1747158600000,17.9196
1747158660000,20.7691
1747158720000,18.6554
1747158780000,24.2414
1747158840000,19.905
1747158900000,30.3395
1747158960000,23.3305
1747159020000,26.0442
1747159080000,21.8393
1747159140000,20.1501
1747159200000,15.4892
1747159260000,43.4942
1747159320000,25.3003
1747159380000,18.822
1747159440000,17.2168
1747159500000,22.1085
1747159560000,17.6321
1747159620000,23.2205
1747159680000,24.4565
1747159740000,39.911
1747159800000,24.6756
1747159860000,25.3944
1747159920000,22.2763
1747159980000,32.5021
1747160040000,21.2785
1747160100000,43.2977
1747160160000,30.6187
1747160220000,14.9333
1747160280000,14.9773
1747160340000,26.6109
1747160400000,15.5196
1747160460000,25.0824
1747160520000,31.0943
1747160580000,30.3417
1747160640000,16.6096
1747160700000,21.2025
1747160760000,41.4353
1747160820000,27.7746
1747160880000,21.0691
1747160940000,18.6012
1747161000000,33.6404
1747161060000,25.446
1747161120000,35.6972
1747161180000,27.7778
1747161240000,12.9128
1747161300000,15.576
1747161360000,26.7917
1747161420000,31.5529
1747161480000,41.8658
1747161540000,30.34
1747161600000,38.7787
1747161660000,21.2694
1747161720000,37.3699
1747161780000,25.3744
1747161840000,57.9614
1747161900000,53.7807
1747161960000,36.2598
1747162020000,38.1019
1747162080000,13.1839
1747162140000,16.6944
1747162200000,16.7667
1747162260000,29.7623
1747162320000,30.1022
1747162380000,8.0
1747162440000,41.0425
1747162500000,21.3128
1747162560000,20.7815
1747162620000,34.8683
1747162680000,66.7034
1747162740000,34.467
1747162800000,30.6366
1747162860000,32.9133
1747162920000,36.4023
1747162980000,49.2681
1747163040000,51.4874
1747163100000,28.6059
1747163160000,24.7353
1747163220000,22.7811
1747163280000,22.3289
1747163340000,46.9565
1747163400000,24.3764
1747163460000,30.607
1747163520000,53.5894
1747163580000,15.0395
1747163640000,53.0
1747163700000,36.0313
1747163760000,23.0246
1747163820000,11.1053
1747163880000,14.6571
1747163940000,67.6822
1747164000000,49.008
1747164060000,33.2151
1747164120000,21.9872
1747164180000,65.878
1747164240000,14.466
1747164300000,23.4204
1747164360000,24.3861
1747164420000,27.5556
1747164480000,36.1959
1747164540000,28.5778
1747164600000,54.7586
1747164660000,26.6593
1747164720000,13.2319
1747164780000,40.6341
1747164840000,18.8485
1747164900000,36.1093
1747164960000,51.1652
1747165020000,41.5899
1747165080000,14.9254
1747165140000,24.9203
1747165200000,25.7688
1747165260000,41.3885
1747165320000,25.9624
1747165380000,14.8438
1747165440000,23.7261
1747165500000,8.2199
1747165560000,88.1088
1747165620000,41.7664
1747165680000,43.6966
1747165740000,42.8221
1747165800000,66.2688
1747165860000,42.6577
1747165920000,10.9304
1747165980000,44.193
1747166040000,30.2615
1747166100000,30.0
1747166160000,40.9706
1747166220000,24.845
1747166280000,54.6683
1747166340000,89.9455
1747166400000,50.9147
1747166460000,68.4589
1747166520000,40.7122
1747166580000,53.2125
1747166640000,28.3602
1747166700000,25.9416
1747166760000,31.3533
1747166820000,18.4043
1747166880000,26.1835
1747166940000,53.3718
1747167000000,24.9416
1747167060000,37.9744
1747167120000,41.3043
1747167180000,20.2248
1747167240000,44.0574
1747167300000,66.7711
1747167360000,33.8601
1747167420000,40.732
1747167480000,29.0288
1747167540000,18.5294
1747167600000,52.8726
1747167660000,18.8767
1747167720000,41.6026
1747167780000,69.2081
1747167840000,14.9877
1747167900000,35.5444
1747167960000,55.9456
1747168020000,25.773
1747168080000,39.3932
1747168140000,15.2806
1747168200000,27.5425
1747168260000,10.54
1747168320000,18.3889
1747168380000,30.0949
1747168440000,24.3198
1747168500000,16.4702
1747168560000,16.2973
1747168620000,18.1182
1747168680000,17.2837
1747168740000,30.5517
1747168800000,26.6226
1747168860000,19.445
1747168920000,19.2239
1747168980000,12.3611
1747169040000,32.0667
1747169100000,18.7101
1747169160000,13.6505
1747169220000,19.9892
1747169280000,19.3073
1747169340000,73.3378
1747169400000,51.2539
1747169460000,30.6967
1747169520000,22.6242
1747169580000,45.1004
1747169640000,33.6393
1747169700000,48.0936
1747169760000,12.9226
1747169820000,40.0857
1747169880000,34.1518
1747169940000,15.8408
1747170000000,16.3333
1747170060000,11.8169
1747170120000,26.7072
1747170180000,23.5313
1747170240000,29.7207
1747170300000,34.0304
1747170360000,18.1121
1747170420000,17.8416
1747170480000,23.9156
1747170540000,22.7444
1747170600000,19.0662
1747170660000,40.0339
1747170720000,52.8911
1747170780000,26.3152
1747170840000,16.2231
1747170900000,21.1119
1747170960000,19.8199
1747171020000,26.1684
1747171080000,13.177
1747171140000,19.3312
1747171200000,34.4748
1747171260000,16.8076
1747171320000,19.6609
1747171380000,26.7297
1747171440000,27.0324
1747171500000,34.9909
1747171560000,38.0997
1747171620000,27.6361
1747171680000,22.9835
1747171740000,20.9186
1747171800000,27.7609
1747171860000,15.4298
1747171920000,17.3098
1747171980000,17.7251
1747172040000,15.2807
1747172100000,13.969
1747172160000,21.1921
1747172220000,36.6805
1747172280000,23.1526
1747172340000,16.1974
1747172400000,24.9246
1747172460000,24.937
1747172520000,32.5853
1747172580000,20.6339
1747172640000,19.4837
1747172700000,28.4852
1747172760000,23.0648
1747172820000,29.4865
1747172880000,30.8257
1747172940000,34.6637
1747173000000,19.7583
1747173060000,29.8487
1747173120000,19.198
1747173180000,33.2586
1747173240000,28.3267
1747173300000,32.0937
1747173360000,39.7335
1747173420000,48.6038
1747173480000,25.3783
1747173540000,19.5369
1747173600000,22.2181
1747173660000,30.9974
1747173720000,33.6844
1747173780000,26.2043
1747173840000,30.6124
1747173900000,19.0683
1747173960000,25.0513
1747174020000,31.4605
1747174080000,24.9022
1747174140000,23.1384
1747174200000,24.2139
1747174260000,24.1816
1747174320000,37.5509
1747174380000,31.8647
1747174440000,29.3267
1747174500000,23.746
1747174560000,20.467
1747174620000,27.7776
1747174680000,27.4029
1747174740000,24.3107
1747174800000,20.8241
1747174860000,27.1799
1747174920000,23.1484
1747174980000,25.119
1747175040000,31.0738
1747175100000,30.5908
1747175160000,22.9448
1747175220000,25.297
1747175280000,21.3048
1747175340000,25.9794
1747175400000,24.4272
1747175460000,21.9009
1747175520000,23.8656
1747175580000,22.5576
1747175640000,19.8723
1747175700000,22.6963
1747175760000,22.7008
1747175820000,25.272
1747175880000,23.2673
1747175940000,24.7764
1747176000000,28.2345
1747176060000,24.1698
1747176120000,24.1343
1747176180000,25.3166
1747176240000,33.0202
1747176300000,29.1192
1747176360000,29.6704
1747176420000,28.9186
1747176480000,34.1207
1747176540000,31.3022
1747176600000,31.0873
1747176660000,31.2224
1747176720000,31.9329
1747176780000,30.4632
1747176840000,35.4858
1747176900000,35.966
1747176960000,38.803
1747177020000,33.9674
1747177080000,31.3354
1747177140000,33.1736
1747177200000,36.5708
1747177260000,33.6317
1747177320000,31.0252
1747177380000,36.115
1747177440000,37.1241
1747177500000,37.2915
1747177560000,34.7476
1747177620000,36.3277
1747177680000,37.7294
1747177740000,32.6388
1747177800000,29.8694
1747177860000,30.1419
1747177920000,32.1121
1747177980000,32.4273
1747178040000,30.2683
1747178100000,31.9149
1747178160000,35.1567
1747178220000,32.7825
1747178280000,29.6291
1747178340000,32.9063
1747178400000,29.431
1747178460000,31.9768
1747178520000,31.0007
1747178580000,33.8595
1747178640000,36.5205
1747178700000,33.2237
1747178760000,33.0536
1747178820000,32.3735
1747178880000,33.8725
1747178940000,40.1305
1747179000000,30.265
1747179060000,29.387
1747179120000,31.4948
1747179180000,29.225
1747179240000,31.6983
1747179300000,32.6164
1747179360000,33.041
1747179420000,27.6489
1747179480000,31.0379
1747179540000,30.5222
1747179600000,34.6789
1747179660000,32.843
1747179720000,32.4262
1747179780000,32.3013
1747179840000,32.9261
1747179900000,31.0278
1747179960000,32.9665
1747180020000,31.8741
1747180080000,32.2284
1747180140000,34.2295
1747180200000,34.3181
1747180260000,35.145
1747180320000,34.6468
1747180380000,38.5177
1747180440000,35.7457
1747180500000,37.5891
1747180560000,36.0697
1747180620000,37.6456
1747180680000,37.4328
1747180740000,39.1091
1747180800000,35.7968
1747180860000,37.4486
1747180920000,35.7712
1747180980000,35.9931
1747181040000,36.1351
1747181100000,38.0904
1747181160000,38.0972
1747181220000,37.7871
1747181280000,37.7517
1747181340000,38.9343
1747181400000,38.4371
1747181460000,40.5455
1747181520000,39.6727
1747181580000,39.2908
1747181640000,38.9044
1747181700000,39.8982
1747181760000,38.9875
1747181820000,41.5551
1747181880000,42.5744
1747181940000,41.0106
1747182000000,40.7872
1747182060000,41.6447
1747182120000,38.5859
1747182180000,39.3119
1747182240000,40.8128
1747182300000,42.2199
1747182360000,39.4106
1747182420000,42.174
1747182480000,41.2986
1747182540000,46.1357
1747182600000,40.7904
1747182660000,39.0607
1747182720000,40.5523
1747182780000,42.355
1747182840000,41.2748
1747182900000,41.8721
1747182960000,39.7626
1747183020000,44.1014
1747183080000,39.2243
1747183140000,42.6979
1747183200000,38.5299
1747183260000,41.7994
1747183320000,43.9525
1747183380000,43.8027
1747183440000,45.3292
1747183500000,45.1069
1747183560000,43.5775
1747183620000,43.0598
1747183680000,40.7507
1747183740000,43.5671
1747183800000,40.8632
1747183860000,43.4588
1747183920000,44.5016
1747183980000,44.2731
1747184040000,43.7596
1747184100000,45.5133
1747184160000,41.5361
1747184220000,44.2901
1747184280000,45.4623
1747184340000,46.0658
1747184400000,39.2832
1747184460000,39.893
1747184520000,41.6243
1747184580000,39.7241
1747184640000,44.3724
1747184700000,41.1811
1747184760000,42.0253
1747184820000,42.7128
1747184880000,42.06
1747184940000,40.2422
1747185000000,42.3094
1747185060000,42.081
1747185120000,42.1703
1747185180000,43.3343
1747185240000,42.6187
1747185300000,42.7568
1747185360000,41.5638
1747185420000,43.4605
1747185480000,41.0064
1747185540000,39.7354
1747185600000,41.2387
1747185660000,41.9623
1747185720000,43.9745
1747185780000,40.2897
1747185840000,41.6181
1747185900000,40.9048
1747185960000,43.0184
1747186020000,40.9729
1747186080000,43.217
1747186140000,45.0416
1747186200000,40.4689
1747186260000,40.7515
1747186320000,39.1909
1747186380000,38.1462
1747186440000,38.9719
1747186500000,40.0822
1747186560000,40.2207
1747186620000,41.7597
1747186680000,38.399
1747186740000,40.4137
1747186800000,38.6334
1747186860000,41.2166
1747186920000,42.2818
1747186980000,39.7588
1747187040000,42.5812
1747187100000,40.4442
1747187160000,42.2128
1747187220000,42.6939
1747187280000,38.9714
1747187340000,40.4369
1747187400000,40.896
1747187460000,42.6037
1747187520000,38.8834
1747187580000,40.1103
1747187640000,41.7151
1747187700000,40.3546
1747187760000,39.8348
1747187820000,38.4913
1747187880000,39.6811
1747187940000,41.3893
1747188000000,36.8611
1747188060000,39.9566
1747188120000,39.6074
1747188180000,41.8861
1747188240000,39.7858
1747188300000,39.4276
1747188360000,41.3244
1747188420000,40.2914
1747188480000,41.8284
1747188540000,41.8199
1747188600000,39.2434
1747188660000,41.3999
1747188720000,41.6835
1747188780000,40.1238
1747188840000,41.8604
1747188900000,40.2133
1747188960000,38.0399
1747189020000,40.558
1747189080000,40.2224
1747189140000,42.2521
1747189200000,38.0959
1747189260000,40.8657
1747189320000,39.8379
1747189380000,39.1612
1747189440000,40.0272
1747189500000,39.7529
1747189560000,39.3536
1747189620000,42.3992
1747189680000,41.5444
1747189740000,42.6586
1747189800000,40.6279
1747189860000,42.2209
1747189920000,38.7259
1747189980000,37.7236
1747190040000,41.7596
1747190100000,39.5978
1747190160000,41.17
1747190220000,40.7189
1747190280000,39.4616
1747190340000,40.5818
1747190400000,40.1235
1747190460000,41.066
1747190520000,38.4509
1747190580000,39.365
1747190640000,40.8279
1747190700000,40.1985
1747190760000,37.8668
1747190820000,38.4021
1747190880000,38.8428
1747190940000,39.3202
1747191000000,40.4889
1747191060000,41.0028
1747191120000,38.3786
1747191180000,40.3615
1747191240000,39.7492
1747191300000,39.5297
1747191360000,39.1437
1747191420000,39.7759
1747191480000,39.3998
1747191540000,41.9318
1747191600000,40.782
1747191660000,40.2866
1747191720000,40.5844
1747191780000,36.417
1747191840000,39.2053
1747191900000,39.9447
1747191960000,39.1249
1747192020000,38.728
1747192080000,39.9287
1747192140000,38.6697
1747192200000,38.2848
1747192260000,36.5382
1747192320000,38.6223
1747192380000,39.4487
1747192440000,39.0858
1747192500000,41.3383
1747192560000,39.9309
1747192620000,39.1572
1747192680000,39.6138
1747192740000,40.6748
1747192800000,39.6453
1747192860000,38.4615
1747192920000,39.2424
1747192980000,39.1044
1747193040000,40.4391
1747193100000,40.8399
1747193160000,40.2913
1747193220000,40.3721
1747193280000,42.4592
1747193340000,38.987
1747193400000,39.355
1747193460000,40.7861
1747193520000,40.0041
1747193580000,42.4073
1747193640000,39.2168
1747193700000,41.4316
1747193760000,39.5164
1747193820000,39.7654
1747193880000,40.0838
1747193940000,39.1338
1747194000000,38.955
1747194060000,38.1164
1747194120000,38.7208
1747194180000,38.3516
1747194240000,39.3178
1747194300000,37.2448
1747194360000,39.3443
1747194420000,36.6431
1747194480000,39.5812
1747194540000,39.2342
1747194600000,38.722
1747194660000,39.0157
1747194720000,38.2083
1747194780000,41.1274
1747194840000,40.1388
1747194900000,39.0832
1747194960000,37.4329
1747195020000,38.0615
1747195080000,38.9992
1747195140000,38.9307
1747195200000,37.2358
1747195260000,37.4367
1747195320000,35.338
1747195380000,34.5767
1747195440000,35.9548
1747195500000,37.9659
1747195560000,35.8572
1747195620000,35.7813
1747195680000,36.4216
1747195740000,35.1922
1747195800000,35.4398
1747195860000,35.7061
1747195920000,36.4731
1747195980000,39.0838
1747196040000,35.9728
1747196100000,36.4537
1747196160000,37.4531
1747196220000,37.9688
1747196280000,35.9594
1747196340000,36.2583
1747196400000,38.5493
1747196460000,36.9637
1747196520000,36.9461
1747196580000,36.8474
1747196640000,35.667
1747196700000,36.6348
1747196760000,35.9423
1747196820000,37.8592
1747196880000,38.1829
1747196940000,37.0368
1747197000000,36.7656
1747197060000,36.5279
1747197120000,34.4614
1747197180000,34.5805
1747197240000,35.7131
1747197300000,36.2658
1747197360000,34.4981
1747197420000,36.5992
1747197480000,36.7601
1747197540000,34.2751
1747197600000,33.4552
1747197660000,36.2993
1747197720000,36.6618
1747197780000,35.5524
1747197840000,34.851
1747197900000,32.3044
1747197960000,36.734
1747198020000,35.1105
1747198080000,37.0854
1747198140000,34.1305
1747198200000,33.8768
1747198260000,34.53
1747198320000,34.4953
1747198380000,34.5711
1747198440000,33.8329
1747198500000,32.952
1747198560000,34.9246
1747198620000,35.7133
1747198680000,34.4343
1747198740000,33.8117
1747198800000,34.3466
1747198860000,34.7242
1747198920000,34.4282
1747198980000,32.5286
1747199040000,35.4821
1747199100000,33.6228
1747199160000,34.6251
1747199220000,32.1136
1747199280000,33.3316
1747199340000,32.5847
1747199400000,35.4953
1747199460000,35.3835
1747199520000,34.1167
1747199580000,33.0222
1747199640000,33.268
1747199700000,32.0628
1747199760000,35.0421
1747199820000,33.7577
1747199880000,32.5961
1747199940000,33.906
1747200000000,35.0191
1747200060000,35.486
1747200120000,34.7475
1747200180000,32.9202
1747200240000,32.8408
1747200300000,34.378
1747200360000,33.041
1747200420000,36.2853
1747200480000,35.6209
1747200540000,33.8006
1747200600000,32.5685
1747200660000,39.1239
1747200720000,36.0329
1747200780000,36.4454
1747200840000,35.9209
1747200900000,34.09
1747200960000,32.2383
1747201020000,34.2906
1747201080000,35.2259
1747201140000,34.4728
1747201200000,33.797
1747201260000,34.623
1747201320000,34.4544
1747201380000,35.5501
1747201440000,34.6102
1747201500000,33.3388
1747201560000,33.8545
1747201620000,33.4236
1747201680000,33.7489
1747201740000,35.8149
1747201800000,36.6393
1747201860000,35.2973
1747201920000,35.6103
1747201980000,34.8312
1747202040000,36.241
1747202100000,33.0551
1747202160000,34.2537
1747202220000,37.8651
1747202280000,34.6305
1747202340000,34.2152
1747202400000,36.5172
1747202460000,35.0765
1747202520000,32.6378
1747202580000,36.1366
1747202640000,35.0615
1747202700000,35.3287
1747202760000,35.7166
1747202820000,36.3656
1747202880000,36.229
1747202940000,34.1833
1747203000000,32.186
1747203060000,35.239
1747203120000,35.6445
1747203180000,34.1947
1747203240000,35.9922
1747203300000,30.3979
1747203360000,32.3315
1747203420000,33.6049
1747203480000,33.5433
1747203540000,33.6399
1747203600000,35.1604
1747203660000,34.5694
1747203720000,35.3761
1747203780000,35.0888
1747203840000,33.6634
1747203900000,32.9152
1747203960000,36.434
1747204020000,33.3185
1747204080000,34.1299
1747204140000,34.5348
1747204200000,32.6662
1747204260000,34.0395
1747204320000,32.9243
1747204380000,33.8442
1747204440000,34.2704
1747204500000,33.9211
1747204560000,34.3794
1747204620000,34.3168
1747204680000,34.9641
1747204740000,35.0374
1747204800000,34.3571
1747204860000,34.9262
1747204920000,35.3508
1747204980000,35.7898
1747205040000,34.8898
1747205100000,33.8635
1747205160000,34.606
1747205220000,32.6404
1747205280000,32.5637
1747205340000,33.4243
1747205400000,36.3543
1747205460000,34.5842
1747205520000,35.5447
1747205580000,35.7143
1747205640000,34.6077
1747205700000,33.7236
1747205760000,33.4612
1747205820000,35.5905
1747205880000,33.7096
1747205940000,37.0784
1747206000000,34.3791
1747206060000,33.7017
1747206120000,34.8399
1747206180000,35.1615
1747206240000,34.5724
1747206300000,33.2132
1747206360000,34.2538
1747206420000,35.2491
1747206480000,34.1015
1747206540000,33.2002
1747206600000,35.1677
1747206660000,36.2626
1747206720000,34.0639
1747206780000,35.8217
1747206840000,34.5871
1747206900000,34.5642
1747206960000,33.1661
1747207020000,35.4882
1747207080000,35.3302
1747207140000,35.6255
1747207200000,35.271
1747207260000,34.5348
1747207320000,34.2077
1747207380000,35.3397
1747207440000,34.6637
1747207500000,35.0287
1747207560000,35.9112
1747207620000,34.0283
1747207680000,35.6885
1747207740000,34.8
1747207800000,35.2605
1747207860000,35.03
1747207920000,33.4297
1747207980000,37.333
1747208040000,36.9911
1747208100000,35.3963
1747208160000,35.6072
1747208220000,35.487
1747208280000,34.9683
1747208340000,35.1125
1747208400000,35.0403
1747208460000,35.3229
1747208520000,36.529
1747208580000,35.9202
1747208640000,34.9189
1747208700000,37.2539
1747208760000,35.0384
1747208820000,34.8739
1747208880000,34.4171
1747208940000,34.4908
1747209000000,37.1154
1747209060000,34.5718
1747209120000,36.0529
1747209180000,36.6901
1747209240000,34.4704
1747209300000,35.7055
1747209360000,35.2971
1747209420000,37.7405
1747209480000,35.6362
1747209540000,37.6307
1747209600000,38.0893
1747209660000,34.714
1747209720000,35.3659
1747209780000,35.3067
1747209840000,36.2702
1747209900000,36.1607
1747209960000,34.3989
1747210020000,35.116
1747210080000,34.4235
1747210140000,36.7457
1747210200000,36.7003
1747210260000,36.6801
1747210320000,34.6846
1747210380000,36.9076
1747210440000,37.1336
1747210500000,36.5501
1747210560000,36.5378
1747210620000,36.0017
1747210680000,37.5018
1747210740000,37.4005
1747210800000,37.5647
1747210860000,36.4316
1747210920000,35.9039
1747210980000,37.1472
1747211040000,36.6101
1747211100000,36.5284
1747211160000,38.7678
1747211220000,36.2305
1747211280000,36.5565
1747211340000,38.1318
1747211400000,36.4104
1747211460000,37.1114
1747211520000,36.3026
1747211580000,37.5274
1747211640000,37.4171
1747211700000,37.5994
1747211760000,36.0715
1747211820000,37.446
1747211880000,36.6913
1747211940000,37.4605
1747212000000,36.571
1747212060000,35.3663
1747212120000,36.9406
1747212180000,37.6992
1747212240000,37.7009
1747212300000,37.155
1747212360000,35.9819
1747212420000,35.2836
1747212480000,35.5162
1747212540000,36.4022
1747212600000,37.1181
1747212660000,38.5576
1747212720000,37.3198
1747212780000,37.1211
1747212840000,37.273
1747212900000,38.2233
1747212960000,40.1805
1747213020000,38.6745
1747213080000,39.1675
1747213140000,38.1129
1747213200000,38.6341
1747213260000,36.1993
1747213320000,37.0871
1747213380000,34.9655
1747213440000,36.1859
1747213500000,37.0195
1747213560000,40.4509
1747213620000,37.9588
1747213680000,37.3009
1747213740000,37.9242
1747213800000,38.4815
1747213860000,37.556
1747213920000,37.2503
1747213980000,38.7399
1747214040000,40.2296
1747214100000,36.4903
1747214160000,36.3332
1747214220000,38.2941
1747214280000,38.4018
1747214340000,38.4435
1747214400000,37.7707
1747214460000,37.1902
1747214520000,37.6597
1747214580000,37.0069
1747214640000,36.331
1747214700000,36.8667
1747214760000,38.1847
1747214820000,37.9876
1747214880000,38.7866
1747214940000,39.0912
1747215000000,38.039
1747215060000,36.2042
1747215120000,37.9474
1747215180000,38.2487
1747215240000,39.7948
1747215300000,37.8594
1747215360000,37.908
1747215420000,37.0483
1747215480000,38.0469
1747215540000,36.5511
1747215600000,38.3266
1747215660000,37.3595
1747215720000,39.0384
1747215780000,38.687
1747215840000,38.1711
1747215900000,36.6792
1747215960000,37.9871
1747216020000,37.5108
1747216080000,36.8422
1747216140000,39.1624
1747216200000,37.0571
1747216260000,35.8983
1747216320000,38.4415
1747216380000,38.0083
1747216440000,37.4065
1747216500000,39.0533
1747216560000,39.1579
1747216620000,37.1798
1747216680000,39.801
1747216740000,40.4603
1747216800000,37.4613
1747216860000,37.9241
1747216920000,35.5515
1747216980000,36.0871
1747217040000,36.4536
1747217100000,36.8439
1747217160000,38.7948
1747217220000,36.3981
1747217280000,38.3878
1747217340000,37.076
1747217400000,35.3688
1747217460000,36.2719
1747217520000,35.9577
1747217580000,36.3065
1747217640000,36.7449
1747217700000,34.9065
1747217760000,34.2777
1747217820000,34.9317
1747217880000,33.6456
1747217940000,34.9121
1747218000000,36.131
1747218060000,33.7867
1747218120000,34.9607
1747218180000,34.9515
1747218240000,34.2426
1747218300000,35.0122
1747218360000,34.2101
1747218420000,34.2495
1747218480000,34.3315
1747218540000,36.1015
1747218600000,33.904
1747218660000,35.4874
1747218720000,36.7452
1747218780000,33.8256
1747218840000,33.726
1747218900000,33.9292
1747218960000,32.8601
1747219020000,34.1761
1747219080000,33.2555
1747219140000,32.5969
1747219200000,34.64
1747219260000,34.0489
1747219320000,33.2846
1747219380000,34.7035
1747219440000,33.762
1747219500000,33.1232
1747219560000,33.2333
1747219620000,33.1981
1747219680000,32.039
1747219740000,33.8084
1747219800000,32.1992
1747219860000,33.2832
1747219920000,31.7268
1747219980000,31.8708
1747220040000,33.2795
1747220100000,32.3941
1747220160000,32.7526
1747220220000,33.1384
1747220280000,32.8617
1747220340000,33.413
1747220400000,32.791
1747220460000,30.7748
1747220520000,30.8434
1747220580000,30.4687
1747220640000,30.4638
1747220700000,31.7663
1747220760000,31.0313
1747220820000,29.803
1747220880000,28.9379
1747220940000,29.6256
1747221000000,30.794
1747221060000,30.499
1747221120000,29.452
1747221180000,29.432
1747221240000,29.3142
1747221300000,29.181
1747221360000,29.2454
1747221420000,28.6129
1747221480000,27.7307
1747221540000,28.1959
1747221600000,29.7343
1747221660000,28.2537
1747221720000,27.5275
1747221780000,30.0607
1747221840000,29.845
1747221900000,29.4666
1747221960000,28.7947
1747222020000,28.7867
1747222080000,30.3484
1747222140000,30.9527
1747222200000,30.8074
1747222260000,29.9395
1747222320000,29.8583
1747222380000,29.1836
1747222440000,28.5964
1747222500000,28.3602
1747222560000,28.1439
1747222620000,29.5997
1747222680000,27.8927
1747222740000,29.3086
1747222800000,29.4688
1747222860000,28.7426
1747222920000,29.6226
1747222980000,29.3927
1747223040000,28.8747
1747223100000,31.0334
1747223160000,30.3194
1747223220000,29.7844
1747223280000,31.9856
1747223340000,30.6614
1747223400000,30.4827
1747223460000,30.0367
1747223520000,29.3351
1747223580000,29.2676
1747223640000,29.1255
1747223700000,29.6498
1747223760000,28.375
1747223820000,30.7178
1747223880000,31.0877
1747223940000,31.3493
1747224000000,32.282
1747224060000,32.6265
1747224120000,30.3556
1747224180000,31.7776
1747224240000,31.9296
1747224300000,31.7655
1747224360000,31.9535
1747224420000,31.4779
1747224480000,31.0953
1747224540000,30.193
1747224600000,29.7677
1747224660000,31.1986
1747224720000,31.2562
1747224780000,30.7976
1747224840000,30.6811
1747224900000,30.0053
1747224960000,31.7952
1747225020000,28.3425
1747225080000,30.8281
1747225140000,29.5457
1747225200000,29.8705
1747225260000,31.3462
1747225320000,29.2135
1747225380000,30.3118
1747225440000,33.2981
1747225500000,31.3646
1747225560000,29.6951
1747225620000,30.5105
1747225680000,30.9008
1747225740000,31.9453
1747225800000,30.7369
1747225860000,29.513
1747225920000,30.9557
1747225980000,31.4276
1747226040000,29.291
1747226100000,30.4518
1747226160000,29.2753
1747226220000,29.696
1747226280000,30.706
1747226340000,31.4408
1747226400000,31.6757
1747226460000,31.271
1747226520000,33.1157
1747226580000,30.6337
1747226640000,31.7132
1747226700000,29.5077
1747226760000,29.6236
1747226820000,30.415
1747226880000,31.8554
1747226940000,31.8005
1747227000000,31.7678
1747227060000,31.3097
1747227120000,31.3012
1747227180000,31.9826
1747227240000,31.7085
1747227300000,30.117
1747227360000,31.5701
1747227420000,30.2851
1747227480000,32.0527
1747227540000,29.9414
1747227600000,32.2216
1747227660000,31.8615
1747227720000,33.1498
1747227780000,33.9001
1747227840000,31.8727
1747227900000,30.3328
1747227960000,30.2788
1747228020000,31.7865
1747228080000,32.2387
1747228140000,30.6153
1747228200000,34.6569
1747228260000,32.4362
1747228320000,33.7058
1747228380000,32.8577
1747228440000,31.9981
1747228500000,33.3055
1747228560000,31.9178
1747228620000,35.0839
1747228680000,33.2038
1747228740000,32.56
1747228800000,34.4279
1747228860000,34.65
1747228920000,34.1124
1747228980000,33.1791
1747229040000,34.4641
1747229100000,35.8463
1747229160000,31.9759
1747229220000,35.4822
1747229280000,33.9211
1747229340000,36.6929
1747229400000,36.5406
1747229460000,34.5314
1747229520000,34.8519
1747229580000,36.6628
1747229640000,38.0866
1747229700000,35.5937
1747229760000,35.6681
1747229820000,37.1861
1747229880000,35.3419
1747229940000,35.6425
1747230000000,35.743
1747230060000,36.9933
1747230120000,34.6127
1747230180000,34.4391
1747230240000,36.8393
1747230300000,40.2769
1747230360000,39.4744
1747230420000,35.4379
1747230480000,33.5526
1747230540000,35.4369
1747230600000,35.9068
1747230660000,32.5657
1747230720000,36.4868
1747230780000,34.961
1747230840000,33.834
1747230900000,34.1523
1747230960000,37.0107
1747231020000,33.1511
1747231080000,36.0484
1747231140000,36.831
1747231200000,35.4132
1747231260000,34.4648
1747231320000,32.8587
1747231380000,35.9458
1747231440000,34.3343
1747231500000,36.9788
1747231560000,32.8511
1747231620000,37.468
1747231680000,33.5398
1747231740000,38.4608
1747231800000,36.1277
1747231860000,35.0017
1747231920000,36.4845
1747231980000,31.1151
1747232040000,32.4395
1747232100000,30.007
1747232160000,36.058
1747232220000,30.1254
1747232280000,27.7392
1747232340000,32.5937
1747232400000,34.0797
1747232460000,31.2521
1747232520000,31.498
1747232580000,30.9604
1747232640000,33.1322
1747232700000,32.2407
1747232760000,26.9566
1747232820000,29.9899
1747232880000,29.3604
1747232940000,31.9508
1747233000000,29.4788
1747233060000,24.8926
1747233120000,25.3021
1747233180000,33.5614
1747233240000,24.2425
1747233300000,27.9418
1747233360000,24.5755
1747233420000,26.288
1747233480000,22.5463
1747233540000,25.0032
1747233600000,23.6885
1747233660000,24.9916
1747233720000,25.9497
1747233780000,28.1432
1747233840000,27.0031
1747233900000,29.9241
1747233960000,27.318
1747234020000,23.8711
1747234080000,23.6042
1747234140000,27.647
1747234200000,25.9198
1747234260000,25.8298
1747234320000,25.816
1747234380000,35.941
1747234440000,30.2739
1747234500000,30.6951
1747234560000,23.7123
1747234620000,28.3987
1747234680000,26.3681
1747234740000,21.824
1747234800000,24.9439
1747234860000,29.0762
1747234920000,29.8536
1747234980000,28.4784
1747235040000,21.3285
1747235100000,15.3094
1747235160000,14.0224
1747235220000,15.6388
1747235280000,12.0571
1747235340000,15.3124
1747235400000,22.8253
1747235460000,18.7878
1747235520000,15.5407
1747235580000,12.3507
1747235640000,14.3275
1747235700000,12.5144
1747235760000,20.0773
1747235820000,23.629
1747235880000,18.9152
1747235940000,22.4299
1747236000000,22.4848
1747236060000,18.3225
1747236120000,23.6935
1747236180000,19.9743
1747236240000,17.2711
1747236300000,14.7745
1747236360000,17.9227
1747236420000,18.2671
1747236480000,12.7039
1747236540000,16.7657
1747236600000,15.5701
1747236660000,17.188
1747236720000,15.5609
1747236780000,19.0781
1747236840000,15.6234
1747236900000,18.5344
1747236960000,17.5247
1747237020000,18.6005
1747237080000,20.0267
1747237140000,20.6217
1747237200000,18.3592
1747237260000,18.771
1747237320000,15.2244
1747237380000,16.1217
1747237440000,17.8261
1747237500000,21.1561
1747237560000,17.4342
1747237620000,16.5702
1747237680000,21.9894
1747237740000,14.5906
1747237800000,15.7482
1747237860000,13.4787
1747237920000,14.0283
1747237980000,11.59
1747238040000,20.1176
1747238100000,15.0715
1747238160000,23.1027
1747238220000,29.3381
1747238280000,18.8908
1747238340000,13.6958
1747238400000,31.4981
1747238460000,37.0744
1747238520000,38.2912
1747238580000,37.6448
1747238640000,23.3948
1747238700000,25.5471
1747238760000,17.5265
1747238820000,24.1803
1747238880000,26.6356
1747238940000,25.9257
1747239000000,25.03
1747239060000,24.2122
1747239120000,16.7765
1747239180000,17.8
1747239240000,26.4303
1747239300000,32.5875
1747239360000,25.9444
1747239420000,18.9438
1747239480000,22.2466
1747239540000,29.4452
1747239600000,26.8927
1747239660000,34.6501
1747239720000,19.6882
1747239780000,22.4587
1747239840000,27.502
1747239900000,24.3088
1747239960000,33.2378
1747240020000,27.403
1747240080000,27.2667
1747240140000,24.9186
1747240200000,29.7844
1747240260000,32.1714
1747240320000,20.5314
1747240380000,37.3829
1747240440000,31.802
1747240500000,30.3935
1747240560000,25.6915
1747240620000,27.8538
1747240680000,33.1015
1747240740000,29.0182
1747240800000,28.6601
1747240860000,31.0745
1747240920000,31.1645
1747240980000,33.6821
1747241040000,27.201
1747241100000,20.3552
1747241160000,27.9345
1747241220000,38.5166
1747241280000,31.1712
1747241340000,28.1257
1747241400000,33.4103
1747241460000,34.3042
1747241520000,23.3784
1747241580000,34.8676
1747241640000,26.3819
1747241700000,35.6889
1747241760000,23.7834
1747241820000,32.6775
1747241880000,35.8857
1747241940000,31.5446
1747242000000,33.6651
1747242060000,36.8622
1747242120000,45.2287
1747242180000,33.4942
1747242240000,27.116
1747242300000,31.3844
1747242360000,36.2378
1747242420000,35.8507
1747242480000,36.7163
1747242540000,34.1161
1747242600000,37.6595
1747242660000,33.8291
1747242720000,24.2011
1747242780000,30.9418
1747242840000,20.7635
1747242900000,25.4538
1747242960000,37.7623
1747243020000,36.2581
1747243080000,42.3767
1747243140000,31.2934
1747243200000,22.85
1747243260000,32.2594
1747243320000,33.0474
1747243380000,43.8494
1747243440000,43.5615
1747243500000,25.5419
1747243560000,23.058
1747243620000,25.5149
1747243680000,17.6812
1747243740000,30.7145
1747243800000,29.2424
1747243860000,33.8128
1747243920000,18.2422
1747243980000,23.7055
1747244040000,16.1448
1747244100000,22.2191
1747244160000,31.4518
1747244220000,27.9195
1747244280000,36.9306
1747244340000,30.484
1747244400000,26.5484
1747244460000,23.405
1747244520000,47.8399
1747244580000,21.6097
1747244640000,22.5569
1747244700000,22.6378
1747244760000,16.4132
1747244820000,15.6847
1747244880000,17.1272
1747244940000,19.9713
1747245000000,21.1043
1747245060000,34.1328
1747245120000,27.2476
1747245180000,32.6063
1747245240000,30.158
1747245300000,42.3801
1747245360000,23.1117
1747245420000,16.8137
1747245480000,30.6302
1747245540000,19.8632
1747245600000,27.6995
1747245660000,45.6589
1747245720000,28.3333
1747245780000,27.5801
1747245840000,21.1929
1747245900000,20.9552
1747245960000,20.0498
1747246020000,31.0585
1747246080000,33.1066
1747246140000,43.617
1747246200000,26.5504
1747246260000,25.6414
1747246320000,25.6375
1747246380000,20.3171
1747246440000,32.2851
1747246500000,18.987
1747246560000,62.5288
1747246620000,41.173
1747246680000,22.7661
1747246740000,32.0762
1747246800000,21.8646
1747246860000,19.5556
1747246920000,33.1324
1747246980000,24.7476
1747247040000,16.5509
1747247100000,30.7469
1747247160000,30.08
1747247220000,41.0027
1747247280000,57.1159
1747247340000,34.7526
1747247400000,28.0319
1747247460000,30.3415
1747247520000,22.0421
1747247580000,18.3101
1747247640000,43.5791
1747247700000,19.5665
1747247760000,24.7538
1747247820000,19.6181
1747247880000,39.3194
1747247940000,23.4848
1747248000000,36.6156
1747248060000,24.8837
1747248120000,36.6475
1747248180000,30.2431
1747248240000,14.1633
1747248300000,33.1172
1747248360000,54.1877
1747248420000,15.4826
1747248480000,44.2778
1747248540000,16.867
1747248600000,43.9107
1747248660000,49.4612
1747248720000,69.5939
1747248780000,41.9665
1747248840000,42.6143
1747248900000,15.8531
1747248960000,17.6442
1747249020000,19.9351
1747249080000,9.875
1747249140000,34.6628
1747249200000,22.8796
1747249260000,17.758
1747249320000,26.5606
1747249380000,43.7282
1747249440000,35.6939
1747249500000,19.2627
1747249560000,20.2675
1747249620000,20.6714
1747249680000,15.2692
1747249740000,15.2526
1747249800000,62.2807
1747249860000,49.4077
1747249920000,31.6727
1747249980000,16.8922
1747250040000,16.8439
1747250100000,34.0897
1747250160000,28.5215
1747250220000,25.5572
1747250280000,19.7556
1747250340000,29.4825
1747250400000,43.5966
1747250460000,38.2606
1747250520000,37.5973
1747250580000,38.5973
1747250640000,31.478
1747250700000,28.2357
1747250760000,39.851
1747250820000,90.8563
1747250880000,44.5935
1747250940000,22.2215
1747251000000,20.018
1747251060000,14.2778
1747251120000,13.1024
1747251180000,12.7407
1747251240000,34.626
1747251300000,39.1667
1747251360000,13.5636
1747251420000,30.5074
1747251480000,47.3404
1747251540000,27.6823
1747251600000,42.9776
1747251660000,48.0341
1747251720000,24.5733
1747251780000,21.8961
1747251840000,16.5266
1747251900000,6.8369
1747251960000,20.7785
1747252020000,24.0796
1747252080000,21.6543
1747252140000,22.12
1747252200000,11.6279
1747252260000,19.3846
1747252320000,39.1447
1747252380000,22.6667
1747252440000,49.0878
1747252500000,43.7612
1747252560000,11.876
1747252620000,39.0702
1747252680000,34.6113
1747252740000,29.9309
1747252800000,29.3
1747252860000,35.5587
1747252920000,58.3281
1747252980000,35.9091
1747253040000,19.8872
1747253100000,8.5221
1747253160000,17.3403
1747253220000,7.3455
1747253280000,29.8272
1747253340000,16.3228
1747253400000,33.3383
1747253460000,16.4928
1747253520000,40.6609
1747253580000,58.4406
1747253640000,26.1831
1747253700000,17.8452
1747253760000,13.0813
1747253820000,33.1445
1747253880000,12.2276
1747253940000,23.7938
1747254000000,13.1977
1747254060000,44.9731
1747254120000,57.3121
1747254180000,49.8079
1747254240000,10.5873
1747254300000,35.5255
1747254360000,30.8387
1747254420000,18.8548
1747254480000,30.3261
1747254540000,13.5704
1747254600000,26.113
1747254660000,18.3377
1747254720000,22.1923
1747254780000,27.5743
1747254840000,19.0898
1747254900000,88.7288
1747254960000,33.4821
1747255020000,11.373
1747255080000,47.2593
1747255140000,84.7692
1747255200000,39.5522
1747255260000,63.6045
1747255320000,24.7561
1747255380000,39.4407
1747255440000,31.8513
1747255500000,9.3687
1747255560000,25.0433
1747255620000,48.1336
1747255680000,62.4754
1747255740000,27.1623
1747255800000,11.0825
1747255860000,27.5536
1747255920000,25.3857
1747255980000,21.3122
1747256040000,37.3304
1747256100000,28.0603
1747256160000,24.0466
1747256220000,25.0
1747256280000,32.0718
1747256340000,47.3883
1747256400000,34.8387
1747256460000,29.5265
1747256520000,10.3056
1747256580000,9.62
1747256640000,19.2817
1747256700000,31.3073
1747256760000,24.3061
1747256820000,40.3053
1747256880000,19.1059
1747256940000,25.5773
1747257000000,40.2101
1747257060000,37.3285
1747257120000,22.024
1747257180000,18.5556
1747257240000,33.2049
1747257300000,30.986
1747257360000,16.9515
1747257420000,22.7204
1747257480000,46.189
1747257540000,17.5
1747257600000,20.7213
1747257660000,24.7938
1747257720000,16.895
1747257780000,21.9148
1747257840000,37.4424
1747257900000,34.2616
1747257960000,31.6396
1747258020000,66.2366
1747258080000,38.7876
1747258140000,20.9709
1747258200000,29.6021
1747258260000,14.2552
1747258320000,10.513
1747258380000,13.5823
1747258440000,15.8318
1747258500000,23.3571
1747258560000,31.1449
1747258620000,21.8597
1747258680000,39.1911
1747258740000,22.9598
1747258800000,22.3379
1747258860000,20.4439
1747258920000,21.771
1747258980000,14.3803
1747259040000,18.9201
1747259100000,20.8068
1747259160000,14.2674
1747259220000,51.7125
1747259280000,21.4221
1747259340000,22.9286
1747259400000,28.0965
1747259460000,26.9782
1747259520000,25.3418
1747259580000,20.1365
1747259640000,20.4033
1747259700000,24.5236
1747259760000,34.0143
1747259820000,31.2325
1747259880000,21.386
1747259940000,17.1229
1747260000000,15.9051
1747260060000,25.5035
1747260120000,24.2704
1747260180000,23.9154
1747260240000,19.4993
1747260300000,18.2007
1747260360000,19.6837
1747260420000,23.6645
1747260480000,25.1371
1747260540000,24.4142
1747260600000,21.8871
1747260660000,24.557
1747260720000,24.6539
1747260780000,30.2377
1747260840000,23.8958
1747260900000,28.0332
1747260960000,27.7834
1747261020000,32.8322
1747261080000,30.9946
1747261140000,25.2595
1747261200000,29.1171
1747261260000,21.3846
1747261320000,31.4948
1747261380000,26.7279
1747261440000,24.7214
1747261500000,24.1392
1747261560000,24.0396
1747261620000,31.3596
1747261680000,26.9297
1747261740000,29.1655
1747261800000,27.7205
1747261860000,22.2051
1747261920000,26.5467
1747261980000,25.224
1747262040000,20.3235
1747262100000,20.1073
1747262160000,21.5275
1747262220000,19.4437
1747262280000,22.665
1747262340000,20.5105
1747262400000,24.602
1747262460000,23.3753
1747262520000,23.2663
1747262580000,24.5241
1747262640000,28.33
1747262700000,27.8773
1747262760000,26.7203
1747262820000,25.5475
1747262880000,34.1868
1747262940000,33.0175
1747263000000,33.3172
1747263060000,34.3611
1747263120000,30.4927
1747263180000,34.2694
1747263240000,39.316
1747263300000,33.0325
1747263360000,34.3826
1747263420000,43.7356
1747263480000,43.765
1747263540000,42.0189
1747263600000,36.9537
1747263660000,32.7986
1747263720000,34.3508
1747263780000,42.5391
1747263840000,37.1729
1747263900000,36.1472
1747263960000,30.3868
1747264020000,31.2706
1747264080000,30.3886
1747264140000,31.7556
1747264200000,30.3787
1747264260000,34.2565
1747264320000,29.4505
1747264380000,29.6592
1747264440000,31.9255
1747264500000,34.2944
1747264560000,29.25
1747264620000,32.0432
1747264680000,32.9034
1747264740000,32.2266
1747264800000,30.5162
1747264860000,33.264
1747264920000,36.0211
1747264980000,32.1881
1747265040000,33.0597
1747265100000,32.7725
1747265160000,30.4802
1747265220000,32.2088
1747265280000,34.2868
1747265340000,35.9011
1747265400000,31.9369
1747265460000,34.2345
1747265520000,32.4763
1747265580000,33.0613
1747265640000,30.1585
1747265700000,31.2777
1747265760000,29.8517
1747265820000,32.9297
1747265880000,30.4008
1747265940000,29.244
1747266000000,30.6384
1747266060000,29.9204
1747266120000,31.0597
1747266180000,31.6067
1747266240000,37.5017
1747266300000,36.0392
1747266360000,34.4587
1747266420000,37.2417
1747266480000,35.466
1747266540000,34.8038
1747266600000,33.7759
1747266660000,36.6684
1747266720000,38.038
1747266780000,34.4055
1747266840000,32.3777
1747266900000,34.9542
1747266960000,36.1168
1747267020000,38.6615
1747267080000,38.9459
1747267140000,39.7575
1747267200000,39.6553
1747267260000,36.1418
1747267320000,35.9492
1747267380000,37.0453
1747267440000,38.7852
1747267500000,39.7905
1747267560000,38.8292
1747267620000,37.6172
1747267680000,38.2424
1747267740000,36.9126
1747267800000,40.229
1747267860000,39.9651
1747267920000,40.2132
1747267980000,41.291
1747268040000,39.6391
1747268100000,40.0872
1747268160000,39.8365
1747268220000,40.2232
1747268280000,39.4605
1747268340000,39.4424
1747268400000,42.3819
1747268460000,43.2699
1747268520000,43.4927
1747268580000,40.8981
1747268640000,41.3808
1747268700000,39.3089
1747268760000,42.96
1747268820000,43.5698
1747268880000,43.8004
1747268940000,47.2205
1747269000000,41.7264
1747269060000,42.6353
1747269120000,42.6076
1747269180000,41.1423
1747269240000,40.9596
1747269300000,41.0874
1747269360000,44.6583
1747269420000,44.0371
1747269480000,42.3814
1747269540000,45.1608
1747269600000,42.8477
1747269660000,43.849
1747269720000,42.8874
1747269780000,43.9526
1747269840000,42.4416
1747269900000,42.8494
1747269960000,40.6652
1747270020000,43.196
1747270080000,42.705
1747270140000,42.96
1747270200000,42.5199
1747270260000,43.3641
1747270320000,45.2537
1747270380000,45.3409
1747270440000,44.3233
1747270500000,44.2831
1747270560000,45.1605
1747270620000,42.9466
1747270680000,49.3786
1747270740000,46.2705
1747270800000,42.618
1747270860000,41.8264
1747270920000,40.8946
1747270980000,40.4229
1747271040000,42.0457
1747271100000,41.912
1747271160000,43.3499
1747271220000,43.4157
1747271280000,43.2103
1747271340000,42.3687
1747271400000,42.645
1747271460000,40.1468
1747271520000,41.5303
1747271580000,41.2605
1747271640000,41.6377
1747271700000,43.1014
1747271760000,44.2888
1747271820000,39.945
1747271880000,40.2972
1747271940000,41.5902
1747272000000,43.0848
1747272060000,40.1363
1747272120000,42.7901
1747272180000,38.0247
1747272240000,43.1327
1747272300000,41.7646
1747272360000,43.5939
1747272420000,43.7678
1747272480000,40.7478
1747272540000,45.8416
1747272600000,41.9849
1747272660000,42.8101
1747272720000,40.8927
1747272780000,40.945
1747272840000,40.1192
1747272900000,41.82
1747272960000,40.4966
1747273020000,41.184
1747273080000,43.1814
1747273140000,41.8098
1747273200000,39.3726
1747273260000,40.9553
1747273320000,40.9157
1747273380000,41.016
1747273440000,43.7394
1747273500000,41.066
1747273560000,41.795
1747273620000,41.5446
1747273680000,41.7079
1747273740000,41.5031
1747273800000,43.2537
1747273860000,42.092
1747273920000,40.9768
1747273980000,42.3591
1747274040000,40.8747
1747274100000,44.0808
1747274160000,43.3937
1747274220000,40.1339
1747274280000,42.0112
1747274340000,42.2518
1747274400000,37.6961
1747274460000,40.4985
1747274520000,40.4743
1747274580000,37.6041
1747274640000,39.818
1747274700000,38.4951
1747274760000,40.6655
1747274820000,41.32
1747274880000,39.7666
1747274940000,40.536
1747275000000,39.2024
1747275060000,37.2083
1747275120000,39.7021
1747275180000,39.8458
1747275240000,41.5504
1747275300000,44.4333
1747275360000,40.6844
1747275420000,38.9519
1747275480000,40.7125
1747275540000,41.5719
1747275600000,41.5877
1747275660000,39.9584
1747275720000,40.0441
1747275780000,39.8907
1747275840000,40.6153
1747275900000,40.1937
1747275960000,41.6941
1747276020000,41.6405
1747276080000,41.4109
1747276140000,42.3778
1747276200000,42.0712
1747276260000,42.2525
1747276320000,42.6233
1747276380000,41.9234
1747276440000,41.9427
1747276500000,43.1182
1747276560000,42.5892
1747276620000,39.4349
1747276680000,38.5278
1747276740000,40.7584
1747276800000,41.5122
1747276860000,41.0502
1747276920000,42.0368
1747276980000,40.3777
1747277040000,42.5806
1747277100000,40.2919
1747277160000,41.8557
1747277220000,39.4525
1747277280000,42.2344
1747277340000,40.8235
1747277400000,38.0473
1747277460000,39.4299
1747277520000,41.8948
1747277580000,40.7909
1747277640000,38.7598
1747277700000,40.9511
1747277760000,41.0564
1747277820000,40.2906
1747277880000,42.0999
1747277940000,42.9601
1747278000000,41.2397
1747278060000,41.8169
1747278120000,40.4934
1747278180000,42.1556
1747278240000,39.4207
1747278300000,38.5479
1747278360000,40.1534
1747278420000,42.4558
1747278480000,40.4057
1747278540000,41.1441
1747278600000,40.0279
1747278660000,42.8183
1747278720000,41.7428
1747278780000,41.0811
1747278840000,39.2894
1747278900000,39.1532
1747278960000,40.6888
1747279020000,40.8278
1747279080000,41.6594
1747279140000,41.6655
1747279200000,38.9577
1747279260000,40.8179
1747279320000,41.9828
1747279380000,39.8641
1747279440000,39.1174
1747279500000,41.0705
1747279560000,41.5733
1747279620000,39.3383
1747279680000,42.2839
1747279740000,41.66
1747279800000,41.2806
1747279860000,41.1481
1747279920000,38.7251
1747279980000,40.1419
1747280040000,42.1671
1747280100000,39.1179
1747280160000,38.2776
1747280220000,39.386
1747280280000,40.624
1747280340000,41.1304
1747280400000,39.8261
1747280460000,41.0048
1747280520000,38.6526
1747280580000,40.3458
1747280640000,39.544
1747280700000,38.0833
1747280760000,40.0513
1747280820000,42.9549
1747280880000,39.6342
1747280940000,39.5642
1747281000000,39.7657
1747281060000,41.0351
1747281120000,41.9285
1747281180000,42.8083
1747281240000,39.9109
1747281300000,39.2839
1747281360000,41.4132
1747281420000,40.8084
1747281480000,39.1452
1747281540000,41.2735
1747281600000,43.1654
1747281660000,39.1002
1747281720000,39.4907
1747281780000,38.6122
1747281840000,37.4482
1747281900000,39.3202
1747281960000,41.1211
1747282020000,36.3958
1747282080000,38.8812
1747282140000,38.355
1747282200000,38.0709
1747282260000,35.6299
1747282320000,38.626
1747282380000,38.3477
1747282440000,37.1174
1747282500000,38.227
1747282560000,37.4831
1747282620000,36.9688
1747282680000,37.4117
1747282740000,38.0519
1747282800000,39.1725
1747282860000,38.4872
1747282920000,38.3783
1747282980000,39.715
1747283040000,39.5329
1747283100000,38.8663
1747283160000,37.6861
1747283220000,37.5858
1747283280000,38.4736
1747283340000,40.5914
1747283400000,36.7778
1747283460000,38.3069
1747283520000,39.0224
1747283580000,39.9867
1747283640000,36.9273
1747283700000,37.8719
1747283760000,39.1843
1747283820000,36.3263
1747283880000,35.7516
1747283940000,37.3988
1747284000000,37.9026
1747284060000,38.5831
1747284120000,37.0015
1747284180000,35.9778
1747284240000,38.5065
1747284300000,37.6847
1747284360000,36.4884
1747284420000,37.0352
1747284480000,35.5333
1747284540000,35.8127
1747284600000,35.0942
1747284660000,36.0729
1747284720000,36.902
1747284780000,37.4735
1747284840000,37.2359
1747284900000,33.563
1747284960000,37.8655
1747285020000,38.9472
1747285080000,37.5701
1747285140000,37.7486
1747285200000,36.0794
1747285260000,37.8243
1747285320000,37.6653
1747285380000,38.4132
1747285440000,38.1219
1747285500000,34.5995
1747285560000,36.1523
1747285620000,33.9725
1747285680000,35.1811
1747285740000,36.4663
1747285800000,38.3107
1747285860000,37.0784
1747285920000,36.5526
1747285980000,38.6118
1747286040000,37.9742
1747286100000,36.7231
1747286160000,37.6087
1747286220000,37.5137
1747286280000,37.4602
1747286340000,34.4676
1747286400000,38.0598
1747286460000,36.6483
1747286520000,36.3964
1747286580000,37.4453
1747286640000,37.9566
1747286700000,37.7833
1747286760000,36.5316
1747286820000,38.4771
1747286880000,37.4797
1747286940000,41.1732
1747287000000,36.7595
1747287060000,40.2211
1747287120000,36.0549
1747287180000,39.236
1747287240000,38.0746
1747287300000,36.6188
1747287360000,38.3744
1747287420000,34.5235
1747287480000,38.388
1747287540000,35.7811
1747287600000,34.0215
1747287660000,37.2426
1747287720000,37.6166
1747287780000,39.827
1747287840000,36.5188
1747287900000,38.6391
1747287960000,37.4632
1747288020000,36.0486
1747288080000,37.2061
1747288140000,34.3373
1747288200000,35.8229
1747288260000,38.5261
1747288320000,36.6538
1747288380000,36.1641
1747288440000,36.9262
1747288500000,37.1557
1747288560000,36.6049
1747288620000,37.7117
1747288680000,35.2411
1747288740000,35.8417
1747288800000,36.4862
1747288860000,34.8976
1747288920000,36.9804
1747288980000,34.985
1747289040000,33.5379
1747289100000,34.1004
1747289160000,35.9591
1747289220000,34.1935
1747289280000,31.3304
1747289340000,34.5926
1747289400000,34.8831
1747289460000,35.2165
1747289520000,38.4663
1747289580000,35.2478
1747289640000,35.7248
1747289700000,35.2149
1747289760000,35.27
1747289820000,32.8532
1747289880000,35.8193
1747289940000,34.6626
1747290000000,37.8626
1747290060000,37.5729
1747290120000,36.7159
1747290180000,35.1282
1747290240000,35.1476
1747290300000,35.1841
1747290360000,36.9133
1747290420000,34.2105
1747290480000,36.9631
1747290540000,37.1745
1747290600000,38.1214
1747290660000,35.1323
1747290720000,33.1759
1747290780000,37.1027
1747290840000,34.9342
1747290900000,35.8678
1747290960000,35.5813
1747291020000,35.0601
1747291080000,35.6708
1747291140000,37.4843
1747291200000,38.297
1747291260000,39.138
1747291320000,37.2903
1747291380000,35.1486
1747291440000,39.5977
1747291500000,36.0112
1747291560000,35.4069
1747291620000,37.5899
1747291680000,37.1736
1747291740000,36.1557
1747291800000,34.0942
1747291860000,37.5566
1747291920000,36.7208
1747291980000,35.0028
1747292040000,36.0237
1747292100000,35.2998
1747292160000,36.6684
1747292220000,37.3183
1747292280000,36.7336
1747292340000,36.3208
1747292400000,36.6048
1747292460000,36.5483
1747292520000,37.277
1747292580000,33.9484
1747292640000,36.0217
1747292700000,37.936
1747292760000,36.5807
1747292820000,34.9734
1747292880000,36.4227
1747292940000,37.4762
1747293000000,35.6311
1747293060000,36.3537
1747293120000,36.5897
1747293180000,35.507
1747293240000,38.8853
1747293300000,36.1926
1747293360000,36.3233
1747293420000,35.4682
1747293480000,37.0644
1747293540000,37.6183
1747293600000,36.6223
1747293660000,37.6174
1747293720000,35.8699
1747293780000,34.9638
1747293840000,35.9211
1747293900000,36.7343
1747293960000,38.5351
1747294020000,36.2353
1747294080000,34.6852
1747294140000,38.9875
1747294200000,39.0986
1747294260000,39.6086
1747294320000,36.2292
1747294380000,38.2908
1747294440000,37.137
1747294500000,35.7853
1747294560000,35.2518
1747294620000,36.2258
1747294680000,39.2279
1747294740000,39.5714
1747294800000,37.4972
1747294860000,38.9535
1747294920000,37.3418
1747294980000,36.409
1747295040000,38.5376
1747295100000,37.4343
1747295160000,38.4703
1747295220000,37.2807
1747295280000,36.3277
1747295340000,35.7769
1747295400000,36.0746
1747295460000,36.4905
1747295520000,38.4507
1747295580000,38.9146
1747295640000,37.1681
1747295700000,37.6434
1747295760000,39.8183
1747295820000,38.4639
1747295880000,37.8846
1747295940000,38.0965
1747296000000,36.0047
1747296060000,37.2663
1747296120000,38.9494
1747296180000,37.9789
1747296240000,38.4434
1747296300000,38.7443
1747296360000,37.4101
1747296420000,37.9771
1747296480000,37.282
1747296540000,39.5287
1747296600000,37.1995
1747296660000,37.0309
1747296720000,36.0334
1747296780000,40.029
1747296840000,38.5541
1747296900000,36.518
1747296960000,37.6257
1747297020000,36.6548
1747297080000,37.2924
1747297140000,36.1285
1747297200000,36.9906
1747297260000,36.3973
1747297320000,37.5036
1747297380000,39.3352
1747297440000,40.1535
1747297500000,38.588
1747297560000,37.2381
1747297620000,38.5791
1747297680000,38.3543
1747297740000,37.2098
1747297800000,39.0684
1747297860000,36.0096
1747297920000,37.1968
1747297980000,37.0227
1747298040000,37.6754
1747298100000,37.6523
1747298160000,38.1305
1747298220000,39.099
1747298280000,37.2123
1747298340000,38.0937
1747298400000,38.8155
1747298460000,37.7868
1747298520000,37.0501
1747298580000,38.7218
1747298640000,39.5308
1747298700000,37.6251
1747298760000,40.0999
1747298820000,37.4103
1747298880000,37.9598
1747298940000,37.5771
1747299000000,38.2
1747299060000,36.8469
1747299120000,39.0267
1747299180000,38.0224
1747299240000,36.2109
1747299300000,36.9716
1747299360000,38.8509
1747299420000,39.9973
1747299480000,40.89
1747299540000,38.8897
1747299600000,38.5139
1747299660000,38.6102
1747299720000,40.2814
1747299780000,38.0413
1747299840000,37.9247
1747299900000,38.7079
1747299960000,40.1878
1747300020000,37.9458
1747300080000,36.6807
1747300140000,39.2291
1747300200000,40.6732
1747300260000,38.3164
1747300320000,37.4423
1747300380000,39.0479
1747300440000,40.0186
1747300500000,37.1425
1747300560000,37.0962
1747300620000,37.6564
1747300680000,37.9871
1747300740000,39.6994
1747300800000,40.4073
1747300860000,39.5656
1747300920000,38.5381
1747300980000,39.1387
1747301040000,39.4418
1747301100000,38.1134
1747301160000,38.0719
1747301220000,40.1201
1747301280000,40.6162
1747301340000,39.309
1747301400000,38.0996
1747301460000,38.6477
1747301520000,38.7066
1747301580000,42.0333
1747301640000,39.9997
1747301700000,37.3689
1747301760000,39.6546
1747301820000,39.8312
1747301880000,40.0999
1747301940000,38.6826
1747302000000,39.5813
1747302060000,40.3346
1747302120000,41.0163
1747302180000,40.5993
1747302240000,39.9146
1747302300000,38.9291
1747302360000,39.8831
1747302420000,40.7521
