timestamp,pod_nginx_rt
1747042380000,1.1552
1747042440000,1.1961
1747042500000,1.1144
1747042560000,1.1628
1747042620000,1.1642
1747042680000,1.1766
1747042740000,1.1514
1747042800000,1.1178
1747042860000,1.1971
1747042920000,1.176
1747042980000,1.1525
1747043040000,1.1327
1747043100000,1.1803
1747043160000,1.1754
1747043220000,1.1783
1747043280000,1.1177
1747043340000,1.1225
1747043400000,1.164
1747043460000,1.1584
1747043520000,1.1764
1747043580000,1.187
1747043640000,1.1521
1747043700000,1.1751
1747043760000,1.1578
1747043820000,1.1671
1747043880000,1.2137
1747043940000,1.1411
1747044000000,1.1953
1747044060000,1.1926
1747044120000,1.1306
1747044180000,1.1642
1747044240000,1.2079
1747044300000,1.607
1747044360000,1.2113
1747044420000,1.5079
1747044480000,1.5727
1747044540000,1.1563
1747044600000,1.1351
1747044660000,1.2668
1747044720000,1.1153
1747044780000,1.1089
1747044840000,1.0976
1747044900000,1.188
1747044960000,1.1238
1747045020000,1.1206
1747045080000,1.1207
1747045140000,1.4005
1747045200000,1.1033
1747045260000,1.1326
1747045320000,1.2093
1747045380000,1.1961
1747045440000,1.145
1747045500000,1.158
1747045560000,1.6033
1747045620000,1.1681
1747045680000,1.1491
1747045740000,1.1076
1747045800000,1.1497
1747045860000,1.6697
1747045920000,1.1054
1747045980000,1.1743
1747046040000,1.136
1747046100000,1.1877
1747046160000,1.4081
1747046220000,1.1198
1747046280000,1.2295
1747046340000,1.2379
1747046400000,1.0998
1747046460000,1.2672
1747046520000,1.1824
1747046580000,1.1257
1747046640000,1.2915
1747046700000,1.3702
1747046760000,1.1252
1747046820000,1.1497
1747046880000,1.2605
1747046940000,1.1898
1747047000000,1.2082
1747047060000,1.1627
1747047120000,1.1769
1747047180000,1.2295
1747047240000,1.1656
1747047300000,1.108
1747047360000,1.1542
1747047420000,1.1546
1747047480000,1.1997
1747047540000,1.1767
1747047600000,1.5436
1747047660000,1.1656
1747047720000,1.111
1747047780000,1.2039
1747047840000,1.116
1747047900000,1.142
1747047960000,1.1476
1747048020000,1.1177
1747048080000,1.1637
1747048140000,1.1634
1747048200000,1.1759
1747048260000,1.0874
1747048320000,1.179
1747048380000,1.1259
1747048440000,1.1893
1747048500000,1.1103
1747048560000,1.1101
1747048620000,1.16
1747048680000,1.1444
1747048740000,1.1338
1747048800000,1.1614
1747048860000,1.4037
1747048920000,1.1367
1747048980000,1.1783
1747049040000,1.1897
1747049100000,1.1328
1747049160000,1.1832
1747049220000,1.1115
1747049280000,1.1367
1747049340000,1.4633
1747049400000,1.1409
1747049460000,1.1662
1747049520000,1.0669
1747049580000,1.0744
1747049640000,1.1084
1747049700000,1.1415
1747049760000,1.1072
1747049820000,1.1131
1747049880000,1.117
1747049940000,1.0925
1747050000000,1.1219
1747050060000,1.1774
1747050120000,1.2179
1747050180000,1.356
1747050240000,1.1099
1747050300000,1.2185
1747050360000,1.121
1747050420000,1.148
1747050480000,1.305
1747050540000,1.9665
1747050600000,1.4254
1747050660000,1.2934
1747050720000,1.1272
1747050780000,1.1898
1747050840000,1.118
1747050900000,1.0796
1747050960000,1.1317
1747051020000,1.0801
1747051080000,1.1629
1747051140000,1.1564
1747051200000,1.1419
1747051260000,1.3444
1747051320000,1.1488
1747051380000,1.8667
1747051440000,1.1012
1747051500000,1.1577
1747051560000,1.204
1747051620000,1.2175
1747051680000,1.2095
1747051740000,1.2186
1747051800000,1.2248
1747051860000,1.0971
1747051920000,1.2692
1747051980000,1.1913
1747052040000,1.1394
1747052100000,1.1753
1747052160000,1.2061
1747052220000,1.1512
1747052280000,1.181
1747052340000,1.0913
1747052400000,1.1494
1747052460000,1.2295
1747052520000,1.1905
1747052580000,1.2087
1747052640000,1.2091
1747052700000,1.1685
1747052760000,1.1984
1747052820000,1.2065
1747052880000,1.5401
1747052940000,1.493
1747053000000,1.1942
1747053060000,1.1492
1747053120000,1.2111
1747053180000,1.0735
1747053240000,1.1016
1747053300000,1.179
1747053360000,1.2637
1747053420000,1.5467
1747053480000,1.0931
1747053540000,1.1438
1747053600000,1.1087
1747053660000,1.201
1747053720000,1.2502
1747053780000,2.1756
1747053840000,1.2818
1747053900000,1.443
1747053960000,1.5373
1747054020000,1.2381
1747054080000,1.1608
1747054140000,1.1913
1747054200000,2.0071
1747054260000,1.1687
1747054320000,1.2868
1747054380000,1.1619
1747054440000,1.4108
1747054500000,1.189
1747054560000,1.2223
1747054620000,1.1634
1747054680000,1.1194
1747054740000,1.1823
1747054800000,1.1276
1747054860000,1.1161
1747054920000,1.0909
1747054980000,1.1693
1747055040000,1.5923
1747055100000,1.1403
1747055160000,1.2427
1747055220000,1.0844
1747055280000,1.1552
1747055340000,1.074
1747055400000,1.1313
1747055460000,1.11
1747055520000,1.1507
1747055580000,1.0882
1747055640000,1.1384
1747055700000,1.1631
1747055760000,1.15
1747055820000,1.0831
1747055880000,1.0799
1747055940000,1.2382
1747056000000,1.5067
1747056060000,1.1015
1747056120000,1.1067
1747056180000,1.0775
1747056240000,1.3262
1747056300000,1.0864
1747056360000,1.1796
1747056420000,1.0364
1747056480000,1.2401
1747056540000,1.2125
1747056600000,1.1006
1747056660000,1.0743
1747056720000,1.1159
1747056780000,1.6059
1747056840000,1.0411
1747056900000,1.0545
1747056960000,1.9889
1747057020000,1.1183
1747057080000,1.1716
1747057140000,1.2021
1747057200000,1.1451
1747057260000,1.0739
1747057320000,1.0936
1747057380000,1.092
1747057440000,1.2168
1747057500000,1.1705
1747057560000,1.0544
1747057620000,1.0617
1747057680000,1.2243
1747057740000,1.0435
1747057800000,1.1323
1747057860000,1.2731
1747057920000,1.0733
1747057980000,1.0722
1747058040000,1.0833
1747058100000,1.0928
1747058160000,1.0476
1747058220000,1.0054
1747058280000,1.2343
1747058340000,1.1739
1747058400000,1.157
1747058460000,1.077
1747058520000,1.0281
1747058580000,1.0533
1747058640000,1.066
1747058700000,1.0548
1747058760000,1.0221
1747058820000,1.0864
1747058880000,1.0168
1747058940000,1.0559
1747059000000,1.0101
1747059060000,1.0272
1747059120000,0.9913
1747059180000,1.0465
1747059240000,1.0688
1747059300000,1.0337
1747059360000,1.0149
1747059420000,1.0118
1747059480000,1.0382
1747059540000,1.0192
1747059600000,1.037
1747059660000,1.0207
1747059720000,0.9911
1747059780000,1.0551
1747059840000,1.0022
1747059900000,1.0098
1747059960000,1.0002
1747060020000,1.0293
1747060080000,1.0396
1747060140000,1.0177
1747060200000,0.9949
1747060260000,1.0372
1747060320000,0.9748
1747060380000,0.9965
1747060440000,0.9879
1747060500000,1.0074
1747060560000,0.9737
1747060620000,0.9823
1747060680000,0.9492
1747060740000,0.9997
1747060800000,0.9663
1747060860000,1.023
1747060920000,0.9889
1747060980000,0.9489
1747061040000,0.9631
1747061100000,0.9537
1747061160000,0.9822
1747061220000,0.9796
1747061280000,0.9925
1747061340000,0.9761
1747061400000,0.9453
1747061460000,0.9611
1747061520000,0.9631
1747061580000,0.9224
1747061640000,0.9405
1747061700000,0.9406
1747061760000,0.959
1747061820000,0.93
1747061880000,0.9505
1747061940000,0.9443
1747062000000,0.948
1747062060000,0.9581
1747062120000,1.0064
1747062180000,0.9645
1747062240000,0.9651
1747062300000,0.9843
1747062360000,0.956
1747062420000,0.9768
1747062480000,0.9808
1747062540000,0.956
1747062600000,0.9784
1747062660000,0.9648
1747062720000,0.9569
1747062780000,0.9408
1747062840000,0.9404
1747062900000,0.9583
1747062960000,0.96
1747063020000,0.9622
1747063080000,0.961
1747063140000,0.9428
1747063200000,0.9661
1747063260000,0.9642
1747063320000,0.9827
1747063380000,0.9589
1747063440000,0.93
1747063500000,0.9618
1747063560000,0.9767
1747063620000,0.9262
1747063680000,0.9982
1747063740000,0.9149
1747063800000,0.9335
1747063860000,0.9037
1747063920000,0.9569
1747063980000,0.938
1747064040000,0.936
1747064100000,0.9284
1747064160000,0.9109
1747064220000,0.9099
1747064280000,0.9429
1747064340000,0.8877
1747064400000,0.9374
1747064460000,0.9363
1747064520000,0.9214
1747064580000,0.959
1747064640000,0.9175
1747064700000,0.9396
1747064760000,0.9271
1747064820000,0.9415
1747064880000,0.9071
1747064940000,0.9275
1747065000000,0.9302
1747065060000,0.9235
1747065120000,0.9507
1747065180000,0.9282
1747065240000,0.912
1747065300000,0.9307
1747065360000,0.8988
1747065420000,0.9356
1747065480000,0.9369
1747065540000,0.9152
1747065600000,0.9061
1747065660000,1.0051
1747065720000,0.9976
1747065780000,0.9309
1747065840000,0.9508
1747065900000,0.9514
1747065960000,0.9335
1747066020000,0.9646
1747066080000,0.9249
1747066140000,0.9683
1747066200000,0.9412
1747066260000,0.9235
1747066320000,0.9504
1747066380000,0.9685
1747066440000,0.9711
1747066500000,0.9396
1747066560000,0.9583
1747066620000,0.9812
1747066680000,1.0086
1747066740000,0.9662
1747066800000,0.9564
1747066860000,1.4124
1747066920000,39.5988
1747066980000,12.6089
1747067040000,1.0373
1747067100000,1.0337
1747067160000,1.0259
1747067220000,0.9862
1747067280000,1.0157
1747067340000,0.9679
1747067400000,1.023
1747067460000,0.9986
1747067520000,1.0409
1747067580000,0.9984
1747067640000,0.9854
1747067700000,1.0289
1747067760000,0.9904
1747067820000,1.0218
1747067880000,0.9937
1747067940000,1.007
1747068000000,0.9654
1747068060000,0.9845
1747068120000,1.0221
1747068180000,1.017
1747068240000,0.9786
1747068300000,0.9787
1747068360000,0.9704
1747068420000,0.9927
1747068480000,0.9536
1747068540000,0.9522
1747068600000,1.0019
1747068660000,0.9817
1747068720000,0.9835
1747068780000,1.0056
1747068840000,0.9626
1747068900000,0.9953
1747068960000,0.991
1747069020000,1.0016
1747069080000,0.9643
1747069140000,0.9662
1747069200000,0.9751
1747069260000,0.9804
1747069320000,0.9761
1747069380000,0.9879
1747069440000,0.9885
1747069500000,0.9801
1747069560000,0.9734
1747069620000,0.9528
1747069680000,0.9814
1747069740000,0.9887
1747069800000,0.9829
1747069860000,0.977
1747069920000,0.9562
1747069980000,0.9821
1747070040000,0.9574
1747070100000,0.9823
1747070160000,0.9559
1747070220000,1.0195
1747070280000,0.9767
1747070340000,0.9994
1747070400000,1.0072
1747070460000,0.9995
1747070520000,0.9716
1747070580000,0.9765
1747070640000,0.9832
1747070700000,0.9877
1747070760000,0.9762
1747070820000,0.9841
1747070880000,0.9896
1747070940000,0.9753
1747071000000,0.972
1747071060000,0.9876
1747071120000,0.9837
1747071180000,0.9811
1747071240000,0.9886
1747071300000,0.9682
1747071360000,0.9536
1747071420000,0.9429
1747071480000,0.9511
1747071540000,0.9791
1747071600000,0.9403
1747071660000,0.9784
1747071720000,0.9612
1747071780000,0.9525
1747071840000,0.9625
1747071900000,0.9522
1747071960000,0.9521
1747072020000,0.9305
1747072080000,0.9642
1747072140000,0.9863
1747072200000,0.9642
1747072260000,0.9741
1747072320000,0.9713
1747072380000,0.9953
1747072440000,0.9629
1747072500000,0.9622
1747072560000,0.9813
1747072620000,0.9633
1747072680000,0.9814
1747072740000,0.9829
1747072800000,0.9764
1747072860000,1.002
1747072920000,0.9672
1747072980000,1.0052
1747073040000,1.0092
1747073100000,0.9998
1747073160000,0.9899
1747073220000,0.978
1747073280000,1.0218
1747073340000,0.9814
1747073400000,0.9873
1747073460000,0.9824
1747073520000,0.9731
1747073580000,0.9594
1747073640000,1.0007
1747073700000,1.004
1747073760000,0.9797
1747073820000,1.001
1747073880000,1.0381
1747073940000,1.0071
1747074000000,0.9565
1747074060000,0.9591
1747074120000,1.0028
1747074180000,0.993
1747074240000,1.0186
1747074300000,0.9789
1747074360000,0.9757
1747074420000,1.008
1747074480000,0.9773
1747074540000,0.9876
1747074600000,3.2413
1747074660000,0.9789
1747074720000,0.9683
1747074780000,1.0317
1747074840000,0.9876
1747074900000,0.9757
1747074960000,0.9928
1747075020000,0.9861
1747075080000,0.9891
1747075140000,0.9741
1747075200000,0.917
1747075260000,0.9683
1747075320000,0.9781
1747075380000,0.9892
1747075440000,0.9798
1747075500000,1.0231
1747075560000,0.9897
1747075620000,1.0029
1747075680000,0.9671
1747075740000,1.0112
1747075800000,0.9814
1747075860000,1.01
1747075920000,0.9835
1747075980000,0.9724
1747076040000,1.0105
1747076100000,0.9543
1747076160000,0.9523
1747076220000,1.0261
1747076280000,0.9667
1747076340000,0.9685
1747076400000,1.0063
1747076460000,0.9934
1747076520000,1.0228
1747076580000,0.9858
1747076640000,1.6894
1747076700000,0.9958
1747076760000,1.0128
1747076820000,1.0241
1747076880000,0.9975
1747076940000,1.0169
1747077000000,0.9947
1747077060000,0.9705
1747077120000,0.9839
1747077180000,0.9773
1747077240000,0.9806
1747077300000,1.0003
1747077360000,1.008
1747077420000,0.957
1747077480000,0.9838
1747077540000,0.9612
1747077600000,1.0062
1747077660000,0.9805
1747077720000,0.9648
1747077780000,0.9734
1747077840000,0.9893
1747077900000,0.9795
1747077960000,0.9425
1747078020000,1.0153
1747078080000,0.9742
1747078140000,0.9948
1747078200000,0.9764
1747078260000,0.9969
1747078320000,0.9691
1747078380000,0.9895
1747078440000,0.9475
1747078500000,0.9813
1747078560000,1.0145
1747078620000,1.0048
1747078680000,1.0019
1747078740000,0.9997
1747078800000,0.9964
1747078860000,1.0504
1747078920000,1.0022
1747078980000,0.9971
1747079040000,0.9669
1747079100000,0.9801
1747079160000,0.9697
1747079220000,0.981
1747079280000,0.9966
1747079340000,0.9653
1747079400000,0.978
1747079460000,0.9802
1747079520000,1.0028
1747079580000,1.0119
1747079640000,0.96
1747079700000,0.9743
1747079760000,0.9754
1747079820000,0.962
1747079880000,0.9872
1747079940000,0.9647
1747080000000,0.9723
1747080060000,0.9984
1747080120000,0.9826
1747080180000,0.9764
1747080240000,0.9832
1747080300000,0.9656
1747080360000,0.9629
1747080420000,0.9601
1747080480000,0.9586
1747080540000,0.9634
1747080600000,0.9825
1747080660000,0.959
1747080720000,0.9676
1747080780000,0.9608
1747080840000,0.9516
1747080900000,0.9436
1747080960000,0.9457
1747081020000,0.9479
1747081080000,1.0073
1747081140000,0.9545
1747081200000,0.917
1747081260000,0.9324
1747081320000,0.9294
1747081380000,0.9643
1747081440000,0.9525
1747081500000,0.9619
1747081560000,0.9234
1747081620000,0.9541
1747081680000,0.958
1747081740000,0.9414
1747081800000,0.9775
1747081860000,0.9691
1747081920000,0.9411
1747081980000,0.9389
1747082040000,0.9661
1747082100000,0.9529
1747082160000,0.9519
1747082220000,0.9365
1747082280000,0.946
1747082340000,0.9513
1747082400000,0.9573
1747082460000,0.9533
1747082520000,0.9329
1747082580000,0.9458
1747082640000,0.9263
1747082700000,0.9718
1747082760000,0.9505
1747082820000,0.9423
1747082880000,1.0069
1747082940000,0.9572
1747083000000,0.9513
1747083060000,0.9574
1747083120000,0.9274
1747083180000,0.9546
1747083240000,0.9539
1747083300000,0.9552
1747083360000,0.9558
1747083420000,0.9525
1747083480000,0.9595
1747083540000,0.9487
1747083600000,0.9324
1747083660000,0.9596
1747083720000,0.9854
1747083780000,0.9557
1747083840000,0.9531
1747083900000,0.9553
1747083960000,0.9372
1747084020000,0.9559
1747084080000,0.9542
1747084140000,0.9665
1747084200000,0.9439
1747084260000,0.9629
1747084320000,0.9643
1747084380000,0.9937
1747084440000,0.9889
1747084500000,0.9674
1747084560000,0.9547
1747084620000,0.9613
1747084680000,0.9385
1747084740000,0.9467
1747084800000,0.9551
1747084860000,0.9726
1747084920000,0.97
1747084980000,0.9681
1747085040000,0.9702
1747085100000,0.9396
1747085160000,0.9535
1747085220000,0.9333
1747085280000,0.9712
1747085340000,0.9585
1747085400000,0.9155
1747085460000,0.9497
1747085520000,0.9581
1747085580000,0.9515
1747085640000,0.9434
1747085700000,0.9557
1747085760000,0.9588
1747085820000,0.9713
1747085880000,0.9526
1747085940000,0.9664
1747086000000,0.9588
1747086060000,0.9718
1747086120000,0.9618
1747086180000,0.9862
1747086240000,0.9683
1747086300000,0.9563
1747086360000,0.9456
1747086420000,0.9555
1747086480000,0.968
1747086540000,0.9776
1747086600000,0.9649
1747086660000,0.9741
1747086720000,0.9985
1747086780000,0.9689
1747086840000,0.9659
1747086900000,0.9658
1747086960000,1.0148
1747087020000,0.9386
1747087080000,0.9893
1747087140000,0.9539
1747087200000,0.9424
1747087260000,1.0071
1747087320000,0.9518
1747087380000,0.9725
1747087440000,0.9618
1747087500000,0.9924
1747087560000,0.949
1747087620000,0.9761
1747087680000,0.9605
1747087740000,0.9505
1747087800000,0.9644
1747087860000,0.9741
1747087920000,0.9595
1747087980000,0.9635
1747088040000,0.9821
1747088100000,0.9597
1747088160000,0.9502
1747088220000,0.9619
1747088280000,1.0084
1747088340000,0.955
1747088400000,0.983
1747088460000,0.9466
1747088520000,0.9677
1747088580000,0.9663
1747088640000,0.9815
1747088700000,0.9839
1747088760000,0.9602
1747088820000,0.9936
1747088880000,0.9779
1747088940000,0.9775
1747089000000,0.9627
1747089060000,0.9938
1747089120000,0.9651
1747089180000,0.9632
1747089240000,0.9959
1747089300000,0.9481
1747089360000,0.946
1747089420000,0.9747
1747089480000,0.9774
1747089540000,1.0147
1747089600000,1.0034
1747089660000,1.0066
1747089720000,0.9856
1747089780000,1.0103
1747089840000,1.0256
1747089900000,1.0071
1747089960000,1.0055
1747090020000,0.9784
1747090080000,0.9877
1747090140000,1.0108
1747090200000,1.0
1747090260000,0.9689
1747090320000,0.9928
1747090380000,1.0151
1747090440000,1.0345
1747090500000,0.9848
1747090560000,0.9991
1747090620000,1.0423
1747090680000,1.0331
1747090740000,1.0236
1747090800000,1.0544
1747090860000,1.0383
1747090920000,1.0132
1747090980000,1.0159
1747091040000,1.0196
1747091100000,1.0341
1747091160000,1.0329
1747091220000,1.0246
1747091280000,0.9998
1747091340000,1.0029
1747091400000,1.0418
1747091460000,1.0178
1747091520000,0.9899
1747091580000,1.0431
1747091640000,0.9889
1747091700000,1.0235
1747091760000,1.0248
1747091820000,1.0314
1747091880000,1.0651
1747091940000,1.049
1747092000000,1.0304
1747092060000,1.0493
1747092120000,1.0605
1747092180000,0.9985
1747092240000,1.0263
1747092300000,1.086
1747092360000,1.065
1747092420000,0.9935
1747092480000,1.0733
1747092540000,1.0356
1747092600000,1.0105
1747092660000,1.0478
1747092720000,1.0408
1747092780000,1.0077
1747092840000,1.0578
1747092900000,1.0146
1747092960000,1.0303
1747093020000,1.057
1747093080000,1.0275
1747093140000,1.0537
1747093200000,1.0915
1747093260000,1.0441
1747093320000,1.069
1747093380000,1.0513
1747093440000,1.0272
1747093500000,1.0857
1747093560000,1.0468
1747093620000,1.0892
1747093680000,1.086
1747093740000,1.113
1747093800000,1.0825
1747093860000,1.1221
1747093920000,1.0783
1747093980000,1.1215
1747094040000,1.0676
1747094100000,1.0865
1747094160000,1.0861
1747094220000,1.0926
1747094280000,1.1284
1747094340000,1.1819
1747094400000,1.2124
1747094460000,1.1501
1747094520000,1.1085
1747094580000,1.1377
1747094640000,1.1089
1747094700000,1.1321
1747094760000,1.0731
1747094820000,1.1157
1747094880000,1.1534
1747094940000,1.1173
1747095000000,1.0616
1747095060000,1.1306
1747095120000,1.0907
1747095180000,1.0958
1747095240000,1.1081
1747095300000,1.1571
1747095360000,1.0972
1747095420000,1.153
1747095480000,1.1466
1747095540000,1.105
1747095600000,1.1642
1747095660000,1.1176
1747095720000,1.2095
1747095780000,1.137
1747095840000,1.1687
1747095900000,1.1646
1747095960000,1.1882
1747096020000,1.1926
1747096080000,1.1788
1747096140000,1.1547
1747096200000,1.1174
1747096260000,1.1747
1747096320000,1.2631
1747096380000,1.3881
1747096440000,1.3606
1747096500000,1.5867
1747096560000,1.6598
1747096620000,1.3907
1747096680000,1.3289
1747096740000,1.2201
1747096800000,1.6105
1747096860000,1.6422
1747096920000,1.3299
1747096980000,1.308
1747097040000,1.1061
1747097100000,1.2018
1747097160000,1.1394
1747097220000,1.1187
1747097280000,1.2703
1747097340000,1.2045
1747097400000,1.2254
1747097460000,1.1855
1747097520000,1.1554
1747097580000,1.1462
1747097640000,1.1758
1747097700000,1.2067
1747097760000,1.1626
1747097820000,1.19
1747097880000,1.2063
1747097940000,1.2008
1747098000000,1.2971
1747098060000,1.1659
1747098120000,1.1078
1747098180000,1.1798
1747098240000,1.2261
1747098300000,1.1409
1747098360000,1.1734
1747098420000,1.1749
1747098480000,1.167
1747098540000,1.1348
1747098600000,1.1902
1747098660000,1.1138
1747098720000,1.1765
1747098780000,1.1669
1747098840000,1.1607
1747098900000,1.0858
1747098960000,1.1528
1747099020000,1.1407
1747099080000,1.204
1747099140000,1.185
1747099200000,1.1373
1747099260000,1.1584
1747099320000,1.1649
1747099380000,1.1611
1747099440000,1.1588
1747099500000,1.1662
1747099560000,1.2421
1747099620000,1.1871
1747099680000,1.1808
1747099740000,1.1866
1747099800000,1.1823
1747099860000,1.1336
1747099920000,1.108
1747099980000,1.1584
1747100040000,1.142
1747100100000,1.1624
1747100160000,1.1437
1747100220000,1.1523
1747100280000,1.2097
1747100340000,1.2076
1747100400000,1.2841
1747100460000,1.1959
1747100520000,1.1858
1747100580000,1.2003
1747100640000,1.1723
1747100700000,1.1637
1747100760000,1.1073
1747100820000,1.1327
1747100880000,1.1612
1747100940000,1.1246
1747101000000,1.3877
1747101060000,1.167
1747101120000,1.172
1747101180000,1.2855
1747101240000,1.2254
1747101300000,1.1693
1747101360000,1.404
1747101420000,1.5283
1747101480000,1.3183
1747101540000,1.5595
1747101600000,1.722
1747101660000,1.2142
1747101720000,1.2013
1747101780000,1.2602
1747101840000,1.4833
1747101900000,1.5617
1747101960000,1.1609
1747102020000,1.1887
1747102080000,1.1452
1747102140000,1.1782
1747102200000,1.1753
1747102260000,1.1593
1747102320000,1.1632
1747102380000,1.4039
1747102440000,1.3697
1747102500000,1.1723
1747102560000,1.1326
1747102620000,1.1696
1747102680000,1.3759
1747102740000,1.1972
1747102800000,1.1219
1747102860000,1.1037
1747102920000,1.2476
1747102980000,1.1516
1747103040000,1.1361
1747103100000,1.2243
1747103160000,1.1427
1747103220000,1.2186
1747103280000,1.1749
1747103340000,1.1867
1747103400000,1.2344
1747103460000,1.1552
1747103520000,1.1827
1747103580000,1.1379
1747103640000,1.2368
1747103700000,1.1408
1747103760000,1.2061
1747103820000,1.1642
1747103880000,1.1996
1747103940000,1.2019
1747104000000,1.1027
1747104060000,1.1852
1747104120000,1.1715
1747104180000,1.1825
1747104240000,1.1638
1747104300000,1.1245
1747104360000,1.1645
1747104420000,1.2016
1747104480000,1.2399
1747104540000,1.1472
1747104600000,1.1844
1747104660000,1.2476
1747104720000,1.1494
1747104780000,1.2043
1747104840000,1.1768
1747104900000,1.0938
1747104960000,1.158
1747105020000,1.1555
1747105080000,1.1701
1747105140000,1.1624
1747105200000,1.1627
1747105260000,1.2376
1747105320000,1.1341
1747105380000,1.1864
1747105440000,1.145
1747105500000,1.13
1747105560000,1.2472
1747105620000,1.1658
1747105680000,1.138
1747105740000,1.3566
1747105800000,1.161
1747105860000,1.1966
1747105920000,1.3397
1747105980000,1.1667
1747106040000,1.5754
1747106100000,1.1288
1747106160000,1.4395
1747106220000,1.1538
1747106280000,1.1292
1747106340000,1.575
1747106400000,1.2048
1747106460000,1.8991
1747106520000,1.3309
1747106580000,1.4523
1747106640000,1.132
1747106700000,1.1196
1747106760000,1.1441
1747106820000,1.2138
1747106880000,1.1218
1747106940000,1.1967
1747107000000,1.2055
1747107060000,1.4597
1747107120000,1.2092
1747107180000,1.153
1747107240000,1.2145
1747107300000,1.708
1747107360000,1.1194
1747107420000,1.1362
1747107480000,1.0978
1747107540000,1.1794
1747107600000,1.1992
1747107660000,1.1517
1747107720000,1.2117
1747107780000,1.1894
1747107840000,1.1466
1747107900000,1.2249
1747107960000,1.153
1747108020000,1.1419
1747108080000,1.0887
1747108140000,1.1412
1747108200000,1.1028
1747108260000,1.1417
1747108320000,1.1085
1747108380000,1.1783
1747108440000,1.1389
1747108500000,1.1923
1747108560000,1.0638
1747108620000,1.1655
1747108680000,1.1975
1747108740000,1.1432
1747108800000,1.183
1747108860000,1.1771
1747108920000,1.1713
1747108980000,1.1607
1747109040000,1.1781
1747109100000,1.157
1747109160000,1.2052
1747109220000,1.1403
1747109280000,1.203
1747109340000,1.0916
1747109400000,1.1327
1747109460000,1.0967
1747109520000,1.1282
1747109580000,1.2028
1747109640000,1.1462
1747109700000,1.144
1747109760000,1.1556
1747109820000,1.0902
1747109880000,1.179
1747109940000,1.1213
1747110000000,1.1998
1747110060000,1.1887
1747110120000,1.1125
1747110180000,1.1453
1747110240000,1.1703
1747110300000,1.213
1747110360000,1.1306
1747110420000,1.1428
1747110480000,1.1575
1747110540000,1.1432
1747110600000,1.39
1747110660000,1.2604
1747110720000,1.113
1747110780000,1.1374
1747110840000,1.2131
1747110900000,1.1701
1747110960000,1.1377
1747111020000,1.4258
1747111080000,1.1313
1747111140000,1.1197
1747111200000,1.2427
1747111260000,1.1286
1747111320000,1.7104
1747111380000,1.2215
1747111440000,1.1379
1747111500000,1.1716
1747111560000,1.1369
1747111620000,1.1335
1747111680000,1.4473
1747111740000,1.0919
1747111800000,1.1106
1747111860000,1.6406
1747111920000,1.2529
1747111980000,1.1473
1747112040000,1.1775
1747112100000,1.1375
1747112160000,1.4079
1747112220000,1.1513
1747112280000,1.0982
1747112340000,1.1563
1747112400000,1.1067
1747112460000,1.2537
1747112520000,1.1062
1747112580000,1.0526
1747112640000,1.0815
1747112700000,1.0629
1747112760000,1.0719
1747112820000,1.1338
1747112880000,1.1511
1747112940000,1.0508
1747113000000,1.1458
1747113060000,1.3304
1747113120000,1.0992
1747113180000,1.118
1747113240000,1.098
1747113300000,1.1597
1747113360000,1.1155
1747113420000,1.1697
1747113480000,1.0841
1747113540000,1.1129
1747113600000,1.1024
1747113660000,1.1808
1747113720000,1.1012
1747113780000,1.0725
1747113840000,1.0598
1747113900000,1.1095
1747113960000,1.0592
1747114020000,1.1851
1747114080000,1.1589
1747114140000,1.1109
1747114200000,1.1211
1747114260000,1.1223
1747114320000,1.072
1747114380000,1.1221
1747114440000,1.1543
1747114500000,1.1707
1747114560000,1.0966
1747114620000,1.1383
1747114680000,1.0763
1747114740000,1.1536
1747114800000,1.1893
1747114860000,1.1302
1747114920000,1.1657
1747114980000,1.1545
1747115040000,1.0379
1747115100000,1.1221
1747115160000,1.084
1747115220000,1.0991
1747115280000,1.0916
1747115340000,1.099
1747115400000,1.047
1747115460000,1.5672
1747115520000,1.1241
1747115580000,1.1513
1747115640000,1.1005
1747115700000,1.1321
1747115760000,1.3692
1747115820000,1.1912
1747115880000,1.071
1747115940000,1.072
1747116000000,1.2912
1747116060000,1.0663
1747116120000,1.1066
1747116180000,1.0975
1747116240000,1.07
1747116300000,1.1965
1747116360000,1.4879
1747116420000,1.1351
1747116480000,1.6464
1747116540000,1.3312
1747116600000,1.1131
1747116660000,1.1688
1747116720000,1.4511
1747116780000,1.4409
1747116840000,1.1439
1747116900000,1.2687
1747116960000,1.1302
1747117020000,1.123
1747117080000,1.0999
1747117140000,1.1366
1747117200000,1.1059
1747117260000,1.2625
1747117320000,1.0791
1747117380000,1.0907
1747117440000,1.1358
1747117500000,1.1137
1747117560000,1.0839
1747117620000,1.9494
1747117680000,1.4131
1747117740000,1.3246
1747117800000,1.1601
1747117860000,1.1341
1747117920000,1.1903
1747117980000,1.1397
1747118040000,1.1637
1747118100000,1.1575
1747118160000,1.1133
1747118220000,1.1509
1747118280000,1.145
1747118340000,1.1084
1747118400000,1.1084
1747118460000,1.1255
1747118520000,1.1456
1747118580000,1.1509
1747118640000,1.1149
1747118700000,1.1047
1747118760000,1.0944
1747118820000,1.1273
1747118880000,1.101
1747118940000,1.1253
1747119000000,1.1577
1747119060000,1.1116
1747119120000,1.0889
1747119180000,1.0967
1747119240000,1.1254
1747119300000,1.1647
1747119360000,1.1273
1747119420000,1.0784
1747119480000,1.1494
1747119540000,1.0865
1747119600000,1.1915
1747119660000,1.1592
1747119720000,1.1793
1747119780000,1.1613
1747119840000,1.106
1747119900000,1.1391
1747119960000,1.1882
1747120020000,1.1127
1747120080000,1.1429
1747120140000,1.1736
1747120200000,1.1106
1747120260000,1.1659
1747120320000,1.1687
1747120380000,1.1397
1747120440000,1.0901
1747120500000,1.1015
1747120560000,1.0614
1747120620000,1.5682
1747120680000,1.2011
1747120740000,1.3313
1747120800000,1.1175
1747120860000,1.587
1747120920000,1.1513
1747120980000,1.0941
1747121040000,1.1163
1747121100000,1.1807
1747121160000,1.1072
1747121220000,1.1358
1747121280000,1.3309
1747121340000,1.3281
1747121400000,1.2389
1747121460000,1.1461
1747121520000,1.1645
1747121580000,1.074
1747121640000,1.3883
1747121700000,1.2897
1747121760000,1.2866
1747121820000,1.1481
1747121880000,1.779
1747121940000,1.105
1747122000000,1.116
1747122060000,1.1127
1747122120000,1.1526
1747122180000,1.4121
1747122240000,1.1156
1747122300000,1.3001
1747122360000,1.1375
1747122420000,1.1633
1747122480000,1.1772
1747122540000,1.1057
1747122600000,1.1314
1747122660000,1.3367
1747122720000,1.1592
1747122780000,1.1841
1747122840000,1.4419
1747122900000,1.1564
1747122960000,1.1814
1747123020000,1.2829
1747123080000,1.1991
1747123140000,1.1326
1747123200000,1.1527
1747123260000,1.1917
1747123320000,1.1169
1747123380000,1.116
1747123440000,1.0985
1747123500000,1.1387
1747123560000,1.171
1747123620000,1.303
1747123680000,1.1285
1747123740000,1.1468
1747123800000,1.1453
1747123860000,1.1707
1747123920000,1.2151
1747123980000,1.1252
1747124040000,1.147
1747124100000,1.1907
1747124160000,1.1214
1747124220000,1.1829
1747124280000,1.1745
1747124340000,1.2029
1747124400000,1.1577
1747124460000,1.1878
1747124520000,1.1396
1747124580000,1.1489
1747124640000,1.1479
1747124700000,1.1809
1747124760000,1.201
1747124820000,1.1706
1747124880000,1.2674
1747124940000,1.1711
1747125000000,1.1498
1747125060000,1.1069
1747125120000,1.2367
1747125180000,1.2035
1747125240000,1.1179
1747125300000,1.2223
1747125360000,1.1357
1747125420000,1.2606
1747125480000,1.2304
1747125540000,1.1893
1747125600000,1.1689
1747125660000,1.2747
1747125720000,1.1772
1747125780000,1.139
1747125840000,1.2062
1747125900000,1.1587
1747125960000,1.1603
1747126020000,1.2294
1747126080000,1.4618
1747126140000,1.2194
1747126200000,1.1836
1747126260000,1.2114
1747126320000,1.1551
1747126380000,1.1479
1747126440000,1.3645
1747126500000,1.2433
1747126560000,1.2393
1747126620000,1.3079
1747126680000,1.1888
1747126740000,1.2018
1747126800000,1.1311
1747126860000,1.2464
1747126920000,1.5913
1747126980000,1.178
1747127040000,1.4135
1747127100000,1.1982
1747127160000,1.1349
1747127220000,1.2029
1747127280000,1.2127
1747127340000,1.672
1747127400000,1.3466
1747127460000,1.6768
1747127520000,1.4534
1747127580000,1.1986
1747127640000,1.4493
1747127700000,1.1591
1747127760000,1.2304
1747127820000,1.1724
1747127880000,1.1613
1747127940000,1.0918
1747128000000,1.1357
1747128060000,1.1717
1747128120000,1.4639
1747128180000,1.1657
1747128240000,1.2657
1747128300000,1.5198
1747128360000,1.2461
1747128420000,1.1741
1747128480000,1.1792
1747128540000,1.1521
1747128600000,1.2166
1747128660000,1.1732
1747128720000,1.1974
1747128780000,1.1868
1747128840000,1.1236
1747128900000,1.1488
1747128960000,1.1749
1747129020000,1.1893
1747129080000,1.2684
1747129140000,1.1375
1747129200000,1.1948
1747129260000,1.232
1747129320000,1.2289
1747129380000,1.2023
1747129440000,1.1807
1747129500000,1.1391
1747129560000,1.128
1747129620000,1.2103
1747129680000,1.1832
1747129740000,1.176
1747129800000,1.1957
1747129860000,1.2172
1747129920000,1.4285
1747129980000,1.1866
1747130040000,1.2119
1747130100000,1.1852
1747130160000,1.2578
1747130220000,1.2133
1747130280000,1.4965
1747130340000,1.1437
1747130400000,1.2107
1747130460000,1.1778
1747130520000,1.1759
1747130580000,1.154
1747130640000,1.1972
1747130700000,1.3982
1747130760000,1.812
1747130820000,1.1879
1747130880000,1.1556
1747130940000,1.1052
1747131000000,1.1316
1747131060000,1.3758
1747131120000,1.1555
1747131180000,1.1528
1747131240000,1.2885
1747131300000,1.3503
1747131360000,1.157
1747131420000,1.1803
1747131480000,1.2157
1747131540000,1.18
1747131600000,1.1891
1747131660000,1.1868
1747131720000,1.3855
1747131780000,1.3462
1747131840000,1.1881
1747131900000,1.2337
1747131960000,1.2553
1747132020000,1.2019
1747132080000,1.3415
1747132140000,1.1671
1747132200000,1.1545
1747132260000,1.4577
1747132320000,1.6155
1747132380000,1.1709
1747132440000,1.7541
1747132500000,1.35
1747132560000,1.6338
1747132620000,1.1574
1747132680000,1.5273
1747132740000,1.1579
1747132800000,1.1577
1747132860000,1.2088
1747132920000,1.1542
1747132980000,1.1684
1747133040000,1.1516
1747133100000,1.1472
1747133160000,1.1508
1747133220000,1.1589
1747133280000,1.2068
1747133340000,1.1384
1747133400000,1.1833
1747133460000,1.1562
1747133520000,1.1178
1747133580000,1.1827
1747133640000,1.151
1747133700000,1.1695
1747133760000,1.1618
1747133820000,1.1806
1747133880000,1.1999
1747133940000,1.1709
1747134000000,1.1616
1747134060000,1.203
1747134120000,1.1407
1747134180000,1.171
1747134240000,1.157
1747134300000,1.1534
1747134360000,1.1389
1747134420000,1.3181
1747134480000,1.6613
1747134540000,1.2139
1747134600000,1.1531
1747134660000,1.2195
1747134720000,1.1076
1747134780000,1.4712
1747134840000,1.136
1747134900000,1.1808
1747134960000,1.1398
1747135020000,1.1154
1747135080000,1.1678
1747135140000,1.1296
1747135200000,1.1789
1747135260000,1.4722
1747135320000,1.4716
1747135380000,1.1325
1747135440000,1.1798
1747135500000,1.1692
1747135560000,1.1734
1747135620000,1.6473
1747135680000,1.2041
1747135740000,1.1766
1747135800000,1.3889
1747135860000,1.1624
1747135920000,1.2247
1747135980000,1.1785
1747136040000,1.3756
1747136100000,1.6466
1747136160000,1.1569
1747136220000,1.1208
1747136280000,1.1162
1747136340000,1.1512
1747136400000,1.153
1747136460000,1.1611
1747136520000,1.1886
1747136580000,1.1
1747136640000,1.2795
1747136700000,1.195
1747136760000,1.5038
1747136820000,1.1341
1747136880000,1.098
1747136940000,1.1876
1747137000000,1.1856
1747137060000,1.1508
1747137120000,1.1783
1747137180000,1.3821
1747137240000,1.1301
1747137300000,1.5729
1747137360000,1.0795
1747137420000,1.1498
1747137480000,1.8292
1747137540000,1.1351
1747137600000,1.3632
1747137660000,1.3717
1747137720000,1.1814
1747137780000,1.1571
1747137840000,1.1965
1747137900000,1.1569
1747137960000,1.1025
1747138020000,1.1713
1747138080000,1.1672
1747138140000,1.1041
1747138200000,1.1742
1747138260000,1.535
1747138320000,1.1294
1747138380000,1.1119
1747138440000,1.1253
1747138500000,1.1379
1747138560000,1.0987
1747138620000,1.1342
1747138680000,1.1435
1747138740000,1.1379
1747138800000,1.1859
1747138860000,1.1675
1747138920000,1.2466
1747138980000,1.1433
1747139040000,1.1481
1747139100000,1.2363
1747139160000,1.1972
1747139220000,1.1528
1747139280000,1.2159
1747139340000,1.1155
1747139400000,1.1587
1747139460000,1.1225
1747139520000,1.1214
1747139580000,1.1264
1747139640000,1.5752
1747139700000,1.1088
1747139760000,1.1176
1747139820000,1.1028
1747139880000,1.1165
1747139940000,1.0793
1747140000000,1.0635
1747140060000,1.1242
1747140120000,1.1106
1747140180000,1.1236
1747140240000,1.1351
1747140300000,1.3157
1747140360000,1.1415
1747140420000,1.1257
1747140480000,1.1
1747140540000,1.1134
1747140600000,1.1194
1747140660000,1.4273
1747140720000,1.156
1747140780000,1.1291
1747140840000,1.1335
1747140900000,1.1062
1747140960000,1.4725
1747141020000,1.2765
1747141080000,1.1676
1747141140000,1.1196
1747141200000,1.0644
1747141260000,1.3368
1747141320000,1.0858
1747141380000,1.1905
1747141440000,1.0955
1747141500000,1.0674
1747141560000,1.1787
1747141620000,1.1181
1747141680000,1.4657
1747141740000,1.7706
1747141800000,1.3732
1747141860000,1.1637
1747141920000,1.1291
1747141980000,1.1182
1747142040000,1.1351
1747142100000,1.161
1747142160000,1.1201
1747142220000,1.0929
1747142280000,1.1027
1747142340000,1.0942
1747142400000,1.3154
1747142460000,1.1176
1747142520000,1.0734
1747142580000,1.0874
1747142640000,1.0077
1747142700000,1.1547
1747142760000,1.5198
1747142820000,1.2669
1747142880000,1.0957
1747142940000,1.0601
1747143000000,1.1162
1747143060000,1.085
1747143120000,1.0775
1747143180000,1.1057
1747143240000,1.0992
1747143300000,1.057
1747143360000,1.0828
1747143420000,1.0672
1747143480000,1.0378
1747143540000,1.0863
1747143600000,1.0516
1747143660000,1.0982
1747143720000,1.0328
1747143780000,1.0437
1747143840000,1.0381
1747143900000,1.0749
1747143960000,1.053
1747144020000,1.0862
1747144080000,1.0386
1747144140000,1.0245
1747144200000,1.0597
1747144260000,1.0735
1747144320000,1.0841
1747144380000,1.0864
1747144440000,1.0335
1747144500000,1.0199
1747144560000,1.0433
1747144620000,1.0014
1747144680000,1.0785
1747144740000,1.0375
1747144800000,1.0697
1747144860000,1.0421
1747144920000,1.0154
1747144980000,1.0415
1747145040000,1.0992
1747145100000,1.029
1747145160000,1.0569
1747145220000,0.9967
1747145280000,1.0187
1747145340000,1.0332
1747145400000,0.9875
1747145460000,0.9834
1747145520000,1.0328
1747145580000,1.0446
1747145640000,0.9816
1747145700000,1.0216
1747145760000,0.9931
1747145820000,1.0324
1747145880000,1.0089
1747145940000,1.0
1747146000000,1.0669
1747146060000,1.0259
1747146120000,1.0596
1747146180000,1.0311
1747146240000,1.069
1747146300000,1.025
1747146360000,1.0568
1747146420000,1.0252
1747146480000,0.9973
1747146540000,1.0379
1747146600000,1.0333
1747146660000,1.0434
1747146720000,1.0252
1747146780000,1.0346
1747146840000,0.9849
1747146900000,0.973
1747146960000,0.9759
1747147020000,0.9698
1747147080000,1.0159
1747147140000,0.9832
1747147200000,0.9668
1747147260000,0.9667
1747147320000,0.9859
1747147380000,0.9756
1747147440000,0.9895
1747147500000,0.9321
1747147560000,0.959
1747147620000,0.9923
1747147680000,0.9999
1747147740000,1.0015
1747147800000,1.037
1747147860000,0.9683
1747147920000,1.0424
1747147980000,0.9797
1747148040000,0.9614
1747148100000,0.9843
1747148160000,1.0081
1747148220000,0.9667
1747148280000,0.994
1747148340000,1.0022
1747148400000,1.023
1747148460000,1.0106
1747148520000,0.9756
1747148580000,0.9828
1747148640000,1.0024
1747148700000,0.9997
1747148760000,0.998
1747148820000,1.0065
1747148880000,0.9812
1747148940000,0.9608
1747149000000,0.9771
1747149060000,0.9585
1747149120000,0.9721
1747149180000,0.9849
1747149240000,0.9743
1747149300000,0.9838
1747149360000,0.939
1747149420000,0.9936
1747149480000,0.9744
1747149540000,0.9651
1747149600000,0.9889
1747149660000,0.9928
1747149720000,0.9559
1747149780000,1.0015
1747149840000,0.9782
1747149900000,0.9626
1747149960000,0.9633
1747150020000,1.013
1747150080000,0.9563
1747150140000,0.9753
1747150200000,0.9192
1747150260000,0.9521
1747150320000,1.0002
1747150380000,0.9905
1747150440000,0.9619
1747150500000,0.9588
1747150560000,0.9668
1747150620000,0.9125
1747150680000,0.9544
1747150740000,0.9397
1747150800000,0.9573
1747150860000,0.9436
1747150920000,0.9235
1747150980000,0.9338
1747151040000,0.9416
1747151100000,0.9341
1747151160000,0.9295
1747151220000,0.9244
1747151280000,0.9448
1747151340000,0.9316
1747151400000,0.9392
1747151460000,0.9843
1747151520000,0.9145
1747151580000,0.9122
1747151640000,0.9323
1747151700000,0.9466
1747151760000,0.9309
1747151820000,0.9311
1747151880000,0.9311
1747151940000,0.9373
1747152000000,0.9387
1747152060000,0.9783
1747152120000,0.9934
1747152180000,0.9536
1747152240000,0.9651
1747152300000,0.9421
1747152360000,0.9225
1747152420000,0.9225
1747152480000,0.93
1747152540000,0.9418
1747152600000,0.9374
1747152660000,0.9806
1747152720000,0.9985
1747152780000,0.9661
1747152840000,0.9691
1747152900000,0.9404
1747152960000,0.9803
1747153020000,0.9872
1747153080000,0.9627
1747153140000,0.9839
1747153200000,0.9811
1747153260000,1.3779
1747153320000,8.9054
1747153380000,3.2097
1747153440000,0.9942
1747153500000,1.0455
1747153560000,1.0067
1747153620000,0.9996
1747153680000,1.0454
1747153740000,1.0159
1747153800000,0.9925
1747153860000,1.0399
1747153920000,1.0271
1747153980000,1.0138
1747154040000,0.9911
1747154100000,1.0179
1747154160000,0.9822
1747154220000,0.971
1747154280000,1.0223
1747154340000,1.0237
1747154400000,1.0038
1747154460000,0.9966
1747154520000,1.0103
1747154580000,0.9987
1747154640000,1.0303
1747154700000,1.007
1747154760000,1.0016
1747154820000,0.9909
1747154880000,0.9731
1747154940000,0.9814
1747155000000,0.9934
1747155060000,0.996
1747155120000,1.0089
1747155180000,0.9884
1747155240000,1.0141
1747155300000,0.9819
1747155360000,0.9936
1747155420000,1.0035
1747155480000,1.0033
1747155540000,0.9968
1747155600000,1.0028
1747155660000,0.9942
1747155720000,0.9714
1747155780000,0.9554
1747155840000,0.9986
1747155900000,1.0038
1747155960000,0.9834
1747156020000,0.9817
1747156080000,0.9953
1747156140000,0.9829
1747156200000,0.9934
1747156260000,0.9487
1747156320000,0.9852
1747156380000,0.9801
1747156440000,0.9785
1747156500000,0.9522
1747156560000,0.948
1747156620000,0.9872
1747156680000,0.9723
1747156740000,0.9709
1747156800000,0.9813
1747156860000,0.9577
1747156920000,0.9549
1747156980000,0.9553
1747157040000,0.9898
1747157100000,0.9732
1747157160000,0.9667
1747157220000,0.9666
1747157280000,0.9659
1747157340000,0.9534
1747157400000,0.9711
1747157460000,0.9738
1747157520000,0.9691
1747157580000,1.0021
1747157640000,0.982
1747157700000,0.9783
1747157760000,0.9703
1747157820000,0.9904
1747157880000,0.9641
1747157940000,0.9598
1747158000000,0.9648
1747158060000,0.9673
1747158120000,0.9589
1747158180000,0.9523
1747158240000,0.9703
1747158300000,0.9781
1747158360000,0.9673
1747158420000,0.9857
1747158480000,0.9216
1747158540000,0.9473
1747158600000,0.9793
1747158660000,0.957
1747158720000,0.9535
1747158780000,0.9525
1747158840000,0.9703
1747158900000,0.9713
1747158960000,1.0338
1747159020000,0.9898
1747159080000,0.9604
1747159140000,0.979
1747159200000,0.9626
1747159260000,0.9681
1747159320000,0.9755
1747159380000,0.9631
1747159440000,0.9864
1747159500000,0.9736
1747159560000,0.9709
1747159620000,0.9684
1747159680000,0.9688
1747159740000,0.9533
1747159800000,0.9756
1747159860000,0.9757
1747159920000,0.9996
1747159980000,0.9746
1747160040000,0.99
1747160100000,0.9806
1747160160000,0.9833
1747160220000,0.9469
1747160280000,0.9406
1747160340000,0.9615
1747160400000,0.9935
1747160460000,0.9792
1747160520000,0.9608
1747160580000,0.9585
1747160640000,0.9674
1747160700000,0.9647
1747160760000,0.972
1747160820000,0.9542
1747160880000,0.9791
1747160940000,0.9786
1747161000000,0.964
1747161060000,0.9726
1747161120000,0.9948
1747161180000,0.9792
1747161240000,0.9745
1747161300000,0.9534
1747161360000,0.9674
1747161420000,0.9561
1747161480000,0.9808
1747161540000,0.9561
1747161600000,0.9988
1747161660000,0.9588
1747161720000,0.9573
1747161780000,0.9877
1747161840000,0.9723
1747161900000,1.0299
1747161960000,0.9485
1747162020000,0.9645
1747162080000,0.9718
1747162140000,0.9805
1747162200000,3.884
1747162260000,0.9792
1747162320000,0.9862
1747162380000,0.9829
1747162440000,0.9909
1747162500000,0.9906
1747162560000,0.957
1747162620000,0.9556
1747162680000,0.9618
1747162740000,0.9675
1747162800000,0.9576
1747162860000,0.9426
1747162920000,0.9751
1747162980000,0.954
1747163040000,0.9816
1747163100000,0.9791
1747163160000,0.9951
1747163220000,1.0167
1747163280000,0.983
1747163340000,0.964
1747163400000,0.9665
1747163460000,0.9702
1747163520000,0.9857
1747163580000,0.9908
1747163640000,0.9713
1747163700000,1.0179
1747163760000,0.9932
1747163820000,1.0023
1747163880000,1.0408
1747163940000,1.0108
1747164000000,0.9977
1747164060000,0.9968
1747164120000,1.0107
1747164180000,1.0134
1747164240000,0.9651
1747164300000,1.0064
1747164360000,0.9831
1747164420000,0.978
1747164480000,0.9852
1747164540000,0.9672
1747164600000,0.9657
1747164660000,0.9993
1747164720000,1.0094
1747164780000,0.9841
1747164840000,0.9975
1747164900000,0.9677
1747164960000,0.9954
1747165020000,1.0106
1747165080000,1.0037
1747165140000,0.972
1747165200000,1.0078
1747165260000,1.0277
1747165320000,0.9941
1747165380000,0.9936
1747165440000,0.9692
1747165500000,0.992
1747165560000,0.9901
1747165620000,0.9826
1747165680000,0.9711
1747165740000,0.9914
1747165800000,0.9849
1747165860000,0.9647
1747165920000,0.9785
1747165980000,0.9719
1747166040000,0.9911
1747166100000,0.9683
1747166160000,0.958
1747166220000,1.0095
1747166280000,0.9573
1747166340000,0.98
1747166400000,0.9501
1747166460000,0.9576
1747166520000,0.9558
1747166580000,0.9544
1747166640000,0.9571
1747166700000,0.9711
1747166760000,0.9372
1747166820000,0.9663
1747166880000,0.9767
1747166940000,0.9773
1747167000000,0.9679
1747167060000,0.9728
1747167120000,0.9629
1747167180000,0.9635
1747167240000,0.9856
1747167300000,0.9433
1747167360000,0.9599
1747167420000,0.9593
1747167480000,0.9675
1747167540000,1.0249
1747167600000,0.9619
1747167660000,0.951
1747167720000,0.9652
1747167780000,0.9676
1747167840000,0.9417
1747167900000,0.9756
1747167960000,0.9675
1747168020000,0.9687
1747168080000,0.9306
1747168140000,0.9587
1747168200000,0.9688
1747168260000,0.963
1747168320000,0.964
1747168380000,0.9603
1747168440000,0.9923
1747168500000,0.9638
1747168560000,0.9815
1747168620000,0.967
1747168680000,0.9884
1747168740000,0.9347
1747168800000,0.943
1747168860000,0.9345
1747168920000,0.9418
1747168980000,0.9635
1747169040000,0.9838
1747169100000,0.9421
1747169160000,0.9738
1747169220000,0.937
1747169280000,0.9516
1747169340000,0.9513
1747169400000,0.9815
1747169460000,0.984
1747169520000,0.9805
1747169580000,0.9803
1747169640000,0.9911
1747169700000,0.97
1747169760000,0.9729
1747169820000,0.9575
1747169880000,0.9837
1747169940000,0.9558
1747170000000,0.9496
1747170060000,0.954
1747170120000,0.9589
1747170180000,0.9643
1747170240000,0.9933
1747170300000,0.9699
1747170360000,0.9906
1747170420000,0.968
1747170480000,0.9431
1747170540000,0.9583
1747170600000,0.9586
1747170660000,0.9506
1747170720000,0.957
1747170780000,0.9524
1747170840000,0.978
1747170900000,0.9428
1747170960000,0.9737
1747171020000,0.965
1747171080000,0.9908
1747171140000,0.9362
1747171200000,0.9587
1747171260000,0.9804
1747171320000,0.9599
1747171380000,0.951
1747171440000,0.9755
1747171500000,0.9401
1747171560000,0.9416
1747171620000,0.97
1747171680000,0.9729
1747171740000,0.971
1747171800000,0.9529
1747171860000,0.9516
1747171920000,0.9586
1747171980000,0.9773
1747172040000,0.9563
1747172100000,0.9521
1747172160000,0.9469
1747172220000,0.9712
1747172280000,0.9491
1747172340000,0.9651
1747172400000,0.9625
1747172460000,0.9712
1747172520000,0.955
1747172580000,0.972
1747172640000,0.9347
1747172700000,0.9742
1747172760000,0.9554
1747172820000,0.9475
1747172880000,0.9365
1747172940000,0.9476
1747173000000,0.9552
1747173060000,0.9755
1747173120000,0.9567
1747173180000,0.9548
1747173240000,0.974
1747173300000,0.959
1747173360000,0.9734
1747173420000,0.9591
1747173480000,0.9907
1747173540000,0.9803
1747173600000,0.9838
1747173660000,0.9793
1747173720000,0.9615
1747173780000,0.9848
1747173840000,0.9769
1747173900000,0.9988
1747173960000,1.0074
1747174020000,0.9561
1747174080000,0.9725
1747174140000,0.9454
1747174200000,0.9585
1747174260000,0.9943
1747174320000,0.9753
1747174380000,0.9932
1747174440000,0.9781
1747174500000,0.9883
1747174560000,0.991
1747174620000,1.0086
1747174680000,1.0177
1747174740000,1.0069
1747174800000,0.9882
1747174860000,0.9921
1747174920000,0.996
1747174980000,1.0248
1747175040000,1.034
1747175100000,0.9769
1747175160000,0.943
1747175220000,0.9683
1747175280000,0.9531
1747175340000,0.993
1747175400000,0.9619
1747175460000,0.9909
1747175520000,1.012
1747175580000,0.9734
1747175640000,1.0092
1747175700000,1.0052
1747175760000,0.9913
1747175820000,0.9951
1747175880000,1.0071
1747175940000,0.9673
1747176000000,1.0031
1747176060000,0.9628
1747176120000,0.9911
1747176180000,1.0061
1747176240000,0.9639
1747176300000,1.0188
1747176360000,1.0061
1747176420000,0.9801
1747176480000,0.9813
1747176540000,1.038
1747176600000,0.9884
1747176660000,0.9732
1747176720000,1.0323
1747176780000,1.0054
1747176840000,1.0063
1747176900000,0.9941
1747176960000,1.0184
1747177020000,1.0285
1747177080000,0.9959
1747177140000,1.0061
1747177200000,1.0003
1747177260000,1.0068
1747177320000,1.0079
1747177380000,1.0418
1747177440000,1.0369
1747177500000,1.0181
1747177560000,1.0047
1747177620000,1.0224
1747177680000,0.9953
1747177740000,1.0458
1747177800000,1.0119
1747177860000,0.9915
1747177920000,1.0378
1747177980000,1.0157
1747178040000,1.0081
1747178100000,1.03
1747178160000,1.0107
1747178220000,1.0628
1747178280000,1.0333
1747178340000,1.0213
1747178400000,1.0293
1747178460000,1.075
1747178520000,0.9961
1747178580000,1.0689
1747178640000,1.0796
1747178700000,1.0658
1747178760000,1.0662
1747178820000,1.0617
1747178880000,1.0647
1747178940000,1.0023
1747179000000,1.0504
1747179060000,1.0543
1747179120000,1.0254
1747179180000,1.0352
1747179240000,1.0319
1747179300000,1.0992
1747179360000,1.0413
1747179420000,1.035
1747179480000,1.1241
1747179540000,1.0821
1747179600000,1.0871
1747179660000,1.0599
1747179720000,1.0852
1747179780000,1.0337
1747179840000,1.0864
1747179900000,1.0549
1747179960000,1.0709
1747180020000,1.1116
1747180080000,1.0797
1747180140000,1.0356
1747180200000,1.0859
1747180260000,1.0778
1747180320000,1.1044
1747180380000,1.0603
1747180440000,1.1441
1747180500000,1.1688
1747180560000,1.069
1747180620000,1.0031
1747180680000,1.1761
1747180740000,1.1616
1747180800000,1.0752
1747180860000,1.0863
1747180920000,1.1914
1747180980000,1.2017
1747181040000,1.1007
1747181100000,1.1075
1747181160000,1.1581
1747181220000,1.1605
1747181280000,1.1435
1747181340000,1.1521
1747181400000,1.1008
1747181460000,1.0849
1747181520000,1.1811
1747181580000,1.1355
1747181640000,1.1455
1747181700000,1.0995
1747181760000,1.1241
1747181820000,1.1591
1747181880000,1.1397
1747181940000,1.1164
1747182000000,1.1346
1747182060000,1.1207
1747182120000,1.1712
1747182180000,1.1033
1747182240000,1.0994
1747182300000,1.1697
1747182360000,1.1309
1747182420000,1.1552
1747182480000,1.1591
1747182540000,1.1379
1747182600000,1.1355
1747182660000,1.1841
1747182720000,1.1361
1747182780000,1.1289
1747182840000,1.1733
1747182900000,1.3067
1747182960000,1.1692
1747183020000,1.4323
1747183080000,1.4819
1747183140000,1.6806
1747183200000,1.7605
1747183260000,1.6774
1747183320000,1.2806
1747183380000,1.1409
1747183440000,1.6867
1747183500000,1.3083
1747183560000,1.1396
1747183620000,1.1618
1747183680000,1.1182
1747183740000,1.1233
1747183800000,1.1347
1747183860000,1.182
1747183920000,1.224
1747183980000,1.1694
1747184040000,1.1846
1747184100000,1.1136
1747184160000,1.1455
1747184220000,1.1267
1747184280000,1.2316
1747184340000,1.1865
1747184400000,1.1156
1747184460000,1.146
1747184520000,1.1623
1747184580000,1.1218
1747184640000,1.1413
1747184700000,1.1994
1747184760000,1.1512
1747184820000,1.1995
1747184880000,1.1306
1747184940000,1.1554
1747185000000,1.1281
1747185060000,1.1648
1747185120000,1.2337
1747185180000,1.1241
1747185240000,1.1525
1747185300000,1.1642
1747185360000,1.1498
1747185420000,1.2082
1747185480000,1.1598
1747185540000,1.1998
1747185600000,1.2732
1747185660000,1.1751
1747185720000,1.2047
1747185780000,1.3103
1747185840000,1.1615
1747185900000,1.133
1747185960000,1.2228
1747186020000,1.298
1747186080000,1.2788
1747186140000,1.2498
1747186200000,1.1682
1747186260000,1.1753
1747186320000,1.1537
1747186380000,1.1672
1747186440000,1.1433
1747186500000,1.2139
1747186560000,1.1748
1747186620000,1.0913
1747186680000,1.1924
1747186740000,1.1479
1747186800000,1.1683
1747186860000,1.1235
1747186920000,1.1945
1747186980000,1.2315
1747187040000,1.2253
1747187100000,1.1405
1747187160000,1.2016
1747187220000,1.2148
1747187280000,1.2681
1747187340000,1.1723
1747187400000,1.179
1747187460000,1.1573
1747187520000,1.2155
1747187580000,1.1556
1747187640000,1.1528
1747187700000,1.3216
1747187760000,1.2115
1747187820000,1.1559
1747187880000,1.5599
1747187940000,1.3782
1747188000000,1.871
1747188060000,1.3806
1747188120000,1.1251
1747188180000,1.2171
1747188240000,1.658
1747188300000,1.6683
1747188360000,1.7068
1747188420000,1.3135
1747188480000,1.3717
1747188540000,1.1512
1747188600000,1.2118
1747188660000,1.1768
1747188720000,1.1566
1747188780000,1.2401
1747188840000,1.1482
1747188900000,1.1439
1747188960000,1.2179
1747189020000,1.2332
1747189080000,1.165
1747189140000,1.1451
1747189200000,1.1704
1747189260000,1.1551
1747189320000,1.377
1747189380000,1.1664
1747189440000,1.1214
1747189500000,1.1761
1747189560000,1.2011
1747189620000,1.1544
1747189680000,1.1825
1747189740000,1.1804
1747189800000,1.209
1747189860000,1.1897
1747189920000,1.2615
1747189980000,1.207
1747190040000,1.0883
1747190100000,1.1981
1747190160000,1.105
1747190220000,1.1827
1747190280000,1.1559
1747190340000,1.1845
1747190400000,1.192
1747190460000,1.1508
1747190520000,1.2011
1747190580000,1.0873
1747190640000,1.1277
1747190700000,1.2508
1747190760000,1.1658
1747190820000,1.138
1747190880000,1.1641
1747190940000,1.1923
1747191000000,1.1735
1747191060000,1.2186
1747191120000,1.1933
1747191180000,1.111
1747191240000,1.2048
1747191300000,1.2231
1747191360000,1.1294
1747191420000,1.1202
1747191480000,1.2063
1747191540000,1.2301
1747191600000,1.2135
1747191660000,1.2127
1747191720000,1.1839
1747191780000,1.1528
1747191840000,1.1083
1747191900000,1.1758
1747191960000,1.2313
1747192020000,1.1688
1747192080000,1.1573
1747192140000,1.4962
1747192200000,1.1841
1747192260000,1.1523
1747192320000,1.1908
1747192380000,1.2107
1747192440000,1.2334
1747192500000,1.3984
1747192560000,1.1403
1747192620000,1.9336
1747192680000,1.2757
1747192740000,1.8814
1747192800000,1.8617
1747192860000,1.1829
1747192920000,1.1722
1747192980000,1.3591
1747193040000,1.1107
1747193100000,1.1943
1747193160000,1.3324
1747193220000,1.1916
1747193280000,1.2485
1747193340000,1.3186
1747193400000,1.1338
1747193460000,1.2272
1747193520000,1.2125
1747193580000,1.1631
1747193640000,1.1899
1747193700000,1.1281
1747193760000,1.1868
1747193820000,1.0965
1747193880000,1.2121
1747193940000,1.2238
1747194000000,1.2007
1747194060000,1.1887
1747194120000,1.1497
1747194180000,1.1387
1747194240000,1.2322
1747194300000,1.1663
1747194360000,1.1744
1747194420000,1.1472
1747194480000,1.1807
1747194540000,1.163
1747194600000,1.1144
1747194660000,1.1806
1747194720000,1.1853
1747194780000,1.1948
1747194840000,1.1614
1747194900000,1.1818
1747194960000,1.1544
1747195020000,1.1097
1747195080000,1.1378
1747195140000,1.1784
1747195200000,1.1725
1747195260000,1.1728
1747195320000,1.086
1747195380000,1.1155
1747195440000,1.1642
1747195500000,1.1938
1747195560000,1.2028
1747195620000,1.1482
1747195680000,1.0843
1747195740000,1.1513
1747195800000,1.146
1747195860000,1.1708
1747195920000,1.1468
1747195980000,1.163
1747196040000,1.1747
1747196100000,1.1686
1747196160000,1.1839
1747196220000,1.1481
1747196280000,1.1551
1747196340000,1.2097
1747196400000,1.1213
1747196460000,1.1747
1747196520000,1.1675
1747196580000,1.2001
1747196640000,1.1235
1747196700000,1.1223
1747196760000,1.1917
1747196820000,1.1702
1747196880000,1.1948
1747196940000,1.1225
1747197000000,1.4751
1747197060000,1.1607
1747197120000,1.1423
1747197180000,1.172
1747197240000,1.5735
1747197300000,1.1076
1747197360000,1.6156
1747197420000,1.1376
1747197480000,1.5268
1747197540000,1.6469
1747197600000,1.6649
1747197660000,1.1231
1747197720000,1.5328
1747197780000,1.2655
1747197840000,1.287
1747197900000,1.1525
1747197960000,1.4058
1747198020000,1.1559
1747198080000,1.3631
1747198140000,1.1678
1747198200000,1.5787
1747198260000,1.1469
1747198320000,1.1647
1747198380000,1.1213
1747198440000,1.1488
1747198500000,1.1428
1747198560000,1.1702
1747198620000,1.1594
1747198680000,1.2047
1747198740000,1.1465
1747198800000,1.1097
1747198860000,1.1837
1747198920000,1.1032
1747198980000,1.1209
1747199040000,1.0985
1747199100000,1.1002
1747199160000,1.07
1747199220000,1.2505
1747199280000,1.1331
1747199340000,1.1046
1747199400000,1.1074
1747199460000,1.1156
1747199520000,1.1816
1747199580000,1.1257
1747199640000,1.1185
1747199700000,1.4126
1747199760000,1.1023
1747199820000,1.1653
1747199880000,1.0732
1747199940000,1.1371
1747200000000,1.0964
1747200060000,1.1329
1747200120000,1.1141
1747200180000,1.178
1747200240000,1.1322
1747200300000,1.1234
1747200360000,1.1326
1747200420000,1.2206
1747200480000,1.1521
1747200540000,1.0833
1747200600000,1.196
1747200660000,1.138
1747200720000,1.1676
1747200780000,1.0803
1747200840000,1.1608
1747200900000,1.1582
1747200960000,1.0655
1747201020000,1.0602
1747201080000,1.0648
1747201140000,1.1632
1747201200000,1.1554
1747201260000,1.0897
1747201320000,1.1114
1747201380000,1.1222
1747201440000,1.1085
1747201500000,1.2524
1747201560000,1.2084
1747201620000,1.1334
1747201680000,1.1194
1747201740000,1.076
1747201800000,1.0834
1747201860000,1.1423
1747201920000,1.1665
1747201980000,1.1214
1747202040000,1.0912
1747202100000,1.1156
1747202160000,1.2477
1747202220000,1.1972
1747202280000,1.4561
1747202340000,1.5438
1747202400000,1.1329
1747202460000,1.1279
1747202520000,1.1521
1747202580000,1.5343
1747202640000,1.386
1747202700000,1.9733
1747202760000,1.3434
1747202820000,1.1656
1747202880000,1.5433
1747202940000,1.0971
1747203000000,1.6522
1747203060000,1.3146
1747203120000,1.1018
1747203180000,1.1234
1747203240000,1.1134
1747203300000,1.0958
1747203360000,1.1026
1747203420000,1.23
1747203480000,1.1508
1747203540000,1.1167
1747203600000,1.1376
1747203660000,1.1081
1747203720000,1.1343
1747203780000,1.1421
1747203840000,1.1327
1747203900000,1.1014
1747203960000,1.1109
1747204020000,1.1682
1747204080000,1.1394
1747204140000,1.1571
1747204200000,1.1123
1747204260000,1.1654
1747204320000,1.1522
1747204380000,1.1726
1747204440000,1.1281
1747204500000,1.111
1747204560000,1.1068
1747204620000,1.1988
1747204680000,1.1626
1747204740000,1.1386
1747204800000,1.1298
1747204860000,1.158
1747204920000,1.158
1747204980000,1.1415
1747205040000,1.1363
1747205100000,1.1711
1747205160000,1.1819
1747205220000,1.1735
1747205280000,1.1003
1747205340000,1.1527
1747205400000,1.2223
1747205460000,1.1529
1747205520000,1.1066
1747205580000,1.1667
1747205640000,1.1013
1747205700000,1.1242
1747205760000,1.1044
1747205820000,1.1525
1747205880000,1.17
1747205940000,1.0649
1747206000000,1.1039
1747206060000,1.6012
1747206120000,1.1656
1747206180000,1.1092
1747206240000,1.1506
1747206300000,1.233
1747206360000,1.125
1747206420000,1.1045
1747206480000,1.1728
1747206540000,1.0791
1747206600000,1.1636
1747206660000,1.1504
1747206720000,1.4567
1747206780000,1.2178
1747206840000,1.7518
1747206900000,1.1353
1747206960000,1.1627
1747207020000,1.1587
1747207080000,1.2857
1747207140000,1.3835
1747207200000,1.811
1747207260000,1.3213
1747207320000,1.2259
1747207380000,1.1862
1747207440000,1.5176
1747207500000,1.7198
1747207560000,1.2354
1747207620000,1.1632
1747207680000,2.4834
1747207740000,1.1701
1747207800000,1.105
1747207860000,1.5467
1747207920000,1.3738
1747207980000,1.219
1747208040000,1.2695
1747208100000,1.1481
1747208160000,1.1618
1747208220000,1.1726
1747208280000,1.1121
1747208340000,1.1118
1747208400000,1.1547
1747208460000,1.2563
1747208520000,1.1569
1747208580000,1.2192
1747208640000,1.2136
1747208700000,1.153
1747208760000,1.2063
1747208820000,1.2218
1747208880000,1.2532
1747208940000,1.0851
1747209000000,1.1768
1747209060000,1.2054
1747209120000,1.1219
1747209180000,1.2119
1747209240000,1.0975
1747209300000,1.1732
1747209360000,1.15
1747209420000,1.1484
1747209480000,1.1999
1747209540000,1.1198
1747209600000,1.1959
1747209660000,1.1576
1747209720000,1.2215
1747209780000,1.2171
1747209840000,1.1616
1747209900000,1.1905
1747209960000,1.1486
1747210020000,1.1113
1747210080000,1.166
1747210140000,1.1626
1747210200000,1.1677
1747210260000,1.1368
1747210320000,1.1627
1747210380000,1.1169
1747210440000,1.1795
1747210500000,1.4076
1747210560000,1.1035
1747210620000,1.1349
1747210680000,1.1392
1747210740000,1.172
1747210800000,1.1536
1747210860000,1.2424
1747210920000,1.3218
1747210980000,1.1756
1747211040000,1.1478
1747211100000,1.2258
1747211160000,1.227
1747211220000,1.5444
1747211280000,1.2185
1747211340000,1.6097
1747211400000,1.369
1747211460000,1.4333
1747211520000,1.4598
1747211580000,1.4291
1747211640000,1.6047
1747211700000,1.2151
1747211760000,1.1624
1747211820000,1.2089
1747211880000,1.2685
1747211940000,1.3491
1747212000000,1.2477
1747212060000,1.6843
1747212120000,1.4913
1747212180000,1.8589
1747212240000,1.1546
1747212300000,1.1933
1747212360000,1.2057
1747212420000,1.2025
1747212480000,1.189
1747212540000,1.2598
1747212600000,1.2183
1747212660000,1.2313
1747212720000,1.2414
1747212780000,1.2281
1747212840000,1.2732
1747212900000,1.1976
1747212960000,1.7418
1747213020000,1.6566
1747213080000,1.2236
1747213140000,1.1857
1747213200000,1.1843
1747213260000,1.2527
1747213320000,1.1883
1747213380000,1.4072
1747213440000,1.1427
1747213500000,1.1821
1747213560000,1.1949
1747213620000,1.1523
1747213680000,1.234
1747213740000,1.2051
1747213800000,1.1639
1747213860000,1.1471
1747213920000,1.16
1747213980000,1.2096
1747214040000,1.152
1747214100000,1.2295
1747214160000,1.2236
1747214220000,1.1666
1747214280000,1.2211
1747214340000,1.2091
1747214400000,1.2156
1747214460000,1.193
1747214520000,1.2342
1747214580000,1.3115
1747214640000,1.1623
1747214700000,1.28
1747214760000,1.2597
1747214820000,1.2806
1747214880000,1.2083
1747214940000,1.2399
1747215000000,1.2352
1747215060000,1.4811
1747215120000,1.2111
1747215180000,1.1526
1747215240000,1.1978
1747215300000,1.2367
1747215360000,1.171
1747215420000,1.2418
1747215480000,1.2033
1747215540000,1.275
1747215600000,1.144
1747215660000,1.2012
1747215720000,1.266
1747215780000,1.2484
1747215840000,1.2753
1747215900000,1.6404
1747215960000,1.2373
1747216020000,1.2588
1747216080000,1.4657
1747216140000,1.7478
1747216200000,2.3983
1747216260000,1.1687
1747216320000,1.2284
1747216380000,1.22
1747216440000,1.2394
1747216500000,1.2032
1747216560000,1.8089
1747216620000,1.2409
1747216680000,1.2213
1747216740000,1.2195
1747216800000,1.1421
1747216860000,1.4722
1747216920000,1.2381
1747216980000,1.2277
1747217040000,1.1907
1747217100000,1.2178
1747217160000,1.15
1747217220000,1.2301
1747217280000,1.397
1747217340000,1.1561
1747217400000,1.1751
1747217460000,1.176
1747217520000,1.2559
1747217580000,1.395
1747217640000,1.2018
1747217700000,1.1763
1747217760000,1.2464
1747217820000,1.1283
1747217880000,1.2121
1747217940000,1.1915
1747218000000,1.2184
1747218060000,1.2008
1747218120000,1.2118
1747218180000,1.19
1747218240000,1.2038
1747218300000,1.466
1747218360000,1.2697
1747218420000,1.2827
1747218480000,1.2215
1747218540000,1.1586
1747218600000,1.3692
1747218660000,1.1899
1747218720000,1.3257
1747218780000,1.2866
1747218840000,1.1842
1747218900000,1.1748
1747218960000,1.1837
1747219020000,1.1408
1747219080000,1.3389
1747219140000,1.1538
1747219200000,1.1728
1747219260000,1.1948
1747219320000,1.1876
1747219380000,1.2269
1747219440000,1.1626
1747219500000,1.1292
1747219560000,1.4536
1747219620000,1.4798
1747219680000,1.4795
1747219740000,1.1922
1747219800000,1.1727
1747219860000,1.6343
1747219920000,1.1751
1747219980000,1.1628
1747220040000,1.1554
1747220100000,1.1447
1747220160000,1.1804
1747220220000,1.1958
1747220280000,2.1638
1747220340000,1.5464
1747220400000,1.2132
1747220460000,1.1933
1747220520000,1.1936
1747220580000,1.4096
1747220640000,1.1498
1747220700000,1.1293
1747220760000,1.3834
1747220820000,1.2013
1747220880000,1.1422
1747220940000,1.1231
1747221000000,1.2982
1747221060000,1.1473
1747221120000,1.1663
1747221180000,1.2306
1747221240000,1.1302
1747221300000,1.2853
1747221360000,1.1126
1747221420000,1.1652
1747221480000,1.1623
1747221540000,1.1237
1747221600000,1.134
1747221660000,1.0959
1747221720000,1.1547
1747221780000,1.4038
1747221840000,1.4885
1747221900000,1.1406
1747221960000,1.121
1747222020000,1.1466
1747222080000,1.1643
1747222140000,1.3719
1747222200000,1.2167
1747222260000,1.2341
1747222320000,1.1589
1747222380000,1.1984
1747222440000,1.1486
1747222500000,1.1288
1747222560000,1.2738
1747222620000,1.1747
1747222680000,1.176
1747222740000,1.1095
1747222800000,1.1946
1747222860000,1.145
1747222920000,1.1409
1747222980000,1.1575
1747223040000,1.2927
1747223100000,1.1251
1747223160000,1.1419
1747223220000,1.1358
1747223280000,1.126
1747223340000,1.1426
1747223400000,1.1912
1747223460000,1.1258
1747223520000,1.2127
1747223580000,1.1116
1747223640000,1.1466
1747223700000,1.1187
1747223760000,1.2081
1747223820000,1.137
1747223880000,1.1769
1747223940000,1.1204
1747224000000,1.3759
1747224060000,1.1324
1747224120000,1.2774
1747224180000,1.1819
1747224240000,1.1637
1747224300000,1.2322
1747224360000,1.3742
1747224420000,1.5484
1747224480000,1.1831
1747224540000,1.1504
1747224600000,1.22
1747224660000,1.1788
1747224720000,1.1287
1747224780000,1.2083
1747224840000,1.4639
1747224900000,1.3187
1747224960000,1.3985
1747225020000,1.1528
1747225080000,1.1899
1747225140000,1.062
1747225200000,1.1373
1747225260000,1.1519
1747225320000,1.3131
1747225380000,1.1535
1747225440000,1.2241
1747225500000,1.1696
1747225560000,1.1889
1747225620000,1.443
1747225680000,1.1173
1747225740000,1.2459
1747225800000,1.1366
1747225860000,1.1289
1747225920000,1.156
1747225980000,1.1336
1747226040000,1.131
1747226100000,1.0985
1747226160000,1.0808
1747226220000,1.1832
1747226280000,1.115
1747226340000,1.0741
1747226400000,1.0963
1747226460000,1.0968
1747226520000,1.1225
1747226580000,1.1613
1747226640000,1.2631
1747226700000,1.0987
1747226760000,1.1343
1747226820000,1.1065
1747226880000,1.1635
1747226940000,1.1487
1747227000000,1.3373
1747227060000,1.1704
1747227120000,1.0884
1747227180000,1.189
1747227240000,1.1134
1747227300000,1.0905
1747227360000,1.1309
1747227420000,1.0931
1747227480000,1.1196
1747227540000,1.1528
1747227600000,1.1561
1747227660000,1.1888
1747227720000,1.1119
1747227780000,1.1019
1747227840000,1.0749
1747227900000,1.12
1747227960000,1.2669
1747228020000,1.1857
1747228080000,1.1677
1747228140000,1.179
1747228200000,1.12
1747228260000,1.1485
1747228320000,1.1332
1747228380000,1.0844
1747228440000,1.1205
1747228500000,1.1136
1747228560000,1.1417
1747228620000,1.0982
1747228680000,1.1434
1747228740000,1.1289
1747228800000,1.2298
1747228860000,1.3466
1747228920000,1.1377
1747228980000,1.1335
1747229040000,1.068
1747229100000,1.4209
1747229160000,1.278
1747229220000,1.4237
1747229280000,1.137
1747229340000,1.119
1747229400000,1.1346
1747229460000,1.1426
1747229520000,1.1079
1747229580000,1.0955
1747229640000,1.0981
1747229700000,1.0734
1747229760000,2.1648
1747229820000,1.2379
1747229880000,1.108
1747229940000,1.473
1747230000000,1.0314
1747230060000,1.4443
1747230120000,1.0672
1747230180000,1.0346
1747230240000,1.1011
1747230300000,1.2557
1747230360000,1.1197
1747230420000,1.087
1747230480000,1.1984
1747230540000,1.3999
1747230600000,1.0786
1747230660000,1.1179
1747230720000,1.0972
1747230780000,1.0661
1747230840000,1.0427
1747230900000,1.0585
1747230960000,1.0814
1747231020000,1.0672
1747231080000,1.0457
1747231140000,1.0823
1747231200000,1.0576
1747231260000,1.0633
1747231320000,1.1156
1747231380000,1.0202
1747231440000,1.0782
1747231500000,1.0289
1747231560000,1.0984
1747231620000,1.0365
1747231680000,1.0666
1747231740000,1.0167
1747231800000,1.0083
1747231860000,1.0006
1747231920000,1.0606
1747231980000,1.0277
1747232040000,1.0446
1747232100000,1.026
1747232160000,1.0043
1747232220000,1.0077
1747232280000,0.9969
1747232340000,0.9978
1747232400000,1.0338
1747232460000,1.0301
1747232520000,1.0412
1747232580000,1.0355
1747232640000,1.0244
1747232700000,1.0383
1747232760000,1.0342
1747232820000,1.0504
1747232880000,1.0376
1747232940000,1.0396
1747233000000,1.0148
1747233060000,1.0386
1747233120000,1.0272
1747233180000,0.9939
1747233240000,1.027
1747233300000,1.0196
1747233360000,1.0113
1747233420000,1.0124
1747233480000,1.0586
1747233540000,0.9874
1747233600000,0.9709
1747233660000,1.0263
1747233720000,0.9975
1747233780000,0.998
1747233840000,1.0051
1747233900000,1.0341
1747233960000,1.019
1747234020000,1.0312
1747234080000,0.9704
1747234140000,0.9769
1747234200000,1.0271
1747234260000,1.0112
1747234320000,0.9498
1747234380000,0.9986
1747234440000,0.9819
1747234500000,0.9826
1747234560000,1.0404
1747234620000,1.0098
1747234680000,0.9948
1747234740000,1.0002
1747234800000,0.9662
1747234860000,1.0259
1747234920000,0.9963
1747234980000,1.0304
1747235040000,1.0087
1747235100000,1.0205
1747235160000,0.9901
1747235220000,0.9805
1747235280000,0.9854
1747235340000,1.0007
1747235400000,1.0181
1747235460000,0.9689
1747235520000,1.0216
1747235580000,0.9621
1747235640000,0.9799
1747235700000,1.0043
1747235760000,0.9919
1747235820000,0.9851
1747235880000,1.0002
1747235940000,0.9799
1747236000000,0.9928
1747236060000,1.0
1747236120000,0.9877
1747236180000,1.0103
1747236240000,0.9735
1747236300000,0.9872
1747236360000,0.9793
1747236420000,0.9735
1747236480000,0.9378
1747236540000,0.9708
1747236600000,0.9791
1747236660000,0.9576
1747236720000,0.9784
1747236780000,0.982
1747236840000,0.9634
1747236900000,0.9659
1747236960000,0.9632
1747237020000,0.9695
1747237080000,0.9579
1747237140000,0.9775
1747237200000,0.9644
1747237260000,0.9511
1747237320000,0.9618
1747237380000,0.9247
1747237440000,0.9613
1747237500000,0.966
1747237560000,0.955
1747237620000,0.9567
1747237680000,0.9622
1747237740000,0.9567
1747237800000,0.9708
1747237860000,0.9855
1747237920000,0.9602
1747237980000,0.9394
1747238040000,0.9835
1747238100000,0.932
1747238160000,0.9531
1747238220000,0.9945
1747238280000,0.9582
1747238340000,0.9576
1747238400000,0.967
1747238460000,0.9758
1747238520000,1.0093
1747238580000,1.0113
1747238640000,0.9797
1747238700000,1.0192
1747238760000,0.9671
1747238820000,0.9743
1747238880000,0.953
1747238940000,0.9711
1747239000000,0.9935
1747239060000,0.9806
1747239120000,0.9792
1747239180000,0.9898
1747239240000,0.9983
1747239300000,0.9932
1747239360000,0.9738
1747239420000,0.9778
1747239480000,0.9741
1747239540000,0.978
1747239600000,1.0026
1747239660000,1.0082
1747239720000,13.2227
1747239780000,1.1841
1747239840000,1.0884
1747239900000,1.0214
1747239960000,3.0623
1747240020000,1.0077
1747240080000,1.0248
1747240140000,0.998
1747240200000,1.0382
1747240260000,1.0217
1747240320000,0.9895
1747240380000,1.039
1747240440000,0.9701
1747240500000,0.9751
1747240560000,1.0119
1747240620000,1.0124
1747240680000,0.9735
1747240740000,0.9877
1747240800000,0.9929
1747240860000,0.9923
1747240920000,0.9545
1747240980000,1.0112
1747241040000,0.9774
1747241100000,1.016
1747241160000,0.9678
1747241220000,0.9787
1747241280000,0.9619
1747241340000,0.9569
1747241400000,0.9947
1747241460000,1.0168
1747241520000,0.9847
1747241580000,0.9933
1747241640000,0.9773
1747241700000,0.9795
1747241760000,0.9824
1747241820000,0.9648
1747241880000,0.9916
1747241940000,0.985
1747242000000,0.9987
1747242060000,1.0014
1747242120000,0.9912
1747242180000,0.98
1747242240000,1.0044
1747242300000,0.9941
1747242360000,0.9551
1747242420000,0.9485
1747242480000,0.9863
1747242540000,1.0326
1747242600000,1.0075
1747242660000,0.9843
1747242720000,0.9942
1747242780000,0.9731
1747242840000,0.9835
1747242900000,0.9606
1747242960000,1.0323
1747243020000,0.9655
1747243080000,0.9431
1747243140000,1.0319
1747243200000,0.9667
1747243260000,0.9793
1747243320000,0.9651
1747243380000,0.9609
1747243440000,0.9957
1747243500000,0.9817
1747243560000,0.9613
1747243620000,0.9708
1747243680000,0.9653
1747243740000,0.9696
1747243800000,0.9929
1747243860000,0.966
1747243920000,0.9516
1747243980000,0.9635
1747244040000,0.9919
1747244100000,0.9583
1747244160000,0.9941
1747244220000,0.96
1747244280000,0.9552
1747244340000,0.9695
1747244400000,0.9779
1747244460000,0.9497
1747244520000,0.9569
1747244580000,0.9902
1747244640000,0.9464
1747244700000,0.965
1747244760000,0.9888
1747244820000,0.9718
1747244880000,0.9942
1747244940000,0.9563
1747245000000,0.9743
1747245060000,0.9674
1747245120000,0.9537
1747245180000,0.9769
1747245240000,0.966
1747245300000,0.9635
1747245360000,0.9605
1747245420000,0.9484
1747245480000,0.9599
1747245540000,0.9899
1747245600000,0.9921
1747245660000,0.9673
1747245720000,0.9762
1747245780000,0.9666
1747245840000,0.9589
1747245900000,0.966
1747245960000,0.9701
1747246020000,0.9815
1747246080000,1.0152
1747246140000,0.966
1747246200000,0.9948
1747246260000,0.9704
1747246320000,0.9648
1747246380000,0.9675
1747246440000,0.9913
1747246500000,1.0311
1747246560000,0.9508
1747246620000,0.9704
1747246680000,0.992
1747246740000,0.9864
1747246800000,0.9941
1747246860000,1.0043
1747246920000,0.9653
1747246980000,0.9855
1747247040000,0.9631
1747247100000,0.9723
1747247160000,0.9787
1747247220000,0.9623
1747247280000,0.9966
1747247340000,1.0299
1747247400000,0.9623
1747247460000,1.0226
1747247520000,0.978
1747247580000,0.9733
1747247640000,0.9912
1747247700000,0.9984
1747247760000,0.9694
1747247820000,0.9566
1747247880000,1.0436
1747247940000,0.9735
1747248000000,0.976
1747248060000,0.9954
1747248120000,0.9852
1747248180000,0.9855
1747248240000,0.9832
1747248300000,1.0417
1747248360000,1.0047
1747248420000,0.98
1747248480000,0.9621
1747248540000,0.9831
1747248600000,0.9921
1747248660000,0.971
1747248720000,1.0089
1747248780000,0.9905
1747248840000,1.011
1747248900000,1.0228
1747248960000,0.9964
1747249020000,0.9689
1747249080000,1.0272
1747249140000,1.0011
1747249200000,0.9772
1747249260000,0.9793
1747249320000,1.0197
1747249380000,1.0098
1747249440000,1.0114
1747249500000,0.9906
1747249560000,1.0157
1747249620000,1.0133
1747249680000,0.9807
1747249740000,0.9724
1747249800000,0.996
1747249860000,0.9876
1747249920000,0.9467
1747249980000,1.0151
1747250040000,0.9979
1747250100000,0.9994
1747250160000,1.0182
1747250220000,1.0014
1747250280000,1.0216
1747250340000,0.9828
1747250400000,1.0129
1747250460000,1.0432
1747250520000,0.9701
1747250580000,0.9736
1747250640000,0.9585
1747250700000,0.9571
1747250760000,1.0
1747250820000,1.0049
1747250880000,0.9621
1747250940000,0.9859
1747251000000,0.9972
1747251060000,1.0086
1747251120000,0.9893
1747251180000,0.9875
1747251240000,0.9738
1747251300000,1.0171
1747251360000,1.0253
1747251420000,0.9454
1747251480000,0.9658
1747251540000,0.9767
1747251600000,1.0023
1747251660000,0.9879
1747251720000,0.9877
1747251780000,0.9802
1747251840000,1.0062
1747251900000,0.9668
1747251960000,0.9854
1747252020000,0.97
1747252080000,1.0047
1747252140000,0.9907
1747252200000,0.9924
1747252260000,0.9759
1747252320000,1.0198
1747252380000,1.0075
1747252440000,0.9865
1747252500000,0.9956
1747252560000,1.0326
1747252620000,1.008
1747252680000,1.057
1747252740000,0.9757
1747252800000,0.996
1747252860000,1.026
1747252920000,0.9999
1747252980000,0.9885
1747253040000,1.0236
1747253100000,0.9949
1747253160000,1.0092
1747253220000,0.9824
1747253280000,1.0041
1747253340000,1.0311
1747253400000,0.9941
1747253460000,0.9852
1747253520000,0.9977
1747253580000,1.0266
1747253640000,1.0426
1747253700000,1.0098
1747253760000,0.9981
1747253820000,0.9903
1747253880000,1.022
1747253940000,1.0296
1747254000000,1.0255
1747254060000,1.0343
1747254120000,0.9858
1747254180000,0.9682
1747254240000,0.967
1747254300000,0.9432
1747254360000,0.9776
1747254420000,0.9726
1747254480000,0.9542
1747254540000,0.9928
1747254600000,0.9691
1747254660000,0.9865
1747254720000,0.9829
1747254780000,0.9833
1747254840000,1.002
1747254900000,0.9533
1747254960000,0.9921
1747255020000,1.0005
1747255080000,0.9338
1747255140000,0.9803
1747255200000,0.9956
1747255260000,0.9623
1747255320000,0.9846
1747255380000,0.971
1747255440000,0.9518
1747255500000,0.992
1747255560000,0.9499
1747255620000,0.9519
1747255680000,0.9868
1747255740000,0.9753
1747255800000,0.9891
1747255860000,1.0011
1747255920000,0.9718
1747255980000,0.9931
1747256040000,0.9831
1747256100000,0.968
1747256160000,0.9981
1747256220000,0.9818
1747256280000,0.9832
1747256340000,0.9783
1747256400000,0.9995
1747256460000,0.9714
1747256520000,0.9492
1747256580000,0.9749
1747256640000,0.9683
1747256700000,0.9964
1747256760000,0.9649
1747256820000,0.9717
1747256880000,0.9888
1747256940000,0.9517
1747257000000,0.9754
1747257060000,0.9748
1747257120000,0.974
1747257180000,0.9756
1747257240000,0.977
1747257300000,0.9503
1747257360000,1.0152
1747257420000,0.9773
1747257480000,0.9875
1747257540000,1.0213
1747257600000,0.9952
1747257660000,0.9744
1747257720000,0.9751
1747257780000,0.9833
1747257840000,0.9783
1747257900000,0.9923
1747257960000,0.9931
1747258020000,0.9842
1747258080000,0.9749
1747258140000,0.9672
1747258200000,0.9605
1747258260000,1.0311
1747258320000,0.9899
1747258380000,1.0072
1747258440000,1.0088
1747258500000,0.9861
1747258560000,1.0111
1747258620000,0.9972
1747258680000,0.9517
1747258740000,0.9495
1747258800000,0.9674
1747258860000,0.986
1747258920000,0.9615
1747258980000,0.9724
1747259040000,0.9785
1747259100000,0.9673
1747259160000,0.9753
1747259220000,0.9885
1747259280000,0.9833
1747259340000,1.0064
1747259400000,0.9985
1747259460000,0.9977
1747259520000,0.9653
1747259580000,0.9646
1747259640000,0.9766
1747259700000,0.9669
1747259760000,0.9636
1747259820000,0.9862
1747259880000,0.9696
1747259940000,0.9898
1747260000000,0.9748
1747260060000,1.0079
1747260120000,1.0029
1747260180000,1.0168
1747260240000,0.9739
1747260300000,1.0204
1747260360000,1.0079
1747260420000,1.0272
1747260480000,0.9893
1747260540000,1.0364
1747260600000,1.0215
1747260660000,1.0711
1747260720000,0.9884
1747260780000,1.0087
1747260840000,0.9805
1747260900000,1.0173
1747260960000,0.9915
1747261020000,1.0222
1747261080000,1.0166
1747261140000,0.9952
1747261200000,1.0056
1747261260000,1.0203
1747261320000,0.9979
1747261380000,1.0164
1747261440000,1.0076
1747261500000,1.0358
1747261560000,1.0157
1747261620000,1.0442
1747261680000,1.0181
1747261740000,1.0086
1747261800000,1.0409
1747261860000,1.0356
1747261920000,1.0314
1747261980000,1.0388
1747262040000,0.9894
1747262100000,1.013
1747262160000,0.985
1747262220000,1.0311
1747262280000,1.0167
1747262340000,1.0197
1747262400000,0.9969
1747262460000,0.9984
1747262520000,1.0489
1747262580000,1.0413
1747262640000,1.0295
1747262700000,1.0334
1747262760000,0.9871
1747262820000,1.0004
1747262880000,1.0361
1747262940000,1.0267
1747263000000,1.0256
1747263060000,1.0083
1747263120000,1.0443
1747263180000,1.0013
1747263240000,1.0337
1747263300000,1.0385
1747263360000,1.0229
1747263420000,1.0284
1747263480000,1.0495
1747263540000,1.0378
1747263600000,1.0566
1747263660000,1.0385
1747263720000,1.0629
1747263780000,1.0557
1747263840000,1.0805
1747263900000,1.0396
1747263960000,1.0219
1747264020000,1.0459
1747264080000,1.0326
1747264140000,1.0623
1747264200000,1.0359
1747264260000,1.0597
1747264320000,1.0591
1747264380000,1.0392
1747264440000,1.0102
1747264500000,1.0488
1747264560000,1.0661
1747264620000,1.0954
1747264680000,1.0629
1747264740000,1.0697
1747264800000,1.0714
1747264860000,1.0636
1747264920000,1.067
1747264980000,1.0459
1747265040000,1.0985
1747265100000,1.056
1747265160000,1.0645
1747265220000,1.0518
1747265280000,1.0531
1747265340000,1.0632
1747265400000,1.0346
1747265460000,1.0722
1747265520000,1.0837
1747265580000,1.0433
1747265640000,1.0671
1747265700000,1.1245
1747265760000,1.0715
1747265820000,1.0404
1747265880000,1.1317
1747265940000,1.0732
1747266000000,1.0414
1747266060000,1.037
1747266120000,1.0745
1747266180000,1.0841
1747266240000,1.1522
1747266300000,1.1053
1747266360000,1.1132
1747266420000,1.0657
1747266480000,1.1836
1747266540000,1.0921
1747266600000,1.113
1747266660000,1.1564
1747266720000,1.1472
1747266780000,1.1665
1747266840000,1.1475
1747266900000,1.1251
1747266960000,1.1219
1747267020000,1.1776
1747267080000,1.1552
1747267140000,1.1172
1747267200000,1.1368
1747267260000,1.2347
1747267320000,1.1648
1747267380000,1.1177
1747267440000,1.049
1747267500000,1.0938
1747267560000,1.1902
1747267620000,1.1497
1747267680000,1.1447
1747267740000,1.0661
1747267800000,1.1072
1747267860000,1.1656
1747267920000,1.1069
1747267980000,1.0808
1747268040000,1.1399
1747268100000,1.2536
1747268160000,1.1219
1747268220000,1.0854
1747268280000,1.1106
1747268340000,1.1479
1747268400000,1.1351
1747268460000,1.182
1747268520000,1.196
1747268580000,1.2049
1747268640000,1.2813
1747268700000,1.1983
1747268760000,1.2897
1747268820000,1.2444
1747268880000,1.1499
1747268940000,1.1358
1747269000000,1.2462
1747269060000,1.437
1747269120000,1.4358
1747269180000,1.4398
1747269240000,1.2238
1747269300000,2.3462
1747269360000,1.4063
1747269420000,1.8064
1747269480000,1.8912
1747269540000,1.1923
1747269600000,1.4727
1747269660000,1.1275
1747269720000,1.3567
1747269780000,1.2189
1747269840000,1.1276
1747269900000,1.1874
1747269960000,1.0873
1747270020000,1.2337
1747270080000,1.2088
1747270140000,1.2234
1747270200000,1.1758
1747270260000,1.1379
1747270320000,1.135
1747270380000,1.2221
1747270440000,1.1766
1747270500000,1.191
1747270560000,1.1543
1747270620000,1.1674
1747270680000,1.1719
1747270740000,1.2555
1747270800000,1.1945
1747270860000,1.1538
1747270920000,1.2066
1747270980000,1.1857
1747271040000,1.1684
1747271100000,1.2355
1747271160000,1.1458
1747271220000,1.2203
1747271280000,1.2086
1747271340000,1.2296
1747271400000,1.1692
1747271460000,1.211
1747271520000,1.1632
1747271580000,1.1921
1747271640000,1.1814
1747271700000,1.2688
1747271760000,1.2187
1747271820000,1.146
1747271880000,1.1912
1747271940000,1.2191
1747272000000,1.203
1747272060000,1.1608
1747272120000,1.1658
1747272180000,1.2839
1747272240000,1.2314
1747272300000,1.1454
1747272360000,1.1911
1747272420000,1.1818
1747272480000,1.2502
1747272540000,1.1726
1747272600000,1.2238
1747272660000,1.1428
1747272720000,1.1511
1747272780000,1.5876
1747272840000,1.1505
1747272900000,1.1482
1747272960000,1.1476
1747273020000,1.2297
1747273080000,1.2323
1747273140000,1.2067
1747273200000,1.1835
1747273260000,1.3549
1747273320000,1.2506
1747273380000,1.2479
1747273440000,1.3286
1747273500000,1.2376
1747273560000,1.1504
1747273620000,1.3726
1747273680000,1.3692
1747273740000,1.1874
1747273800000,1.572
1747273860000,1.2513
1747273920000,1.215
1747273980000,1.3651
1747274040000,1.2697
1747274100000,1.3702
1747274160000,1.5613
1747274220000,1.9159
1747274280000,1.8135
1747274340000,1.4051
1747274400000,1.1516
1747274460000,1.1741
1747274520000,1.2189
1747274580000,1.7506
1747274640000,1.269
1747274700000,1.1688
1747274760000,1.2466
1747274820000,1.2147
1747274880000,1.2459
1747274940000,1.1982
1747275000000,1.2547
1747275060000,1.2562
1747275120000,1.1193
1747275180000,1.2814
1747275240000,1.2339
1747275300000,1.2049
1747275360000,1.1751
1747275420000,1.2081
1747275480000,1.2324
1747275540000,1.1822
1747275600000,1.2075
1747275660000,1.279
1747275720000,1.2215
1747275780000,1.2292
1747275840000,1.242
1747275900000,1.2044
1747275960000,1.1435
1747276020000,1.2028
1747276080000,1.2173
1747276140000,1.1913
1747276200000,1.2364
1747276260000,1.1877
1747276320000,1.1643
1747276380000,1.2187
1747276440000,1.2025
1747276500000,1.2458
1747276560000,1.2547
1747276620000,1.3024
1747276680000,1.1841
1747276740000,1.3703
1747276800000,1.2353
1747276860000,1.2779
1747276920000,1.1928
1747276980000,1.2732
1747277040000,1.1917
1747277100000,1.2609
1747277160000,1.243
1747277220000,1.2272
1747277280000,1.2861
1747277340000,1.1829
1747277400000,1.1743
1747277460000,1.2645
1747277520000,1.2283
1747277580000,1.2566
1747277640000,1.1959
1747277700000,1.2049
1747277760000,1.209
1747277820000,1.1931
1747277880000,1.1484
1747277940000,1.1976
1747278000000,1.2561
1747278060000,1.6564
1747278120000,1.455
1747278180000,1.2663
1747278240000,1.2756
1747278300000,1.6081
1747278360000,1.5501
1747278420000,1.2423
1747278480000,1.467
1747278540000,1.7983
1747278600000,1.6201
1747278660000,1.528
1747278720000,1.7162
1747278780000,1.4669
1747278840000,1.8791
1747278900000,1.1296
1747278960000,1.3188
1747279020000,1.4312
1747279080000,1.6016
1747279140000,1.4892
1747279200000,1.2612
1747279260000,1.3241
1747279320000,1.2888
1747279380000,1.2065
1747279440000,1.2838
1747279500000,1.2165
1747279560000,1.1059
1747279620000,1.1502
1747279680000,1.1892
1747279740000,1.1094
1747279800000,1.1285
1747279860000,1.1776
1747279920000,1.2296
1747279980000,1.2403
1747280040000,1.2258
1747280100000,1.1474
1747280160000,1.2141
1747280220000,1.216
1747280280000,1.1788
1747280340000,1.2507
1747280400000,1.2718
1747280460000,1.2261
1747280520000,1.2327
1747280580000,1.2493
1747280640000,1.2254
1747280700000,1.1427
1747280760000,1.1675
1747280820000,1.3146
1747280880000,1.2819
1747280940000,1.2292
1747281000000,1.3007
1747281060000,1.2313
1747281120000,1.1863
1747281180000,1.1718
1747281240000,1.2942
1747281300000,1.2716
1747281360000,1.1782
1747281420000,1.2177
1747281480000,1.1439
1747281540000,1.1921
1747281600000,1.1792
1747281660000,1.2053
1747281720000,1.1315
1747281780000,1.2253
1747281840000,1.1887
1747281900000,1.1538
1747281960000,1.6719
1747282020000,1.5014
1747282080000,1.1349
1747282140000,1.2777
1747282200000,1.415
1747282260000,1.4231
1747282320000,1.1775
1747282380000,1.1444
1747282440000,1.2083
1747282500000,1.1945
1747282560000,1.5851
1747282620000,1.387
1747282680000,1.5083
1747282740000,1.3252
1747282800000,2.2605
1747282860000,1.1939
1747282920000,1.2548
1747282980000,1.233
1747283040000,1.3334
1747283100000,1.1306
1747283160000,1.1622
1747283220000,1.1745
1747283280000,1.1687
1747283340000,1.1985
1747283400000,1.5251
1747283460000,1.2047
1747283520000,1.2507
1747283580000,1.257
1747283640000,1.2123
1747283700000,1.1388
1747283760000,1.2561
1747283820000,1.1772
1747283880000,1.1062
1747283940000,1.2161
1747284000000,1.1864
1747284060000,1.2339
1747284120000,1.1526
1747284180000,1.1834
1747284240000,1.1288
1747284300000,1.1984
1747284360000,1.1707
1747284420000,1.1648
1747284480000,1.146
1747284540000,1.157
1747284600000,1.1707
1747284660000,1.1993
1747284720000,1.1881
1747284780000,1.1475
1747284840000,1.1761
1747284900000,1.1813
1747284960000,1.0911
1747285020000,1.1887
1747285080000,1.1616
1747285140000,1.1887
1747285200000,1.1975
1747285260000,1.1957
1747285320000,1.1958
1747285380000,1.2217
1747285440000,1.1711
1747285500000,1.148
1747285560000,1.1525
1747285620000,1.1516
1747285680000,1.1089
1747285740000,1.1275
1747285800000,1.1375
1747285860000,1.2062
1747285920000,1.1869
1747285980000,1.1661
1747286040000,1.2007
1747286100000,1.1565
1747286160000,1.1835
1747286220000,1.1135
1747286280000,1.1336
1747286340000,1.1091
1747286400000,1.1627
1747286460000,1.1848
1747286520000,1.1216
1747286580000,1.5605
1747286640000,1.1567
1747286700000,1.6029
1747286760000,1.5365
1747286820000,1.5085
1747286880000,1.5413
1747286940000,1.1603
1747287000000,1.1862
1747287060000,1.1525
1747287120000,2.0209
1747287180000,1.3419
1747287240000,1.1357
1747287300000,1.2474
1747287360000,1.1113
1747287420000,1.1718
1747287480000,1.2788
1747287540000,1.1969
1747287600000,1.5154
1747287660000,1.1489
1747287720000,1.1434
1747287780000,1.5349
1747287840000,1.6782
1747287900000,1.1327
1747287960000,1.1368
1747288020000,1.1713
1747288080000,1.1377
1747288140000,1.1785
1747288200000,1.1466
1747288260000,1.186
1747288320000,1.1944
1747288380000,1.1934
1747288440000,1.1954
1747288500000,1.2218
1747288560000,1.3167
1747288620000,1.1837
1747288680000,1.2601
1747288740000,1.1363
1747288800000,1.1245
1747288860000,1.179
1747288920000,1.2118
1747288980000,1.1163
1747289040000,1.1716
1747289100000,1.2121
1747289160000,1.2387
1747289220000,1.2114
1747289280000,1.156
1747289340000,1.1342
1747289400000,1.1788
1747289460000,1.2427
1747289520000,1.2451
1747289580000,1.283
1747289640000,1.175
1747289700000,1.1746
1747289760000,1.1696
1747289820000,1.1728
1747289880000,1.213
1747289940000,1.2351
1747290000000,1.1942
1747290060000,1.243
1747290120000,1.2882
1747290180000,1.2384
1747290240000,1.1695
1747290300000,1.1911
1747290360000,1.447
1747290420000,1.201
1747290480000,1.3689
1747290540000,1.4431
1747290600000,1.467
1747290660000,1.1608
1747290720000,1.5228
1747290780000,1.8901
1747290840000,1.1353
1747290900000,1.5079
1747290960000,1.5241
1747291020000,1.387
1747291080000,1.6411
1747291140000,1.1633
1747291200000,1.4176
1747291260000,1.4877
1747291320000,1.3105
1747291380000,1.3136
1747291440000,1.3571
1747291500000,1.2278
1747291560000,1.2318
1747291620000,1.1705
1747291680000,1.2979
1747291740000,1.3276
1747291800000,1.2891
1747291860000,1.3667
1747291920000,1.1875
1747291980000,1.2088
1747292040000,1.1698
1747292100000,1.1555
1747292160000,1.2322
1747292220000,1.3276
1747292280000,1.1936
1747292340000,1.2873
1747292400000,1.2312
1747292460000,1.25
1747292520000,1.1815
1747292580000,1.2536
1747292640000,1.1722
1747292700000,1.2427
1747292760000,1.196
1747292820000,1.3316
1747292880000,1.2104
1747292940000,1.1307
1747293000000,1.2541
1747293060000,1.2551
1747293120000,1.4333
1747293180000,1.2838
1747293240000,1.1755
1747293300000,1.3535
1747293360000,1.4337
1747293420000,1.6262
1747293480000,1.7303
1747293540000,1.2361
1747293600000,1.2218
1747293660000,1.2609
1747293720000,1.9922
1747293780000,1.3894
1747293840000,1.2685
1747293900000,1.6191
1747293960000,1.6469
1747294020000,1.1698
1747294080000,1.2282
1747294140000,1.2202
1747294200000,1.2248
1747294260000,1.5678
1747294320000,1.3445
1747294380000,1.209
1747294440000,1.2625
1747294500000,1.2586
1747294560000,1.2178
1747294620000,1.2264
1747294680000,1.2297
1747294740000,1.2318
1747294800000,1.3739
1747294860000,1.2102
1747294920000,1.2226
1747294980000,1.2054
1747295040000,1.1797
1747295100000,1.1468
1747295160000,1.2571
1747295220000,1.2544
1747295280000,1.2833
1747295340000,1.2126
1747295400000,1.2045
1747295460000,1.167
1747295520000,1.2332
1747295580000,1.3084
1747295640000,1.2847
1747295700000,1.3237
1747295760000,1.2339
1747295820000,1.1963
1747295880000,1.7733
1747295940000,1.3507
1747296000000,1.2336
1747296060000,1.4266
1747296120000,1.1848
1747296180000,1.4711
1747296240000,1.2185
1747296300000,1.1487
1747296360000,1.5347
1747296420000,1.5891
1747296480000,1.3971
1747296540000,1.4574
1747296600000,1.2314
1747296660000,1.2274
1747296720000,1.1366
1747296780000,1.2498
1747296840000,1.2581
1747296900000,1.4295
1747296960000,1.1665
1747297020000,1.1751
1747297080000,1.4191
1747297140000,1.2029
1747297200000,1.7747
1747297260000,1.2057
1747297320000,1.3058
1747297380000,1.248
1747297440000,1.3976
1747297500000,1.1961
1747297560000,1.2537
1747297620000,1.2654
1747297680000,1.2055
1747297740000,1.1847
1747297800000,1.2539
1747297860000,1.1851
1747297920000,1.2142
1747297980000,1.2639
1747298040000,1.1922
1747298100000,1.1796
1747298160000,1.1764
1747298220000,1.1526
1747298280000,1.1909
1747298340000,1.9339
1747298400000,1.2869
1747298460000,1.1734
1747298520000,1.2488
1747298580000,1.2516
1747298640000,1.1684
1747298700000,1.1214
1747298760000,1.2661
1747298820000,1.2435
1747298880000,1.2124
1747298940000,1.308
1747299000000,1.1848
1747299060000,1.2437
1747299120000,1.2623
1747299180000,1.535
1747299240000,1.275
1747299300000,1.2391
1747299360000,1.2167
1747299420000,1.1523
1747299480000,1.2664
1747299540000,1.2865
1747299600000,1.1865
1747299660000,1.7098
1747299720000,1.2749
1747299780000,1.4173
1747299840000,1.2889
1747299900000,1.2254
1747299960000,1.2368
1747300020000,1.1801
1747300080000,1.2071
1747300140000,1.6318
1747300200000,1.2656
1747300260000,1.3394
1747300320000,1.412
1747300380000,1.5963
1747300440000,1.2576
1747300500000,1.1888
1747300560000,1.2153
1747300620000,1.2195
1747300680000,1.2873
1747300740000,1.1853
1747300800000,1.2096
1747300860000,1.2198
1747300920000,1.2459
1747300980000,1.1785
1747301040000,1.8558
1747301100000,1.3629
1747301160000,1.3713
1747301220000,1.312
1747301280000,1.4875
1747301340000,1.6112
1747301400000,1.6226
1747301460000,1.8682
1747301520000,1.7192
1747301580000,2.4686
1747301640000,1.9256
1747301700000,1.9869
1747301760000,1.766
1747301820000,4.9283
1747301880000,2.1426
1747301940000,2.737
1747302000000,2.6904
1747302060000,2.6207
1747302120000,1.6696
1747302180000,4.4724
1747302240000,4.1088
1747302300000,1.1944
1747302360000,1.4738
1747302420000,1.9937
