timestamp,middleware_hsf_consumer_rt
1747042380000,20.584
1747042440000,20.2034
1747042500000,20.6104
1747042560000,20.4486
1747042620000,20.0859
1747042680000,19.4574
1747042740000,20.1561
1747042800000,20.2572
1747042860000,20.3452
1747042920000,19.9022
1747042980000,20.4863
1747043040000,20.4182
1747043100000,20.1098
1747043160000,20.042
1747043220000,20.0691
1747043280000,20.6178
1747043340000,20.6276
1747043400000,20.3916
1747043460000,19.8474
1747043520000,20.1466
1747043580000,20.2752
1747043640000,19.9223
1747043700000,20.3513
1747043760000,19.3863
1747043820000,19.917
1747043880000,20.0517
1747043940000,20.53
1747044000000,20.264
1747044060000,19.768
1747044120000,19.8801
1747044180000,19.9984
1747044240000,20.4574
1747044300000,20.1738
1747044360000,19.9832
1747044420000,19.9223
1747044480000,20.3354
1747044540000,20.4245
1747044600000,20.1437
1747044660000,20.0553
1747044720000,20.4159
1747044780000,20.3333
1747044840000,20.9586
1747044900000,20.5877
1747044960000,19.3142
1747045020000,20.4573
1747045080000,21.2898
1747045140000,20.2193
1747045200000,20.1458
1747045260000,19.7614
1747045320000,19.8646
1747045380000,20.7088
1747045440000,20.1101
1747045500000,20.0914
1747045560000,20.1385
1747045620000,19.7788
1747045680000,19.8358
1747045740000,20.599
1747045800000,20.1268
1747045860000,19.952
1747045920000,20.4888
1747045980000,20.0763
1747046040000,19.6045
1747046100000,19.8339
1747046160000,19.9926
1747046220000,19.9888
1747046280000,20.3491
1747046340000,19.8282
1747046400000,20.063
1747046460000,20.0137
1747046520000,20.466
1747046580000,20.1725
1747046640000,19.9565
1747046700000,20.5414
1747046760000,19.8894
1747046820000,20.0357
1747046880000,19.3401
1747046940000,19.2984
1747047000000,19.4378
1747047060000,20.1226
1747047120000,20.6698
1747047180000,19.8999
1747047240000,19.7223
1747047300000,20.247
1747047360000,19.7851
1747047420000,19.5227
1747047480000,19.6024
1747047540000,20.0295
1747047600000,20.2816
1747047660000,19.5577
1747047720000,19.7741
1747047780000,19.4437
1747047840000,20.0388
1747047900000,20.2807
1747047960000,20.2187
1747048020000,19.7363
1747048080000,19.6395
1747048140000,19.9283
1747048200000,19.8109
1747048260000,19.8398
1747048320000,20.1126
1747048380000,20.0857
1747048440000,19.786
1747048500000,20.3744
1747048560000,20.243
1747048620000,19.7338
1747048680000,19.3995
1747048740000,19.975
1747048800000,19.756
1747048860000,19.9464
1747048920000,19.6743
1747048980000,20.0349
1747049040000,19.7078
1747049100000,19.7205
1747049160000,19.0331
1747049220000,19.2475
1747049280000,19.4115
1747049340000,20.2501
1747049400000,19.8425
1747049460000,19.5658
1747049520000,19.283
1747049580000,19.405
1747049640000,20.0206
1747049700000,19.915
1747049760000,19.8803
1747049820000,19.6813
1747049880000,19.5076
1747049940000,19.1696
1747050000000,19.9144
1747050060000,20.1852
1747050120000,19.8172
1747050180000,19.5969
1747050240000,19.0142
1747050300000,19.9564
1747050360000,20.29
1747050420000,19.769
1747050480000,19.7817
1747050540000,19.8286
1747050600000,20.204
1747050660000,19.5078
1747050720000,19.7019
1747050780000,19.3613
1747050840000,19.9938
1747050900000,20.164
1747050960000,20.1793
1747051020000,19.9587
1747051080000,19.826
1747051140000,20.6036
1747051200000,20.2129
1747051260000,18.9401
1747051320000,19.6906
1747051380000,19.766
1747051440000,19.9299
1747051500000,19.8603
1747051560000,20.2976
1747051620000,20.8091
1747051680000,20.3704
1747051740000,20.3343
1747051800000,20.4166
1747051860000,19.9539
1747051920000,19.8546
1747051980000,19.8575
1747052040000,20.0737
1747052100000,19.9542
1747052160000,20.7199
1747052220000,20.6565
1747052280000,20.2869
1747052340000,19.8069
1747052400000,20.527
1747052460000,19.7875
1747052520000,20.304
1747052580000,20.1983
1747052640000,19.6905
1747052700000,20.1789
1747052760000,20.2933
1747052820000,20.5698
1747052880000,20.2092
1747052940000,20.1452
1747053000000,19.5854
1747053060000,19.9839
1747053120000,20.1789
1747053180000,19.9129
1747053240000,19.3095
1747053300000,19.5774
1747053360000,20.2318
1747053420000,19.0478
1747053480000,19.6007
1747053540000,20.0781
1747053600000,19.6701
1747053660000,19.79
1747053720000,19.8085
1747053780000,19.6637
1747053840000,19.8049
1747053900000,19.2089
1747053960000,19.0424
1747054020000,19.3596
1747054080000,19.9213
1747054140000,19.47
1747054200000,19.3466
1747054260000,19.1113
1747054320000,20.0934
1747054380000,19.5044
1747054440000,20.3326
1747054500000,19.8215
1747054560000,19.8015
1747054620000,19.7112
1747054680000,20.0704
1747054740000,19.952
1747054800000,19.75
1747054860000,19.1873
1747054920000,19.0548
1747054980000,20.4051
1747055040000,19.8046
1747055100000,20.6405
1747055160000,19.852
1747055220000,20.3548
1747055280000,19.5082
1747055340000,20.2856
1747055400000,19.6337
1747055460000,19.5581
1747055520000,19.4448
1747055580000,19.8155
1747055640000,19.6629
1747055700000,20.6788
1747055760000,20.6443
1747055820000,20.4596
1747055880000,20.3649
1747055940000,20.5053
1747056000000,20.5831
1747056060000,20.2684
1747056120000,20.0572
1747056180000,20.5282
1747056240000,20.3286
1747056300000,21.0269
1747056360000,20.7032
1747056420000,20.8225
1747056480000,20.5855
1747056540000,20.5805
1747056600000,20.7374
1747056660000,20.5676
1747056720000,20.2699
1747056780000,20.1761
1747056840000,19.8842
1747056900000,20.5297
1747056960000,20.3769
1747057020000,21.0302
1747057080000,21.8244
1747057140000,20.5221
1747057200000,20.6213
1747057260000,21.0528
1747057320000,21.0826
1747057380000,21.628
1747057440000,21.4841
1747057500000,21.7533
1747057560000,21.0546
1747057620000,21.0469
1747057680000,21.2142
1747057740000,20.7744
1747057800000,22.1559
1747057860000,21.4863
1747057920000,21.6897
1747057980000,21.5352
1747058040000,21.2072
1747058100000,21.2673
1747058160000,21.4823
1747058220000,21.4467
1747058280000,20.663
1747058340000,20.4658
1747058400000,19.8418
1747058460000,20.9962
1747058520000,21.6697
1747058580000,22.3683
1747058640000,21.8519
1747058700000,22.2881
1747058760000,21.0419
1747058820000,21.2636
1747058880000,21.5864
1747058940000,20.1453
1747059000000,20.3333
1747059060000,22.2173
1747059120000,22.4392
1747059180000,21.4814
1747059240000,23.2852
1747059300000,22.7728
1747059360000,23.1002
1747059420000,22.5634
1747059480000,21.5405
1747059540000,22.0314
1747059600000,22.4497
1747059660000,21.9586
1747059720000,22.279
1747059780000,20.6629
1747059840000,21.5192
1747059900000,22.0408
1747059960000,22.2651
1747060020000,22.5518
1747060080000,21.5482
1747060140000,22.6781
1747060200000,21.9132
1747060260000,21.8646
1747060320000,20.5761
1747060380000,21.3682
1747060440000,21.9463
1747060500000,21.1957
1747060560000,21.6804
1747060620000,21.6398
1747060680000,21.582
1747060740000,21.793
1747060800000,20.9056
1747060860000,22.2479
1747060920000,20.8217
1747060980000,21.4601
1747061040000,20.8835
1747061100000,21.4108
1747061160000,21.2056
1747061220000,21.8029
1747061280000,22.339
1747061340000,22.4666
1747061400000,21.2185
1747061460000,22.1321
1747061520000,23.5846
1747061580000,21.9187
1747061640000,21.716
1747061700000,21.0321
1747061760000,20.8134
1747061820000,22.1874
1747061880000,21.3549
1747061940000,21.9918
1747062000000,21.0081
1747062060000,22.3551
1747062120000,23.0716
1747062180000,21.4685
1747062240000,22.1699
1747062300000,22.0835
1747062360000,23.1511
1747062420000,22.0978
1747062480000,21.9097
1747062540000,22.0193
1747062600000,21.6999
1747062660000,23.0366
1747062720000,22.0616
1747062780000,21.2752
1747062840000,22.6304
1747062900000,22.3912
1747062960000,21.5622
1747063020000,23.5075
1747063080000,23.3286
1747063140000,23.0913
1747063200000,21.6458
1747063260000,23.6735
1747063320000,23.5651
1747063380000,23.3006
1747063440000,23.5233
1747063500000,20.2631
1747063560000,20.6926
1747063620000,21.3237
1747063680000,21.4655
1747063740000,21.7857
1747063800000,22.8878
1747063860000,23.5479
1747063920000,24.8194
1747063980000,21.8368
1747064040000,22.0108
1747064100000,21.6646
1747064160000,22.4938
1747064220000,21.0519
1747064280000,21.5331
1747064340000,23.1044
1747064400000,22.078
1747064460000,22.2389
1747064520000,23.4853
1747064580000,21.8018
1747064640000,21.3995
1747064700000,21.026
1747064760000,22.2374
1747064820000,21.1644
1747064880000,22.5097
1747064940000,21.8554
1747065000000,21.5968
1747065060000,22.0285
1747065120000,21.701
1747065180000,21.5931
1747065240000,20.0485
1747065300000,21.2305
1747065360000,20.4635
1747065420000,22.2932
1747065480000,22.5381
1747065540000,23.2236
1747065600000,22.0566
1747065660000,20.6742
1747065720000,23.8122
1747065780000,23.1585
1747065840000,20.8761
1747065900000,21.6601
1747065960000,21.2924
1747066020000,21.2539
1747066080000,19.9727
1747066140000,20.8063
1747066200000,21.3335
1747066260000,24.9769
1747066320000,29.8204
1747066380000,27.1458
1747066440000,26.6006
1747066500000,21.3132
1747066560000,19.8193
1747066620000,20.1663
1747066680000,21.4067
1747066740000,22.1996
1747066800000,19.5966
1747066860000,24.1409
1747066920000,24.9691
1747066980000,27.6656
1747067040000,30.905
1747067100000,32.4941
1747067160000,38.8784
1747067220000,33.7605
1747067280000,38.1055
1747067340000,22.231
1747067400000,36.1669
1747067460000,33.4447
1747067520000,23.8225
1747067580000,25.7308
1747067640000,36.3477
1747067700000,28.5844
1747067760000,24.4991
1747067820000,26.4758
1747067880000,25.3312
1747067940000,34.8737
1747068000000,23.6893
1747068060000,24.7985
1747068120000,24.1183
1747068180000,23.2903
1747068240000,21.4988
1747068300000,28.2059
1747068360000,24.8203
1747068420000,25.2104
1747068480000,26.6679
1747068540000,23.8952
1747068600000,23.1619
1747068660000,23.4321
1747068720000,23.6081
1747068780000,23.1483
1747068840000,23.256
1747068900000,26.1234
1747068960000,24.7759
1747069020000,25.4839
1747069080000,23.0124
1747069140000,24.499
1747069200000,25.4413
1747069260000,23.5509
1747069320000,24.4686
1747069380000,25.2982
1747069440000,24.5861
1747069500000,21.854
1747069560000,27.3137
1747069620000,23.9463
1747069680000,23.8536
1747069740000,22.553
1747069800000,23.1211
1747069860000,26.4758
1747069920000,27.023
1747069980000,25.5275
1747070040000,26.4351
1747070100000,23.676
1747070160000,24.0947
1747070220000,25.0085
1747070280000,27.2459
1747070340000,26.0825
1747070400000,25.9165
1747070460000,23.4143
1747070520000,26.926
1747070580000,24.4582
1747070640000,29.6504
1747070700000,25.5491
1747070760000,25.0021
1747070820000,23.659
1747070880000,24.2837
1747070940000,26.0287
1747071000000,22.5293
1747071060000,22.3363
1747071120000,20.3239
1747071180000,25.7257
1747071240000,22.9085
1747071300000,22.3806
1747071360000,21.6232
1747071420000,17.6864
1747071480000,17.5511
1747071540000,16.8614
1747071600000,18.2625
1747071660000,20.5587
1747071720000,18.2266
1747071780000,20.2716
1747071840000,20.3143
1747071900000,23.3299
1747071960000,17.1967
1747072020000,17.9468
1747072080000,17.5371
1747072140000,21.9357
1747072200000,18.6393
1747072260000,19.5156
1747072320000,19.9614
1747072380000,15.5692
1747072440000,17.4762
1747072500000,21.5824
1747072560000,19.8127
1747072620000,21.8872
1747072680000,19.2168
1747072740000,22.974
1747072800000,23.1779
1747072860000,25.9844
1747072920000,21.4348
1747072980000,25.8097
1747073040000,22.8759
1747073100000,22.7877
1747073160000,25.4885
1747073220000,24.4652
1747073280000,26.5045
1747073340000,28.6818
1747073400000,24.5431
1747073460000,28.482
1747073520000,30.8822
1747073580000,24.4714
1747073640000,23.7407
1747073700000,27.6319
1747073760000,24.3053
1747073820000,26.8526
1747073880000,28.1841
1747073940000,28.5499
1747074000000,24.4298
1747074060000,24.5829
1747074120000,24.3233
1747074180000,21.8428
1747074240000,23.9068
1747074300000,24.8166
1747074360000,24.3825
1747074420000,21.5257
1747074480000,24.0572
1747074540000,28.8137
1747074600000,26.5642
1747074660000,27.5386
1747074720000,27.738
1747074780000,26.2428
1747074840000,24.1743
1747074900000,24.085
1747074960000,22.2658
1747075020000,25.9514
1747075080000,23.0238
1747075140000,21.4411
1747075200000,23.8563
1747075260000,23.5593
1747075320000,21.8305
1747075380000,23.305
1747075440000,21.8104
1747075500000,20.9732
1747075560000,22.574
1747075620000,23.6756
1747075680000,23.7076
1747075740000,22.2439
1747075800000,21.2198
1747075860000,17.5519
1747075920000,24.0109
1747075980000,19.3396
1747076040000,25.1907
1747076100000,20.8938
1747076160000,23.4907
1747076220000,19.7167
1747076280000,22.9369
1747076340000,20.1577
1747076400000,27.2317
1747076460000,24.6444
1747076520000,26.5797
1747076580000,48.0157
1747076640000,28.7001
1747076700000,28.9034
1747076760000,30.095
1747076820000,29.4608
1747076880000,27.3765
1747076940000,27.6487
1747077000000,24.7783
1747077060000,25.9616
1747077120000,26.7061
1747077180000,26.7474
1747077240000,25.2884
1747077300000,27.9115
1747077360000,25.9483
1747077420000,23.9873
1747077480000,22.9138
1747077540000,23.8559
1747077600000,25.7534
1747077660000,22.6833
1747077720000,25.4444
1747077780000,25.1347
1747077840000,25.2994
1747077900000,25.8501
1747077960000,27.9188
1747078020000,24.2898
1747078080000,27.0023
1747078140000,24.0246
1747078200000,22.6083
1747078260000,29.8497
1747078320000,24.8642
1747078380000,23.9799
1747078440000,21.731
1747078500000,25.3929
1747078560000,23.2009
1747078620000,22.8414
1747078680000,26.3907
1747078740000,30.4885
1747078800000,25.2007
1747078860000,23.9645
1747078920000,26.0372
1747078980000,23.1894
1747079040000,26.363
1747079100000,24.8823
1747079160000,23.8185
1747079220000,21.5655
1747079280000,31.4592
1747079340000,24.8435
1747079400000,21.8414
1747079460000,24.9908
1747079520000,25.4809
1747079580000,24.6482
1747079640000,23.7399
1747079700000,24.0454
1747079760000,26.1451
1747079820000,24.9098
1747079880000,28.0079
1747079940000,29.5621
1747080000000,27.3427
1747080060000,24.8811
1747080120000,24.5126
1747080180000,25.4091
1747080240000,22.1829
1747080300000,27.2565
1747080360000,28.212
1747080420000,24.713
1747080480000,21.3222
1747080540000,24.3743
1747080600000,18.9079
1747080660000,16.9284
1747080720000,17.8345
1747080780000,16.9856
1747080840000,20.4233
1747080900000,22.3096
1747080960000,22.9522
1747081020000,27.2476
1747081080000,26.9177
1747081140000,24.8765
1747081200000,25.1051
1747081260000,24.0611
1747081320000,22.453
1747081380000,25.7469
1747081440000,25.8877
1747081500000,24.9982
1747081560000,24.8268
1747081620000,27.0852
1747081680000,24.4137
1747081740000,20.409
1747081800000,22.3964
1747081860000,20.4173
1747081920000,23.7758
1747081980000,21.0793
1747082040000,19.299
1747082100000,21.3069
1747082160000,19.3956
1747082220000,26.043
1747082280000,26.6618
1747082340000,24.1364
1747082400000,26.596
1747082460000,20.5812
1747082520000,25.3236
1747082580000,23.4758
1747082640000,26.483
1747082700000,30.1202
1747082760000,20.1801
1747082820000,28.2509
1747082880000,23.5797
1747082940000,20.9871
1747083000000,26.7317
1747083060000,29.4529
1747083120000,26.131
1747083180000,24.7068
1747083240000,26.178
1747083300000,24.2471
1747083360000,22.8278
1747083420000,26.4029
1747083480000,23.5767
1747083540000,29.2033
1747083600000,27.3939
1747083660000,24.5098
1747083720000,26.6144
1747083780000,23.3293
1747083840000,22.3696
1747083900000,21.8932
1747083960000,24.6679
1747084020000,25.3003
1747084080000,25.2831
1747084140000,22.4123
1747084200000,23.8505
1747084260000,24.2624
1747084320000,28.2477
1747084380000,25.2313
1747084440000,22.9197
1747084500000,24.7196
1747084560000,20.212
1747084620000,22.0097
1747084680000,20.9364
1747084740000,25.2769
1747084800000,25.7453
1747084860000,28.2179
1747084920000,24.6657
1747084980000,24.273
1747085040000,24.4304
1747085100000,26.3237
1747085160000,25.6985
1747085220000,23.3117
1747085280000,23.4467
1747085340000,23.1146
1747085400000,25.1939
1747085460000,22.6657
1747085520000,24.9629
1747085580000,24.4468
1747085640000,20.6041
1747085700000,22.3012
1747085760000,22.1293
1747085820000,23.4297
1747085880000,24.8423
1747085940000,22.2896
1747086000000,24.0071
1747086060000,22.6777
1747086120000,24.6916
1747086180000,23.1569
1747086240000,25.5246
1747086300000,27.1048
1747086360000,25.4305
1747086420000,24.561
1747086480000,22.2971
1747086540000,23.6311
1747086600000,24.3694
1747086660000,22.6837
1747086720000,21.036
1747086780000,21.1078
1747086840000,24.776
1747086900000,24.3845
1747086960000,21.5805
1747087020000,22.6827
1747087080000,22.3154
1747087140000,23.7125
1747087200000,22.6063
1747087260000,22.86
1747087320000,24.0396
1747087380000,24.2428
1747087440000,20.8136
1747087500000,20.8324
1747087560000,23.3668
1747087620000,21.2395
1747087680000,24.6674
1747087740000,23.239
1747087800000,22.1064
1747087860000,22.045
1747087920000,22.4446
1747087980000,22.4207
1747088040000,21.5185
1747088100000,24.1659
1747088160000,21.7657
1747088220000,24.3876
1747088280000,24.3378
1747088340000,21.803
1747088400000,21.642
1747088460000,20.2836
1747088520000,20.5678
1747088580000,22.5034
1747088640000,22.9212
1747088700000,20.3504
1747088760000,20.0414
1747088820000,20.1101
1747088880000,20.6664
1747088940000,19.6574
1747089000000,18.7653
1747089060000,19.4187
1747089120000,20.3801
1747089180000,21.572
1747089240000,22.2864
1747089300000,23.0129
1747089360000,21.3213
1747089420000,21.1746
1747089480000,22.4158
1747089540000,23.3006
1747089600000,20.8517
1747089660000,21.3135
1747089720000,20.4399
1747089780000,20.7856
1747089840000,20.032
1747089900000,20.7325
1747089960000,19.4967
1747090020000,20.5964
1747090080000,20.2209
1747090140000,19.4222
1747090200000,19.513
1747090260000,20.0235
1747090320000,19.7407
1747090380000,20.7549
1747090440000,20.3588
1747090500000,20.855
1747090560000,19.9728
1747090620000,20.4622
1747090680000,20.6859
1747090740000,21.626
1747090800000,20.8015
1747090860000,20.4973
1747090920000,20.3714
1747090980000,19.9196
1747091040000,19.4179
1747091100000,20.33
1747091160000,19.8159
1747091220000,20.8023
1747091280000,20.8209
1747091340000,20.9815
1747091400000,22.2201
1747091460000,20.6387
1747091520000,21.279
1747091580000,20.6195
1747091640000,19.8126
1747091700000,20.5372
1747091760000,20.2317
1747091820000,19.0721
1747091880000,19.7904
1747091940000,19.977
1747092000000,20.2056
1747092060000,19.6919
1747092120000,20.7881
1747092180000,21.6329
1747092240000,20.5682
1747092300000,20.3018
1747092360000,19.3482
1747092420000,19.6547
1747092480000,20.0386
1747092540000,20.0026
1747092600000,19.5945
1747092660000,18.6663
1747092720000,19.6668
1747092780000,20.2187
1747092840000,19.1346
1747092900000,19.2625
1747092960000,20.0291
1747093020000,19.8962
1747093080000,19.7165
1747093140000,19.1589
1747093200000,19.9903
1747093260000,19.4881
1747093320000,18.8311
1747093380000,18.4395
1747093440000,19.9862
1747093500000,20.1053
1747093560000,20.116
1747093620000,19.6791
1747093680000,19.3578
1747093740000,20.3364
1747093800000,20.0332
1747093860000,20.018
1747093920000,19.5321
1747093980000,19.0586
1747094040000,19.4827
1747094100000,19.3502
1747094160000,19.304
1747094220000,19.9892
1747094280000,20.5197
1747094340000,20.408
1747094400000,19.8502
1747094460000,18.8174
1747094520000,20.1099
1747094580000,19.4876
1747094640000,19.9806
1747094700000,19.5466
1747094760000,19.9063
1747094820000,19.09
1747094880000,19.2703
1747094940000,19.6858
1747095000000,20.0073
1747095060000,20.107
1747095120000,20.0274
1747095180000,20.3474
1747095240000,20.3642
1747095300000,18.8273
1747095360000,19.4771
1747095420000,20.1249
1747095480000,19.9702
1747095540000,19.5444
1747095600000,19.5789
1747095660000,20.0454
1747095720000,20.0802
1747095780000,19.4281
1747095840000,19.8368
1747095900000,20.0345
1747095960000,19.5933
1747096020000,20.6714
1747096080000,20.0794
1747096140000,20.2065
1747096200000,20.41
1747096260000,20.6609
1747096320000,19.9596
1747096380000,19.3474
1747096440000,20.1589
1747096500000,20.3896
1747096560000,20.1565
1747096620000,20.4182
1747096680000,20.2371
1747096740000,20.1583
1747096800000,20.9106
1747096860000,20.1126
1747096920000,20.5283
1747096980000,20.8282
1747097040000,20.144
1747097100000,20.2772
1747097160000,19.7054
1747097220000,20.2643
1747097280000,20.5313
1747097340000,20.0093
1747097400000,20.2376
1747097460000,20.0538
1747097520000,20.4599
1747097580000,19.8479
1747097640000,19.686
1747097700000,19.9516
1747097760000,20.0295
1747097820000,19.4284
1747097880000,20.4663
1747097940000,20.1807
1747098000000,20.3296
1747098060000,20.1436
1747098120000,20.2774
1747098180000,20.5783
1747098240000,20.5548
1747098300000,19.8684
1747098360000,20.141
1747098420000,20.419
1747098480000,20.7229
1747098540000,21.2793
1747098600000,20.6074
1747098660000,20.275
1747098720000,20.557
1747098780000,20.964
1747098840000,20.2094
1747098900000,20.9438
1747098960000,20.0186
1747099020000,19.8959
1747099080000,19.281
1747099140000,20.3326
1747099200000,20.0146
1747099260000,19.9598
1747099320000,20.2256
1747099380000,19.7601
1747099440000,20.147
1747099500000,19.6465
1747099560000,20.2424
1747099620000,19.914
1747099680000,20.2493
1747099740000,19.6643
1747099800000,19.993
1747099860000,20.1071
1747099920000,20.1013
1747099980000,20.1767
1747100040000,19.8039
1747100100000,19.7162
1747100160000,20.0125
1747100220000,20.3931
1747100280000,19.2824
1747100340000,20.0027
1747100400000,19.8549
1747100460000,19.9609
1747100520000,20.4542
1747100580000,20.3771
1747100640000,19.6454
1747100700000,20.0367
1747100760000,20.1766
1747100820000,19.4606
1747100880000,19.8112
1747100940000,19.7968
1747101000000,20.1824
1747101060000,19.3415
1747101120000,19.9291
1747101180000,19.5332
1747101240000,19.6921
1747101300000,20.5397
1747101360000,20.3205
1747101420000,20.077
1747101480000,19.8003
1747101540000,20.3253
1747101600000,19.7571
1747101660000,20.5
1747101720000,20.841
1747101780000,20.7931
1747101840000,19.6598
1747101900000,20.2144
1747101960000,20.3498
1747102020000,20.1679
1747102080000,20.4301
1747102140000,20.6146
1747102200000,19.6403
1747102260000,20.1578
1747102320000,19.9369
1747102380000,20.1854
1747102440000,20.398
1747102500000,20.0119
1747102560000,19.9751
1747102620000,20.2216
1747102680000,20.8512
1747102740000,20.7166
1747102800000,20.284
1747102860000,20.114
1747102920000,20.6892
1747102980000,20.0497
1747103040000,20.5111
1747103100000,20.2158
1747103160000,19.9433
1747103220000,19.9515
1747103280000,19.8633
1747103340000,20.0384
1747103400000,20.3546
1747103460000,20.0692
1747103520000,20.2489
1747103580000,20.0075
1747103640000,20.2039
1747103700000,19.4875
1747103760000,20.4429
1747103820000,19.8844
1747103880000,20.4642
1747103940000,20.316
1747104000000,20.0956
1747104060000,20.3422
1747104120000,20.3271
1747104180000,20.7268
1747104240000,20.1406
1747104300000,19.8365
1747104360000,20.1769
1747104420000,20.1363
1747104480000,19.9323
1747104540000,20.1983
1747104600000,21.0545
1747104660000,20.4179
1747104720000,19.6599
1747104780000,20.6743
1747104840000,19.8223
1747104900000,19.9914
1747104960000,20.2846
1747105020000,20.285
1747105080000,20.3361
1747105140000,20.3043
1747105200000,20.2664
1747105260000,20.3554
1747105320000,19.7841
1747105380000,19.7562
1747105440000,19.8118
1747105500000,20.1937
1747105560000,20.508
1747105620000,20.6154
1747105680000,20.2643
1747105740000,20.074
1747105800000,20.0234
1747105860000,20.1523
1747105920000,20.4466
1747105980000,20.0347
1747106040000,19.7591
1747106100000,20.4749
1747106160000,20.0988
1747106220000,19.9719
1747106280000,20.2721
1747106340000,21.1111
1747106400000,20.4784
1747106460000,20.4974
1747106520000,20.2794
1747106580000,19.9188
1747106640000,20.7205
1747106700000,20.1883
1747106760000,19.9594
1747106820000,20.0698
1747106880000,20.3462
1747106940000,20.2074
1747107000000,20.3428
1747107060000,19.9608
1747107120000,20.2023
1747107180000,20.5111
1747107240000,20.5685
1747107300000,20.4567
1747107360000,19.8562
1747107420000,19.8584
1747107480000,20.2874
1747107540000,20.0197
1747107600000,20.1234
1747107660000,20.604
1747107720000,20.1977
1747107780000,20.2492
1747107840000,20.5515
1747107900000,20.1003
1747107960000,20.6038
1747108020000,20.2138
1747108080000,19.55
1747108140000,19.7301
1747108200000,19.9782
1747108260000,19.6841
1747108320000,20.6448
1747108380000,19.9803
1747108440000,20.3443
1747108500000,19.6109
1747108560000,20.2005
1747108620000,19.8678
1747108680000,19.8119
1747108740000,20.5678
1747108800000,20.277
1747108860000,20.1595
1747108920000,19.9651
1747108980000,19.7011
1747109040000,19.8142
1747109100000,19.3839
1747109160000,19.9077
1747109220000,19.226
1747109280000,20.0499
1747109340000,19.8551
1747109400000,19.6097
1747109460000,20.3861
1747109520000,19.1153
1747109580000,19.9249
1747109640000,19.9145
1747109700000,20.6457
1747109760000,20.3432
1747109820000,19.8557
1747109880000,19.2709
1747109940000,20.8128
1747110000000,19.6138
1747110060000,20.1177
1747110120000,20.3839
1747110180000,19.717
1747110240000,20.2271
1747110300000,21.0628
1747110360000,20.6967
1747110420000,20.7235
1747110480000,20.1008
1747110540000,20.0459
1747110600000,20.1872
1747110660000,20.1781
1747110720000,19.7946
1747110780000,19.5683
1747110840000,19.8692
1747110900000,20.2735
1747110960000,19.9554
1747111020000,19.879
1747111080000,20.0053
1747111140000,20.5457
1747111200000,20.3947
1747111260000,20.2775
1747111320000,19.8807
1747111380000,19.8365
1747111440000,20.0065
1747111500000,20.4669
1747111560000,19.9801
1747111620000,19.7643
1747111680000,20.0624
1747111740000,19.115
1747111800000,19.9267
1747111860000,19.9194
1747111920000,19.8382
1747111980000,20.282
1747112040000,19.1529
1747112100000,20.4506
1747112160000,20.7584
1747112220000,20.7598
1747112280000,19.9116
1747112340000,20.4901
1747112400000,19.9029
1747112460000,20.2644
1747112520000,19.7869
1747112580000,19.2184
1747112640000,19.5537
1747112700000,20.9787
1747112760000,19.548
1747112820000,20.5872
1747112880000,19.5796
1747112940000,20.0168
1747113000000,20.0277
1747113060000,19.3369
1747113120000,20.1851
1747113180000,19.6432
1747113240000,20.3236
1747113300000,19.9713
1747113360000,20.783
1747113420000,19.7606
1747113480000,20.442
1747113540000,19.5398
1747113600000,19.7295
1747113660000,19.0129
1747113720000,19.7281
1747113780000,19.7944
1747113840000,20.0992
1747113900000,19.4556
1747113960000,19.5257
1747114020000,20.2694
1747114080000,21.1007
1747114140000,20.3684
1747114200000,19.8957
1747114260000,20.7762
1747114320000,20.0125
1747114380000,19.9204
1747114440000,20.0323
1747114500000,21.2092
1747114560000,19.6089
1747114620000,19.9153
1747114680000,19.8614
1747114740000,19.158
1747114800000,20.0227
1747114860000,19.5309
1747114920000,19.5172
1747114980000,19.5364
1747115040000,18.2748
1747115100000,18.4609
1747115160000,19.1221
1747115220000,19.9364
1747115280000,20.9004
1747115340000,19.3385
1747115400000,19.5418
1747115460000,19.5869
1747115520000,19.9832
1747115580000,19.0996
1747115640000,20.4226
1747115700000,21.0769
1747115760000,19.3876
1747115820000,19.5572
1747115880000,19.8797
1747115940000,19.5431
1747116000000,20.3932
1747116060000,20.2675
1747116120000,19.3524
1747116180000,19.0489
1747116240000,19.0865
1747116300000,19.2995
1747116360000,21.027
1747116420000,19.5657
1747116480000,19.1766
1747116540000,20.1549
1747116600000,20.1628
1747116660000,20.4113
1747116720000,19.1388
1747116780000,19.6054
1747116840000,19.666
1747116900000,19.4645
1747116960000,20.0748
1747117020000,19.2636
1747117080000,20.3096
1747117140000,19.9977
1747117200000,19.9401
1747117260000,20.1538
1747117320000,20.2255
1747117380000,20.095
1747117440000,19.9255
1747117500000,19.7055
1747117560000,19.8919
1747117620000,19.5702
1747117680000,19.907
1747117740000,19.1637
1747117800000,19.8706
1747117860000,18.713
1747117920000,20.1382
1747117980000,19.4566
1747118040000,19.4759
1747118100000,20.0127
1747118160000,19.7278
1747118220000,20.1085
1747118280000,20.1267
1747118340000,19.4054
1747118400000,19.7193
1747118460000,19.8769
1747118520000,20.1481
1747118580000,19.8976
1747118640000,19.66
1747118700000,19.9344
1747118760000,19.2103
1747118820000,20.0925
1747118880000,19.5774
1747118940000,19.8329
1747119000000,19.2654
1747119060000,19.5786
1747119120000,19.6978
1747119180000,19.5775
1747119240000,19.9247
1747119300000,20.0824
1747119360000,19.6128
1747119420000,19.9262
1747119480000,20.1857
1747119540000,19.9007
1747119600000,19.9397
1747119660000,19.4223
1747119720000,19.871
1747119780000,20.2379
1747119840000,19.6778
1747119900000,20.2369
1747119960000,19.8488
1747120020000,20.1247
1747120080000,19.4885
1747120140000,19.7434
1747120200000,20.5392
1747120260000,19.303
1747120320000,19.3975
1747120380000,20.063
1747120440000,20.3221
1747120500000,19.2331
1747120560000,19.8119
1747120620000,20.2863
1747120680000,19.9695
1747120740000,20.3099
1747120800000,20.0525
1747120860000,20.6363
1747120920000,20.1444
1747120980000,20.2319
1747121040000,20.1315
1747121100000,20.4574
1747121160000,20.4962
1747121220000,20.0009
1747121280000,19.519
1747121340000,20.1209
1747121400000,19.992
1747121460000,19.5966
1747121520000,19.4021
1747121580000,20.1426
1747121640000,20.2984
1747121700000,20.0469
1747121760000,20.0871
1747121820000,19.8781
1747121880000,19.5453
1747121940000,19.9163
1747122000000,20.1186
1747122060000,19.3387
1747122120000,18.8417
1747122180000,19.5421
1747122240000,20.0428
1747122300000,20.7427
1747122360000,19.4138
1747122420000,20.9446
1747122480000,20.3606
1747122540000,20.3805
1747122600000,19.7356
1747122660000,19.6059
1747122720000,20.1631
1747122780000,20.2088
1747122840000,19.6588
1747122900000,19.6172
1747122960000,19.1883
1747123020000,19.9671
1747123080000,20.3875
1747123140000,19.709
1747123200000,19.8544
1747123260000,19.7063
1747123320000,19.0169
1747123380000,19.7107
1747123440000,19.9089
1747123500000,19.8049
1747123560000,20.341
1747123620000,19.3936
1747123680000,19.8122
1747123740000,19.7133
1747123800000,19.5929
1747123860000,19.2495
1747123920000,20.1047
1747123980000,20.4748
1747124040000,20.2204
1747124100000,20.8591
1747124160000,20.172
1747124220000,20.0704
1747124280000,20.1107
1747124340000,20.1777
1747124400000,19.9283
1747124460000,19.9893
1747124520000,20.5697
1747124580000,20.0031
1747124640000,19.8518
1747124700000,20.0832
1747124760000,19.656
1747124820000,19.8595
1747124880000,19.8847
1747124940000,19.7061
1747125000000,20.1199
1747125060000,18.9912
1747125120000,20.0977
1747125180000,19.5757
1747125240000,19.5258
1747125300000,20.2232
1747125360000,20.0895
1747125420000,20.4953
1747125480000,20.114
1747125540000,20.0814
1747125600000,20.2515
1747125660000,20.1224
1747125720000,20.529
1747125780000,20.0037
1747125840000,20.1206
1747125900000,20.5066
1747125960000,19.7142
1747126020000,19.8854
1747126080000,19.9728
1747126140000,21.1409
1747126200000,20.6738
1747126260000,19.6633
1747126320000,20.2514
1747126380000,20.3161
1747126440000,19.4351
1747126500000,19.5865
1747126560000,19.8674
1747126620000,20.3383
1747126680000,20.1299
1747126740000,20.1991
1747126800000,20.3396
1747126860000,20.2493
1747126920000,19.7515
1747126980000,20.1158
1747127040000,19.5346
1747127100000,19.4891
1747127160000,19.729
1747127220000,19.9102
1747127280000,19.4032
1747127340000,19.6313
1747127400000,19.7448
1747127460000,20.1466
1747127520000,20.0785
1747127580000,20.4321
1747127640000,19.7847
1747127700000,19.9634
1747127760000,19.8919
1747127820000,20.0776
1747127880000,19.9689
1747127940000,19.983
1747128000000,19.9599
1747128060000,19.8818
1747128120000,20.0838
1747128180000,19.5511
1747128240000,19.0582
1747128300000,20.0996
1747128360000,20.1107
1747128420000,19.9203
1747128480000,20.255
1747128540000,19.9863
1747128600000,19.6018
1747128660000,19.9406
1747128720000,19.614
1747128780000,19.9312
1747128840000,20.0307
1747128900000,19.8306
1747128960000,20.0904
1747129020000,19.3471
1747129080000,19.8032
1747129140000,20.6878
1747129200000,19.7189
1747129260000,20.1163
1747129320000,19.962
1747129380000,19.9891
1747129440000,19.9644
1747129500000,19.6208
1747129560000,19.6823
1747129620000,19.5103
1747129680000,20.4949
1747129740000,19.8466
1747129800000,20.0079
1747129860000,19.951
1747129920000,20.0051
1747129980000,19.687
1747130040000,19.9172
1747130100000,19.3754
1747130160000,19.4373
1747130220000,19.8179
1747130280000,20.1408
1747130340000,19.9759
1747130400000,20.0611
1747130460000,19.7554
1747130520000,19.0945
1747130580000,18.8251
1747130640000,19.7114
1747130700000,20.1282
1747130760000,19.681
1747130820000,19.2704
1747130880000,19.6116
1747130940000,19.5143
1747131000000,19.7329
1747131060000,19.7024
1747131120000,19.578
1747131180000,19.9777
1747131240000,19.8782
1747131300000,19.7364
1747131360000,19.303
1747131420000,19.7579
1747131480000,19.7953
1747131540000,19.6459
1747131600000,20.3805
1747131660000,19.95
1747131720000,20.0785
1747131780000,20.2144
1747131840000,19.9856
1747131900000,19.6442
1747131960000,19.7743
1747132020000,19.9014
1747132080000,20.3996
1747132140000,20.1065
1747132200000,19.8712
1747132260000,18.8546
1747132320000,19.1205
1747132380000,19.5949
1747132440000,19.198
1747132500000,19.8844
1747132560000,19.7246
1747132620000,20.1005
1747132680000,19.9958
1747132740000,19.8042
1747132800000,20.1899
1747132860000,19.9245
1747132920000,19.5434
1747132980000,19.555
1747133040000,19.793
1747133100000,20.1535
1747133160000,19.7209
1747133220000,19.4563
1747133280000,19.5124
1747133340000,19.8183
1747133400000,19.5948
1747133460000,19.8268
1747133520000,19.9282
1747133580000,19.0263
1747133640000,19.0981
1747133700000,19.3018
1747133760000,18.8082
1747133820000,18.9521
1747133880000,19.0522
1747133940000,19.0322
1747134000000,19.2666
1747134060000,19.2566
1747134120000,19.5667
1747134180000,19.1816
1747134240000,19.443
1747134300000,18.9197
1747134360000,18.9149
1747134420000,18.9208
1747134480000,19.1363
1747134540000,19.1159
1747134600000,19.188
1747134660000,19.1752
1747134720000,19.6503
1747134780000,19.317
1747134840000,19.4039
1747134900000,19.146
1747134960000,19.505
1747135020000,19.6877
1747135080000,18.6596
1747135140000,19.3742
1747135200000,19.3797
1747135260000,19.5506
1747135320000,19.6662
1747135380000,19.0196
1747135440000,19.182
1747135500000,18.6121
1747135560000,18.4598
1747135620000,19.3402
1747135680000,18.9112
1747135740000,18.7476
1747135800000,19.1578
1747135860000,19.1879
1747135920000,19.4762
1747135980000,19.4752
1747136040000,18.6519
1747136100000,19.1264
1747136160000,19.553
1747136220000,19.5098
1747136280000,19.7453
1747136340000,18.7688
1747136400000,19.2958
1747136460000,19.3712
1747136520000,19.3579
1747136580000,18.8327
1747136640000,19.7803
1747136700000,18.9831
1747136760000,18.9084
1747136820000,19.3752
1747136880000,19.1043
1747136940000,19.1747
1747137000000,18.9317
1747137060000,18.5151
1747137120000,18.5303
1747137180000,19.4089
1747137240000,19.0492
1747137300000,18.6334
1747137360000,18.5347
1747137420000,18.7493
1747137480000,18.6059
1747137540000,19.2379
1747137600000,19.4653
1747137660000,18.8744
1747137720000,19.4176
1747137780000,19.1012
1747137840000,19.2593
1747137900000,19.9379
1747137960000,19.3109
1747138020000,19.3772
1747138080000,19.3301
1747138140000,18.8276
1747138200000,18.922
1747138260000,18.8381
1747138320000,19.2057
1747138380000,18.8121
1747138440000,19.0859
1747138500000,18.648
1747138560000,18.9607
1747138620000,19.2012
1747138680000,19.1524
1747138740000,18.8174
1747138800000,18.2629
1747138860000,19.3705
1747138920000,19.2473
1747138980000,18.4219
1747139040000,18.5901
1747139100000,18.5441
1747139160000,18.7597
1747139220000,19.1905
1747139280000,18.9683
1747139340000,18.3249
1747139400000,18.8911
1747139460000,19.3644
1747139520000,18.176
1747139580000,19.2439
1747139640000,18.843
1747139700000,19.2842
1747139760000,18.5251
1747139820000,19.0026
1747139880000,19.1128
1747139940000,18.8989
1747140000000,18.8439
1747140060000,17.7442
1747140120000,18.6039
1747140180000,19.0295
1747140240000,19.5612
1747140300000,19.6091
1747140360000,19.0424
1747140420000,19.4406
1747140480000,19.0063
1747140540000,18.8802
1747140600000,18.9389
1747140660000,19.2105
1747140720000,19.1825
1747140780000,18.7189
1747140840000,18.9676
1747140900000,19.0489
1747140960000,18.8029
1747141020000,18.8868
1747141080000,18.7739
1747141140000,19.3599
1747141200000,19.8436
1747141260000,19.0
1747141320000,17.9933
1747141380000,19.413
1747141440000,18.9976
1747141500000,19.6326
1747141560000,19.7153
1747141620000,19.4457
1747141680000,18.811
1747141740000,18.6268
1747141800000,18.8105
1747141860000,18.4839
1747141920000,19.8597
1747141980000,19.7167
1747142040000,19.8278
1747142100000,19.6962
1747142160000,19.437
1747142220000,19.347
1747142280000,19.5176
1747142340000,19.5682
1747142400000,19.5821
1747142460000,19.3158
1747142520000,19.7385
1747142580000,19.902
1747142640000,19.8445
1747142700000,19.988
1747142760000,20.5763
1747142820000,20.2276
1747142880000,20.6414
1747142940000,19.9499
1747143000000,19.8867
1747143060000,20.3515
1747143120000,20.3497
1747143180000,20.1831
1747143240000,20.0626
1747143300000,19.9271
1747143360000,19.3538
1747143420000,20.7259
1747143480000,20.659
1747143540000,20.3078
1747143600000,20.1295
1747143660000,19.5688
1747143720000,20.1252
1747143780000,20.0744
1747143840000,20.1966
1747143900000,19.7614
1747143960000,20.8245
1747144020000,20.5711
1747144080000,20.4538
1747144140000,20.0657
1747144200000,20.0182
1747144260000,20.2812
1747144320000,19.6575
1747144380000,19.7485
1747144440000,20.2548
1747144500000,20.1592
1747144560000,20.1402
1747144620000,20.3559
1747144680000,20.8936
1747144740000,19.6186
1747144800000,20.8131
1747144860000,20.6447
1747144920000,20.1629
1747144980000,21.3111
1747145040000,20.2856
1747145100000,21.1851
1747145160000,21.0694
1747145220000,20.0505
1747145280000,20.3891
1747145340000,20.6684
1747145400000,19.6877
1747145460000,20.0384
1747145520000,21.2465
1747145580000,20.6747
1747145640000,20.3733
1747145700000,20.6219
1747145760000,20.5319
1747145820000,21.5426
1747145880000,20.563
1747145940000,22.3994
1747146000000,20.9346
1747146060000,20.7213
1747146120000,21.1819
1747146180000,21.2425
1747146240000,20.5725
1747146300000,21.7143
1747146360000,21.7477
1747146420000,21.9747
1747146480000,22.3082
1747146540000,21.5252
1747146600000,22.0892
1747146660000,20.472
1747146720000,21.128
1747146780000,21.3543
1747146840000,20.8395
1747146900000,20.3294
1747146960000,21.1372
1747147020000,23.359
1747147080000,21.453
1747147140000,21.4928
1747147200000,22.4765
1747147260000,21.0875
1747147320000,21.5166
1747147380000,20.3481
1747147440000,19.2946
1747147500000,20.2332
1747147560000,20.7578
1747147620000,20.9008
1747147680000,21.1501
1747147740000,21.3848
1747147800000,21.9441
1747147860000,22.3353
1747147920000,24.6065
1747147980000,23.5841
1747148040000,23.6198
1747148100000,22.1003
1747148160000,23.2845
1747148220000,23.5372
1747148280000,22.281
1747148340000,22.4977
1747148400000,22.3526
1747148460000,22.229
1747148520000,21.5667
1747148580000,22.8665
1747148640000,21.3976
1747148700000,22.7241
1747148760000,22.0252
1747148820000,21.7895
1747148880000,22.4362
1747148940000,23.8006
1747149000000,22.7107
1747149060000,22.013
1747149120000,22.2795
1747149180000,22.686
1747149240000,21.0808
1747149300000,22.1287
1747149360000,20.8878
1747149420000,21.2792
1747149480000,21.9399
1747149540000,23.551
1747149600000,21.8549
1747149660000,21.8548
1747149720000,21.8554
1747149780000,21.99
1747149840000,20.6678
1747149900000,21.5345
1747149960000,21.5554
1747150020000,22.7798
1747150080000,22.8573
1747150140000,22.5411
1747150200000,22.6798
1747150260000,22.831
1747150320000,21.9425
1747150380000,21.0339
1747150440000,21.785
1747150500000,22.0725
1747150560000,22.83
1747150620000,22.028
1747150680000,22.0167
1747150740000,22.2166
1747150800000,20.6949
1747150860000,21.2524
1747150920000,22.6711
1747150980000,20.5099
1747151040000,21.9194
1747151100000,22.1313
1747151160000,21.2146
1747151220000,21.3238
1747151280000,21.8542
1747151340000,21.2988
1747151400000,20.452
1747151460000,20.6164
1747151520000,20.6725
1747151580000,20.7665
1747151640000,22.4602
1747151700000,21.721
1747151760000,21.806
1747151820000,20.6846
1747151880000,19.9215
1747151940000,20.6776
1747152000000,21.8997
1747152060000,22.7001
1747152120000,23.2286
1747152180000,23.561
1747152240000,22.0889
1747152300000,22.4207
1747152360000,21.0122
1747152420000,21.6767
1747152480000,21.1636
1747152540000,22.2151
1747152600000,21.1386
1747152660000,22.092
1747152720000,20.5035
1747152780000,20.8016
1747152840000,20.3554
1747152900000,20.9207
1747152960000,20.4551
1747153020000,20.4938
1747153080000,19.8799
1747153140000,20.9832
1747153200000,23.4779
1747153260000,23.5975
1747153320000,20.9224
1747153380000,26.681
1747153440000,29.5066
1747153500000,32.5408
1747153560000,29.8774
1747153620000,31.9713
1747153680000,24.6173
1747153740000,22.2152
1747153800000,34.7021
1747153860000,27.1181
1747153920000,23.761
1747153980000,20.9636
1747154040000,35.5798
1747154100000,24.5659
1747154160000,22.036
1747154220000,23.113
1747154280000,22.3137
1747154340000,37.4395
1747154400000,22.1739
1747154460000,23.6636
1747154520000,22.4896
1747154580000,23.666
1747154640000,24.1038
1747154700000,34.1818
1747154760000,23.3084
1747154820000,21.6147
1747154880000,20.73
1747154940000,22.9348
1747155000000,20.5784
1747155060000,21.6143
1747155120000,22.3998
1747155180000,22.0851
1747155240000,24.0325
1747155300000,25.7083
1747155360000,23.4392
1747155420000,22.9248
1747155480000,23.413
1747155540000,25.4959
1747155600000,27.8369
1747155660000,23.4986
1747155720000,26.4468
1747155780000,24.4363
1747155840000,22.936
1747155900000,23.0059
1747155960000,25.7157
1747156020000,22.5471
1747156080000,24.6353
1747156140000,22.9991
1747156200000,23.2139
1747156260000,21.8582
1747156320000,24.9093
1747156380000,22.7748
1747156440000,25.9568
1747156500000,23.0147
1747156560000,25.8026
1747156620000,22.7909
1747156680000,25.4906
1747156740000,21.8997
1747156800000,24.4043
1747156860000,20.0976
1747156920000,23.9758
1747156980000,23.5601
1747157040000,25.0354
1747157100000,24.4133
1747157160000,25.1557
1747157220000,20.7672
1747157280000,22.3333
1747157340000,22.3731
1747157400000,22.8027
1747157460000,22.1228
1747157520000,25.1629
1747157580000,17.5459
1747157640000,20.4801
1747157700000,25.6155
1747157760000,24.1315
1747157820000,21.2496
1747157880000,22.6995
1747157940000,20.731
1747158000000,22.6936
1747158060000,19.0974
1747158120000,20.9165
1747158180000,19.9271
1747158240000,21.7436
1747158300000,19.104
1747158360000,18.3926
1747158420000,23.7011
1747158480000,20.4254
1747158540000,21.5601
1747158600000,19.9901
1747158660000,19.5208
1747158720000,18.7899
1747158780000,21.9757
1747158840000,17.6763
1747158900000,20.767
1747158960000,18.6752
1747159020000,20.8307
1747159080000,19.2604
1747159140000,16.4643
1747159200000,19.2271
1747159260000,24.9519
1747159320000,20.1966
1747159380000,21.164
1747159440000,18.3262
1747159500000,22.5676
1747159560000,19.2107
1747159620000,20.2996
1747159680000,21.358
1747159740000,28.5436
1747159800000,22.4815
1747159860000,22.6996
1747159920000,22.1001
1747159980000,25.1347
1747160040000,21.2918
1747160100000,25.369
1747160160000,21.8325
1747160220000,23.07
1747160280000,20.7436
1747160340000,23.3009
1747160400000,20.3837
1747160460000,24.8855
1747160520000,21.0609
1747160580000,22.9427
1747160640000,21.5453
1747160700000,22.8607
1747160760000,23.8822
1747160820000,23.7873
1747160880000,23.6729
1747160940000,22.7982
1747161000000,21.1973
1747161060000,24.5386
1747161120000,27.6253
1747161180000,22.3001
1747161240000,23.232
1747161300000,21.8986
1747161360000,24.6668
1747161420000,22.5661
1747161480000,26.7585
1747161540000,23.8094
1747161600000,24.6092
1747161660000,22.7856
1747161720000,25.5023
1747161780000,24.084
1747161840000,29.2509
1747161900000,23.7547
1747161960000,24.3285
1747162020000,24.1214
1747162080000,24.5941
1747162140000,22.4537
1747162200000,24.8616
1747162260000,23.6279
1747162320000,24.161
1747162380000,25.4853
1747162440000,27.1979
1747162500000,22.7713
1747162560000,21.3334
1747162620000,20.736
1747162680000,23.9828
1747162740000,20.8369
1747162800000,22.4918
1747162860000,20.8771
1747162920000,22.9106
1747162980000,25.9029
1747163040000,26.6801
1747163100000,23.626
1747163160000,28.5075
1747163220000,24.5526
1747163280000,22.8629
1747163340000,23.9103
1747163400000,25.8175
1747163460000,26.3005
1747163520000,27.2452
1747163580000,22.7356
1747163640000,28.4123
1747163700000,23.7772
1747163760000,26.5913
1747163820000,24.6254
1747163880000,25.3613
1747163940000,28.6031
1747164000000,25.1308
1747164060000,25.1901
1747164120000,23.1311
1747164180000,26.667
1747164240000,22.133
1747164300000,25.6307
1747164360000,24.4105
1747164420000,23.1293
1747164480000,21.4384
1747164540000,24.0753
1747164600000,27.4023
1747164660000,26.1379
1747164720000,24.2653
1747164780000,27.8124
1747164840000,25.993
1747164900000,21.4058
1747164960000,26.717
1747165020000,25.263
1747165080000,21.2662
1747165140000,26.3418
1747165200000,20.8539
1747165260000,26.4666
1747165320000,24.3906
1747165380000,20.4298
1747165440000,25.1803
1747165500000,24.5068
1747165560000,28.6934
1747165620000,25.5547
1747165680000,25.1627
1747165740000,26.9308
1747165800000,26.3942
1747165860000,27.3722
1747165920000,24.9332
1747165980000,24.7026
1747166040000,25.0871
1747166100000,21.7447
1747166160000,22.9132
1747166220000,23.3445
1747166280000,25.3167
1747166340000,30.3367
1747166400000,27.0855
1747166460000,32.9751
1747166520000,28.7581
1747166580000,26.1394
1747166640000,23.077
1747166700000,23.8492
1747166760000,27.0495
1747166820000,25.7465
1747166880000,25.3669
1747166940000,27.1323
1747167000000,20.6966
1747167060000,18.768
1747167120000,22.2749
1747167180000,18.5278
1747167240000,27.1695
1747167300000,27.7113
1747167360000,24.8179
1747167420000,26.0838
1747167480000,25.1262
1747167540000,28.758
1747167600000,24.2118
1747167660000,23.6225
1747167720000,29.6512
1747167780000,24.2684
1747167840000,24.9082
1747167900000,22.7664
1747167960000,28.8896
1747168020000,23.7031
1747168080000,23.7806
1747168140000,23.0593
1747168200000,23.104
1747168260000,24.4552
1747168320000,24.0374
1747168380000,24.9472
1747168440000,22.6961
1747168500000,23.2275
1747168560000,21.2433
1747168620000,21.7009
1747168680000,23.1544
1747168740000,25.018
1747168800000,27.9271
1747168860000,24.2005
1747168920000,22.7969
1747168980000,22.456
1747169040000,24.7229
1747169100000,24.2592
1747169160000,19.9196
1747169220000,21.8453
1747169280000,23.0111
1747169340000,27.3412
1747169400000,24.1166
1747169460000,22.3232
1747169520000,20.4206
1747169580000,24.9854
1747169640000,24.7575
1747169700000,24.8591
1747169760000,23.1724
1747169820000,21.85
1747169880000,22.2648
1747169940000,18.3148
1747170000000,21.2113
1747170060000,20.4082
1747170120000,24.7265
1747170180000,23.3567
1747170240000,25.1315
1747170300000,23.4293
1747170360000,21.459
1747170420000,24.2465
1747170480000,26.6573
1747170540000,22.4971
1747170600000,21.2912
1747170660000,25.2808
1747170720000,26.5658
1747170780000,21.9186
1747170840000,20.1981
1747170900000,22.5658
1747170960000,20.0141
1747171020000,21.6786
1747171080000,22.6368
1747171140000,22.6714
1747171200000,23.5258
1747171260000,21.8762
1747171320000,21.0849
1747171380000,22.3698
1747171440000,21.9979
1747171500000,25.5313
1747171560000,26.4581
1747171620000,22.7554
1747171680000,22.3042
1747171740000,20.9887
1747171800000,23.1199
1747171860000,20.0732
1747171920000,23.1476
1747171980000,20.0283
1747172040000,19.948
1747172100000,22.4544
1747172160000,22.5244
1747172220000,23.4745
1747172280000,21.426
1747172340000,22.4092
1747172400000,21.118
1747172460000,22.5246
1747172520000,41.2791
1747172580000,23.7865
1747172640000,21.8296
1747172700000,24.2806
1747172760000,22.2002
1747172820000,20.6915
1747172880000,21.7792
1747172940000,21.3666
1747173000000,19.5136
1747173060000,22.1679
1747173120000,19.7162
1747173180000,23.1054
1747173240000,22.9652
1747173300000,22.8998
1747173360000,24.44
1747173420000,26.1476
1747173480000,23.3854
1747173540000,21.1533
1747173600000,23.4616
1747173660000,21.7633
1747173720000,20.9389
1747173780000,21.7797
1747173840000,27.2988
1747173900000,22.4977
1747173960000,22.0962
1747174020000,24.508
1747174080000,22.0915
1747174140000,22.1915
1747174200000,23.1373
1747174260000,22.8284
1747174320000,22.0631
1747174380000,20.9859
1747174440000,21.0135
1747174500000,22.2265
1747174560000,22.9018
1747174620000,22.9423
1747174680000,21.1761
1747174740000,22.2862
1747174800000,21.6369
1747174860000,20.3663
1747174920000,20.8976
1747174980000,21.407
1747175040000,23.4955
1747175100000,23.4585
1747175160000,21.6318
1747175220000,20.361
1747175280000,18.0327
1747175340000,21.9652
1747175400000,20.3826
1747175460000,20.6051
1747175520000,20.4847
1747175580000,20.0969
1747175640000,18.8431
1747175700000,22.0079
1747175760000,20.0782
1747175820000,19.9937
1747175880000,19.6482
1747175940000,19.2893
1747176000000,18.8201
1747176060000,19.6589
1747176120000,18.0739
1747176180000,19.5311
1747176240000,20.8396
1747176300000,20.2622
1747176360000,21.2946
1747176420000,19.4087
1747176480000,20.2308
1747176540000,19.1661
1747176600000,19.5296
1747176660000,20.4268
1747176720000,20.4429
1747176780000,20.284
1747176840000,20.2596
1747176900000,20.534
1747176960000,20.9993
1747177020000,20.3903
1747177080000,19.4196
1747177140000,20.289
1747177200000,20.9611
1747177260000,19.9266
1747177320000,19.5643
1747177380000,20.797
1747177440000,20.8745
1747177500000,19.2714
1747177560000,20.3578
1747177620000,20.9128
1747177680000,20.8499
1747177740000,19.5269
1747177800000,19.8694
1747177860000,19.518
1747177920000,18.9231
1747177980000,20.9043
1747178040000,19.2656
1747178100000,20.3936
1747178160000,21.2131
1747178220000,20.4826
1747178280000,19.3923
1747178340000,19.5363
1747178400000,19.8389
1747178460000,19.977
1747178520000,19.6823
1747178580000,19.0149
1747178640000,20.5156
1747178700000,20.3767
1747178760000,19.5104
1747178820000,19.5167
1747178880000,19.6719
1747178940000,19.9334
1747179000000,19.5729
1747179060000,19.8724
1747179120000,19.5151
1747179180000,18.3858
1747179240000,19.598
1747179300000,20.0227
1747179360000,19.9793
1747179420000,18.6095
1747179480000,19.7
1747179540000,19.2889
1747179600000,20.0992
1747179660000,19.895
1747179720000,19.292
1747179780000,19.3923
1747179840000,19.655
1747179900000,18.9952
1747179960000,19.2988
1747180020000,18.9372
1747180080000,18.4522
1747180140000,18.9211
1747180200000,19.7173
1747180260000,19.1868
1747180320000,18.973
1747180380000,19.8118
1747180440000,19.1201
1747180500000,19.8143
1747180560000,19.8666
1747180620000,19.0364
1747180680000,19.8692
1747180740000,19.4563
1747180800000,19.7439
1747180860000,20.0049
1747180920000,19.5959
1747180980000,20.0148
1747181040000,19.0111
1747181100000,20.0051
1747181160000,19.3404
1747181220000,19.8879
1747181280000,18.938
1747181340000,19.8208
1747181400000,19.7645
1747181460000,19.4104
1747181520000,19.8814
1747181580000,19.1204
1747181640000,20.1033
1747181700000,19.6795
1747181760000,18.9479
1747181820000,19.3383
1747181880000,19.6512
1747181940000,20.1965
1747182000000,20.2719
1747182060000,20.1534
1747182120000,19.4291
1747182180000,19.5101
1747182240000,19.6007
1747182300000,20.4166
1747182360000,19.141
1747182420000,19.9721
1747182480000,19.9177
1747182540000,20.4164
1747182600000,20.2546
1747182660000,19.8906
1747182720000,19.7583
1747182780000,20.2507
1747182840000,19.8869
1747182900000,20.2561
1747182960000,19.0967
1747183020000,20.3964
1747183080000,20.1401
1747183140000,19.8666
1747183200000,19.5005
1747183260000,20.4374
1747183320000,19.8467
1747183380000,20.5053
1747183440000,20.4619
1747183500000,20.609
1747183560000,19.8553
1747183620000,20.2569
1747183680000,19.7044
1747183740000,19.8847
1747183800000,19.485
1747183860000,19.8544
1747183920000,20.2441
1747183980000,20.0025
1747184040000,19.6687
1747184100000,20.4008
1747184160000,19.868
1747184220000,19.8917
1747184280000,19.8952
1747184340000,19.9567
1747184400000,19.616
1747184460000,19.8001
1747184520000,19.6191
1747184580000,19.2394
1747184640000,20.2538
1747184700000,20.3207
1747184760000,19.7707
1747184820000,20.0293
1747184880000,20.6212
1747184940000,19.9522
1747185000000,20.3081
1747185060000,19.9068
1747185120000,19.9935
1747185180000,20.3202
1747185240000,20.3334
1747185300000,19.9537
1747185360000,19.8769
1747185420000,21.0048
1747185480000,19.8525
1747185540000,20.0057
1747185600000,19.8291
1747185660000,20.5082
1747185720000,19.9071
1747185780000,20.065
1747185840000,19.7369
1747185900000,20.0825
1747185960000,19.6429
1747186020000,19.9915
1747186080000,20.2667
1747186140000,20.3424
1747186200000,19.6932
1747186260000,19.894
1747186320000,19.7072
1747186380000,19.0289
1747186440000,20.3268
1747186500000,20.1751
1747186560000,19.6079
1747186620000,20.267
1747186680000,19.9994
1747186740000,19.5588
1747186800000,19.9905
1747186860000,20.4138
1747186920000,20.3862
1747186980000,19.3176
1747187040000,19.815
1747187100000,20.0959
1747187160000,20.3205
1747187220000,19.7476
1747187280000,19.1498
1747187340000,19.9963
1747187400000,19.5822
1747187460000,20.5762
1747187520000,20.308
1747187580000,19.8566
1747187640000,19.6683
1747187700000,19.726
1747187760000,19.8497
1747187820000,19.708
1747187880000,19.5019
1747187940000,20.0885
1747188000000,20.1524
1747188060000,20.1248
1747188120000,19.7987
1747188180000,20.1812
1747188240000,19.5201
1747188300000,19.4122
1747188360000,20.1507
1747188420000,20.1372
1747188480000,20.0511
1747188540000,19.8266
1747188600000,20.3991
1747188660000,20.0554
1747188720000,19.9102
1747188780000,20.2206
1747188840000,20.1968
1747188900000,19.9545
1747188960000,19.4801
1747189020000,19.9238
1747189080000,20.3398
1747189140000,20.0485
1747189200000,20.0044
1747189260000,19.6697
1747189320000,20.4229
1747189380000,19.4964
1747189440000,19.9923
1747189500000,19.6696
1747189560000,20.2178
1747189620000,19.8311
1747189680000,20.175
1747189740000,20.3253
1747189800000,19.9799
1747189860000,20.6908
1747189920000,20.6782
1747189980000,19.7169
1747190040000,20.135
1747190100000,20.1645
1747190160000,20.3216
1747190220000,20.4676
1747190280000,20.5203
1747190340000,20.152
1747190400000,20.1852
1747190460000,20.3297
1747190520000,19.5871
1747190580000,20.2412
1747190640000,20.1437
1747190700000,20.3491
1747190760000,19.8471
1747190820000,19.4609
1747190880000,20.2287
1747190940000,20.3006
1747191000000,20.0332
1747191060000,19.6813
1747191120000,19.818
1747191180000,20.3688
1747191240000,20.1826
1747191300000,19.9581
1747191360000,19.9131
1747191420000,20.1491
1747191480000,19.3568
1747191540000,19.8183
1747191600000,20.6337
1747191660000,20.2654
1747191720000,20.2532
1747191780000,19.4957
1747191840000,19.5662
1747191900000,19.8153
1747191960000,19.7689
1747192020000,20.0135
1747192080000,20.14
1747192140000,19.5803
1747192200000,20.2516
1747192260000,19.5475
1747192320000,20.3014
1747192380000,19.9594
1747192440000,19.3761
1747192500000,20.143
1747192560000,19.9309
1747192620000,20.2547
1747192680000,19.999
1747192740000,19.7542
1747192800000,20.7651
1747192860000,19.532
1747192920000,20.5271
1747192980000,20.1864
1747193040000,20.2686
1747193100000,20.0699
1747193160000,20.0189
1747193220000,20.3094
1747193280000,20.2389
1747193340000,20.4567
1747193400000,20.6695
1747193460000,20.3025
1747193520000,20.0708
1747193580000,21.3114
1747193640000,20.311
1747193700000,19.9932
1747193760000,20.6287
1747193820000,20.3574
1747193880000,20.6843
1747193940000,19.665
1747194000000,20.1994
1747194060000,19.5294
1747194120000,19.4318
1747194180000,19.7261
1747194240000,19.9194
1747194300000,19.9629
1747194360000,19.8607
1747194420000,19.7928
1747194480000,20.5351
1747194540000,19.9336
1747194600000,20.4601
1747194660000,20.0428
1747194720000,20.199
1747194780000,20.2327
1747194840000,20.2795
1747194900000,20.1561
1747194960000,19.7852
1747195020000,20.3847
1747195080000,20.2753
1747195140000,20.5156
1747195200000,20.1209
1747195260000,20.1828
1747195320000,19.2409
1747195380000,19.3733
1747195440000,20.0076
1747195500000,20.4111
1747195560000,19.8546
1747195620000,19.4751
1747195680000,20.0737
1747195740000,19.2181
1747195800000,19.7834
1747195860000,19.2701
1747195920000,19.7043
1747195980000,19.8924
1747196040000,19.8549
1747196100000,19.9769
1747196160000,20.4238
1747196220000,20.0575
1747196280000,20.3544
1747196340000,20.1787
1747196400000,20.3075
1747196460000,20.0319
1747196520000,20.3025
1747196580000,20.0318
1747196640000,20.3393
1747196700000,19.6699
1747196760000,19.9507
1747196820000,20.3362
1747196880000,20.1008
1747196940000,20.2273
1747197000000,19.7684
1747197060000,19.791
1747197120000,19.3712
1747197180000,20.167
1747197240000,19.8288
1747197300000,19.7269
1747197360000,19.451
1747197420000,20.174
1747197480000,19.9127
1747197540000,19.454
1747197600000,19.6432
1747197660000,20.0246
1747197720000,20.1291
1747197780000,20.6251
1747197840000,19.9989
1747197900000,20.4618
1747197960000,20.2481
1747198020000,19.4274
1747198080000,20.437
1747198140000,20.0247
1747198200000,19.3476
1747198260000,19.9611
1747198320000,19.9586
1747198380000,19.5027
1747198440000,19.3448
1747198500000,19.8652
1747198560000,19.7933
1747198620000,19.4912
1747198680000,19.9762
1747198740000,19.7795
1747198800000,19.2636
1747198860000,19.8327
1747198920000,19.5734
1747198980000,19.6391
1747199040000,20.1108
1747199100000,20.0343
1747199160000,20.2483
1747199220000,19.3122
1747199280000,19.6893
1747199340000,19.8121
1747199400000,19.7067
1747199460000,19.7857
1747199520000,19.4164
1747199580000,19.7475
1747199640000,19.394
1747199700000,19.2475
1747199760000,20.1289
1747199820000,19.7127
1747199880000,19.8146
1747199940000,19.8144
1747200000000,19.851
1747200060000,19.7382
1747200120000,20.1368
1747200180000,20.0743
1747200240000,19.3301
1747200300000,19.49
1747200360000,19.8078
1747200420000,20.4161
1747200480000,19.9013
1747200540000,19.2283
1747200600000,19.1996
1747200660000,20.3277
1747200720000,20.1795
1747200780000,19.5613
1747200840000,19.8252
1747200900000,20.1269
1747200960000,19.6852
1747201020000,19.7626
1747201080000,19.5224
1747201140000,19.7138
1747201200000,19.3448
1747201260000,20.1555
1747201320000,19.8001
1747201380000,19.9586
1747201440000,19.6086
1747201500000,19.0474
1747201560000,19.7829
1747201620000,19.0365
1747201680000,19.4836
1747201740000,19.522
1747201800000,19.8353
1747201860000,20.3513
1747201920000,20.1064
1747201980000,20.3236
1747202040000,20.2142
1747202100000,19.9723
1747202160000,20.195
1747202220000,19.9841
1747202280000,19.2905
1747202340000,19.839
1747202400000,20.9736
1747202460000,19.5927
1747202520000,19.0731
1747202580000,20.1235
1747202640000,19.7473
1747202700000,19.6963
1747202760000,19.5241
1747202820000,19.5869
1747202880000,19.9825
1747202940000,19.965
1747203000000,19.8482
1747203060000,20.2285
1747203120000,19.8002
1747203180000,19.3759
1747203240000,19.7197
1747203300000,19.0057
1747203360000,19.5949
1747203420000,19.5224
1747203480000,19.4017
1747203540000,19.4635
1747203600000,19.3572
1747203660000,20.173
1747203720000,20.3048
1747203780000,20.2365
1747203840000,19.9096
1747203900000,19.4312
1747203960000,22.2053
1747204020000,19.5493
1747204080000,19.2185
1747204140000,19.297
1747204200000,18.9885
1747204260000,18.9827
1747204320000,19.2214
1747204380000,20.1329
1747204440000,20.3231
1747204500000,19.758
1747204560000,19.7404
1747204620000,19.4084
1747204680000,19.9107
1747204740000,19.2145
1747204800000,19.5821
1747204860000,19.2951
1747204920000,19.2194
1747204980000,19.7989
1747205040000,19.0365
1747205100000,19.0425
1747205160000,18.7885
1747205220000,18.5176
1747205280000,18.8124
1747205340000,18.73
1747205400000,19.5368
1747205460000,19.3811
1747205520000,19.0067
1747205580000,18.9676
1747205640000,19.1167
1747205700000,19.0677
1747205760000,19.2465
1747205820000,19.7223
1747205880000,19.1872
1747205940000,19.6619
1747206000000,19.1479
1747206060000,19.0378
1747206120000,19.2954
1747206180000,19.3715
1747206240000,19.2869
1747206300000,19.3613
1747206360000,19.1868
1747206420000,18.9206
1747206480000,19.1629
1747206540000,18.8339
1747206600000,18.9809
1747206660000,19.4358
1747206720000,19.0104
1747206780000,19.229
1747206840000,19.4645
1747206900000,19.2687
1747206960000,18.9501
1747207020000,19.3889
1747207080000,19.4355
1747207140000,20.013
1747207200000,18.8167
1747207260000,19.7957
1747207320000,19.6183
1747207380000,20.0063
1747207440000,19.2359
1747207500000,19.1375
1747207560000,19.3261
1747207620000,19.5307
1747207680000,19.8247
1747207740000,20.2904
1747207800000,19.9928
1747207860000,19.5369
1747207920000,19.4312
1747207980000,19.9534
1747208040000,19.8756
1747208100000,19.9957
1747208160000,19.7548
1747208220000,19.7523
1747208280000,19.6893
1747208340000,19.9329
1747208400000,19.2476
1747208460000,19.1473
1747208520000,18.931
1747208580000,19.8004
1747208640000,19.0261
1747208700000,19.6948
1747208760000,19.8506
1747208820000,19.1632
1747208880000,19.1723
1747208940000,19.1441
1747209000000,19.8585
1747209060000,20.3217
1747209120000,19.7791
1747209180000,20.6461
1747209240000,19.3945
1747209300000,19.2921
1747209360000,19.8609
1747209420000,20.1376
1747209480000,20.302
1747209540000,19.5999
1747209600000,19.9738
1747209660000,19.9937
1747209720000,19.7484
1747209780000,19.971
1747209840000,19.9427
1747209900000,20.091
1747209960000,19.8133
1747210020000,19.9842
1747210080000,20.1945
1747210140000,19.9675
1747210200000,19.726
1747210260000,20.0474
1747210320000,19.7896
1747210380000,20.2077
1747210440000,20.4831
1747210500000,20.2736
1747210560000,20.6177
1747210620000,20.6728
1747210680000,20.1376
1747210740000,20.4854
1747210800000,20.1938
1747210860000,20.109
1747210920000,20.1533
1747210980000,19.987
1747211040000,19.9266
1747211100000,19.9952
1747211160000,20.1625
1747211220000,20.1597
1747211280000,19.8437
1747211340000,20.1942
1747211400000,20.0467
1747211460000,20.4996
1747211520000,19.8206
1747211580000,20.6092
1747211640000,20.6483
1747211700000,20.1291
1747211760000,20.1267
1747211820000,20.1879
1747211880000,19.9184
1747211940000,20.4064
1747212000000,19.9911
1747212060000,19.8752
1747212120000,20.134
1747212180000,20.1504
1747212240000,19.6804
1747212300000,19.6767
1747212360000,19.9231
1747212420000,19.9555
1747212480000,19.7774
1747212540000,20.271
1747212600000,19.9863
1747212660000,19.79
1747212720000,20.2187
1747212780000,20.0202
1747212840000,19.7926
1747212900000,20.1769
1747212960000,20.4535
1747213020000,20.0531
1747213080000,20.2459
1747213140000,20.1344
1747213200000,20.2476
1747213260000,19.5973
1747213320000,20.3571
1747213380000,19.2929
1747213440000,19.6331
1747213500000,19.9313
1747213560000,20.376
1747213620000,20.0098
1747213680000,19.6717
1747213740000,20.1662
1747213800000,20.3407
1747213860000,20.3188
1747213920000,19.9473
1747213980000,20.7139
1747214040000,20.174
1747214100000,19.9968
1747214160000,20.4203
1747214220000,20.1287
1747214280000,20.2582
1747214340000,20.3432
1747214400000,20.0722
1747214460000,19.9444
1747214520000,20.0922
1747214580000,20.2728
1747214640000,19.894
1747214700000,20.1638
1747214760000,19.5714
1747214820000,19.5405
1747214880000,20.1425
1747214940000,20.2148
1747215000000,20.2826
1747215060000,19.5056
1747215120000,20.278
1747215180000,20.3738
1747215240000,20.4735
1747215300000,20.2568
1747215360000,20.0589
1747215420000,20.0701
1747215480000,20.316
1747215540000,20.0039
1747215600000,20.4514
1747215660000,19.7883
1747215720000,20.484
1747215780000,19.9183
1747215840000,20.2476
1747215900000,20.6528
1747215960000,20.2254
1747216020000,19.7868
1747216080000,19.8577
1747216140000,20.5667
1747216200000,20.0922
1747216260000,19.8151
1747216320000,20.2442
1747216380000,20.239
1747216440000,20.5433
1747216500000,20.0426
1747216560000,20.2951
1747216620000,20.0464
1747216680000,19.4705
1747216740000,20.2003
1747216800000,20.147
1747216860000,20.1973
1747216920000,19.5101
1747216980000,19.7613
1747217040000,20.1365
1747217100000,19.9525
1747217160000,20.1958
1747217220000,19.9911
1747217280000,20.5139
1747217340000,20.2253
1747217400000,19.445
1747217460000,19.7311
1747217520000,19.9117
1747217580000,19.8324
1747217640000,19.5894
1747217700000,19.3466
1747217760000,19.6543
1747217820000,19.8885
1747217880000,20.0206
1747217940000,19.5572
1747218000000,20.1504
1747218060000,19.4253
1747218120000,19.8118
1747218180000,19.6287
1747218240000,19.6722
1747218300000,19.8156
1747218360000,19.3702
1747218420000,19.5405
1747218480000,19.5691
1747218540000,19.8625
1747218600000,19.6842
1747218660000,19.4005
1747218720000,20.6395
1747218780000,19.852
1747218840000,19.7364
1747218900000,19.2281
1747218960000,19.6423
1747219020000,20.1657
1747219080000,19.6328
1747219140000,18.8546
1747219200000,20.1723
1747219260000,19.3907
1747219320000,19.622
1747219380000,20.0022
1747219440000,19.9186
1747219500000,19.5487
1747219560000,19.3728
1747219620000,19.6551
1747219680000,19.8756
1747219740000,19.8486
1747219800000,19.6986
1747219860000,20.0462
1747219920000,19.4681
1747219980000,19.5933
1747220040000,19.8532
1747220100000,19.5984
1747220160000,19.2813
1747220220000,19.8477
1747220280000,19.3195
1747220340000,19.4334
1747220400000,19.8527
1747220460000,19.3354
1747220520000,18.9568
1747220580000,18.5426
1747220640000,19.2824
1747220700000,20.0387
1747220760000,19.6189
1747220820000,19.5446
1747220880000,19.248
1747220940000,18.7741
1747221000000,19.1846
1747221060000,19.2418
1747221120000,19.3408
1747221180000,18.6114
1747221240000,18.8983
1747221300000,19.2061
1747221360000,18.6288
1747221420000,19.2397
1747221480000,18.7698
1747221540000,18.975
1747221600000,19.2855
1747221660000,18.9547
1747221720000,19.0197
1747221780000,19.1274
1747221840000,19.2636
1747221900000,19.2132
1747221960000,18.9739
1747222020000,18.9649
1747222080000,19.4686
1747222140000,19.079
1747222200000,18.9082
1747222260000,18.8806
1747222320000,19.574
1747222380000,19.2535
1747222440000,18.9369
1747222500000,18.7199
1747222560000,18.1161
1747222620000,18.8527
1747222680000,18.7254
1747222740000,19.019
1747222800000,18.7374
1747222860000,18.8843
1747222920000,18.4431
1747222980000,18.3389
1747223040000,18.7315
1747223100000,19.317
1747223160000,18.9217
1747223220000,18.6446
1747223280000,20.7383
1747223340000,18.9334
1747223400000,18.8621
1747223460000,19.2307
1747223520000,19.5369
1747223580000,18.7339
1747223640000,19.1143
1747223700000,19.2527
1747223760000,18.266
1747223820000,19.7378
1747223880000,20.0037
1747223940000,20.071
1747224000000,19.4272
1747224060000,19.8774
1747224120000,19.4884
1747224180000,19.906
1747224240000,19.8577
1747224300000,20.5996
1747224360000,19.939
1747224420000,19.66
1747224480000,19.6514
1747224540000,19.9134
1747224600000,19.3225
1747224660000,20.2934
1747224720000,20.3098
1747224780000,20.3894
1747224840000,19.472
1747224900000,18.724
1747224960000,19.5213
1747225020000,18.9536
1747225080000,19.8025
1747225140000,19.3496
1747225200000,19.5916
1747225260000,19.0863
1747225320000,18.9422
1747225380000,19.2834
1747225440000,19.9737
1747225500000,19.1588
1747225560000,19.2385
1747225620000,19.7396
1747225680000,19.3384
1747225740000,19.9923
1747225800000,19.1125
1747225860000,18.1971
1747225920000,19.3173
1747225980000,19.392
1747226040000,18.875
1747226100000,19.4669
1747226160000,19.4235
1747226220000,19.1136
1747226280000,19.3326
1747226340000,19.1752
1747226400000,18.9028
1747226460000,18.6034
1747226520000,19.5671
1747226580000,19.2922
1747226640000,18.7081
1747226700000,18.9421
1747226760000,18.8466
1747226820000,18.8317
1747226880000,19.1984
1747226940000,19.0172
1747227000000,19.0966
1747227060000,19.1877
1747227120000,19.1057
1747227180000,19.1505
1747227240000,18.9356
1747227300000,17.9541
1747227360000,19.1399
1747227420000,18.7493
1747227480000,19.2697
1747227540000,19.0176
1747227600000,19.0607
1747227660000,18.7837
1747227720000,17.7512
1747227780000,19.5659
1747227840000,18.98
1747227900000,19.2393
1747227960000,19.0075
1747228020000,19.0008
1747228080000,19.0097
1747228140000,17.9165
1747228200000,18.7815
1747228260000,18.8253
1747228320000,19.8973
1747228380000,19.4359
1747228440000,18.9446
1747228500000,19.5782
1747228560000,19.1883
1747228620000,19.6069
1747228680000,19.0411
1747228740000,18.5571
1747228800000,19.1762
1747228860000,19.124
1747228920000,19.186
1747228980000,18.5986
1747229040000,18.9647
1747229100000,19.5315
1747229160000,18.9883
1747229220000,19.8001
1747229280000,19.5872
1747229340000,19.6044
1747229400000,19.867
1747229460000,19.4472
1747229520000,19.6982
1747229580000,20.1505
1747229640000,20.5219
1747229700000,19.7616
1747229760000,19.3078
1747229820000,20.4324
1747229880000,19.5834
1747229940000,20.3028
1747230000000,19.8038
1747230060000,19.9097
1747230120000,18.4252
1747230180000,19.6769
1747230240000,19.5281
1747230300000,19.7619
1747230360000,20.1719
1747230420000,19.0892
1747230480000,18.9795
1747230540000,19.2321
1747230600000,18.5433
1747230660000,19.2974
1747230720000,19.5718
1747230780000,19.1903
1747230840000,19.6219
1747230900000,19.2447
1747230960000,20.3781
1747231020000,20.1256
1747231080000,20.1715
1747231140000,20.3684
1747231200000,20.3177
1747231260000,20.1972
1747231320000,19.86
1747231380000,19.6857
1747231440000,19.3689
1747231500000,21.1167
1747231560000,20.1787
1747231620000,21.1217
1747231680000,19.9011
1747231740000,20.6814
1747231800000,20.0134
1747231860000,20.5999
1747231920000,19.8014
1747231980000,20.5062
1747232040000,20.4897
1747232100000,20.2514
1747232160000,21.1383
1747232220000,19.8888
1747232280000,19.672
1747232340000,19.8555
1747232400000,20.3339
1747232460000,20.5183
1747232520000,19.9182
1747232580000,20.5927
1747232640000,20.7285
1747232700000,21.3338
1747232760000,20.4152
1747232820000,20.4446
1747232880000,20.7059
1747232940000,21.434
1747233000000,21.1738
1747233060000,20.361
1747233120000,20.0777
1747233180000,21.1567
1747233240000,20.234
1747233300000,21.1635
1747233360000,20.8575
1747233420000,21.7368
1747233480000,20.3088
1747233540000,20.6006
1747233600000,21.0989
1747233660000,20.5135
1747233720000,20.9615
1747233780000,20.9417
1747233840000,21.9936
1747233900000,21.6786
1747233960000,21.6926
1747234020000,21.4129
1747234080000,21.0592
1747234140000,21.0219
1747234200000,21.33
1747234260000,22.3942
1747234320000,21.949
1747234380000,23.4743
1747234440000,22.3528
1747234500000,21.8775
1747234560000,21.327
1747234620000,21.1477
1747234680000,20.8988
1747234740000,21.3191
1747234800000,22.0899
1747234860000,23.3293
1747234920000,22.0865
1747234980000,22.8146
1747235040000,22.836
1747235100000,22.6241
1747235160000,21.169
1747235220000,21.9557
1747235280000,20.5617
1747235340000,21.7707
1747235400000,22.1906
1747235460000,22.4916
1747235520000,22.7889
1747235580000,21.3772
1747235640000,22.5413
1747235700000,21.8894
1747235760000,23.7087
1747235820000,23.8078
1747235880000,21.9386
1747235940000,22.7274
1747236000000,22.7932
1747236060000,21.767
1747236120000,23.7904
1747236180000,23.5277
1747236240000,21.061
1747236300000,21.7613
1747236360000,21.2839
1747236420000,22.4996
1747236480000,20.4772
1747236540000,21.4932
1747236600000,20.6201
1747236660000,20.7179
1747236720000,21.1041
1747236780000,20.949
1747236840000,22.7253
1747236900000,22.8045
1747236960000,21.8327
1747237020000,21.0869
1747237080000,22.7767
1747237140000,21.6622
1747237200000,21.4373
1747237260000,22.2969
1747237320000,21.5964
1747237380000,22.3546
1747237440000,22.4929
1747237500000,26.5766
1747237560000,25.2149
1747237620000,24.3103
1747237680000,23.1103
1747237740000,21.2571
1747237800000,21.1315
1747237860000,21.0744
1747237920000,20.4554
1747237980000,19.6846
1747238040000,22.9568
1747238100000,20.4775
1747238160000,22.0147
1747238220000,22.8974
1747238280000,22.1469
1747238340000,20.3471
1747238400000,21.2925
1747238460000,21.7631
1747238520000,22.6937
1747238580000,22.4671
1747238640000,21.6829
1747238700000,22.4909
1747238760000,20.8444
1747238820000,21.5304
1747238880000,21.0986
1747238940000,21.3993
1747239000000,22.2863
1747239060000,22.3377
1747239120000,19.174
1747239180000,19.3897
1747239240000,22.2865
1747239300000,23.6145
1747239360000,23.036
1747239420000,20.1406
1747239480000,20.7466
1747239540000,22.5086
1747239600000,23.0822
1747239660000,24.9197
1747239720000,20.7198
1747239780000,29.9851
1747239840000,36.4111
1747239900000,33.773
1747239960000,23.5685
1747240020000,35.48
1747240080000,22.6788
1747240140000,22.197
1747240200000,37.7552
1747240260000,24.5018
1747240320000,21.4037
1747240380000,24.6864
1747240440000,32.8086
1747240500000,24.1676
1747240560000,23.5887
1747240620000,23.1454
1747240680000,24.1047
1747240740000,25.5897
1747240800000,23.6064
1747240860000,24.7652
1747240920000,23.0052
1747240980000,24.1381
1747241040000,23.1824
1747241100000,23.2066
1747241160000,23.1903
1747241220000,27.3074
1747241280000,23.8736
1747241340000,23.9614
1747241400000,24.2689
1747241460000,24.5771
1747241520000,20.978
1747241580000,23.6144
1747241640000,22.581
1747241700000,24.3627
1747241760000,21.0701
1747241820000,23.6145
1747241880000,23.3782
1747241940000,23.3712
1747242000000,23.2598
1747242060000,24.9561
1747242120000,24.5887
1747242180000,25.5563
1747242240000,24.9562
1747242300000,24.1067
1747242360000,26.1824
1747242420000,23.7655
1747242480000,22.9439
1747242540000,23.5237
1747242600000,23.8775
1747242660000,23.5241
1747242720000,23.3675
1747242780000,23.4941
1747242840000,20.6697
1747242900000,23.2275
1747242960000,24.0596
1747243020000,23.4945
1747243080000,24.8852
1747243140000,22.6497
1747243200000,21.8153
1747243260000,22.927
1747243320000,24.7741
1747243380000,26.0632
1747243440000,24.4289
1747243500000,20.019
1747243560000,22.7645
1747243620000,21.3897
1747243680000,21.0067
1747243740000,25.6118
1747243800000,24.1587
1747243860000,24.8201
1747243920000,17.442
1747243980000,21.7847
1747244040000,22.7107
1747244100000,18.2913
1747244160000,22.9765
1747244220000,22.3169
1747244280000,22.8501
1747244340000,22.6081
1747244400000,22.1761
1747244460000,20.2838
1747244520000,24.3362
1747244580000,20.4599
1747244640000,20.9845
1747244700000,23.1692
1747244760000,20.3183
1747244820000,25.1029
1747244880000,19.8913
1747244940000,18.7234
1747245000000,20.8329
1747245060000,21.5058
1747245120000,22.9202
1747245180000,21.2404
1747245240000,24.8111
1747245300000,22.5051
1747245360000,20.6771
1747245420000,20.8117
1747245480000,21.9278
1747245540000,18.6274
1747245600000,22.5475
1747245660000,24.6407
1747245720000,22.1175
1747245780000,18.9532
1747245840000,20.3211
1747245900000,19.7533
1747245960000,19.5051
1747246020000,19.8898
1747246080000,24.6569
1747246140000,24.9047
1747246200000,26.2215
1747246260000,22.0714
1747246320000,21.1875
1747246380000,19.8751
1747246440000,25.7294
1747246500000,22.2622
1747246560000,27.3358
1747246620000,25.5279
1747246680000,21.718
1747246740000,21.7286
1747246800000,20.9433
1747246860000,21.3485
1747246920000,27.4779
1747246980000,23.6779
1747247040000,23.2657
1747247100000,22.0659
1747247160000,23.3465
1747247220000,25.6264
1747247280000,26.1727
1747247340000,24.0088
1747247400000,21.6332
1747247460000,23.41
1747247520000,22.4309
1747247580000,20.9051
1747247640000,24.3121
1747247700000,21.0665
1747247760000,22.2456
1747247820000,23.6691
1747247880000,23.7201
1747247940000,22.7746
1747248000000,23.5295
1747248060000,20.0843
1747248120000,23.3312
1747248180000,22.3108
1747248240000,21.834
1747248300000,23.3767
1747248360000,23.3856
1747248420000,22.5929
1747248480000,24.762
1747248540000,25.4221
1747248600000,23.9897
1747248660000,24.0755
1747248720000,30.3228
1747248780000,26.2387
1747248840000,25.9681
1747248900000,23.5182
1747248960000,23.5166
1747249020000,24.0245
1747249080000,22.2963
1747249140000,26.1779
1747249200000,23.3024
1747249260000,21.4025
1747249320000,25.5899
1747249380000,25.3632
1747249440000,26.6874
1747249500000,23.1122
1747249560000,21.3395
1747249620000,21.1456
1747249680000,23.0308
1747249740000,21.5923
1747249800000,30.4639
1747249860000,25.5271
1747249920000,26.1537
1747249980000,22.3725
1747250040000,22.9528
1747250100000,24.6171
1747250160000,23.7607
1747250220000,22.5249
1747250280000,27.4666
1747250340000,25.9203
1747250400000,24.4765
1747250460000,21.9794
1747250520000,26.0985
1747250580000,27.907
1747250640000,25.1738
1747250700000,25.4692
1747250760000,25.8424
1747250820000,25.8467
1747250880000,23.6115
1747250940000,21.8941
1747251000000,22.9838
1747251060000,20.7035
1747251120000,21.0102
1747251180000,24.7496
1747251240000,24.0637
1747251300000,23.2414
1747251360000,21.7728
1747251420000,26.1294
1747251480000,28.0571
1747251540000,23.9741
1747251600000,24.5411
1747251660000,24.2354
1747251720000,23.5581
1747251780000,20.7653
1747251840000,21.7346
1747251900000,23.5822
1747251960000,23.5977
1747252020000,22.6081
1747252080000,23.4376
1747252140000,21.1982
1747252200000,22.8174
1747252260000,24.2003
1747252320000,21.0692
1747252380000,24.8222
1747252440000,24.6417
1747252500000,26.9166
1747252560000,23.5515
1747252620000,28.8817
1747252680000,25.2679
1747252740000,22.394
1747252800000,22.4178
1747252860000,22.7568
1747252920000,26.917
1747252980000,25.2235
1747253040000,22.8012
1747253100000,26.7834
1747253160000,23.0401
1747253220000,25.2397
1747253280000,24.4539
1747253340000,23.7985
1747253400000,27.4565
1747253460000,23.9163
1747253520000,25.4518
1747253580000,29.2557
1747253640000,22.6064
1747253700000,27.1951
1747253760000,24.1519
1747253820000,23.1589
1747253880000,24.0866
1747253940000,27.2184
1747254000000,23.7373
1747254060000,24.0694
1747254120000,27.0007
1747254180000,25.5269
1747254240000,22.9478
1747254300000,24.1895
1747254360000,23.4116
1747254420000,24.9397
1747254480000,23.8651
1747254540000,21.0014
1747254600000,22.1515
1747254660000,22.6068
1747254720000,24.0844
1747254780000,25.2688
1747254840000,22.7851
1747254900000,27.7472
1747254960000,25.1291
1747255020000,23.6676
1747255080000,26.1033
1747255140000,33.165
1747255200000,26.8734
1747255260000,25.006
1747255320000,21.8889
1747255380000,26.1894
1747255440000,24.6576
1747255500000,20.8784
1747255560000,22.9874
1747255620000,25.503
1747255680000,28.5633
1747255740000,23.3494
1747255800000,23.3904
1747255860000,27.1328
1747255920000,25.8344
1747255980000,18.2266
1747256040000,27.3132
1747256100000,21.5772
1747256160000,22.8651
1747256220000,21.9422
1747256280000,23.0243
1747256340000,22.4314
1747256400000,21.4088
1747256460000,21.9536
1747256520000,21.4738
1747256580000,23.1123
1747256640000,25.009
1747256700000,25.5032
1747256760000,24.8581
1747256820000,21.9447
1747256880000,21.9724
1747256940000,23.4163
1747257000000,27.0053
1747257060000,23.2226
1747257120000,22.9773
1747257180000,23.314
1747257240000,23.7973
1747257300000,23.0195
1747257360000,21.9308
1747257420000,21.8437
1747257480000,25.2606
1747257540000,19.5977
1747257600000,23.0317
1747257660000,20.968
1747257720000,20.698
1747257780000,23.0334
1747257840000,24.7775
1747257900000,22.7176
1747257960000,24.9667
1747258020000,26.9447
1747258080000,22.4331
1747258140000,20.2244
1747258200000,23.3623
1747258260000,20.3716
1747258320000,21.5785
1747258380000,21.1313
1747258440000,21.45
1747258500000,21.799
1747258560000,25.3571
1747258620000,23.0754
1747258680000,22.9601
1747258740000,22.9955
1747258800000,23.243
1747258860000,21.206
1747258920000,26.5095
1747258980000,19.1531
1747259040000,21.2752
1747259100000,23.0269
1747259160000,23.9689
1747259220000,25.7388
1747259280000,23.8916
1747259340000,24.7552
1747259400000,23.3509
1747259460000,24.4884
1747259520000,22.0124
1747259580000,22.4318
1747259640000,21.3193
1747259700000,24.1033
1747259760000,22.5543
1747259820000,23.254
1747259880000,22.4333
1747259940000,20.6574
1747260000000,20.3347
1747260060000,20.2902
1747260120000,21.7528
1747260180000,19.9593
1747260240000,19.8911
1747260300000,21.1521
1747260360000,21.635
1747260420000,20.9083
1747260480000,21.6766
1747260540000,21.1589
1747260600000,20.337
1747260660000,21.5879
1747260720000,23.4589
1747260780000,23.494
1747260840000,20.7639
1747260900000,22.2054
1747260960000,22.8135
1747261020000,23.0407
1747261080000,21.4208
1747261140000,22.8869
1747261200000,22.4789
1747261260000,20.3076
1747261320000,21.918
1747261380000,20.5884
1747261440000,20.7945
1747261500000,21.8727
1747261560000,20.818
1747261620000,21.3037
1747261680000,19.9358
1747261740000,21.3843
1747261800000,20.7324
1747261860000,19.3886
1747261920000,20.0206
1747261980000,19.6792
1747262040000,19.4226
1747262100000,19.5913
1747262160000,21.1504
1747262220000,18.6585
1747262280000,19.4111
1747262340000,18.8762
1747262400000,19.5324
1747262460000,20.0864
1747262520000,20.7162
1747262580000,20.1677
1747262640000,20.5076
1747262700000,21.5508
1747262760000,20.1985
1747262820000,19.827
1747262880000,21.8213
1747262940000,19.9735
1747263000000,20.7849
1747263060000,20.7333
1747263120000,20.6703
1747263180000,21.5288
1747263240000,21.2128
1747263300000,20.3623
1747263360000,20.8538
1747263420000,21.8305
1747263480000,21.9718
1747263540000,21.6189
1747263600000,21.0967
1747263660000,20.3996
1747263720000,19.2345
1747263780000,21.5423
1747263840000,20.9602
1747263900000,21.5408
1747263960000,20.5412
1747264020000,19.6545
1747264080000,20.0223
1747264140000,20.0104
1747264200000,20.07
1747264260000,20.506
1747264320000,19.4661
1747264380000,20.3446
1747264440000,21.6339
1747264500000,20.0512
1747264560000,19.9185
1747264620000,20.2075
1747264680000,21.2024
1747264740000,20.3863
1747264800000,20.1975
1747264860000,20.6636
1747264920000,20.7128
1747264980000,20.8831
1747265040000,20.174
1747265100000,19.5062
1747265160000,19.562
1747265220000,20.2738
1747265280000,19.9862
1747265340000,20.2904
1747265400000,19.0242
1747265460000,19.7667
1747265520000,20.9584
1747265580000,19.6235
1747265640000,20.0121
1747265700000,19.5174
1747265760000,19.2144
1747265820000,19.8694
1747265880000,19.3612
1747265940000,18.8119
1747266000000,19.5887
1747266060000,18.6393
1747266120000,18.7849
1747266180000,19.512
1747266240000,20.049
1747266300000,20.4414
1747266360000,18.798
1747266420000,20.2487
1747266480000,20.132
1747266540000,19.5587
1747266600000,19.2321
1747266660000,20.5632
1747266720000,20.1649
1747266780000,20.0998
1747266840000,19.0621
1747266900000,19.4934
1747266960000,20.7681
1747267020000,20.9704
1747267080000,22.3402
1747267140000,20.8486
1747267200000,20.6133
1747267260000,20.8677
1747267320000,19.3602
1747267380000,19.9249
1747267440000,20.1582
1747267500000,20.1956
1747267560000,19.9607
1747267620000,19.3868
1747267680000,19.9867
1747267740000,19.6094
1747267800000,19.8924
1747267860000,19.9697
1747267920000,20.5505
1747267980000,19.9395
1747268040000,19.5796
1747268100000,19.8849
1747268160000,20.4268
1747268220000,19.8355
1747268280000,19.6625
1747268340000,19.7478
1747268400000,20.416
1747268460000,20.6032
1747268520000,20.0978
1747268580000,19.9269
1747268640000,20.1943
1747268700000,19.1969
1747268760000,19.6732
1747268820000,20.1566
1747268880000,20.3165
1747268940000,21.078
1747269000000,20.9721
1747269060000,20.4631
1747269120000,20.3134
1747269180000,20.0719
1747269240000,20.5747
1747269300000,19.6621
1747269360000,20.126
1747269420000,20.2166
1747269480000,20.5523
1747269540000,19.7962
1747269600000,20.07
1747269660000,20.5816
1747269720000,20.8049
1747269780000,20.4088
1747269840000,19.9853
1747269900000,20.5973
1747269960000,19.7659
1747270020000,20.3193
1747270080000,19.6477
1747270140000,20.5336
1747270200000,20.0432
1747270260000,19.9288
1747270320000,20.2844
1747270380000,20.7086
1747270440000,20.2829
1747270500000,19.8698
1747270560000,20.7684
1747270620000,19.9537
1747270680000,20.3469
1747270740000,20.4742
1747270800000,20.4866
1747270860000,20.1049
1747270920000,20.0354
1747270980000,19.9479
1747271040000,20.4234
1747271100000,20.3552
1747271160000,20.6251
1747271220000,20.6452
1747271280000,20.6902
1747271340000,20.1063
1747271400000,20.303
1747271460000,20.0709
1747271520000,20.0487
1747271580000,20.2082
1747271640000,20.123
1747271700000,20.5103
1747271760000,20.9624
1747271820000,19.7269
1747271880000,19.8553
1747271940000,20.1312
1747272000000,20.5924
1747272060000,19.9924
1747272120000,20.0842
1747272180000,19.7849
1747272240000,20.0204
1747272300000,20.4511
1747272360000,20.1257
1747272420000,20.1974
1747272480000,20.188
1747272540000,19.9279
1747272600000,20.2601
1747272660000,20.4217
1747272720000,19.8483
1747272780000,20.5554
1747272840000,20.0294
1747272900000,20.3278
1747272960000,20.119
1747273020000,20.3381
1747273080000,20.5317
1747273140000,19.9745
1747273200000,20.494
1747273260000,20.0769
1747273320000,20.1248
1747273380000,20.2541
1747273440000,20.6563
1747273500000,20.0079
1747273560000,20.272
1747273620000,20.5305
1747273680000,20.0225
1747273740000,19.7984
1747273800000,20.4622
1747273860000,20.0719
1747273920000,20.4178
1747273980000,20.4287
1747274040000,20.4019
1747274100000,20.3996
1747274160000,20.2854
1747274220000,19.5724
1747274280000,19.6515
1747274340000,20.0383
1747274400000,19.774
1747274460000,20.0007
1747274520000,20.3352
1747274580000,19.6931
1747274640000,19.9737
1747274700000,20.5257
1747274760000,20.2727
1747274820000,20.3085
1747274880000,19.6845
1747274940000,20.3437
1747275000000,19.8768
1747275060000,19.8487
1747275120000,20.0358
1747275180000,20.0021
1747275240000,20.2681
1747275300000,20.1922
1747275360000,20.1927
1747275420000,20.044
1747275480000,20.2583
1747275540000,20.8511
1747275600000,20.9624
1747275660000,20.7474
1747275720000,19.8957
1747275780000,20.2119
1747275840000,20.322
1747275900000,20.2807
1747275960000,20.2971
1747276020000,20.4741
1747276080000,19.8667
1747276140000,20.0995
1747276200000,20.4381
1747276260000,20.2972
1747276320000,20.358
1747276380000,20.827
1747276440000,20.1319
1747276500000,19.9662
1747276560000,20.5515
1747276620000,20.0346
1747276680000,19.8101
1747276740000,20.2346
1747276800000,20.4276
1747276860000,20.4246
1747276920000,20.8385
1747276980000,20.3634
1747277040000,20.9235
1747277100000,20.4105
1747277160000,20.2121
1747277220000,20.278
1747277280000,20.6869
1747277340000,20.0953
1747277400000,19.1705
1747277460000,19.6186
1747277520000,20.4021
1747277580000,20.6489
1747277640000,20.0942
1747277700000,20.0015
1747277760000,20.1344
1747277820000,19.7927
1747277880000,20.2552
1747277940000,20.3329
1747278000000,20.2419
1747278060000,20.0713
1747278120000,20.0518
1747278180000,20.6102
1747278240000,19.8971
1747278300000,19.8751
1747278360000,19.9451
1747278420000,20.2867
1747278480000,20.2718
1747278540000,20.0911
1747278600000,20.3671
1747278660000,20.3489
1747278720000,20.5203
1747278780000,20.338
1747278840000,20.0474
1747278900000,20.2566
1747278960000,20.3133
1747279020000,20.2452
1747279080000,20.3764
1747279140000,19.9332
1747279200000,19.8095
1747279260000,19.8024
1747279320000,20.8102
1747279380000,19.4579
1747279440000,19.9021
1747279500000,19.9765
1747279560000,20.3831
1747279620000,20.2891
1747279680000,20.963
1747279740000,19.8627
1747279800000,20.2264
1747279860000,20.0235
1747279920000,19.4502
1747279980000,20.2655
1747280040000,20.3178
1747280100000,19.9157
1747280160000,19.7998
1747280220000,19.9246
1747280280000,19.6666
1747280340000,20.1481
1747280400000,20.3694
1747280460000,19.9825
1747280520000,20.0487
1747280580000,20.6544
1747280640000,20.2012
1747280700000,20.1701
1747280760000,20.3986
1747280820000,21.289
1747280880000,20.6321
1747280940000,21.1151
1747281000000,20.7723
1747281060000,21.0695
1747281120000,20.5697
1747281180000,20.9832
1747281240000,20.112
1747281300000,19.8696
1747281360000,20.5705
1747281420000,20.8092
1747281480000,19.9489
1747281540000,19.8769
1747281600000,21.0335
1747281660000,20.4307
1747281720000,20.1669
1747281780000,19.9127
1747281840000,19.9626
1747281900000,20.3337
1747281960000,20.4711
1747282020000,19.8434
1747282080000,20.8683
1747282140000,21.277
1747282200000,20.6836
1747282260000,20.3299
1747282320000,21.1052
1747282380000,20.464
1747282440000,20.9067
1747282500000,21.2379
1747282560000,20.5425
1747282620000,20.6448
1747282680000,20.4324
1747282740000,20.8793
1747282800000,20.6578
1747282860000,21.5125
1747282920000,21.2751
1747282980000,21.4778
1747283040000,21.0858
1747283100000,20.829
1747283160000,20.5854
1747283220000,20.9854
1747283280000,21.5789
1747283340000,21.0711
1747283400000,20.6366
1747283460000,21.0773
1747283520000,21.1092
1747283580000,21.1995
1747283640000,21.3171
1747283700000,20.9965
1747283760000,20.3368
1747283820000,20.9361
1747283880000,20.7906
1747283940000,20.6649
1747284000000,21.1272
1747284060000,20.904
1747284120000,20.3742
1747284180000,20.9318
1747284240000,21.1357
1747284300000,20.8233
1747284360000,20.3171
1747284420000,20.7346
1747284480000,20.8353
1747284540000,20.8019
1747284600000,21.0393
1747284660000,21.1141
1747284720000,21.1464
1747284780000,21.3822
1747284840000,21.0558
1747284900000,20.1195
1747284960000,21.0696
1747285020000,20.0546
1747285080000,20.722
1747285140000,21.1159
1747285200000,20.5055
1747285260000,20.7688
1747285320000,21.1665
1747285380000,21.2606
1747285440000,20.7152
1747285500000,20.8211
1747285560000,20.2868
1747285620000,20.1332
1747285680000,20.2098
1747285740000,20.5342
1747285800000,20.7887
1747285860000,20.7836
1747285920000,20.6339
1747285980000,20.969
1747286040000,20.0078
1747286100000,20.3449
1747286160000,20.8764
1747286220000,20.539
1747286280000,20.7642
1747286340000,20.8077
1747286400000,20.6657
1747286460000,21.3427
1747286520000,20.6582
1747286580000,20.4779
1747286640000,21.0359
1747286700000,20.7773
1747286760000,20.5758
1747286820000,21.437
1747286880000,20.5497
1747286940000,20.9436
1747287000000,20.4697
1747287060000,20.7117
1747287120000,20.2225
1747287180000,20.5742
1747287240000,20.8339
1747287300000,21.3589
1747287360000,21.5438
1747287420000,20.2445
1747287480000,21.6576
1747287540000,20.9528
1747287600000,20.5281
1747287660000,19.8777
1747287720000,20.8509
1747287780000,21.1037
1747287840000,20.4896
1747287900000,21.025
1747287960000,20.3138
1747288020000,20.0623
1747288080000,20.6746
1747288140000,19.9339
1747288200000,20.404
1747288260000,20.4705
1747288320000,20.0275
1747288380000,20.0957
1747288440000,20.4506
1747288500000,20.7697
1747288560000,20.3482
1747288620000,20.3901
1747288680000,20.5393
1747288740000,20.0821
1747288800000,20.9211
1747288860000,20.3478
1747288920000,20.6032
1747288980000,20.4394
1747289040000,20.231
1747289100000,19.2575
1747289160000,19.9905
1747289220000,19.6949
1747289280000,18.8241
1747289340000,19.6142
1747289400000,20.3769
1747289460000,20.5566
1747289520000,20.9008
1747289580000,20.5232
1747289640000,20.4752
1747289700000,19.7762
1747289760000,19.83
1747289820000,19.6475
1747289880000,19.9437
1747289940000,20.386
1747290000000,20.48
1747290060000,20.2701
1747290120000,21.1534
1747290180000,20.5383
1747290240000,20.1688
1747290300000,19.5547
1747290360000,20.4963
1747290420000,19.8248
1747290480000,20.1679
1747290540000,20.5079
1747290600000,21.0293
1747290660000,20.603
1747290720000,20.5661
1747290780000,20.2712
1747290840000,20.0348
1747290900000,19.3938
1747290960000,19.5644
1747291020000,20.1919
1747291080000,19.5397
1747291140000,20.3917
1747291200000,20.6575
1747291260000,20.7307
1747291320000,20.7654
1747291380000,19.8605
1747291440000,21.1081
1747291500000,19.9242
1747291560000,20.5476
1747291620000,19.6809
1747291680000,20.5708
1747291740000,21.1764
1747291800000,19.845
1747291860000,20.6911
1747291920000,20.2327
1747291980000,20.555
1747292040000,20.1414
1747292100000,20.1208
1747292160000,20.3576
1747292220000,20.2956
1747292280000,19.8808
1747292340000,20.1692
1747292400000,20.1908
1747292460000,20.1328
1747292520000,19.7508
1747292580000,19.757
1747292640000,20.4712
1747292700000,20.1579
1747292760000,20.1292
1747292820000,20.2671
1747292880000,20.3988
1747292940000,20.3861
1747293000000,20.4693
1747293060000,20.3386
1747293120000,20.0477
1747293180000,20.7134
1747293240000,20.8743
1747293300000,19.4481
1747293360000,20.4333
1747293420000,20.4284
1747293480000,20.2997
1747293540000,20.6002
1747293600000,20.5368
1747293660000,20.6853
1747293720000,20.405
1747293780000,19.9914
1747293840000,19.6289
1747293900000,19.9316
1747293960000,20.5668
1747294020000,19.6497
1747294080000,19.6287
1747294140000,20.3681
1747294200000,20.7414
1747294260000,20.6793
1747294320000,19.4536
1747294380000,20.3108
1747294440000,20.0097
1747294500000,20.0187
1747294560000,19.8961
1747294620000,20.2225
1747294680000,20.6277
1747294740000,20.5669
1747294800000,20.6121
1747294860000,19.9715
1747294920000,20.5516
1747294980000,19.96
1747295040000,20.2133
1747295100000,20.4668
1747295160000,20.4115
1747295220000,20.2671
1747295280000,20.2492
1747295340000,19.8291
1747295400000,19.6435
1747295460000,19.815
1747295520000,20.3785
1747295580000,20.1436
1747295640000,19.9647
1747295700000,19.7903
1747295760000,20.0974
1747295820000,20.6669
1747295880000,20.183
1747295940000,19.9362
1747296000000,20.0355
1747296060000,19.9286
1747296120000,19.9378
1747296180000,19.9451
1747296240000,20.3694
1747296300000,19.8573
1747296360000,19.8972
1747296420000,20.1912
1747296480000,19.9897
1747296540000,20.0313
1747296600000,20.0633
1747296660000,20.2804
1747296720000,19.669
1747296780000,20.6309
1747296840000,20.0229
1747296900000,19.8724
1747296960000,19.5804
1747297020000,20.0225
1747297080000,19.812
1747297140000,19.6184
1747297200000,20.4066
1747297260000,20.1621
1747297320000,20.0492
1747297380000,20.3776
1747297440000,20.4484
1747297500000,20.5239
1747297560000,20.0667
1747297620000,20.3417
1747297680000,20.2853
1747297740000,19.6668
1747297800000,20.2655
1747297860000,19.8879
1747297920000,20.0375
1747297980000,20.0973
1747298040000,20.1807
1747298100000,19.9274
1747298160000,19.7874
1747298220000,19.8572
1747298280000,20.0708
1747298340000,19.5709
1747298400000,20.5142
1747298460000,20.0972
1747298520000,20.0988
1747298580000,20.2463
1747298640000,19.9799
1747298700000,19.7357
1747298760000,20.6736
1747298820000,20.1377
1747298880000,20.4408
1747298940000,19.8766
1747299000000,19.7267
1747299060000,19.8682
1747299120000,19.9166
1747299180000,20.1915
1747299240000,19.4202
1747299300000,19.967
1747299360000,20.3324
1747299420000,20.5684
1747299480000,20.4636
1747299540000,19.8786
1747299600000,20.0699
1747299660000,20.1979
1747299720000,20.5319
1747299780000,19.8021
1747299840000,20.107
1747299900000,20.1639
1747299960000,20.6582
1747300020000,19.9546
1747300080000,19.768
1747300140000,20.0438
1747300200000,20.0326
1747300260000,19.6316
1747300320000,19.7933
1747300380000,19.7534
1747300440000,20.3557
1747300500000,20.1526
1747300560000,20.1158
1747300620000,20.24
1747300680000,20.335
1747300740000,20.4501
1747300800000,19.6258
1747300860000,19.9587
1747300920000,19.7836
1747300980000,21.5065
1747301040000,25.0858
1747301100000,27.1871
1747301160000,27.5728
1747301220000,28.6445
1747301280000,29.7609
1747301340000,28.5735
1747301400000,27.4927
1747301460000,25.5976
1747301520000,22.8252
1747301580000,21.9202
1747301640000,20.7406
1747301700000,22.3996
1747301760000,24.0282
1747301820000,23.9903
1747301880000,24.7387
1747301940000,26.0156
1747302000000,23.6339
1747302060000,22.8887
1747302120000,22.3176
1747302180000,21.813
1747302240000,21.428
1747302300000,21.1433
1747302360000,20.5238
1747302420000,19.1794
