timestamp,middleware_tddl_write_table_rt
1747042380000,2.3327
1747042440000,2.3329
1747042500000,2.3342
1747042560000,2.3423
1747042620000,2.3129
1747042680000,2.3412
1747042740000,2.3134
1747042800000,2.2983
1747042860000,2.3054
1747042920000,2.3132
1747042980000,2.314
1747043040000,2.3289
1747043100000,2.2978
1747043160000,2.3429
1747043220000,2.3017
1747043280000,2.3251
1747043340000,2.3271
1747043400000,2.327
1747043460000,2.3351
1747043520000,2.3517
1747043580000,2.3168
1747043640000,2.3336
1747043700000,2.315
1747043760000,2.3076
1747043820000,2.3226
1747043880000,2.3199
1747043940000,2.3258
1747044000000,2.3542
1747044060000,2.3449
1747044120000,2.332
1747044180000,2.3462
1747044240000,2.3326
1747044300000,2.3448
1747044360000,2.3444
1747044420000,2.3531
1747044480000,2.3267
1747044540000,2.3216
1747044600000,2.3461
1747044660000,2.3218
1747044720000,2.3173
1747044780000,2.3424
1747044840000,2.3369
1747044900000,2.3263
1747044960000,2.338
1747045020000,2.3262
1747045080000,2.3206
1747045140000,2.3203
1747045200000,2.3301
1747045260000,2.307
1747045320000,2.3173
1747045380000,2.3057
1747045440000,2.3245
1747045500000,2.3335
1747045560000,2.2973
1747045620000,2.2886
1747045680000,2.302
1747045740000,2.3012
1747045800000,2.3089
1747045860000,2.3244
1747045920000,2.2965
1747045980000,2.2856
1747046040000,2.3004
1747046100000,2.2943
1747046160000,2.3049
1747046220000,2.2778
1747046280000,2.2914
1747046340000,2.2904
1747046400000,2.3133
1747046460000,2.2956
1747046520000,2.2963
1747046580000,2.2989
1747046640000,2.2951
1747046700000,2.3047
1747046760000,2.2951
1747046820000,2.275
1747046880000,2.3023
1747046940000,2.3118
1747047000000,2.3045
1747047060000,2.3016
1747047120000,2.2853
1747047180000,2.3051
1747047240000,2.2862
1747047300000,2.3049
1747047360000,2.3012
1747047420000,2.3185
1747047480000,2.3259
1747047540000,2.3461
1747047600000,2.3369
1747047660000,2.3397
1747047720000,2.3404
1747047780000,2.321
1747047840000,2.3184
1747047900000,2.3655
1747047960000,2.2969
1747048020000,2.295
1747048080000,2.2869
1747048140000,2.2809
1747048200000,2.3169
1747048260000,2.2913
1747048320000,2.2817
1747048380000,2.2864
1747048440000,2.2998
1747048500000,2.2958
1747048560000,2.3045
1747048620000,2.2722
1747048680000,2.3042
1747048740000,2.289
1747048800000,2.3271
1747048860000,2.2966
1747048920000,2.2913
1747048980000,2.2843
1747049040000,2.3211
1747049100000,2.3018
1747049160000,2.2958
1747049220000,2.3055
1747049280000,2.2904
1747049340000,2.2941
1747049400000,2.3053
1747049460000,2.2835
1747049520000,2.3494
1747049580000,2.2983
1747049640000,2.3092
1747049700000,2.2943
1747049760000,2.2913
1747049820000,2.2824
1747049880000,2.2802
1747049940000,2.2879
1747050000000,2.2568
1747050060000,2.2734
1747050120000,2.2792
1747050180000,2.284
1747050240000,2.2812
1747050300000,2.2948
1747050360000,2.294
1747050420000,2.2995
1747050480000,2.3195
1747050540000,2.3174
1747050600000,2.3449
1747050660000,2.3225
1747050720000,2.3067
1747050780000,2.2955
1747050840000,2.2818
1747050900000,2.3072
1747050960000,2.286
1747051020000,2.26
1747051080000,2.3056
1747051140000,2.277
1747051200000,2.3328
1747051260000,2.3282
1747051320000,2.3417
1747051380000,2.3605
1747051440000,2.2993
1747051500000,2.3456
1747051560000,2.3381
1747051620000,2.3212
1747051680000,2.3172
1747051740000,2.3174
1747051800000,2.3244
1747051860000,2.3084
1747051920000,2.309
1747051980000,2.2604
1747052040000,2.2758
1747052100000,2.2984
1747052160000,2.3149
1747052220000,2.3118
1747052280000,2.3003
1747052340000,2.3182
1747052400000,2.3131
1747052460000,2.3245
1747052520000,2.289
1747052580000,2.2895
1747052640000,2.2866
1747052700000,2.301
1747052760000,2.2642
1747052820000,2.2741
1747052880000,2.2756
1747052940000,2.2923
1747053000000,2.2845
1747053060000,2.3062
1747053120000,2.3025
1747053180000,2.2961
1747053240000,2.2797
1747053300000,2.2782
1747053360000,2.2632
1747053420000,2.2923
1747053480000,2.2734
1747053540000,2.2701
1747053600000,2.2903
1747053660000,2.3081
1747053720000,2.2787
1747053780000,2.2767
1747053840000,2.378
1747053900000,2.3064
1747053960000,2.3134
1747054020000,2.3139
1747054080000,2.2903
1747054140000,2.2841
1747054200000,2.2856
1747054260000,2.3236
1747054320000,2.2962
1747054380000,2.2939
1747054440000,2.2929
1747054500000,2.3196
1747054560000,2.2864
1747054620000,2.2824
1747054680000,2.2733
1747054740000,2.2706
1747054800000,2.3131
1747054860000,2.3158
1747054920000,2.2862
1747054980000,2.2939
1747055040000,2.2753
1747055100000,2.2809
1747055160000,2.2589
1747055220000,2.2473
1747055280000,2.2492
1747055340000,2.2248
1747055400000,2.2406
1747055460000,2.2481
1747055520000,2.224
1747055580000,2.2266
1747055640000,2.2539
1747055700000,2.2508
1747055760000,2.2786
1747055820000,2.2617
1747055880000,2.2612
1747055940000,2.2512
1747056000000,2.2822
1747056060000,2.2597
1747056120000,2.269
1747056180000,2.2651
1747056240000,2.301
1747056300000,2.2655
1747056360000,2.302
1747056420000,2.279
1747056480000,2.2486
1747056540000,2.2442
1747056600000,2.2607
1747056660000,2.2681
1747056720000,2.2485
1747056780000,2.2469
1747056840000,2.2597
1747056900000,2.2964
1747056960000,2.2312
1747057020000,2.2249
1747057080000,2.235
1747057140000,2.2199
1747057200000,2.2243
1747057260000,2.233
1747057320000,2.2164
1747057380000,2.2233
1747057440000,2.2276
1747057500000,2.2202
1747057560000,2.2344
1747057620000,2.2576
1747057680000,2.2135
1747057740000,2.2377
1747057800000,2.2352
1747057860000,2.2293
1747057920000,2.2541
1747057980000,2.2161
1747058040000,2.256
1747058100000,2.2437
1747058160000,2.2255
1747058220000,2.2057
1747058280000,2.213
1747058340000,2.235
1747058400000,2.2695
1747058460000,2.2757
1747058520000,2.2622
1747058580000,2.2685
1747058640000,2.2412
1747058700000,2.2552
1747058760000,2.2554
1747058820000,2.2717
1747058880000,2.2462
1747058940000,2.2237
1747059000000,2.2197
1747059060000,2.2317
1747059120000,2.2234
1747059180000,2.2489
1747059240000,2.2446
1747059300000,2.2531
1747059360000,2.2638
1747059420000,2.2252
1747059480000,2.2595
1747059540000,2.2483
1747059600000,2.2653
1747059660000,2.2497
1747059720000,2.2328
1747059780000,2.2831
1747059840000,2.208
1747059900000,2.2606
1747059960000,2.2236
1747060020000,2.2297
1747060080000,2.2413
1747060140000,2.2564
1747060200000,2.2656
1747060260000,2.2369
1747060320000,2.2542
1747060380000,2.2415
1747060440000,2.219
1747060500000,2.2166
1747060560000,2.2172
1747060620000,2.2265
1747060680000,2.2555
1747060740000,2.1933
1747060800000,2.2272
1747060860000,2.2147
1747060920000,2.2531
1747060980000,2.1845
1747061040000,2.2348
1747061100000,2.2332
1747061160000,2.2439
1747061220000,2.2401
1747061280000,2.2318
1747061340000,2.218
1747061400000,2.2578
1747061460000,2.2451
1747061520000,2.2403
1747061580000,2.2264
1747061640000,2.2008
1747061700000,2.206
1747061760000,2.2004
1747061820000,2.2475
1747061880000,2.216
1747061940000,2.2324
1747062000000,2.2679
1747062060000,2.2501
1747062120000,2.2695
1747062180000,2.2091
1747062240000,2.2312
1747062300000,2.2243
1747062360000,2.2577
1747062420000,2.2732
1747062480000,2.198
1747062540000,2.2089
1747062600000,2.2138
1747062660000,2.2005
1747062720000,2.2417
1747062780000,2.2183
1747062840000,2.2112
1747062900000,2.2577
1747062960000,2.2335
1747063020000,2.2487
1747063080000,2.2252
1747063140000,2.2285
1747063200000,2.2151
1747063260000,2.2169
1747063320000,2.259
1747063380000,2.2683
1747063440000,2.2506
1747063500000,2.2262
1747063560000,2.2455
1747063620000,2.2015
1747063680000,2.2156
1747063740000,2.2101
1747063800000,2.2958
1747063860000,2.2503
1747063920000,2.2023
1747063980000,2.1947
1747064040000,2.2209
1747064100000,2.1895
1747064160000,2.1747
1747064220000,2.208
1747064280000,2.1977
1747064340000,2.2006
1747064400000,2.1869
1747064460000,2.2069
1747064520000,2.162
1747064580000,2.1877
1747064640000,2.2016
1747064700000,2.1675
1747064760000,2.2094
1747064820000,2.2172
1747064880000,2.1939
1747064940000,2.1953
1747065000000,2.1856
1747065060000,2.1954
1747065120000,2.2195
1747065180000,2.2661
1747065240000,2.2393
1747065300000,2.1769
1747065360000,2.1741
1747065420000,2.1517
1747065480000,2.1409
1747065540000,2.1536
1747065600000,2.1849
1747065660000,2.2119
1747065720000,2.1835
1747065780000,2.1853
1747065840000,2.1733
1747065900000,2.1848
1747065960000,2.214
1747066020000,2.2214
1747066080000,2.2825
1747066140000,2.1987
1747066200000,2.2135
1747066260000,2.2147
1747066320000,2.1801
1747066380000,2.2551
1747066440000,2.1783
1747066500000,2.1898
1747066560000,2.1923
1747066620000,2.1951
1747066680000,2.1878
1747066740000,2.2686
1747066800000,2.2482
1747066860000,2.2838
1747066920000,2.27
1747066980000,2.2472
1747067040000,2.2509
1747067100000,2.2689
1747067160000,2.248
1747067220000,2.2796
1747067280000,2.3026
1747067340000,2.2747
1747067400000,2.2693
1747067460000,2.2637
1747067520000,2.3027
1747067580000,2.2446
1747067640000,2.2444
1747067700000,2.2648
1747067760000,2.2506
1747067820000,2.224
1747067880000,2.2312
1747067940000,2.2664
1747068000000,2.2474
1747068060000,2.2578
1747068120000,2.2338
1747068180000,2.2524
1747068240000,2.3221
1747068300000,2.2594
1747068360000,2.2802
1747068420000,2.2339
1747068480000,2.2373
1747068540000,2.2248
1747068600000,2.3207
1747068660000,2.2154
1747068720000,2.251
1747068780000,2.2635
1747068840000,2.2517
1747068900000,2.2223
1747068960000,2.2226
1747069020000,2.2528
1747069080000,2.1868
1747069140000,2.2295
1747069200000,2.2439
1747069260000,2.2267
1747069320000,2.428
1747069380000,2.2085
1747069440000,2.246
1747069500000,2.2736
1747069560000,2.2713
1747069620000,2.2417
1747069680000,2.2482
1747069740000,2.2378
1747069800000,2.2471
1747069860000,2.2416
1747069920000,2.2752
1747069980000,2.1844
1747070040000,2.2435
1747070100000,2.2624
1747070160000,2.3068
1747070220000,2.2275
1747070280000,2.2203
1747070340000,2.2581
1747070400000,2.2436
1747070460000,2.2689
1747070520000,2.2388
1747070580000,2.2753
1747070640000,2.224
1747070700000,2.2338
1747070760000,2.2778
1747070820000,2.2633
1747070880000,2.2778
1747070940000,2.2467
1747071000000,2.287
1747071060000,2.207
1747071120000,2.3066
1747071180000,2.2384
1747071240000,2.19
1747071300000,2.2651
1747071360000,2.2835
1747071420000,2.2591
1747071480000,2.2337
1747071540000,2.3417
1747071600000,2.2859
1747071660000,2.3454
1747071720000,2.2036
1747071780000,2.2005
1747071840000,2.2154
1747071900000,2.322
1747071960000,2.3158
1747072020000,2.2382
1747072080000,2.264
1747072140000,2.2322
1747072200000,2.2534
1747072260000,2.2408
1747072320000,2.1696
1747072380000,2.2465
1747072440000,2.2997
1747072500000,2.2025
1747072560000,2.2247
1747072620000,2.2457
1747072680000,2.3827
1747072740000,2.2291
1747072800000,2.2603
1747072860000,2.3171
1747072920000,2.3062
1747072980000,2.2421
1747073040000,2.2602
1747073100000,2.3265
1747073160000,2.2458
1747073220000,2.1753
1747073280000,2.2538
1747073340000,2.2456
1747073400000,2.2363
1747073460000,2.2451
1747073520000,2.2932
1747073580000,2.2338
1747073640000,2.2049
1747073700000,2.2426
1747073760000,2.9266
1747073820000,2.2159
1747073880000,2.2126
1747073940000,2.2757
1747074000000,2.296
1747074060000,2.2102
1747074120000,2.2081
1747074180000,2.2942
1747074240000,2.4975
1747074300000,2.2345
1747074360000,2.3476
1747074420000,2.2706
1747074480000,2.4321
1747074540000,2.2901
1747074600000,2.2088
1747074660000,2.2791
1747074720000,2.2842
1747074780000,2.2579
1747074840000,2.1743
1747074900000,2.1898
1747074960000,2.2574
1747075020000,2.2329
1747075080000,2.1693
1747075140000,2.3694
1747075200000,2.2333
1747075260000,2.2889
1747075320000,2.3897
1747075380000,2.3185
1747075440000,2.2491
1747075500000,2.2152
1747075560000,2.5504
1747075620000,2.2286
1747075680000,2.274
1747075740000,2.2951
1747075800000,2.278
1747075860000,2.581
1747075920000,2.2456
1747075980000,2.2074
1747076040000,2.2242
1747076100000,2.2587
1747076160000,2.2701
1747076220000,2.3694
1747076280000,2.3547
1747076340000,2.2613
1747076400000,2.2942
1747076460000,2.3378
1747076520000,2.3039
1747076580000,2.2914
1747076640000,2.2476
1747076700000,2.1803
1747076760000,2.2684
1747076820000,2.2293
1747076880000,2.2957
1747076940000,2.3362
1747077000000,2.262
1747077060000,2.1955
1747077120000,2.2876
1747077180000,2.2302
1747077240000,2.2608
1747077300000,2.2418
1747077360000,2.3085
1747077420000,2.2473
1747077480000,2.1767
1747077540000,2.2795
1747077600000,2.2421
1747077660000,2.3333
1747077720000,2.279
1747077780000,2.3957
1747077840000,2.2326
1747077900000,2.257
1747077960000,2.283
1747078020000,2.3879
1747078080000,2.373
1747078140000,2.2626
1747078200000,2.2012
1747078260000,2.3223
1747078320000,2.2376
1747078380000,2.2041
1747078440000,2.1564
1747078500000,2.3455
1747078560000,2.5
1747078620000,2.1714
1747078680000,2.1652
1747078740000,2.2232
1747078800000,2.3696
1747078860000,2.1738
1747078920000,2.2184
1747078980000,2.2882
1747079040000,2.2248
1747079100000,2.481
1747079160000,2.3034
1747079220000,2.2425
1747079280000,2.286
1747079340000,2.3333
1747079400000,2.2734
1747079460000,2.1517
1747079520000,2.1797
1747079580000,2.3867
1747079640000,2.413
1747079700000,2.22
1747079760000,2.2197
1747079820000,2.2587
1747079880000,2.1876
1747079940000,2.1868
1747080000000,2.2719
1747080060000,2.3258
1747080120000,2.3428
1747080180000,2.1898
1747080240000,2.2652
1747080300000,2.2531
1747080360000,2.2517
1747080420000,2.1707
1747080480000,2.1776
1747080540000,2.2644
1747080600000,2.2085
1747080660000,2.4216
1747080720000,2.3677
1747080780000,2.2308
1747080840000,2.3608
1747080900000,2.2157
1747080960000,2.4808
1747081020000,2.3045
1747081080000,2.3164
1747081140000,2.253
1747081200000,2.3453
1747081260000,2.3251
1747081320000,2.4622
1747081380000,2.3902
1747081440000,2.211
1747081500000,2.3333
1747081560000,2.4046
1747081620000,2.2652
1747081680000,2.2837
1747081740000,2.5208
1747081800000,2.4872
1747081860000,2.3341
1747081920000,2.3449
1747081980000,2.3618
1747082040000,2.2606
1747082100000,2.3349
1747082160000,2.247
1747082220000,2.2165
1747082280000,2.2776
1747082340000,2.3704
1747082400000,2.1769
1747082460000,2.2462
1747082520000,2.3492
1747082580000,2.425
1747082640000,2.2033
1747082700000,2.3473
1747082760000,2.176
1747082820000,2.1296
1747082880000,2.3023
1747082940000,2.4464
1747083000000,2.1992
1747083060000,2.1946
1747083120000,2.1952
1747083180000,2.2153
1747083240000,2.2245
1747083300000,2.1242
1747083360000,2.1538
1747083420000,2.4176
1747083480000,2.3214
1747083540000,2.3072
1747083600000,2.2155
1747083660000,2.2569
1747083720000,2.2259
1747083780000,2.2853
1747083840000,2.3846
1747083900000,2.109
1747083960000,2.3039
1747084020000,2.2427
1747084080000,2.2775
1747084140000,2.2556
1747084200000,2.1911
1747084260000,2.1903
1747084320000,2.2752
1747084380000,2.1629
1747084440000,2.2657
1747084500000,2.2416
1747084560000,2.2153
1747084620000,2.2078
1747084680000,2.263
1747084740000,2.2819
1747084800000,2.2256
1747084860000,2.2731
1747084920000,2.3735
1747084980000,2.2563
1747085040000,2.2469
1747085100000,2.2722
1747085160000,2.2769
1747085220000,2.2109
1747085280000,2.2484
1747085340000,2.2921
1747085400000,2.384
1747085460000,2.2807
1747085520000,2.2479
1747085580000,2.2419
1747085640000,2.174
1747085700000,2.2567
1747085760000,2.3094
1747085820000,2.1851
1747085880000,2.3302
1747085940000,2.2603
1747086000000,2.1522
1747086060000,2.2121
1747086120000,2.2486
1747086180000,2.254
1747086240000,2.1831
1747086300000,2.3025
1747086360000,2.2371
1747086420000,2.2496
1747086480000,2.3711
1747086540000,2.217
1747086600000,2.2039
1747086660000,2.1925
1747086720000,2.1584
1747086780000,2.2652
1747086840000,2.2085
1747086900000,2.2448
1747086960000,2.2252
1747087020000,2.2391
1747087080000,2.2304
1747087140000,2.174
1747087200000,2.1884
1747087260000,2.2121
1747087320000,2.2412
1747087380000,2.2512
1747087440000,2.3294
1747087500000,2.2589
1747087560000,2.2683
1747087620000,2.2134
1747087680000,2.2634
1747087740000,2.2624
1747087800000,2.2442
1747087860000,2.258
1747087920000,2.2033
1747087980000,2.2409
1747088040000,2.2858
1747088100000,2.2707
1747088160000,2.2297
1747088220000,2.2468
1747088280000,2.2265
1747088340000,2.1757
1747088400000,2.2187
1747088460000,2.2509
1747088520000,2.2673
1747088580000,2.27
1747088640000,2.2732
1747088700000,2.2349
1747088760000,2.2618
1747088820000,2.2303
1747088880000,2.2135
1747088940000,2.2324
1747089000000,2.2522
1747089060000,2.2067
1747089120000,2.2575
1747089180000,2.2372
1747089240000,2.2388
1747089300000,2.2549
1747089360000,2.2518
1747089420000,2.3033
1747089480000,2.25
1747089540000,2.2573
1747089600000,2.2326
1747089660000,2.2367
1747089720000,2.2556
1747089780000,2.2142
1747089840000,2.2467
1747089900000,2.246
1747089960000,2.2873
1747090020000,2.2424
1747090080000,2.2949
1747090140000,2.2915
1747090200000,2.2497
1747090260000,2.2667
1747090320000,2.2294
1747090380000,2.2518
1747090440000,2.2594
1747090500000,2.2643
1747090560000,2.2325
1747090620000,2.213
1747090680000,2.2399
1747090740000,2.2343
1747090800000,2.2471
1747090860000,2.3148
1747090920000,2.2677
1747090980000,2.2398
1747091040000,2.2566
1747091100000,2.2575
1747091160000,2.2256
1747091220000,2.2449
1747091280000,2.2215
1747091340000,2.2094
1747091400000,2.2389
1747091460000,2.2346
1747091520000,2.2211
1747091580000,2.2469
1747091640000,2.2475
1747091700000,2.2514
1747091760000,2.2532
1747091820000,2.2483
1747091880000,2.2401
1747091940000,2.2773
1747092000000,2.2687
1747092060000,2.269
1747092120000,2.2601
1747092180000,2.2241
1747092240000,2.2483
1747092300000,2.2255
1747092360000,2.2425
1747092420000,2.2226
1747092480000,2.2155
1747092540000,2.2354
1747092600000,2.2433
1747092660000,2.2324
1747092720000,2.2471
1747092780000,2.2467
1747092840000,2.2279
1747092900000,2.2685
1747092960000,2.2703
1747093020000,2.2354
1747093080000,2.2257
1747093140000,2.2176
1747093200000,2.2332
1747093260000,2.2069
1747093320000,2.2217
1747093380000,2.2446
1747093440000,2.2469
1747093500000,2.2329
1747093560000,2.2485
1747093620000,2.261
1747093680000,2.2484
1747093740000,2.3065
1747093800000,2.257
1747093860000,2.254
1747093920000,2.2436
1747093980000,2.2366
1747094040000,2.2567
1747094100000,2.2783
1747094160000,2.2423
1747094220000,2.2572
1747094280000,2.2547
1747094340000,2.2418
1747094400000,2.2854
1747094460000,2.2858
1747094520000,2.2911
1747094580000,2.2799
1747094640000,2.2828
1747094700000,2.3054
1747094760000,2.3211
1747094820000,2.2717
1747094880000,2.2797
1747094940000,2.2719
1747095000000,2.2776
1747095060000,2.2613
1747095120000,2.2823
1747095180000,2.2723
1747095240000,2.3292
1747095300000,2.2928
1747095360000,2.3453
1747095420000,2.2823
1747095480000,2.2759
1747095540000,2.3103
1747095600000,2.3143
1747095660000,2.3132
1747095720000,2.2886
1747095780000,2.2822
1747095840000,2.305
1747095900000,2.3208
1747095960000,2.3044
1747096020000,2.305
1747096080000,2.2794
1747096140000,2.3376
1747096200000,2.3382
1747096260000,2.303
1747096320000,2.2957
1747096380000,2.2791
1747096440000,2.3148
1747096500000,2.2987
1747096560000,2.2768
1747096620000,2.3139
1747096680000,2.2847
1747096740000,2.2672
1747096800000,2.3227
1747096860000,2.3028
1747096920000,2.2621
1747096980000,2.278
1747097040000,2.2805
1747097100000,2.2758
1747097160000,2.2847
1747097220000,2.3279
1747097280000,2.2856
1747097340000,2.3091
1747097400000,2.3234
1747097460000,2.3097
1747097520000,2.3412
1747097580000,2.3523
1747097640000,2.3228
1747097700000,2.321
1747097760000,2.3247
1747097820000,2.3251
1747097880000,2.3215
1747097940000,2.3174
1747098000000,2.3445
1747098060000,2.3258
1747098120000,2.3435
1747098180000,2.3318
1747098240000,2.3193
1747098300000,2.3019
1747098360000,2.3109
1747098420000,2.3114
1747098480000,2.3406
1747098540000,2.2986
1747098600000,2.3249
1747098660000,2.3156
1747098720000,2.3147
1747098780000,2.3
1747098840000,2.3133
1747098900000,2.3247
1747098960000,2.3118
1747099020000,2.349
1747099080000,2.3265
1747099140000,2.2915
1747099200000,2.3274
1747099260000,2.3554
1747099320000,2.3438
1747099380000,2.3258
1747099440000,2.3165
1747099500000,2.3341
1747099560000,2.302
1747099620000,2.3341
1747099680000,2.3243
1747099740000,2.3577
1747099800000,2.3142
1747099860000,2.3489
1747099920000,2.3381
1747099980000,2.3161
1747100040000,2.3354
1747100100000,2.3138
1747100160000,2.3359
1747100220000,2.3424
1747100280000,2.3586
1747100340000,2.3169
1747100400000,2.3362
1747100460000,2.3413
1747100520000,2.3393
1747100580000,2.3229
1747100640000,2.3125
1747100700000,2.322
1747100760000,2.3597
1747100820000,2.3447
1747100880000,2.3355
1747100940000,2.3566
1747101000000,2.3271
1747101060000,2.3229
1747101120000,2.3174
1747101180000,2.3058
1747101240000,2.3034
1747101300000,2.3087
1747101360000,2.3056
1747101420000,2.3027
1747101480000,2.3261
1747101540000,2.3101
1747101600000,2.372
1747101660000,2.3644
1747101720000,2.3437
1747101780000,2.3629
1747101840000,2.3456
1747101900000,2.3278
1747101960000,2.3256
1747102020000,2.4174
1747102080000,2.3437
1747102140000,2.3259
1747102200000,2.3378
1747102260000,2.3492
1747102320000,2.3509
1747102380000,2.3477
1747102440000,2.3604
1747102500000,2.3344
1747102560000,2.3276
1747102620000,2.3637
1747102680000,2.3366
1747102740000,2.3528
1747102800000,2.3448
1747102860000,2.3589
1747102920000,2.3354
1747102980000,2.3283
1747103040000,2.3338
1747103100000,2.3554
1747103160000,2.356
1747103220000,2.3705
1747103280000,2.364
1747103340000,2.3537
1747103400000,2.3487
1747103460000,2.3528
1747103520000,2.3596
1747103580000,2.351
1747103640000,2.3453
1747103700000,2.3571
1747103760000,2.353
1747103820000,2.357
1747103880000,2.3486
1747103940000,2.3543
1747104000000,2.3403
1747104060000,2.3594
1747104120000,2.3556
1747104180000,2.3471
1747104240000,2.3502
1747104300000,2.3375
1747104360000,2.3395
1747104420000,2.3609
1747104480000,2.3631
1747104540000,2.3489
1747104600000,2.341
1747104660000,2.3892
1747104720000,2.3651
1747104780000,2.3283
1747104840000,2.3348
1747104900000,2.3309
1747104960000,2.3292
1747105020000,2.3639
1747105080000,2.3691
1747105140000,2.3041
1747105200000,2.3529
1747105260000,2.3678
1747105320000,2.3977
1747105380000,2.375
1747105440000,2.3447
1747105500000,2.3265
1747105560000,2.3321
1747105620000,2.3714
1747105680000,2.3605
1747105740000,2.3464
1747105800000,2.3268
1747105860000,2.3579
1747105920000,2.3613
1747105980000,2.3525
1747106040000,2.3327
1747106100000,2.3497
1747106160000,2.3074
1747106220000,2.3371
1747106280000,2.3397
1747106340000,2.3387
1747106400000,2.3636
1747106460000,2.3799
1747106520000,2.3534
1747106580000,2.3329
1747106640000,2.3302
1747106700000,2.3276
1747106760000,2.3175
1747106820000,2.349
1747106880000,2.3406
1747106940000,2.3242
1747107000000,2.3436
1747107060000,2.3573
1747107120000,2.3771
1747107180000,2.3563
1747107240000,2.3678
1747107300000,2.3295
1747107360000,2.3376
1747107420000,2.3389
1747107480000,2.3428
1747107540000,2.301
1747107600000,2.3391
1747107660000,2.3328
1747107720000,2.3268
1747107780000,2.3184
1747107840000,2.314
1747107900000,2.3479
1747107960000,2.3217
1747108020000,2.3357
1747108080000,2.3159
1747108140000,2.3105
1747108200000,2.3106
1747108260000,2.3093
1747108320000,2.3291
1747108380000,2.3253
1747108440000,2.2914
1747108500000,2.2689
1747108560000,2.2825
1747108620000,2.3266
1747108680000,2.3353
1747108740000,2.2894
1747108800000,2.3251
1747108860000,2.3445
1747108920000,2.3596
1747108980000,2.3138
1747109040000,2.3368
1747109100000,2.3209
1747109160000,2.2916
1747109220000,2.3357
1747109280000,2.3381
1747109340000,2.3083
1747109400000,2.3096
1747109460000,2.3087
1747109520000,2.3094
1747109580000,2.2813
1747109640000,2.3067
1747109700000,2.2859
1747109760000,2.3052
1747109820000,2.3192
1747109880000,2.3216
1747109940000,2.3286
1747110000000,2.3055
1747110060000,2.3065
1747110120000,2.3252
1747110180000,2.2979
1747110240000,2.2782
1747110300000,2.2826
1747110360000,2.2845
1747110420000,2.3269
1747110480000,2.2914
1747110540000,2.2847
1747110600000,2.2941
1747110660000,2.3072
1747110720000,2.3081
1747110780000,2.3048
1747110840000,2.3025
1747110900000,2.3139
1747110960000,2.2949
1747111020000,2.307
1747111080000,2.3207
1747111140000,2.3129
1747111200000,2.3156
1747111260000,2.2864
1747111320000,2.3059
1747111380000,2.2993
1747111440000,2.2874
1747111500000,2.3044
1747111560000,2.3015
1747111620000,2.3001
1747111680000,2.3031
1747111740000,2.3151
1747111800000,2.3022
1747111860000,2.3104
1747111920000,2.2974
1747111980000,2.2566
1747112040000,2.2826
1747112100000,2.2503
1747112160000,2.2638
1747112220000,2.2794
1747112280000,2.2549
1747112340000,2.2206
1747112400000,2.2779
1747112460000,2.2933
1747112520000,2.32
1747112580000,2.2784
1747112640000,2.2654
1747112700000,2.2617
1747112760000,2.2888
1747112820000,2.2861
1747112880000,2.2601
1747112940000,2.2406
1747113000000,2.2477
1747113060000,2.2433
1747113120000,2.2844
1747113180000,2.2807
1747113240000,2.2449
1747113300000,2.2681
1747113360000,2.2613
1747113420000,2.2554
1747113480000,2.2728
1747113540000,2.2461
1747113600000,2.2615
1747113660000,2.2859
1747113720000,2.2765
1747113780000,2.2832
1747113840000,2.2609
1747113900000,2.2561
1747113960000,2.2466
1747114020000,2.2577
1747114080000,2.2766
1747114140000,2.2535
1747114200000,2.2581
1747114260000,2.2723
1747114320000,2.2862
1747114380000,2.3323
1747114440000,2.2543
1747114500000,2.2669
1747114560000,2.2559
1747114620000,2.2702
1747114680000,2.3044
1747114740000,2.3017
1747114800000,2.2635
1747114860000,2.2684
1747114920000,2.2682
1747114980000,2.3028
1747115040000,2.3179
1747115100000,2.2842
1747115160000,2.2812
1747115220000,2.2865
1747115280000,2.2988
1747115340000,2.2965
1747115400000,2.2868
1747115460000,2.2973
1747115520000,2.2952
1747115580000,2.291
1747115640000,2.2947
1747115700000,2.2547
1747115760000,2.2813
1747115820000,2.268
1747115880000,2.2776
1747115940000,2.2529
1747116000000,2.3097
1747116060000,2.2967
1747116120000,2.3103
1747116180000,2.3378
1747116240000,2.3036
1747116300000,2.2986
1747116360000,2.3107
1747116420000,2.2838
1747116480000,2.3141
1747116540000,2.2936
1747116600000,2.286
1747116660000,2.2811
1747116720000,2.2816
1747116780000,2.2837
1747116840000,2.2674
1747116900000,2.3081
1747116960000,2.2954
1747117020000,2.2938
1747117080000,2.302
1747117140000,2.2916
1747117200000,2.2848
1747117260000,2.273
1747117320000,2.3158
1747117380000,2.2977
1747117440000,2.2985
1747117500000,2.272
1747117560000,2.2689
1747117620000,2.2805
1747117680000,2.2883
1747117740000,2.2724
1747117800000,2.2955
1747117860000,2.2937
1747117920000,2.3094
1747117980000,2.31
1747118040000,2.3061
1747118100000,2.296
1747118160000,2.2907
1747118220000,2.2889
1747118280000,2.2906
1747118340000,2.3139
1747118400000,2.2964
1747118460000,2.2851
1747118520000,2.2784
1747118580000,2.2961
1747118640000,2.305
1747118700000,2.2937
1747118760000,2.3017
1747118820000,2.3016
1747118880000,2.3068
1747118940000,2.2663
1747119000000,2.3113
1747119060000,2.2923
1747119120000,2.2869
1747119180000,2.2622
1747119240000,2.2735
1747119300000,2.251
1747119360000,2.2626
1747119420000,2.2998
1747119480000,2.3022
1747119540000,2.2694
1747119600000,2.3071
1747119660000,2.3123
1747119720000,2.3169
1747119780000,2.3125
1747119840000,2.2891
1747119900000,2.3108
1747119960000,2.3052
1747120020000,2.2961
1747120080000,2.283
1747120140000,2.2698
1747120200000,2.2941
1747120260000,2.288
1747120320000,2.2959
1747120380000,2.2969
1747120440000,2.2939
1747120500000,2.3133
1747120560000,2.3026
1747120620000,2.3268
1747120680000,2.3047
1747120740000,2.283
1747120800000,2.3034
1747120860000,2.3246
1747120920000,2.3291
1747120980000,2.3375
1747121040000,2.313
1747121100000,2.3177
1747121160000,2.3421
1747121220000,2.319
1747121280000,2.3062
1747121340000,2.287
1747121400000,2.2917
1747121460000,2.2957
1747121520000,2.3299
1747121580000,2.3292
1747121640000,2.3066
1747121700000,2.2871
1747121760000,2.3181
1747121820000,2.2969
1747121880000,2.2844
1747121940000,2.2712
1747122000000,2.2761
1747122060000,2.2936
1747122120000,2.3012
1747122180000,2.2812
1747122240000,2.2967
1747122300000,2.3126
1747122360000,2.3192
1747122420000,2.322
1747122480000,2.3464
1747122540000,2.3114
1747122600000,2.3428
1747122660000,2.3071
1747122720000,2.3098
1747122780000,2.2866
1747122840000,2.3207
1747122900000,2.3314
1747122960000,2.3083
1747123020000,2.3055
1747123080000,2.3087
1747123140000,2.3166
1747123200000,2.3592
1747123260000,2.3434
1747123320000,2.3504
1747123380000,2.3355
1747123440000,2.3394
1747123500000,2.3623
1747123560000,2.3337
1747123620000,2.3155
1747123680000,2.3291
1747123740000,2.3222
1747123800000,2.3378
1747123860000,2.3203
1747123920000,2.3245
1747123980000,2.3112
1747124040000,2.3021
1747124100000,2.3467
1747124160000,2.3027
1747124220000,2.2968
1747124280000,2.3259
1747124340000,2.3222
1747124400000,2.3498
1747124460000,2.3547
1747124520000,2.3164
1747124580000,2.3348
1747124640000,2.3534
1747124700000,2.3358
1747124760000,2.3398
1747124820000,2.3238
1747124880000,2.3234
1747124940000,2.3372
1747125000000,2.3454
1747125060000,2.3442
1747125120000,2.3174
1747125180000,2.3438
1747125240000,2.3242
1747125300000,2.3253
1747125360000,2.3132
1747125420000,2.3146
1747125480000,2.3109
1747125540000,2.3058
1747125600000,2.3119
1747125660000,2.3381
1747125720000,2.3652
1747125780000,2.3559
1747125840000,2.3731
1747125900000,2.3381
1747125960000,2.3703
1747126020000,2.3639
1747126080000,2.3553
1747126140000,2.3591
1747126200000,2.3633
1747126260000,2.367
1747126320000,2.3517
1747126380000,2.3632
1747126440000,2.3322
1747126500000,2.343
1747126560000,2.3542
1747126620000,2.3267
1747126680000,2.3257
1747126740000,2.3537
1747126800000,2.4139
1747126860000,2.3806
1747126920000,2.3789
1747126980000,2.3656
1747127040000,2.3149
1747127100000,1.5949
1747127160000,1.5894
1747127220000,1.5902
1747127280000,1.5825
1747127340000,1.5888
1747127400000,1.5907
1747127460000,1.5884
1747127520000,1.582
1747127580000,1.5781
1747127640000,1.5712
1747127700000,1.5912
1747127760000,1.5675
1747127820000,1.571
1747127880000,1.5787
1747127940000,1.5724
1747128000000,1.6038
1747128060000,1.5791
1747128120000,1.5876
1747128180000,1.5889
1747128240000,1.5894
1747128300000,1.5974
1747128360000,1.5839
1747128420000,1.5871
1747128480000,1.5806
1747128540000,1.5974
1747128600000,1.6099
1747128660000,1.5746
1747128720000,1.6005
1747128780000,1.5759
1747128840000,1.5737
1747128900000,1.5644
1747128960000,1.5851
1747129020000,1.5729
1747129080000,1.5734
1747129140000,1.5925
1747129200000,1.6066
1747129260000,1.5783
1747129320000,1.5899
1747129380000,1.6157
1747129440000,1.6069
1747129500000,1.5872
1747129560000,1.5948
1747129620000,1.6024
1747129680000,1.5799
1747129740000,1.6039
1747129800000,1.5913
1747129860000,1.596
1747129920000,1.5806
1747129980000,1.6053
1747130040000,1.6046
1747130100000,1.5911
1747130160000,1.5685
1747130220000,1.5909
1747130280000,1.5794
1747130340000,1.5947
1747130400000,1.6219
1747130460000,1.6117
1747130520000,1.6056
1747130580000,1.5879
1747130640000,1.5862
1747130700000,1.5801
1747130760000,1.597
1747130820000,1.5935
1747130880000,1.6102
1747130940000,1.5875
1747131000000,1.59
1747131060000,1.6055
1747131120000,1.5797
1747131180000,1.571
1747131240000,1.5839
1747131300000,1.5847
1747131360000,1.6
1747131420000,1.5844
1747131480000,1.5912
1747131540000,1.5893
1747131600000,1.5973
1747131660000,1.5836
1747131720000,1.5841
1747131780000,1.6301
1747131840000,1.6129
1747131900000,1.601
1747131960000,1.6133
1747132020000,1.5829
1747132080000,1.582
1747132140000,1.5647
1747132200000,1.5949
1747132260000,1.5897
1747132320000,1.5672
1747132380000,1.5746
1747132440000,1.5669
1747132500000,1.5631
1747132560000,1.5721
1747132620000,1.5632
1747132680000,1.5976
1747132740000,1.5636
1747132800000,1.5537
1747132860000,1.5633
1747132920000,1.5955
1747132980000,1.5899
1747133040000,1.5816
1747133100000,1.5904
1747133160000,1.5936
1747133220000,1.5702
1747133280000,1.5839
1747133340000,1.5644
1747133400000,1.5736
1747133460000,1.5825
1747133520000,1.577
1747133580000,1.5856
1747133640000,1.5737
1747133700000,1.5854
1747133760000,1.5694
1747133820000,1.5734
1747133880000,1.5782
1747133940000,1.5975
1747134000000,1.5953
1747134060000,1.5683
1747134120000,1.5764
1747134180000,1.5774
1747134240000,1.5797
1747134300000,1.5896
1747134360000,1.563
1747134420000,1.5562
1747134480000,1.5443
1747134540000,1.5512
1747134600000,1.5767
1747134660000,1.5552
1747134720000,1.5674
1747134780000,1.5679
1747134840000,1.5582
1747134900000,1.5677
1747134960000,1.5641
1747135020000,1.5415
1747135080000,1.5416
1747135140000,1.5383
1747135200000,1.5656
1747135260000,1.5668
1747135320000,1.5692
1747135380000,1.5574
1747135440000,1.5493
1747135500000,1.5611
1747135560000,1.5659
1747135620000,1.5732
1747135680000,1.5663
1747135740000,1.5694
1747135800000,1.5799
1747135860000,1.5543
1747135920000,1.5582
1747135980000,1.5654
1747136040000,1.5691
1747136100000,1.5526
1747136160000,1.5556
1747136220000,1.5578
1747136280000,1.5683
1747136340000,1.5642
1747136400000,1.5721
1747136460000,1.5573
1747136520000,1.5858
1747136580000,1.5618
1747136640000,1.5546
1747136700000,1.5447
1747136760000,1.5587
1747136820000,1.5786
1747136880000,1.585
1747136940000,1.5644
1747137000000,1.5795
1747137060000,1.5611
1747137120000,1.6053
1747137180000,1.5759
1747137240000,1.5783
1747137300000,1.5654
1747137360000,1.5498
1747137420000,1.5633
1747137480000,1.5808
1747137540000,1.576
1747137600000,1.5801
1747137660000,1.585
1747137720000,1.5817
1747137780000,1.5838
1747137840000,1.5906
1747137900000,1.6127
1747137960000,1.583
1747138020000,1.5648
1747138080000,1.5705
1747138140000,1.5707
1747138200000,1.6089
1747138260000,1.5567
1747138320000,1.5625
1747138380000,1.5549
1747138440000,1.5598
1747138500000,1.5806
1747138560000,1.5741
1747138620000,1.5726
1747138680000,1.5471
1747138740000,1.5414
1747138800000,1.5746
1747138860000,1.583
1747138920000,1.5697
1747138980000,1.5893
1747139040000,1.5663
1747139100000,1.5535
1747139160000,1.5536
1747139220000,1.5591
1747139280000,1.5534
1747139340000,1.5384
1747139400000,1.5554
1747139460000,1.5398
1747139520000,1.5555
1747139580000,1.5675
1747139640000,1.5534
1747139700000,1.5443
1747139760000,1.5679
1747139820000,1.5616
1747139880000,1.541
1747139940000,1.5495
1747140000000,1.5579
1747140060000,1.5485
1747140120000,1.5487
1747140180000,1.5777
1747140240000,1.5632
1747140300000,1.5535
1747140360000,1.5679
1747140420000,1.572
1747140480000,1.5607
1747140540000,1.5829
1747140600000,1.6261
1747140660000,1.5848
1747140720000,1.572
1747140780000,1.5791
1747140840000,1.5553
1747140900000,1.548
1747140960000,1.5642
1747141020000,1.5757
1747141080000,1.5623
1747141140000,1.5441
1747141200000,1.5919
1747141260000,1.5479
1747141320000,1.5733
1747141380000,1.5564
1747141440000,1.5716
1747141500000,1.5768
1747141560000,1.5649
1747141620000,1.5587
1747141680000,1.5751
1747141740000,1.5659
1747141800000,1.5534
1747141860000,1.5453
1747141920000,1.5255
1747141980000,1.5335
1747142040000,1.5849
1747142100000,1.5473
1747142160000,1.5459
1747142220000,1.5417
1747142280000,1.5426
1747142340000,1.5339
1747142400000,1.5761
1747142460000,1.5472
1747142520000,1.5524
1747142580000,1.5512
1747142640000,1.5642
1747142700000,1.5689
1747142760000,1.5617
1747142820000,1.5672
1747142880000,1.5709
1747142940000,1.5297
1747143000000,1.5746
1747143060000,1.5494
1747143120000,1.5493
1747143180000,1.5675
1747143240000,1.5535
1747143300000,1.545
1747143360000,1.5537
1747143420000,1.5378
1747143480000,1.5401
1747143540000,1.5522
1747143600000,1.545
1747143660000,1.5381
1747143720000,1.5385
1747143780000,1.5217
1747143840000,1.5318
1747143900000,1.5205
1747143960000,1.5766
1747144020000,1.5542
1747144080000,1.5463
1747144140000,1.56
1747144200000,1.5821
1747144260000,1.5498
1747144320000,1.5588
1747144380000,1.5372
1747144440000,1.5638
1747144500000,1.5554
1747144560000,1.5488
1747144620000,1.5356
1747144680000,1.5526
1747144740000,1.58
1747144800000,1.6215
1747144860000,1.5718
1747144920000,1.558
1747144980000,1.5606
1747145040000,1.5765
1747145100000,1.5627
1747145160000,1.5732
1747145220000,1.5579
1747145280000,1.5312
1747145340000,1.5621
1747145400000,1.5766
1747145460000,1.5697
1747145520000,1.5771
1747145580000,1.5459
1747145640000,1.5654
1747145700000,1.5658
1747145760000,1.609
1747145820000,1.5752
1747145880000,1.5658
1747145940000,1.5462
1747146000000,1.5808
1747146060000,1.5959
1747146120000,1.5661
1747146180000,1.5616
1747146240000,1.6005
1747146300000,1.557
1747146360000,1.569
1747146420000,1.5405
1747146480000,1.5601
1747146540000,1.5632
1747146600000,1.5688
1747146660000,1.5919
1747146720000,1.5739
1747146780000,1.534
1747146840000,1.5435
1747146900000,1.5677
1747146960000,1.5632
1747147020000,1.5456
1747147080000,1.5311
1747147140000,1.5206
1747147200000,1.5405
1747147260000,1.5137
1747147320000,1.5872
1747147380000,1.5268
1747147440000,1.5292
1747147500000,1.5113
1747147560000,1.5479
1747147620000,1.5365
1747147680000,1.585
1747147740000,1.5087
1747147800000,1.5542
1747147860000,1.5122
1747147920000,1.5392
1747147980000,1.5566
1747148040000,1.5735
1747148100000,1.542
1747148160000,1.5235
1747148220000,1.5615
1747148280000,1.5236
1747148340000,1.5082
1747148400000,1.5798
1747148460000,1.5424
1747148520000,1.5795
1747148580000,1.5759
1747148640000,1.5203
1747148700000,1.5175
1747148760000,1.5271
1747148820000,1.5304
1747148880000,1.5347
1747148940000,1.5099
1747149000000,1.515
1747149060000,1.4888
1747149120000,1.4816
1747149180000,1.5368
1747149240000,1.5131
1747149300000,1.5397
1747149360000,1.5176
1747149420000,1.505
1747149480000,1.56
1747149540000,1.5454
1747149600000,1.5046
1747149660000,1.5909
1747149720000,1.5411
1747149780000,1.5125
1747149840000,1.5243
1747149900000,1.5237
1747149960000,1.5438
1747150020000,1.532
1747150080000,1.493
1747150140000,1.4906
1747150200000,1.5215
1747150260000,1.566
1747150320000,1.57
1747150380000,1.5213
1747150440000,1.4994
1747150500000,1.5096
1747150560000,1.5189
1747150620000,1.4913
1747150680000,1.5129
1747150740000,1.514
1747150800000,1.5168
1747150860000,1.5384
1747150920000,1.4759
1747150980000,1.4876
1747151040000,1.5358
1747151100000,1.4991
1747151160000,1.495
1747151220000,1.5067
1747151280000,1.5306
1747151340000,1.6164
1747151400000,2.1833
1747151460000,2.1861
1747151520000,2.1688
1747151580000,2.1942
1747151640000,2.202
1747151700000,2.169
1747151760000,2.179
1747151820000,2.1613
1747151880000,2.2005
1747151940000,2.2252
1747152000000,2.2388
1747152060000,2.2565
1747152120000,2.2892
1747152180000,2.2473
1747152240000,2.2345
1747152300000,2.2807
1747152360000,2.2297
1747152420000,2.2282
1747152480000,2.2804
1747152540000,2.1969
1747152600000,2.2302
1747152660000,2.2153
1747152720000,2.2372
1747152780000,2.2267
1747152840000,2.2468
1747152900000,2.2779
1747152960000,2.2526
1747153020000,2.239
1747153080000,2.2229
1747153140000,2.242
1747153200000,2.281
1747153260000,2.2694
1747153320000,2.4019
1747153380000,2.2412
1747153440000,2.2537
1747153500000,2.2651
1747153560000,2.209
1747153620000,2.2718
1747153680000,2.1992
1747153740000,2.2867
1747153800000,2.2885
1747153860000,2.2773
1747153920000,2.2056
1747153980000,2.2791
1747154040000,2.2975
1747154100000,2.262
1747154160000,2.2399
1747154220000,2.2353
1747154280000,2.2246
1747154340000,2.2837
1747154400000,2.3063
1747154460000,2.2763
1747154520000,2.2817
1747154580000,2.2221
1747154640000,2.2453
1747154700000,2.2398
1747154760000,2.2713
1747154820000,2.2391
1747154880000,2.2164
1747154940000,2.2591
1747155000000,2.2764
1747155060000,2.2248
1747155120000,2.2367
1747155180000,2.2589
1747155240000,2.229
1747155300000,2.1991
1747155360000,2.2738
1747155420000,2.2251
1747155480000,2.2344
1747155540000,2.2295
1747155600000,2.2435
1747155660000,2.1877
1747155720000,2.222
1747155780000,2.2249
1747155840000,2.1937
1747155900000,2.2877
1747155960000,2.2553
1747156020000,2.197
1747156080000,2.222
1747156140000,2.2914
1747156200000,2.2636
1747156260000,2.2961
1747156320000,2.2549
1747156380000,2.2271
1747156440000,2.2374
1747156500000,2.2387
1747156560000,2.2249
1747156620000,2.2181
1747156680000,2.2453
1747156740000,2.1966
1747156800000,2.2814
1747156860000,2.2421
1747156920000,2.2503
1747156980000,2.2306
1747157040000,2.2414
1747157100000,2.218
1747157160000,2.2341
1747157220000,2.2737
1747157280000,2.2351
1747157340000,2.2696
1747157400000,2.2682
1747157460000,2.3207
1747157520000,2.2354
1747157580000,2.2989
1747157640000,2.2117
1747157700000,2.2679
1747157760000,2.2786
1747157820000,2.257
1747157880000,2.3181
1747157940000,2.3562
1747158000000,2.2417
1747158060000,2.1892
1747158120000,2.2433
1747158180000,2.2778
1747158240000,2.2336
1747158300000,2.2077
1747158360000,2.3878
1747158420000,2.1936
1747158480000,2.2857
1747158540000,2.3063
1747158600000,2.1978
1747158660000,2.3354
1747158720000,2.2404
1747158780000,2.1593
1747158840000,2.2634
1747158900000,2.2127
1747158960000,2.3058
1747159020000,2.2623
1747159080000,2.2333
1747159140000,2.2846
1747159200000,2.3025
1747159260000,2.2165
1747159320000,2.2215
1747159380000,2.2107
1747159440000,2.3247
1747159500000,2.3427
1747159560000,2.2936
1747159620000,2.1772
1747159680000,2.2206
1747159740000,2.2345
1747159800000,2.3239
1747159860000,2.2657
1747159920000,2.3234
1747159980000,2.3938
1747160040000,2.3087
1747160100000,2.2597
1747160160000,2.2586
1747160220000,2.1181
1747160280000,2.6024
1747160340000,2.2714
1747160400000,2.4938
1747160460000,2.3075
1747160520000,2.2539
1747160580000,2.2365
1747160640000,2.359
1747160700000,2.3788
1747160760000,2.1738
1747160820000,2.2582
1747160880000,2.1635
1747160940000,2.2629
1747161000000,2.3532
1747161060000,2.2653
1747161120000,2.2807
1747161180000,2.267
1747161240000,2.2899
1747161300000,2.3261
1747161360000,2.2722
1747161420000,2.3853
1747161480000,2.26
1747161540000,2.3248
1747161600000,2.2682
1747161660000,2.2617
1747161720000,2.2235
1747161780000,2.2932
1747161840000,2.2438
1747161900000,2.2012
1747161960000,2.2702
1747162020000,2.3074
1747162080000,2.302
1747162140000,2.5714
1747162200000,2.3407
1747162260000,2.2875
1747162320000,2.3395
1747162380000,2.3868
1747162440000,2.2594
1747162500000,2.2287
1747162560000,2.2557
1747162620000,2.323
1747162680000,2.2312
1747162740000,2.2289
1747162800000,2.2363
1747162860000,2.2299
1747162920000,2.3177
1747162980000,2.3138
1747163040000,2.3718
1747163100000,2.3016
1747163160000,2.3321
1747163220000,2.3191
1747163280000,2.2472
1747163340000,2.2821
1747163400000,2.3029
1747163460000,2.3048
1747163520000,2.2969
1747163580000,2.1084
1747163640000,2.2923
1747163700000,2.4182
1747163760000,2.268
1747163820000,2.3214
1747163880000,2.3709
1747163940000,2.2367
1747164000000,2.2236
1747164060000,2.3388
1747164120000,2.219
1747164180000,2.2665
1747164240000,2.2932
1747164300000,2.435
1747164360000,2.2326
1747164420000,2.2625
1747164480000,2.1584
1747164540000,2.268
1747164600000,2.2824
1747164660000,2.2366
1747164720000,2.4286
1747164780000,2.2701
1747164840000,2.277
1747164900000,2.277
1747164960000,2.3606
1747165020000,2.2731
1747165080000,2.2278
1747165140000,2.1576
1747165200000,2.2374
1747165260000,2.2806
1747165320000,2.316
1747165380000,2.3409
1747165440000,2.3305
1747165500000,2.3598
1747165560000,2.3074
1747165620000,2.3274
1747165680000,2.2402
1747165740000,2.2982
1747165800000,2.2718
1747165860000,2.3429
1747165920000,2.5652
1747165980000,2.2472
1747166040000,2.2845
1747166100000,2.2355
1747166160000,2.2447
1747166220000,2.2366
1747166280000,2.2216
1747166340000,2.2206
1747166400000,2.2759
1747166460000,2.2709
1747166520000,2.2255
1747166580000,2.2099
1747166640000,2.4791
1747166700000,2.2465
1747166760000,2.2665
1747166820000,2.3218
1747166880000,2.2583
1747166940000,2.3302
1747167000000,2.2413
1747167060000,2.3211
1747167120000,2.3189
1747167180000,2.3202
1747167240000,2.2035
1747167300000,2.2626
1747167360000,2.2449
1747167420000,2.3032
1747167480000,2.1795
1747167540000,2.358
1747167600000,2.2417
1747167660000,2.1731
1747167720000,2.3097
1747167780000,2.2556
1747167840000,2.291
1747167900000,2.2524
1747167960000,2.2069
1747168020000,2.2617
1747168080000,2.2278
1747168140000,2.2667
1747168200000,2.4756
1747168260000,2.25
1747168320000,2.322
1747168380000,2.2803
1747168440000,2.2531
1747168500000,2.3523
1747168560000,2.3114
1747168620000,2.1011
1747168680000,2.2303
1747168740000,2.2035
1747168800000,2.3874
1747168860000,2.2178
1747168920000,2.3563
1747168980000,2.1832
1747169040000,2.21
1747169100000,2.2632
1747169160000,2.3028
1747169220000,2.4828
1747169280000,2.2949
1747169340000,2.1735
1747169400000,2.2939
1747169460000,2.2446
1747169520000,2.346
1747169580000,2.2426
1747169640000,2.2291
1747169700000,2.2766
1747169760000,2.2474
1747169820000,2.2721
1747169880000,2.2852
1747169940000,2.2273
1747170000000,2.4067
1747170060000,2.2796
1747170120000,2.3223
1747170180000,2.228
1747170240000,2.2172
1747170300000,2.2815
1747170360000,2.3
1747170420000,2.3397
1747170480000,2.2518
1747170540000,2.1733
1747170600000,2.235
1747170660000,2.2859
1747170720000,2.2146
1747170780000,2.2743
1747170840000,2.2298
1747170900000,2.1572
1747170960000,2.241
1747171020000,2.2737
1747171080000,2.2994
1747171140000,2.1723
1747171200000,2.2972
1747171260000,2.247
1747171320000,2.2665
1747171380000,2.3725
1747171440000,2.2602
1747171500000,2.2892
1747171560000,2.2973
1747171620000,2.222
1747171680000,2.3125
1747171740000,2.2997
1747171800000,2.2825
1747171860000,2.3565
1747171920000,2.263
1747171980000,2.3
1747172040000,2.2819
1747172100000,2.2727
1747172160000,2.2774
1747172220000,2.2459
1747172280000,2.241
1747172340000,2.227
1747172400000,2.2753
1747172460000,2.1806
1747172520000,2.1539
1747172580000,2.2444
1747172640000,2.2915
1747172700000,2.2442
1747172760000,2.2112
1747172820000,2.1995
1747172880000,2.2549
1747172940000,2.1927
1747173000000,2.2443
1747173060000,2.2362
1747173120000,2.2228
1747173180000,2.2256
1747173240000,2.1742
1747173300000,2.222
1747173360000,2.1955
1747173420000,2.2184
1747173480000,2.2422
1747173540000,2.2578
1747173600000,2.2334
1747173660000,2.1899
1747173720000,2.2108
1747173780000,2.3786
1747173840000,2.2197
1747173900000,2.4585
1747173960000,2.2542
1747174020000,2.2801
1747174080000,2.1811
1747174140000,2.2481
1747174200000,2.2197
1747174260000,2.2623
1747174320000,2.2215
1747174380000,2.2714
1747174440000,2.2604
1747174500000,2.2345
1747174560000,2.2665
1747174620000,2.1992
1747174680000,2.2053
1747174740000,2.2623
1747174800000,2.2633
1747174860000,2.2667
1747174920000,2.2296
1747174980000,2.2848
1747175040000,2.2765
1747175100000,2.2479
1747175160000,2.2167
1747175220000,2.2317
1747175280000,2.2806
1747175340000,2.2623
1747175400000,2.281
1747175460000,2.2702
1747175520000,2.2965
1747175580000,2.2398
1747175640000,2.3147
1747175700000,2.3023
1747175760000,2.2559
1747175820000,2.2817
1747175880000,2.2489
1747175940000,2.2331
1747176000000,2.2556
1747176060000,2.2413
1747176120000,2.2208
1747176180000,2.2143
1747176240000,2.2426
1747176300000,2.1931
1747176360000,2.2759
1747176420000,2.2511
1747176480000,2.2648
1747176540000,2.2685
1747176600000,2.1991
1747176660000,2.2475
1747176720000,2.2113
1747176780000,2.2361
1747176840000,2.2525
1747176900000,2.2258
1747176960000,2.2162
1747177020000,2.2615
1747177080000,2.2383
1747177140000,2.2108
1747177200000,2.2466
1747177260000,2.2787
1747177320000,2.2481
1747177380000,2.2477
1747177440000,2.2371
1747177500000,2.2173
1747177560000,2.2397
1747177620000,2.2513
1747177680000,2.2514
1747177740000,2.2731
1747177800000,2.2455
1747177860000,2.2549
1747177920000,2.2392
1747177980000,2.2009
1747178040000,2.2448
1747178100000,2.2521
1747178160000,2.2409
1747178220000,2.2266
1747178280000,2.2582
1747178340000,2.2586
1747178400000,2.282
1747178460000,2.2444
1747178520000,2.2723
1747178580000,2.2351
1747178640000,2.2384
1747178700000,2.2922
1747178760000,2.2593
1747178820000,2.2308
1747178880000,2.2215
1747178940000,2.2367
1747179000000,2.2458
1747179060000,2.3047
1747179120000,2.2608
1747179180000,2.2014
1747179240000,2.2139
1747179300000,2.196
1747179360000,2.185
1747179420000,2.2266
1747179480000,2.1964
1747179540000,2.202
1747179600000,2.229
1747179660000,2.1965
1747179720000,2.2084
1747179780000,2.1989
1747179840000,2.1973
1747179900000,2.2016
1747179960000,2.2056
1747180020000,2.2169
1747180080000,2.2438
1747180140000,2.2338
1747180200000,2.2298
1747180260000,2.2656
1747180320000,2.2519
1747180380000,2.2385
1747180440000,2.238
1747180500000,2.2255
1747180560000,2.2068
1747180620000,2.2516
1747180680000,2.2251
1747180740000,2.2374
1747180800000,2.2781
1747180860000,2.2456
1747180920000,2.2736
1747180980000,2.2564
1747181040000,2.3025
1747181100000,2.2782
1747181160000,2.2712
1747181220000,2.2518
1747181280000,2.2479
1747181340000,2.2434
1747181400000,2.2548
1747181460000,2.2643
1747181520000,2.2521
1747181580000,2.2623
1747181640000,2.2414
1747181700000,2.2705
1747181760000,2.2783
1747181820000,2.267
1747181880000,2.2663
1747181940000,2.2773
1747182000000,2.2861
1747182060000,2.2797
1747182120000,2.2976
1747182180000,2.2824
1747182240000,2.3183
1747182300000,2.277
1747182360000,2.2947
1747182420000,2.2693
1747182480000,2.2605
1747182540000,2.2775
1747182600000,2.2954
1747182660000,2.2751
1747182720000,2.2858
1747182780000,2.269
1747182840000,2.2944
1747182900000,2.3027
1747182960000,2.3351
1747183020000,2.3139
1747183080000,2.2729
1747183140000,2.2691
1747183200000,2.3192
1747183260000,2.2593
1747183320000,2.2817
1747183380000,2.277
1747183440000,2.3256
1747183500000,2.3094
1747183560000,2.3086
1747183620000,2.3056
1747183680000,2.3014
1747183740000,2.3032
1747183800000,2.2964
1747183860000,2.3137
1747183920000,2.303
1747183980000,2.3036
1747184040000,2.3127
1747184100000,2.3109
1747184160000,2.2801
1747184220000,2.2957
1747184280000,2.2976
1747184340000,2.2918
1747184400000,2.3308
1747184460000,2.2988
1747184520000,2.3838
1747184580000,2.3092
1747184640000,2.3067
1747184700000,2.3445
1747184760000,2.3108
1747184820000,2.3147
1747184880000,2.303
1747184940000,2.2985
1747185000000,2.3132
1747185060000,2.3081
1747185120000,2.2731
1747185180000,2.2952
1747185240000,2.3192
1747185300000,2.3188
1747185360000,2.3181
1747185420000,2.3207
1747185480000,2.3108
1747185540000,2.3175
1747185600000,2.3361
1747185660000,2.3245
1747185720000,2.3308
1747185780000,2.318
1747185840000,2.3159
1747185900000,2.3282
1747185960000,2.3304
1747186020000,2.3328
1747186080000,2.3133
1747186140000,2.3233
1747186200000,2.3359
1747186260000,2.3047
1747186320000,2.3114
1747186380000,2.2952
1747186440000,2.3023
1747186500000,2.3236
1747186560000,2.3312
1747186620000,2.3226
1747186680000,2.3171
1747186740000,2.3059
1747186800000,2.3566
1747186860000,2.3074
1747186920000,2.2882
1747186980000,2.2923
1747187040000,2.3031
1747187100000,2.3214
1747187160000,2.3271
1747187220000,2.3206
1747187280000,2.3289
1747187340000,2.3116
1747187400000,2.3198
1747187460000,2.3186
1747187520000,2.2893
1747187580000,2.3112
1747187640000,2.3748
1747187700000,2.3534
1747187760000,2.348
1747187820000,2.3274
1747187880000,2.348
1747187940000,2.389
1747188000000,2.4012
1747188060000,2.3737
1747188120000,2.4047
1747188180000,2.3734
1747188240000,2.3851
1747188300000,2.3919
1747188360000,2.3959
1747188420000,2.3765
1747188480000,2.3995
1747188540000,2.3741
1747188600000,2.3544
1747188660000,2.3549
1747188720000,2.3708
1747188780000,2.3272
1747188840000,2.351
1747188900000,2.3943
1747188960000,2.3684
1747189020000,2.3677
1747189080000,2.3711
1747189140000,2.3946
1747189200000,2.3486
1747189260000,2.3734
1747189320000,2.3637
1747189380000,2.3653
1747189440000,2.3801
1747189500000,2.3741
1747189560000,2.3622
1747189620000,2.3877
1747189680000,2.3845
1747189740000,2.3907
1747189800000,2.383
1747189860000,2.4001
1747189920000,2.3523
1747189980000,2.3545
1747190040000,2.3817
1747190100000,2.4025
1747190160000,2.3719
1747190220000,2.4051
1747190280000,2.4197
1747190340000,2.3999
1747190400000,2.3752
1747190460000,2.3755
1747190520000,2.3541
1747190580000,2.36
1747190640000,2.3654
1747190700000,2.3915
1747190760000,2.3951
1747190820000,2.3815
1747190880000,2.4031
1747190940000,2.3719
1747191000000,2.4056
1747191060000,2.3452
1747191120000,2.3584
1747191180000,2.369
1747191240000,2.3778
1747191300000,2.3543
1747191360000,2.35
1747191420000,2.3951
1747191480000,2.3969
1747191540000,2.3802
1747191600000,2.3796
1747191660000,2.3599
1747191720000,2.3774
1747191780000,2.3835
1747191840000,2.362
1747191900000,2.374
1747191960000,2.3964
1747192020000,2.4141
1747192080000,2.406
1747192140000,2.4115
1747192200000,2.4071
1747192260000,2.3629
1747192320000,2.4013
1747192380000,2.3813
1747192440000,2.3683
1747192500000,2.3812
1747192560000,2.3927
1747192620000,2.3885
1747192680000,2.4009
1747192740000,2.3921
1747192800000,2.3758
1747192860000,2.3779
1747192920000,2.3713
1747192980000,2.3861
1747193040000,2.4014
1747193100000,2.3726
1747193160000,2.3559
1747193220000,2.3918
1747193280000,2.4176
1747193340000,2.3775
1747193400000,2.3621
1747193460000,2.3608
1747193520000,2.3825
1747193580000,2.3995
1747193640000,2.3668
1747193700000,2.3964
1747193760000,2.3989
1747193820000,2.414
1747193880000,2.3943
1747193940000,2.3668
1747194000000,2.3551
1747194060000,2.3637
1747194120000,2.332
1747194180000,2.3168
1747194240000,2.3341
1747194300000,2.3428
1747194360000,2.3868
1747194420000,2.3748
1747194480000,2.3576
1747194540000,2.3834
1747194600000,2.3159
1747194660000,2.3289
1747194720000,2.3411
1747194780000,2.3124
1747194840000,2.3367
1747194900000,2.3346
1747194960000,2.3374
1747195020000,2.2998
1747195080000,2.3491
1747195140000,2.3169
1747195200000,2.4093
1747195260000,2.3201
1747195320000,2.37
1747195380000,2.3174
1747195440000,2.3111
1747195500000,2.3086
1747195560000,2.3273
1747195620000,2.3386
1747195680000,2.338
1747195740000,2.3335
1747195800000,2.322
1747195860000,2.3267
1747195920000,2.315
1747195980000,2.3017
1747196040000,2.3289
1747196100000,2.3213
1747196160000,2.3284
1747196220000,2.3326
1747196280000,2.3277
1747196340000,2.323
1747196400000,2.3238
1747196460000,2.3268
1747196520000,2.3291
1747196580000,2.3102
1747196640000,2.3089
1747196700000,2.3233
1747196760000,2.3065
1747196820000,2.3072
1747196880000,2.2931
1747196940000,2.2902
1747197000000,2.3017
1747197060000,2.3151
1747197120000,2.2995
1747197180000,2.3315
1747197240000,2.2971
1747197300000,2.3014
1747197360000,2.3281
1747197420000,2.2914
1747197480000,2.3107
1747197540000,2.3115
1747197600000,2.3115
1747197660000,2.295
1747197720000,2.3071
1747197780000,2.3102
1747197840000,2.308
1747197900000,2.2989
1747197960000,2.2892
1747198020000,2.297
1747198080000,2.2937
1747198140000,2.3316
1747198200000,2.3248
1747198260000,2.3064
1747198320000,2.2814
1747198380000,2.2912
1747198440000,2.3194
1747198500000,2.3106
1747198560000,2.2985
1747198620000,2.2875
1747198680000,2.3061
1747198740000,2.2982
1747198800000,2.3132
1747198860000,2.3198
1747198920000,2.3354
1747198980000,2.3142
1747199040000,2.3078
1747199100000,2.3205
1747199160000,2.3039
1747199220000,2.3022
1747199280000,2.2933
1747199340000,2.2748
1747199400000,2.2874
1747199460000,2.2766
1747199520000,2.2864
1747199580000,2.2648
1747199640000,2.2833
1747199700000,2.269
1747199760000,2.3052
1747199820000,2.2771
1747199880000,2.258
1747199940000,2.2568
1747200000000,2.2881
1747200060000,2.3306
1747200120000,2.3045
1747200180000,2.2753
1747200240000,2.2754
1747200300000,2.2868
1747200360000,2.2882
1747200420000,2.2723
1747200480000,2.2706
1747200540000,2.3225
1747200600000,2.3107
1747200660000,2.2813
1747200720000,2.2915
1747200780000,2.2978
1747200840000,2.299
1747200900000,2.2849
1747200960000,2.3014
1747201020000,2.3145
1747201080000,2.3039
1747201140000,2.2915
1747201200000,2.2861
1747201260000,2.3032
1747201320000,2.2814
1747201380000,2.2783
1747201440000,2.2814
1747201500000,2.2792
1747201560000,2.2903
1747201620000,2.269
1747201680000,2.2807
1747201740000,2.277
1747201800000,2.2699
1747201860000,2.285
1747201920000,2.2964
1747201980000,2.2722
1747202040000,2.2788
1747202100000,2.2891
1747202160000,2.2841
1747202220000,2.266
1747202280000,2.2881
1747202340000,2.2759
1747202400000,2.2658
1747202460000,2.2781
1747202520000,2.2988
1747202580000,2.2711
1747202640000,2.2782
1747202700000,2.2857
1747202760000,2.2745
1747202820000,2.2776
1747202880000,2.2947
1747202940000,2.2567
1747203000000,2.2738
1747203060000,2.2896
1747203120000,2.268
1747203180000,2.2867
1747203240000,2.2903
1747203300000,2.2962
1747203360000,2.288
1747203420000,2.2823
1747203480000,2.3004
1747203540000,2.2684
1747203600000,2.2762
1747203660000,2.2784
1747203720000,2.2805
1747203780000,2.2996
1747203840000,2.2966
1747203900000,2.3052
1747203960000,2.3005
1747204020000,2.2963
1747204080000,2.2985
1747204140000,2.286
1747204200000,2.3219
1747204260000,2.2867
1747204320000,2.2978
1747204380000,2.3192
1747204440000,2.3012
1747204500000,2.2818
1747204560000,2.2966
1747204620000,2.2758
1747204680000,2.2832
1747204740000,2.2972
1747204800000,2.2933
1747204860000,2.2872
1747204920000,2.2803
1747204980000,2.3295
1747205040000,2.3268
1747205100000,2.3175
1747205160000,2.3589
1747205220000,2.2751
1747205280000,2.3148
1747205340000,2.3276
1747205400000,2.3142
1747205460000,2.2839
1747205520000,2.3035
1747205580000,2.3094
1747205640000,2.3169
1747205700000,2.2786
1747205760000,2.2964
1747205820000,2.2896
1747205880000,2.2868
1747205940000,2.2825
1747206000000,2.3328
1747206060000,2.3047
1747206120000,2.3299
1747206180000,2.352
1747206240000,2.3083
1747206300000,2.3122
1747206360000,2.3093
1747206420000,2.294
1747206480000,2.2925
1747206540000,2.2905
1747206600000,2.3067
1747206660000,2.3118
1747206720000,2.2852
1747206780000,2.2866
1747206840000,2.2815
1747206900000,2.2703
1747206960000,2.2931
1747207020000,2.2813
1747207080000,2.2874
1747207140000,2.3222
1747207200000,2.3297
1747207260000,2.301
1747207320000,2.3007
1747207380000,2.2899
1747207440000,2.3378
1747207500000,2.3112
1747207560000,2.2881
1747207620000,2.3061
1747207680000,2.3386
1747207740000,2.295
1747207800000,2.3186
1747207860000,2.3156
1747207920000,2.3191
1747207980000,2.2977
1747208040000,2.3185
1747208100000,2.3165
1747208160000,2.3112
1747208220000,2.2959
1747208280000,2.2961
1747208340000,2.2872
1747208400000,2.2826
1747208460000,2.2694
1747208520000,2.2876
1747208580000,2.2932
1747208640000,2.324
1747208700000,2.3157
1747208760000,2.3192
1747208820000,2.3024
1747208880000,2.2908
1747208940000,2.3452
1747209000000,2.3154
1747209060000,2.3061
1747209120000,2.3208
1747209180000,2.3234
1747209240000,2.2992
1747209300000,2.3208
1747209360000,2.3048
1747209420000,2.293
1747209480000,2.3138
1747209540000,2.3003
1747209600000,2.3348
1747209660000,2.3311
1747209720000,2.3155
1747209780000,2.3198
1747209840000,2.3292
1747209900000,2.3001
1747209960000,2.3039
1747210020000,2.3
1747210080000,2.3065
1747210140000,2.3103
1747210200000,2.3332
1747210260000,2.2971
1747210320000,2.2877
1747210380000,2.2924
1747210440000,2.2993
1747210500000,2.3041
1747210560000,2.3223
1747210620000,2.3165
1747210680000,2.3473
1747210740000,2.2985
1747210800000,2.3304
1747210860000,2.3536
1747210920000,2.3215
1747210980000,2.3235
1747211040000,2.3363
1747211100000,2.3211
1747211160000,2.3205
1747211220000,2.3091
1747211280000,2.3423
1747211340000,2.3031
1747211400000,2.3332
1747211460000,2.2944
1747211520000,2.3206
1747211580000,2.3188
1747211640000,2.3127
1747211700000,2.3256
1747211760000,2.3207
1747211820000,2.3221
1747211880000,2.313
1747211940000,2.3217
1747212000000,2.3495
1747212060000,2.3344
1747212120000,2.339
1747212180000,2.3372
1747212240000,2.3292
1747212300000,2.3406
1747212360000,2.3218
1747212420000,2.3233
1747212480000,2.3199
1747212540000,2.3314
1747212600000,2.3187
1747212660000,2.3318
1747212720000,2.3402
1747212780000,2.3174
1747212840000,2.3303
1747212900000,2.3427
1747212960000,2.359
1747213020000,2.3259
1747213080000,2.3274
1747213140000,2.3667
1747213200000,2.3667
1747213260000,2.3585
1747213320000,2.3612
1747213380000,1.9494
1747213440000,1.5935
1747213500000,1.602
1747213560000,1.5927
1747213620000,1.6036
1747213680000,1.594
1747213740000,1.5838
1747213800000,1.6113
1747213860000,1.5913
1747213920000,1.5857
1747213980000,1.5869
1747214040000,1.5927
1747214100000,1.5889
1747214160000,1.6105
1747214220000,1.6139
1747214280000,1.5792
1747214340000,1.5817
1747214400000,1.5978
1747214460000,1.5862
1747214520000,1.6092
1747214580000,1.5826
1747214640000,1.5899
1747214700000,1.5814
1747214760000,1.5902
1747214820000,1.5942
1747214880000,1.6055
1747214940000,1.5845
1747215000000,1.6177
1747215060000,1.6206
1747215120000,1.5926
1747215180000,1.6049
1747215240000,1.6001
1747215300000,1.5861
1747215360000,1.5987
1747215420000,1.5842
1747215480000,1.5807
1747215540000,1.59
1747215600000,1.5803
1747215660000,1.5914
1747215720000,1.5744
1747215780000,1.5761
1747215840000,1.5634
1747215900000,1.5916
1747215960000,1.5743
1747216020000,1.584
1747216080000,1.5813
1747216140000,1.5687
1747216200000,1.5895
1747216260000,1.5778
1747216320000,1.5998
1747216380000,1.5991
1747216440000,1.5856
1747216500000,1.5755
1747216560000,1.5914
1747216620000,1.5924
1747216680000,1.5901
1747216740000,1.6
1747216800000,1.6179
1747216860000,1.6122
1747216920000,1.6136
1747216980000,1.5982
1747217040000,1.5899
1747217100000,1.6031
1747217160000,1.6064
1747217220000,1.6194
1747217280000,1.5891
1747217340000,1.564
1747217400000,1.5918
1747217460000,1.5986
1747217520000,1.5797
1747217580000,1.5678
1747217640000,1.59
1747217700000,1.5885
1747217760000,1.5905
1747217820000,1.5754
1747217880000,1.5793
1747217940000,1.5707
1747218000000,1.5756
1747218060000,1.5821
1747218120000,1.5592
1747218180000,1.5713
1747218240000,1.5826
1747218300000,1.5561
1747218360000,1.5766
1747218420000,1.5707
1747218480000,1.5747
1747218540000,1.5665
1747218600000,1.5945
1747218660000,1.5651
1747218720000,1.5728
1747218780000,1.5749
1747218840000,1.5612
1747218900000,1.5604
1747218960000,1.5786
1747219020000,1.5605
1747219080000,1.5893
1747219140000,1.553
1747219200000,1.5929
1747219260000,1.5658
1747219320000,1.5681
1747219380000,1.5632
1747219440000,1.584
1747219500000,1.5694
1747219560000,1.5831
1747219620000,1.5708
1747219680000,1.582
1747219740000,1.5941
1747219800000,1.6263
1747219860000,1.5973
1747219920000,1.5812
1747219980000,1.5667
1747220040000,1.582
1747220100000,1.5725
1747220160000,1.5728
1747220220000,1.5719
1747220280000,1.5924
1747220340000,1.5694
1747220400000,1.5967
1747220460000,1.5809
1747220520000,1.5819
1747220580000,1.5888
1747220640000,1.5839
1747220700000,1.5817
1747220760000,1.5816
1747220820000,1.5431
1747220880000,1.5754
1747220940000,1.5692
1747221000000,1.5795
1747221060000,1.5662
1747221120000,1.5654
1747221180000,1.5781
1747221240000,1.5921
1747221300000,1.5804
1747221360000,1.5698
1747221420000,1.5812
1747221480000,1.5767
1747221540000,1.5735
1747221600000,1.5778
1747221660000,1.5935
1747221720000,1.5909
1747221780000,1.5833
1747221840000,1.5732
1747221900000,1.5697
1747221960000,1.5729
1747222020000,1.5836
1747222080000,1.5731
1747222140000,1.5927
1747222200000,1.5769
1747222260000,1.5653
1747222320000,1.5704
1747222380000,1.5758
1747222440000,1.5602
1747222500000,1.5705
1747222560000,1.5856
1747222620000,1.5509
1747222680000,1.5638
1747222740000,1.6431
1747222800000,1.5694
1747222860000,1.5565
1747222920000,1.5612
1747222980000,1.5569
1747223040000,1.5749
1747223100000,1.5735
1747223160000,1.6195
1747223220000,1.5657
1747223280000,1.5749
1747223340000,1.5728
1747223400000,1.5824
1747223460000,1.5947
1747223520000,1.5751
1747223580000,1.5613
1747223640000,1.5615
1747223700000,1.5939
1747223760000,1.5707
1747223820000,1.5878
1747223880000,1.5739
1747223940000,1.5532
1747224000000,1.585
1747224060000,1.5941
1747224120000,1.5887
1747224180000,1.5926
1747224240000,1.595
1747224300000,1.6202
1747224360000,1.5966
1747224420000,1.5828
1747224480000,1.5804
1747224540000,1.5706
1747224600000,1.5795
1747224660000,1.5821
1747224720000,1.5911
1747224780000,1.5857
1747224840000,1.5891
1747224900000,1.5809
1747224960000,1.592
1747225020000,1.5666
1747225080000,1.579
1747225140000,1.5814
1747225200000,1.5937
1747225260000,1.5958
1747225320000,1.6023
1747225380000,1.5959
1747225440000,1.6024
1747225500000,1.5832
1747225560000,1.5955
1747225620000,1.5931
1747225680000,1.6043
1747225740000,1.5928
1747225800000,1.5836
1747225860000,1.5792
1747225920000,1.578
1747225980000,1.5819
1747226040000,1.5842
1747226100000,1.585
1747226160000,1.5748
1747226220000,1.5602
1747226280000,1.5749
1747226340000,1.5865
1747226400000,1.5829
1747226460000,1.5771
1747226520000,1.5833
1747226580000,1.5637
1747226640000,1.6044
1747226700000,1.5826
1747226760000,1.5954
1747226820000,1.584
1747226880000,1.5904
1747226940000,1.5852
1747227000000,1.5895
1747227060000,1.6096
1747227120000,1.602
1747227180000,1.5952
1747227240000,1.5809
1747227300000,1.603
1747227360000,1.5897
1747227420000,1.5863
1747227480000,1.5828
1747227540000,1.575
1747227600000,1.6046
1747227660000,1.5905
1747227720000,1.5802
1747227780000,1.6095
1747227840000,1.5899
1747227900000,1.5811
1747227960000,1.5839
1747228020000,1.6237
1747228080000,1.5866
1747228140000,1.5948
1747228200000,1.5776
1747228260000,1.5681
1747228320000,1.5681
1747228380000,1.5842
1747228440000,1.5826
1747228500000,1.5593
1747228560000,1.5849
1747228620000,1.5777
1747228680000,1.5803
1747228740000,1.5927
1747228800000,1.5965
1747228860000,1.589
1747228920000,1.5977
1747228980000,1.5829
1747229040000,1.6019
1747229100000,1.5816
1747229160000,1.5696
1747229220000,1.5773
1747229280000,1.5777
1747229340000,1.5661
1747229400000,1.5769
1747229460000,1.5855
1747229520000,1.5876
1747229580000,1.583
1747229640000,1.5701
1747229700000,1.5936
1747229760000,1.5585
1747229820000,1.5786
1747229880000,1.5962
1747229940000,1.5853
1747230000000,1.5806
1747230060000,1.5613
1747230120000,1.5825
1747230180000,1.5904
1747230240000,1.5844
1747230300000,1.5826
1747230360000,1.5614
1747230420000,1.5858
1747230480000,1.5845
1747230540000,1.576
1747230600000,1.5824
1747230660000,1.5841
1747230720000,1.575
1747230780000,1.5561
1747230840000,1.5714
1747230900000,1.59
1747230960000,1.5576
1747231020000,1.5479
1747231080000,1.5862
1747231140000,1.5608
1747231200000,1.6087
1747231260000,1.603
1747231320000,1.5986
1747231380000,1.5736
1747231440000,1.5878
1747231500000,1.5622
1747231560000,1.5827
1747231620000,1.5875
1747231680000,1.5697
1747231740000,1.5515
1747231800000,1.5573
1747231860000,1.5812
1747231920000,1.559
1747231980000,1.5622
1747232040000,1.5806
1747232100000,1.5747
1747232160000,1.5681
1747232220000,1.5842
1747232280000,1.5868
1747232340000,1.562
1747232400000,1.6202
1747232460000,1.5823
1747232520000,1.6106
1747232580000,1.5844
1747232640000,1.5988
1747232700000,1.5761
1747232760000,1.5313
1747232820000,1.5398
1747232880000,1.5693
1747232940000,1.5371
1747233000000,1.5389
1747233060000,1.5725
1747233120000,1.6171
1747233180000,1.545
1747233240000,1.5906
1747233300000,1.5889
1747233360000,1.5976
1747233420000,1.5907
1747233480000,1.5999
1747233540000,1.5636
1747233600000,1.6042
1747233660000,1.5608
1747233720000,1.5655
1747233780000,1.5587
1747233840000,1.5615
1747233900000,1.6086
1747233960000,1.5895
1747234020000,1.577
1747234080000,1.5951
1747234140000,1.5574
1747234200000,1.5816
1747234260000,1.579
1747234320000,1.5879
1747234380000,1.5413
1747234440000,1.5969
1747234500000,1.5746
1747234560000,1.5481
1747234620000,1.5664
1747234680000,1.5865
1747234740000,1.5841
1747234800000,1.6015
1747234860000,1.6294
1747234920000,1.531
1747234980000,1.547
1747235040000,1.6162
1747235100000,1.5751
1747235160000,1.5793
1747235220000,1.5341
1747235280000,1.6004
1747235340000,1.616
1747235400000,1.5505
1747235460000,1.5703
1747235520000,1.57
1747235580000,1.6211
1747235640000,1.5647
1747235700000,1.6169
1747235760000,1.5595
1747235820000,1.5454
1747235880000,1.5533
1747235940000,1.5214
1747236000000,1.5213
1747236060000,1.549
1747236120000,1.5417
1747236180000,1.5359
1747236240000,1.5565
1747236300000,1.5502
1747236360000,1.539
1747236420000,1.524
1747236480000,1.5761
1747236540000,1.519
1747236600000,1.9936
1747236660000,2.2168
1747236720000,2.151
1747236780000,2.1804
1747236840000,2.2544
1747236900000,2.1719
1747236960000,2.1941
1747237020000,2.2152
1747237080000,2.2255
1747237140000,2.171
1747237200000,2.2151
1747237260000,2.1865
1747237320000,2.2332
1747237380000,2.1783
1747237440000,2.1869
1747237500000,2.1723
1747237560000,2.1651
1747237620000,2.2284
1747237680000,2.2035
1747237740000,2.1818
1747237800000,2.257
1747237860000,2.2404
1747237920000,2.1987
1747237980000,2.2201
1747238040000,2.2254
1747238100000,2.2545
1747238160000,2.1854
1747238220000,2.161
1747238280000,2.1758
1747238340000,2.2551
1747238400000,2.2165
1747238460000,2.208
1747238520000,2.2049
1747238580000,2.207
1747238640000,2.2139
1747238700000,2.2113
1747238760000,2.2374
1747238820000,2.2116
1747238880000,2.2006
1747238940000,2.2165
1747239000000,2.1783
1747239060000,2.2759
1747239120000,2.215
1747239180000,2.1938
1747239240000,2.1854
1747239300000,2.2386
1747239360000,2.1945
1747239420000,2.2312
1747239480000,2.3111
1747239540000,2.2215
1747239600000,2.24
1747239660000,2.2378
1747239720000,2.2109
1747239780000,2.3098
1747239840000,2.2492
1747239900000,2.3234
1747239960000,2.221
1747240020000,2.2279
1747240080000,2.2727
1747240140000,2.2427
1747240200000,2.3213
1747240260000,2.3038
1747240320000,2.2769
1747240380000,2.2485
1747240440000,2.2502
1747240500000,2.3095
1747240560000,2.2744
1747240620000,2.2189
1747240680000,2.2943
1747240740000,2.2986
1747240800000,2.3241
1747240860000,2.2431
1747240920000,2.2493
1747240980000,2.254
1747241040000,2.2625
1747241100000,2.3065
1747241160000,2.3348
1747241220000,2.2101
1747241280000,2.2527
1747241340000,2.2855
1747241400000,2.2439
1747241460000,2.3106
1747241520000,2.2958
1747241580000,2.2429
1747241640000,2.2732
1747241700000,2.2631
1747241760000,2.2968
1747241820000,2.2376
1747241880000,2.2564
1747241940000,2.2578
1747242000000,2.2173
1747242060000,2.2151
1747242120000,2.2981
1747242180000,2.2771
1747242240000,2.2175
1747242300000,2.2433
1747242360000,2.2268
1747242420000,2.2259
1747242480000,2.23
1747242540000,2.2367
1747242600000,2.2421
1747242660000,2.2148
1747242720000,2.2102
1747242780000,2.3733
1747242840000,2.2306
1747242900000,2.2357
1747242960000,2.2215
1747243020000,2.2073
1747243080000,2.2773
1747243140000,2.2151
1747243200000,2.2948
1747243260000,2.21
1747243320000,2.2735
1747243380000,2.2551
1747243440000,2.2196
1747243500000,2.2181
1747243560000,2.2456
1747243620000,2.2495
1747243680000,2.1961
1747243740000,2.2867
1747243800000,2.2254
1747243860000,2.2249
1747243920000,2.2342
1747243980000,2.2583
1747244040000,2.3304
1747244100000,2.3978
1747244160000,2.1899
1747244220000,2.3202
1747244280000,2.2777
1747244340000,2.2603
1747244400000,2.2206
1747244460000,2.2889
1747244520000,2.2071
1747244580000,2.2744
1747244640000,2.2177
1747244700000,2.2452
1747244760000,2.3152
1747244820000,2.1455
1747244880000,2.329
1747244940000,2.3012
1747245000000,2.192
1747245060000,2.2364
1747245120000,2.2193
1747245180000,2.1906
1747245240000,2.1791
1747245300000,2.3027
1747245360000,2.2005
1747245420000,2.2606
1747245480000,2.2023
1747245540000,2.2402
1747245600000,2.2648
1747245660000,2.2369
1747245720000,2.2409
1747245780000,2.1916
1747245840000,2.2281
1747245900000,2.2813
1747245960000,2.2551
1747246020000,2.1992
1747246080000,2.2606
1747246140000,2.3207
1747246200000,2.3518
1747246260000,2.2603
1747246320000,2.2276
1747246380000,2.2841
1747246440000,2.269
1747246500000,2.2569
1747246560000,2.2479
1747246620000,2.2362
1747246680000,2.196
1747246740000,2.1918
1747246800000,2.2744
1747246860000,2.263
1747246920000,2.2156
1747246980000,2.3117
1747247040000,2.1667
1747247100000,2.2662
1747247160000,2.2588
1747247220000,2.2571
1747247280000,2.198
1747247340000,2.2513
1747247400000,2.1712
1747247460000,2.2803
1747247520000,2.3517
1747247580000,2.246
1747247640000,2.2595
1747247700000,2.2108
1747247760000,2.3707
1747247820000,2.248
1747247880000,2.2579
1747247940000,2.2563
1747248000000,2.3591
1747248060000,2.3435
1747248120000,2.2708
1747248180000,2.2977
1747248240000,2.1257
1747248300000,2.2429
1747248360000,2.2765
1747248420000,2.39
1747248480000,2.2287
1747248540000,2.4295
1747248600000,2.3133
1747248660000,2.2765
1747248720000,2.2563
1747248780000,2.248
1747248840000,2.3053
1747248900000,2.2587
1747248960000,2.3484
1747249020000,2.329
1747249080000,2.6338
1747249140000,2.1274
1747249200000,2.342
1747249260000,2.2
1747249320000,2.3763
1747249380000,2.3436
1747249440000,2.2328
1747249500000,2.2766
1747249560000,2.2645
1747249620000,2.3425
1747249680000,2.3512
1747249740000,2.2357
1747249800000,2.2955
1747249860000,2.2174
1747249920000,2.3528
1747249980000,2.3206
1747250040000,2.3333
1747250100000,2.2492
1747250160000,2.2149
1747250220000,2.2255
1747250280000,2.25
1747250340000,2.2733
1747250400000,2.3029
1747250460000,2.2243
1747250520000,2.2899
1747250580000,2.2276
1747250640000,2.255
1747250700000,2.2818
1747250760000,2.2004
1747250820000,2.1745
1747250880000,2.2744
1747250940000,2.4455
1747251000000,2.4259
1747251060000,2.4227
1747251120000,2.1762
1747251180000,2.2258
1747251240000,2.2962
1747251300000,2.2676
1747251360000,2.3236
1747251420000,2.2202
1747251480000,2.228
1747251540000,2.2408
1747251600000,2.2127
1747251660000,2.1841
1747251720000,2.1818
1747251780000,2.2129
1747251840000,2.3663
1747251900000,2.5227
1747251960000,2.3909
1747252020000,2.4354
1747252080000,2.2377
1747252140000,2.1884
1747252200000,2.4375
1747252260000,2.4845
1747252320000,2.1589
1747252380000,2.2959
1747252440000,2.2201
1747252500000,2.2382
1747252560000,2.2113
1747252620000,2.2513
1747252680000,2.2314
1747252740000,2.2334
1747252800000,2.2817
1747252860000,2.2925
1747252920000,2.2582
1747252980000,2.3777
1747253040000,2.301
1747253100000,2.5676
1747253160000,2.4706
1747253220000,3.1
1747253280000,2.4548
1747253340000,2.124
1747253400000,2.1879
1747253460000,2.2462
1747253520000,2.3318
1747253580000,2.2148
1747253640000,2.3179
1747253700000,2.3386
1747253760000,2.4561
1747253820000,2.2566
1747253880000,2.4262
1747253940000,2.2658
1747254000000,2.3613
1747254060000,2.2069
1747254120000,2.3137
1747254180000,2.2459
1747254240000,2.5
1747254300000,2.3389
1747254360000,2.3015
1747254420000,2.2462
1747254480000,2.2246
1747254540000,2.3202
1747254600000,2.2242
1747254660000,2.3299
1747254720000,2.2006
1747254780000,2.25
1747254840000,2.3528
1747254900000,2.2154
1747254960000,2.3411
1747255020000,2.2727
1747255080000,2.2857
1747255140000,2.2963
1747255200000,2.2316
1747255260000,2.2026
1747255320000,2.1712
1747255380000,2.2673
1747255440000,2.1692
1747255500000,2.2688
1747255560000,2.2567
1747255620000,2.2865
1747255680000,2.2483
1747255740000,2.28
1747255800000,2.2656
1747255860000,2.25
1747255920000,2.252
1747255980000,2.2238
1747256040000,2.2095
1747256100000,2.1751
1747256160000,2.3068
1747256220000,2.2334
1747256280000,2.3036
1747256340000,2.1847
1747256400000,2.2752
1747256460000,2.2385
1747256520000,2.2857
1747256580000,2.1915
1747256640000,2.4977
1747256700000,2.2232
1747256760000,2.2883
1747256820000,2.2727
1747256880000,2.2551
1747256940000,2.1997
1747257000000,2.2672
1747257060000,2.1978
1747257120000,2.3088
1747257180000,2.1848
1747257240000,2.1818
1747257300000,2.2232
1747257360000,2.1888
1747257420000,2.234
1747257480000,2.246
1747257540000,2.2753
1747257600000,2.4109
1747257660000,2.3454
1747257720000,2.3624
1747257780000,2.1287
1747257840000,2.207
1747257900000,2.2236
1747257960000,2.2222
1747258020000,2.2342
1747258080000,2.2814
1747258140000,2.2175
1747258200000,2.2031
1747258260000,2.2833
1747258320000,2.5496
1747258380000,2.28
1747258440000,2.3179
1747258500000,2.2105
1747258560000,2.3455
1747258620000,2.3532
1747258680000,2.2622
1747258740000,2.2855
1747258800000,2.3015
1747258860000,2.2655
1747258920000,2.186
1747258980000,2.2807
1747259040000,2.2382
1747259100000,2.1684
1747259160000,2.2643
1747259220000,2.1959
1747259280000,2.3996
1747259340000,2.3993
1747259400000,2.2915
1747259460000,2.2444
1747259520000,2.2361
1747259580000,2.2432
1747259640000,2.3673
1747259700000,2.277
1747259760000,2.1931
1747259820000,2.1959
1747259880000,2.2512
1747259940000,2.2483
1747260000000,2.2415
1747260060000,2.2156
1747260120000,2.2252
1747260180000,2.2202
1747260240000,2.1792
1747260300000,2.4013
1747260360000,2.2483
1747260420000,2.2128
1747260480000,2.2074
1747260540000,2.2091
1747260600000,2.2361
1747260660000,2.188
1747260720000,2.2374
1747260780000,2.175
1747260840000,2.3196
1747260900000,2.2944
1747260960000,2.1956
1747261020000,2.2755
1747261080000,2.347
1747261140000,2.2166
1747261200000,2.2517
1747261260000,2.301
1747261320000,2.2527
1747261380000,2.2135
1747261440000,2.2397
1747261500000,2.1923
1747261560000,2.2703
1747261620000,2.2693
1747261680000,2.2116
1747261740000,2.2082
1747261800000,2.2314
1747261860000,2.2476
1747261920000,2.2455
1747261980000,2.2189
1747262040000,2.3124
1747262100000,2.2748
1747262160000,2.2325
1747262220000,2.2876
1747262280000,2.2599
1747262340000,2.269
1747262400000,2.2317
1747262460000,2.2582
1747262520000,2.3008
1747262580000,2.2527
1747262640000,2.2578
1747262700000,2.2671
1747262760000,2.2871
1747262820000,2.2636
1747262880000,2.2572
1747262940000,2.2446
1747263000000,2.2579
1747263060000,2.2383
1747263120000,2.237
1747263180000,2.2559
1747263240000,2.282
1747263300000,2.2375
1747263360000,2.2493
1747263420000,2.2345
1747263480000,2.2575
1747263540000,2.2595
1747263600000,2.3009
1747263660000,2.2996
1747263720000,2.2718
1747263780000,2.2496
1747263840000,2.2685
1747263900000,2.2507
1747263960000,2.267
1747264020000,2.2445
1747264080000,2.2474
1747264140000,2.2353
1747264200000,2.2578
1747264260000,2.2479
1747264320000,2.2691
1747264380000,2.2383
1747264440000,2.2653
1747264500000,2.2788
1747264560000,2.2721
1747264620000,2.2608
1747264680000,2.2676
1747264740000,2.2687
1747264800000,2.3218
1747264860000,2.3099
1747264920000,2.3208
1747264980000,2.2822
1747265040000,2.2636
1747265100000,2.2474
1747265160000,2.2781
1747265220000,2.2827
1747265280000,2.2781
1747265340000,2.2458
1747265400000,2.2236
1747265460000,2.2384
1747265520000,2.2351
1747265580000,2.2493
1747265640000,2.2506
1747265700000,2.241
1747265760000,2.2444
1747265820000,2.2505
1747265880000,2.2431
1747265940000,2.2481
1747266000000,2.2581
1747266060000,2.2427
1747266120000,2.2408
1747266180000,2.251
1747266240000,2.2493
1747266300000,2.2314
1747266360000,2.238
1747266420000,2.2575
1747266480000,2.2272
1747266540000,2.2422
1747266600000,2.2516
1747266660000,2.2637
1747266720000,2.2313
1747266780000,2.2286
1747266840000,2.2347
1747266900000,2.2635
1747266960000,2.2293
1747267020000,2.2314
1747267080000,2.2574
1747267140000,2.2459
1747267200000,2.2943
1747267260000,2.2794
1747267320000,2.2468
1747267380000,2.2467
1747267440000,2.2633
1747267500000,2.2613
1747267560000,2.2855
1747267620000,2.2446
1747267680000,2.2807
1747267740000,2.2542
1747267800000,2.2589
1747267860000,2.2741
1747267920000,2.2488
1747267980000,2.2473
1747268040000,2.2377
1747268100000,2.2489
1747268160000,2.2543
1747268220000,2.2612
1747268280000,2.2381
1747268340000,2.2606
1747268400000,2.2423
1747268460000,2.2568
1747268520000,2.2464
1747268580000,2.2425
1747268640000,2.2697
1747268700000,2.2847
1747268760000,2.2726
1747268820000,2.2768
1747268880000,2.2509
1747268940000,2.3112
1747269000000,2.2662
1747269060000,2.2826
1747269120000,2.2778
1747269180000,2.2798
1747269240000,2.2862
1747269300000,2.2932
1747269360000,2.2891
1747269420000,2.3035
1747269480000,2.282
1747269540000,2.2936
1747269600000,2.308
1747269660000,2.3041
1747269720000,2.3147
1747269780000,2.3082
1747269840000,2.3291
1747269900000,2.3154
1747269960000,2.3177
1747270020000,2.2989
1747270080000,2.2919
1747270140000,2.2879
1747270200000,2.3003
1747270260000,2.3147
1747270320000,2.3011
1747270380000,2.2956
1747270440000,2.3247
1747270500000,2.3092
1747270560000,2.318
1747270620000,2.3243
1747270680000,2.3405
1747270740000,2.3105
1747270800000,2.3566
1747270860000,2.3554
1747270920000,2.3029
1747270980000,2.3313
1747271040000,2.3423
1747271100000,2.3196
1747271160000,2.3079
1747271220000,2.3136
1747271280000,2.3385
1747271340000,2.2908
1747271400000,2.3081
1747271460000,2.3026
1747271520000,2.3167
1747271580000,2.2921
1747271640000,2.2736
1747271700000,2.3227
1747271760000,2.3112
1747271820000,2.3194
1747271880000,2.3134
1747271940000,2.2919
1747272000000,2.3338
1747272060000,2.3145
1747272120000,2.3091
1747272180000,2.3147
1747272240000,2.3136
1747272300000,2.3192
1747272360000,2.3319
1747272420000,2.3542
1747272480000,2.2948
1747272540000,2.3345
1747272600000,2.3563
1747272660000,2.3114
1747272720000,2.3488
1747272780000,2.3377
1747272840000,2.3841
1747272900000,2.3564
1747272960000,2.3257
1747273020000,2.3014
1747273080000,2.327
1747273140000,2.3389
1747273200000,2.3274
1747273260000,2.334
1747273320000,2.3122
1747273380000,2.3115
1747273440000,2.3135
1747273500000,2.3263
1747273560000,2.3573
1747273620000,2.3315
1747273680000,2.3195
1747273740000,2.3443
1747273800000,2.3796
1747273860000,2.3377
1747273920000,2.3395
1747273980000,2.3156
1747274040000,2.3622
1747274100000,2.2954
1747274160000,2.3013
1747274220000,2.3066
1747274280000,2.3032
1747274340000,2.3074
1747274400000,2.335
1747274460000,2.3459
1747274520000,2.3962
1747274580000,2.3681
1747274640000,2.3432
1747274700000,2.3268
1747274760000,2.3314
1747274820000,2.311
1747274880000,2.3258
1747274940000,2.3406
1747275000000,2.3473
1747275060000,2.3282
1747275120000,2.322
1747275180000,2.3323
1747275240000,2.3317
1747275300000,2.3647
1747275360000,2.3652
1747275420000,2.3187
1747275480000,2.3422
1747275540000,2.3405
1747275600000,2.3359
1747275660000,2.3378
1747275720000,2.3539
1747275780000,2.3386
1747275840000,2.361
1747275900000,2.3546
1747275960000,2.3479
1747276020000,2.3172
1747276080000,2.3475
1747276140000,2.3741
1747276200000,2.3688
1747276260000,2.3746
1747276320000,2.373
1747276380000,2.3848
1747276440000,2.37
1747276500000,2.371
1747276560000,2.3809
1747276620000,2.355
1747276680000,2.3696
1747276740000,2.3485
1747276800000,2.4077
1747276860000,2.3931
1747276920000,2.3285
1747276980000,2.343
1747277040000,2.3609
1747277100000,2.3777
1747277160000,2.3576
1747277220000,2.332
1747277280000,2.3552
1747277340000,2.3332
1747277400000,2.3585
1747277460000,2.3674
1747277520000,2.3455
1747277580000,2.3322
1747277640000,2.3324
1747277700000,2.3194
1747277760000,2.3102
1747277820000,2.3092
1747277880000,2.3455
1747277940000,2.3454
1747278000000,2.4094
1747278060000,2.3617
1747278120000,2.3385
1747278180000,2.3589
1747278240000,2.3434
1747278300000,2.3606
1747278360000,2.3288
1747278420000,2.3451
1747278480000,2.3588
1747278540000,2.3715
1747278600000,2.3315
1747278660000,2.3457
1747278720000,2.3291
1747278780000,2.3072
1747278840000,2.3168
1747278900000,2.3274
1747278960000,2.3357
1747279020000,2.3334
1747279080000,2.3486
1747279140000,2.3358
1747279200000,2.3378
1747279260000,2.3239
1747279320000,2.3554
1747279380000,2.3269
1747279440000,2.3387
1747279500000,2.3359
1747279560000,2.3385
1747279620000,2.3723
1747279680000,2.3541
1747279740000,2.3242
1747279800000,2.3201
1747279860000,2.3242
1747279920000,2.3883
1747279980000,2.342
1747280040000,2.3804
1747280100000,2.3416
1747280160000,2.3854
1747280220000,2.3534
1747280280000,2.3583
1747280340000,2.378
1747280400000,2.3469
1747280460000,2.3496
1747280520000,2.3252
1747280580000,2.3293
1747280640000,2.3316
1747280700000,2.3313
1747280760000,2.3617
1747280820000,2.3421
1747280880000,2.3815
1747280940000,2.3427
1747281000000,2.3266
1747281060000,2.3291
1747281120000,2.3296
1747281180000,2.3457
1747281240000,2.3304
1747281300000,2.3435
1747281360000,2.3077
1747281420000,2.3236
1747281480000,2.3288
1747281540000,2.3542
1747281600000,2.3558
1747281660000,2.3608
1747281720000,2.3359
1747281780000,2.3908
1747281840000,2.3412
1747281900000,2.3294
1747281960000,2.3404
1747282020000,2.3588
1747282080000,2.3314
1747282140000,2.3341
1747282200000,2.3324
1747282260000,2.3194
1747282320000,2.3629
1747282380000,2.3245
1747282440000,2.3525
1747282500000,2.3139
1747282560000,2.3299
1747282620000,2.3141
1747282680000,2.332
1747282740000,2.3417
1747282800000,2.339
1747282860000,2.3709
1747282920000,2.3529
1747282980000,2.3366
1747283040000,2.3661
1747283100000,2.3425
1747283160000,2.3312
1747283220000,2.3207
1747283280000,2.3252
1747283340000,2.3296
1747283400000,2.3288
1747283460000,2.3348
1747283520000,2.3318
1747283580000,2.3296
1747283640000,2.3422
1747283700000,2.3278
1747283760000,2.3281
1747283820000,2.3191
1747283880000,2.3319
1747283940000,2.3078
1747284000000,2.325
1747284060000,2.3401
1747284120000,2.2936
1747284180000,2.3229
1747284240000,2.3385
1747284300000,2.3107
1747284360000,2.2926
1747284420000,2.3115
1747284480000,2.3596
1747284540000,2.2908
1747284600000,2.2819
1747284660000,2.2907
1747284720000,2.3011
1747284780000,2.3363
1747284840000,2.2803
1747284900000,2.2959
1747284960000,2.2731
1747285020000,2.2754
1747285080000,2.2883
1747285140000,2.2695
1747285200000,2.3125
1747285260000,2.2948
1747285320000,2.3378
1747285380000,2.3125
1747285440000,2.2899
1747285500000,2.2961
1747285560000,2.2943
1747285620000,2.2956
1747285680000,2.2972
1747285740000,2.2778
1747285800000,2.2707
1747285860000,2.2654
1747285920000,2.258
1747285980000,2.2631
1747286040000,2.2891
1747286100000,2.2767
1747286160000,2.2779
1747286220000,2.2806
1747286280000,2.3065
1747286340000,2.2954
1747286400000,2.2988
1747286460000,2.2996
1747286520000,2.2815
1747286580000,2.2736
1747286640000,2.2884
1747286700000,2.283
1747286760000,2.3018
1747286820000,2.2934
1747286880000,2.2853
1747286940000,2.3029
1747287000000,2.2927
1747287060000,2.298
1747287120000,2.3367
1747287180000,2.3231
1747287240000,2.3093
1747287300000,2.2848
1747287360000,2.2932
1747287420000,2.2949
1747287480000,2.2925
1747287540000,2.3019
1747287600000,2.2862
1747287660000,2.2704
1747287720000,2.2981
1747287780000,2.2967
1747287840000,2.267
1747287900000,2.276
1747287960000,2.2802
1747288020000,2.3002
1747288080000,2.3065
1747288140000,2.3138
1747288200000,2.3241
1747288260000,2.288
1747288320000,2.2981
1747288380000,2.2985
1747288440000,2.2765
1747288500000,2.2694
1747288560000,2.2711
1747288620000,2.2864
1747288680000,2.3026
1747288740000,2.2822
1747288800000,2.3016
1747288860000,2.3144
1747288920000,2.3112
1747288980000,2.3367
1747289040000,2.3192
1747289100000,2.3038
1747289160000,2.3187
1747289220000,2.3077
1747289280000,2.2918
1747289340000,2.2956
1747289400000,2.2811
1747289460000,2.3055
1747289520000,2.3026
1747289580000,2.3099
1747289640000,2.3
1747289700000,2.2849
1747289760000,2.2972
1747289820000,2.2976
1747289880000,2.3051
1747289940000,2.2973
1747290000000,2.2737
1747290060000,2.2757
1747290120000,2.2828
1747290180000,2.2704
1747290240000,2.2961
1747290300000,2.3221
1747290360000,2.2941
1747290420000,2.279
1747290480000,2.2757
1747290540000,2.2613
1747290600000,2.2655
1747290660000,2.2695
1747290720000,2.2802
1747290780000,2.259
1747290840000,2.255
1747290900000,2.2623
1747290960000,2.2803
1747291020000,2.2528
1747291080000,2.2638
1747291140000,2.2908
1747291200000,2.2711
1747291260000,2.3015
1747291320000,2.2908
1747291380000,2.2778
1747291440000,2.3103
1747291500000,2.2778
1747291560000,2.2522
1747291620000,2.2774
1747291680000,2.2784
1747291740000,2.2845
1747291800000,2.2551
1747291860000,2.2871
1747291920000,2.2907
1747291980000,2.2673
1747292040000,2.2941
1747292100000,2.279
1747292160000,2.2678
1747292220000,2.2517
1747292280000,2.265
1747292340000,2.2662
1747292400000,2.2908
1747292460000,2.2698
1747292520000,2.3605
1747292580000,2.286
1747292640000,2.2949
1747292700000,2.298
1747292760000,2.3084
1747292820000,2.2698
1747292880000,2.3192
1747292940000,2.299
1747293000000,2.277
1747293060000,2.2752
1747293120000,2.2851
1747293180000,2.265
1747293240000,2.2607
1747293300000,2.2691
1747293360000,2.2836
1747293420000,2.2944
1747293480000,2.3042
1747293540000,2.2883
1747293600000,2.3431
1747293660000,2.3252
1747293720000,2.355
1747293780000,2.3486
1747293840000,2.3469
1747293900000,2.3469
1747293960000,2.3306
1747294020000,2.3309
1747294080000,2.3398
1747294140000,2.3494
1747294200000,2.339
1747294260000,2.3392
1747294320000,2.3169
1747294380000,2.3323
1747294440000,2.3342
1747294500000,2.3296
1747294560000,2.3289
1747294620000,2.3315
1747294680000,2.3137
1747294740000,2.3197
1747294800000,2.3615
1747294860000,2.3149
1747294920000,2.3013
1747294980000,2.3174
1747295040000,2.2954
1747295100000,2.3095
1747295160000,2.2775
1747295220000,2.3141
1747295280000,2.272
1747295340000,2.282
1747295400000,2.3012
1747295460000,2.2989
1747295520000,2.3339
1747295580000,2.2922
1747295640000,2.3012
1747295700000,2.2772
1747295760000,2.3345
1747295820000,2.3098
1747295880000,2.3132
1747295940000,2.3083
1747296000000,2.3491
1747296060000,2.386
1747296120000,2.3627
1747296180000,2.352
1747296240000,2.3347
1747296300000,2.3642
1747296360000,2.3577
1747296420000,2.3338
1747296480000,2.342
1747296540000,2.3418
1747296600000,2.325
1747296660000,2.3332
1747296720000,2.3247
1747296780000,2.3397
1747296840000,2.3431
1747296900000,2.3354
1747296960000,2.3155
1747297020000,2.325
1747297080000,2.3274
1747297140000,2.3411
1747297200000,2.3393
1747297260000,2.348
1747297320000,2.3555
1747297380000,2.3822
1747297440000,2.3477
1747297500000,2.3429
1747297560000,2.3712
1747297620000,2.3925
1747297680000,2.3753
1747297740000,2.3455
1747297800000,2.3667
1747297860000,2.3394
1747297920000,2.3525
1747297980000,2.3624
1747298040000,2.368
1747298100000,2.3878
1747298160000,2.3686
1747298220000,2.3877
1747298280000,2.3632
1747298340000,2.3822
1747298400000,2.3887
1747298460000,2.4135
1747298520000,2.3853
1747298580000,2.4591
1747298640000,2.4027
1747298700000,2.477
1747298760000,2.4119
1747298820000,2.3976
1747298880000,2.3994
1747298940000,2.3765
1747299000000,2.3969
1747299060000,2.4004
1747299120000,2.3993
1747299180000,2.4228
1747299240000,2.4047
1747299300000,2.3862
1747299360000,2.3836
1747299420000,2.3889
1747299480000,2.4012
1747299540000,2.4104
1747299600000,2.4067
1747299660000,2.4216
1747299720000,2.4294
1747299780000,2.433
1747299840000,2.4368
1747299900000,2.4687
1747299960000,2.4752
1747300020000,2.4533
1747300080000,2.443
1747300140000,2.4399
1747300200000,2.4442
1747300260000,2.4051
1747300320000,2.425
1747300380000,2.4199
1747300440000,2.4725
1747300500000,2.4092
1747300560000,2.4058
1747300620000,2.4164
1747300680000,2.4369
1747300740000,2.4496
1747300800000,2.4638
1747300860000,2.4614
1747300920000,2.4515
1747300980000,2.4345
1747301040000,2.4239
1747301100000,2.4529
1747301160000,2.4486
1747301220000,2.4395
1747301280000,2.4248
1747301340000,2.4429
1747301400000,2.4417
1747301460000,2.4569
1747301520000,2.4518
1747301580000,2.5166
1747301640000,2.5043
1747301700000,2.4742
1747301760000,2.5708
1747301820000,2.5124
1747301880000,2.5167
1747301940000,2.4941
1747302000000,2.4884
1747302060000,2.4491
1747302120000,2.4523
1747302180000,2.4514
1747302240000,2.4677
1747302300000,2.4304
1747302360000,2.4476
1747302420000,2.4883
