timestamp,middleware_tair_write_rt
1754538420000,0.9929
1754538480000,0.9884
1754538540000,0.983
1754538600000,0.9997
1754538660000,0.9998
1754538720000,0.9829
1754538780000,0.9823
1754538840000,0.984
1754538900000,0.9993
1754538960000,0.9711
1754539020000,0.9785
1754539080000,0.9666
1754539140000,0.9604
1754539200000,1.0362
1754539260000,1.0158
1754539320000,0.9949
1754539380000,0.9815
1754539440000,0.9888
1754539500000,0.9891
1754539560000,0.9767
1754539620000,0.9832
1754539680000,0.9771
1754539740000,0.9778
1754539800000,0.9817
1754539860000,1.0029
1754539920000,0.9914
1754539980000,0.9848
1754540040000,0.9858
1754540100000,0.9998
1754540160000,0.9787
1754540220000,0.9818
1754540280000,0.9904
1754540340000,0.9778
1754540400000,0.9846
1754540460000,0.9929
1754540520000,0.9906
1754540580000,0.9696
1754540640000,0.9662
1754540700000,1.0081
1754540760000,0.9897
1754540820000,0.9825
1754540880000,0.9901
1754540940000,1.024
1754541000000,1.0413
1754541060000,1.0427
1754541120000,1.0534
1754541180000,1.0362
1754541240000,1.03
1754541300000,1.0521
1754541360000,1.0499
1754541420000,1.0667
1754541480000,1.068
1754541540000,1.0508
1754541600000,1.0485
1754541660000,1.0462
1754541720000,1.0423
1754541780000,1.0413
1754541840000,1.0559
1754541900000,1.047
1754541960000,1.0409
1754542020000,1.0379
1754542080000,1.0562
1754542140000,1.0518
1754542200000,1.0716
1754542260000,1.0602
1754542320000,1.0416
1754542380000,1.0356
1754542440000,1.0289
1754542500000,1.0427
1754542560000,1.0598
1754542620000,1.0211
1754542680000,1.0216
1754542740000,1.0225
1754542800000,1.04
1754542860000,1.0438
1754542920000,1.033
1754542980000,1.0378
1754543040000,1.0401
1754543100000,1.0244
1754543160000,1.0184
1754543220000,1.0483
1754543280000,1.0229
1754543340000,1.0298
1754543400000,1.0356
1754543460000,1.032
1754543520000,1.0177
1754543580000,1.0276
1754543640000,1.0343
1754543700000,1.0646
1754543760000,1.051
1754543820000,1.0286
1754543880000,1.0415
1754543940000,1.0341
1754544000000,1.01
1754544060000,1.0202
1754544120000,1.0272
1754544180000,1.0112
1754544240000,1.0135
1754544300000,1.0192
1754544360000,1.0122
1754544420000,1.0136
1754544480000,1.0189
1754544540000,1.0147
1754544600000,1.0235
1754544660000,1.0021
1754544720000,1.0288
1754544780000,1.028
1754544840000,1.0104
1754544900000,1.0364
1754544960000,1.0323
1754545020000,1.022
1754545080000,1.0224
1754545140000,1.0208
1754545200000,1.0317
1754545260000,1.0173
1754545320000,1.0419
1754545380000,1.0264
1754545440000,1.0114
1754545500000,1.0181
1754545560000,1.0179
1754545620000,1.0095
1754545680000,1.0191
1754545740000,1.0103
1754545800000,1.0213
1754545860000,1.0281
1754545920000,1.0116
1754545980000,1.0225
1754546040000,1.0178
1754546100000,1.0128
1754546160000,1.026
1754546220000,1.0212
1754546280000,1.0124
1754546340000,0.9714
1754546400000,0.9777
1754546460000,0.9753
1754546520000,0.9757
1754546580000,0.9969
1754546640000,0.9828
1754546700000,0.9829
1754546760000,0.9817
1754546820000,0.985
1754546880000,0.9732
1754546940000,0.9741
1754547000000,0.9919
1754547060000,1.0346
1754547120000,1.0117
1754547180000,0.9925
1754547240000,1.0041
1754547300000,0.9989
1754547360000,0.9791
1754547420000,0.9866
1754547480000,0.9799
1754547540000,0.9745
1754547600000,0.9873
1754547660000,0.994
1754547720000,0.9847
1754547780000,0.9983
1754547840000,0.9743
1754547900000,0.9936
1754547960000,0.9965
1754548020000,1.0104
1754548080000,0.9757
1754548140000,0.9879
1754548200000,0.98
1754548260000,1.0044
1754548320000,1.0284
1754548380000,0.988
1754548440000,0.9848
1754548500000,0.9835
1754548560000,0.9843
1754548620000,0.9838
1754548680000,0.9856
1754548740000,0.9772
1754548800000,0.9847
1754548860000,0.9968
1754548920000,0.9898
1754548980000,1.0061
1754549040000,0.9666
1754549100000,0.9743
1754549160000,0.972
1754549220000,0.9703
1754549280000,0.9691
1754549340000,0.9727
1754549400000,0.9756
1754549460000,0.9686
1754549520000,0.9581
1754549580000,0.96
1754549640000,0.9499
1754549700000,0.959
1754549760000,0.9686
1754549820000,0.9608
1754549880000,0.9457
1754549940000,0.9614
1754550000000,0.9851
1754550060000,0.9877
1754550120000,0.9834
1754550180000,0.9768
1754550240000,0.9768
1754550300000,0.9806
1754550360000,0.9839
1754550420000,0.9799
1754550480000,0.9756
1754550540000,0.9631
1754550600000,0.972
1754550660000,0.9655
1754550720000,0.982
1754550780000,0.9876
1754550840000,0.9922
1754550900000,0.974
1754550960000,0.9817
1754551020000,0.9694
1754551080000,0.9836
1754551140000,0.9826
1754551200000,1.0023
1754551260000,0.9986
1754551320000,0.9957
1754551380000,0.9707
1754551440000,0.9722
1754551500000,0.99
1754551560000,0.9719
1754551620000,0.9797
1754551680000,0.9769
1754551740000,0.9799
1754551800000,0.9783
1754551860000,0.9766
1754551920000,0.973
1754551980000,0.9949
1754552040000,0.9801
1754552100000,0.9664
1754552160000,0.9738
1754552220000,0.9754
1754552280000,0.9668
1754552340000,0.9531
1754552400000,0.9667
1754552460000,0.9474
1754552520000,0.9571
1754552580000,0.9594
1754552640000,0.9523
1754552700000,0.9594
1754552760000,0.9789
1754552820000,0.9664
1754552880000,0.9644
1754552940000,0.9908
1754553000000,0.9799
1754553060000,0.9629
1754553120000,0.9627
1754553180000,0.9573
1754553240000,0.9602
1754553300000,0.9555
1754553360000,0.952
1754553420000,0.9453
1754553480000,0.9513
1754553540000,0.9809
1754553600000,1.0282
1754553660000,1.0242
1754553720000,1.0387
1754553780000,1.0363
1754553840000,1.0338
1754553900000,1.0338
1754553960000,1.0251
1754554020000,1.0178
1754554080000,1.0337
1754554140000,1.0222
1754554200000,1.0467
1754554260000,1.0602
1754554320000,1.0437
1754554380000,1.0296
1754554440000,1.0249
1754554500000,1.033
1754554560000,1.0275
1754554620000,1.0195
1754554680000,1.0486
1754554740000,1.0383
1754554800000,1.0211
1754554860000,1.0452
1754554920000,1.0463
1754554980000,1.0394
1754555040000,1.0235
1754555100000,1.0349
1754555160000,1.015
1754555220000,1.0079
1754555280000,0.9986
1754555340000,1.0063
1754555400000,1.0179
1754555460000,1.0119
1754555520000,1.0121
1754555580000,1.0096
1754555640000,1.0238
1754555700000,1.0089
1754555760000,1.0159
1754555820000,1.0228
1754555880000,1.0421
1754555940000,1.0169
1754556000000,1.0287
1754556060000,1.0217
1754556120000,0.9962
1754556180000,1.0104
1754556240000,1.0119
1754556300000,1.0077
1754556360000,1.0104
1754556420000,0.999
1754556480000,1.009
1754556540000,1.0058
1754556600000,1.0267
1754556660000,1.0105
1754556720000,1.0027
1754556780000,1.0091
1754556840000,0.9948
1754556900000,1.009
1754556960000,0.9895
1754557020000,0.9977
1754557080000,1.0166
1754557140000,1.0036
1754557200000,1.0486
1754557260000,1.038
1754557320000,1.0409
1754557380000,1.0228
1754557440000,1.0408
1754557500000,1.0358
1754557560000,1.0128
1754557620000,1.0202
1754557680000,1.0288
1754557740000,1.0131
1754557800000,1.0082
1754557860000,1.0077
1754557920000,1.0024
1754557980000,1.0137
1754558040000,1.0076
1754558100000,1.0122
1754558160000,1.0146
1754558220000,1.0102
1754558280000,1.0131
1754558340000,1.0287
1754558400000,1.0163
1754558460000,1.0108
1754558520000,1.0103
1754558580000,1.0083
1754558640000,1.0063
1754558700000,1.0198
1754558760000,1.0173
1754558820000,1.0143
1754558880000,1.0185
1754558940000,1.0124
1754559000000,1.0179
1754559060000,0.9984
1754559120000,1.0101
1754559180000,1.0096
1754559240000,1.0107
1754559300000,1.01
1754559360000,1.0001
1754559420000,1.0061
1754559480000,1.0118
1754559540000,1.0071
1754559600000,1.0191
1754559660000,1.0147
1754559720000,1.0041
1754559780000,0.9939
1754559840000,1.0018
1754559900000,1.0029
1754559960000,0.9998
1754560020000,1.0111
1754560080000,0.9945
1754560140000,0.9973
1754560200000,0.9972
1754560260000,1.0051
1754560320000,0.9948
1754560380000,0.9917
1754560440000,0.9811
1754560500000,0.988
1754560560000,0.978
1754560620000,0.9854
1754560680000,0.9791
1754560740000,0.969
1754560800000,1.0259
1754560860000,1.0017
1754560920000,1.0058
1754560980000,1.0028
1754561040000,1.0149
1754561100000,1.013
1754561160000,0.9946
1754561220000,0.9826
1754561280000,0.999
1754561340000,0.9911
1754561400000,1.0012
1754561460000,1.0004
1754561520000,1.0048
1754561580000,1.0006
1754561640000,1.0212
1754561700000,1.0257
1754561760000,1.0036
1754561820000,1.0053
1754561880000,1.0052
1754561940000,1.0136
1754562000000,1.0166
1754562060000,1.0218
1754562120000,1.01
1754562180000,1.0071
1754562240000,1.0005
1754562300000,1.0011
1754562360000,1.0076
1754562420000,1.0061
1754562480000,1.004
1754562540000,1.009
1754562600000,1.0189
1754562660000,0.9966
1754562720000,1.0228
1754562780000,1.0002
1754562840000,0.9982
1754562900000,1.0094
1754562960000,1.026
1754563020000,0.997
1754563080000,0.9929
1754563140000,1.0013
1754563200000,1.0035
1754563260000,1.0098
1754563320000,1.0141
1754563380000,1.0012
1754563440000,1.0048
1754563500000,1.0107
1754563560000,1.0123
1754563620000,1.022
1754563680000,0.9981
1754563740000,1.001
1754563800000,1.0022
1754563860000,1.0006
1754563920000,0.9924
1754563980000,1.0333
1754564040000,1.0101
1754564100000,1.0212
1754564160000,1.014
1754564220000,1.0049
1754564280000,0.9796
1754564340000,0.9724
1754564400000,1.0109
1754564460000,0.991
1754564520000,0.9806
1754564580000,0.9803
1754564640000,0.9847
1754564700000,0.9945
1754564760000,0.9853
1754564820000,0.9843
1754564880000,0.9774
1754564940000,0.9677
1754565000000,0.977
1754565060000,0.9712
1754565120000,0.983
1754565180000,0.971
1754565240000,1.0005
1754565300000,1.0057
1754565360000,0.9973
1754565420000,1.0172
1754565480000,1.0231
1754565540000,1.0147
1754565600000,1.0168
1754565660000,1.0163
1754565720000,1.0016
1754565780000,1.0051
1754565840000,1.0522
1754565900000,1.0084
1754565960000,1.028
1754566020000,1.0388
1754566080000,1.0443
1754566140000,1.0669
1754566200000,1.0285
1754566260000,1.0645
1754566320000,1.0016
1754566380000,1.0282
1754566440000,1.0124
1754566500000,0.9952
1754566560000,0.9842
1754566620000,0.9875
1754566680000,0.9894
1754566740000,0.987
1754566800000,0.9872
1754566860000,1.0238
1754566920000,1.0179
1754566980000,1.0003
1754567040000,1.0109
1754567100000,0.9952
1754567160000,0.9924
1754567220000,0.9873
1754567280000,0.9925
1754567340000,1.0032
1754567400000,0.9861
1754567460000,0.9918
1754567520000,1.0001
1754567580000,0.9978
1754567640000,0.9849
1754567700000,1.0088
1754567760000,0.982
1754567820000,0.996
1754567880000,0.9876
1754567940000,0.995
1754568000000,1.0209
1754568060000,1.0088
1754568120000,1.0007
1754568180000,0.9946
1754568240000,0.9877
1754568300000,1.004
1754568360000,1.0198
1754568420000,1.0288
1754568480000,1.0035
1754568540000,0.987
1754568600000,1.0056
1754568660000,0.9907
1754568720000,1.0231
1754568780000,0.9937
1754568840000,0.9949
1754568900000,1.0109
1754568960000,1.0224
1754569020000,1.0117
1754569080000,1.0116
1754569140000,0.9941
1754569200000,1.0275
1754569260000,1.0215
1754569320000,1.0141
1754569380000,1.0057
1754569440000,1.0173
1754569500000,1.0262
1754569560000,1.0133
1754569620000,1.0308
1754569680000,1.0191
1754569740000,1.0207
1754569800000,1.0369
1754569860000,1.0247
1754569920000,1.0175
1754569980000,1.0213
1754570040000,1.0252
1754570100000,1.039
1754570160000,1.0256
1754570220000,1.0111
1754570280000,1.0189
1754570340000,1.0265
1754570400000,1.0119
1754570460000,1.0139
1754570520000,1.0544
1754570580000,1.0395
1754570640000,1.03
1754570700000,1.0342
1754570760000,1.0435
1754570820000,1.032
1754570880000,1.0837
1754570940000,1.0108
1754571000000,1.0429
1754571060000,1.0451
1754571120000,1.0488
1754571180000,1.0229
1754571240000,1.0218
1754571300000,1.0345
1754571360000,1.0375
1754571420000,1.0364
1754571480000,1.1027
1754571540000,1.1281
1754571600000,1.075
1754571660000,1.0393
1754571720000,1.0375
1754571780000,1.0182
1754571840000,1.0206
1754571900000,1.0196
1754571960000,1.025
1754572020000,1.011
1754572080000,1.0234
1754572140000,1.0404
1754572200000,1.0867
1754572260000,1.05
1754572320000,1.0175
1754572380000,0.997
1754572440000,1.0036
1754572500000,1.0216
1754572560000,1.0221
1754572620000,1.0155
1754572680000,1.0422
1754572740000,1.0063
1754572800000,1.0082
1754572860000,1.0147
1754572920000,1.024
1754572980000,1.0262
1754573040000,1.013
1754573100000,1.0245
1754573160000,1.0089
1754573220000,1.0205
1754573280000,1.0248
1754573340000,1.0053
1754573400000,1.0361
1754573460000,1.019
1754573520000,1.0188
1754573580000,1.0247
1754573640000,1.029
1754573700000,1.0152
1754573760000,1.0239
1754573820000,1.0202
1754573880000,1.0175
1754573940000,1.0128
1754574000000,1.0309
1754574060000,1.0305
1754574120000,1.0252
1754574180000,1.014
1754574240000,1.0497
1754574300000,1.0462
1754574360000,1.0355
1754574420000,1.0062
1754574480000,1.0209
1754574540000,1.0196
1754574600000,1.0244
1754574660000,1.027
1754574720000,1.0288
1754574780000,1.0255
1754574840000,1.0245
1754574900000,1.0229
1754574960000,1.0247
1754575020000,1.0374
1754575080000,1.0072
1754575140000,1.0008
1754575200000,1.0391
1754575260000,1.0197
1754575320000,1.0326
1754575380000,1.0251
1754575440000,1.0466
1754575500000,1.0305
1754575560000,1.034
1754575620000,1.0249
1754575680000,1.0226
1754575740000,1.0285
1754575800000,1.0259
1754575860000,1.0182
1754575920000,1.0347
1754575980000,1.0038
1754576040000,0.9823
1754576100000,0.9936
1754576160000,0.9911
1754576220000,0.9907
1754576280000,1.0059
1754576340000,0.9993
1754576400000,1.0057
1754576460000,1.0178
1754576520000,1.0527
1754576580000,1.0193
1754576640000,0.9939
1754576700000,1.0011
1754576760000,0.9928
1754576820000,0.9898
1754576880000,0.9834
1754576940000,0.9923
1754577000000,1.0061
1754577060000,0.9919
1754577120000,0.9985
1754577180000,1.0203
1754577240000,1.0154
1754577300000,1.0284
1754577360000,1.0074
1754577420000,1.0413
1754577480000,1.0122
1754577540000,0.982
1754577600000,0.9972
1754577660000,1.0178
1754577720000,1.0121
1754577780000,0.9909
1754577840000,1.0061
1754577900000,1.0012
1754577960000,1.0031
1754578020000,1.0193
1754578080000,1.0171
1754578140000,1.0081
1754578200000,1.0149
1754578260000,1.0039
1754578320000,0.9934
1754578380000,0.9773
1754578440000,0.9877
1754578500000,0.9957
1754578560000,0.9898
1754578620000,0.9727
1754578680000,0.9783
1754578740000,0.9826
1754578800000,1.0347
1754578860000,1.0092
1754578920000,0.9985
1754578980000,0.9913
1754579040000,0.993
1754579100000,0.9934
1754579160000,0.9924
1754579220000,0.9874
1754579280000,0.9889
1754579340000,1.0124
1754579400000,1.0005
1754579460000,0.9976
1754579520000,0.9948
1754579580000,0.9762
1754579640000,0.9571
1754579700000,0.9725
1754579760000,0.9773
1754579820000,0.9769
1754579880000,0.9826
1754579940000,0.9566
1754580000000,0.9897
1754580060000,0.9962
1754580120000,0.967
1754580180000,0.9532
1754580240000,0.9617
1754580300000,0.9597
1754580360000,0.9516
1754580420000,0.9475
1754580480000,0.9657
1754580540000,0.9701
1754580600000,0.9579
1754580660000,0.9629
1754580720000,0.9485
1754580780000,0.9768
1754580840000,0.9537
1754580900000,0.9458
1754580960000,0.9445
1754581020000,0.9417
1754581080000,0.9422
1754581140000,0.9295
1754581200000,0.9424
1754581260000,0.9752
1754581320000,0.9412
1754581380000,0.9497
1754581440000,0.9651
1754581500000,0.937
1754581560000,0.9348
1754581620000,0.9247
1754581680000,0.9898
1754581740000,0.9877
1754581800000,0.9768
1754581860000,0.9664
1754581920000,0.9264
1754581980000,0.9346
1754582040000,0.9226
1754582100000,0.9511
1754582160000,0.9452
1754582220000,0.9372
1754582280000,0.9208
1754582340000,0.9198
1754582400000,0.9431
1754582460000,0.9439
1754582520000,0.9371
1754582580000,0.9198
1754582640000,0.9159
1754582700000,0.9217
1754582760000,0.9195
1754582820000,0.9175
1754582880000,0.9244
1754582940000,0.9109
1754583000000,0.9205
1754583060000,0.8998
1754583120000,0.907
1754583180000,0.9181
1754583240000,0.9045
1754583300000,0.893
1754583360000,0.8811
1754583420000,0.9251
1754583480000,0.9163
1754583540000,0.896
1754583600000,0.9002
1754583660000,0.8934
1754583720000,0.9342
1754583780000,0.9728
1754583840000,0.9715
1754583900000,0.9548
1754583960000,0.9201
1754584020000,0.9153
1754584080000,0.8857
1754584140000,0.8888
1754584200000,0.885
1754584260000,0.8688
1754584320000,0.8776
1754584380000,0.8778
1754584440000,0.8644
1754584500000,0.9036
1754584560000,0.8768
1754584620000,0.8799
1754584680000,0.8857
1754584740000,0.8779
1754584800000,0.878
1754584860000,0.8731
1754584920000,0.8919
1754584980000,0.885
1754585040000,0.8705
1754585100000,0.8732
1754585160000,0.8642
1754585220000,0.8585
1754585280000,0.85
1754585340000,0.8636
1754585400000,0.8726
1754585460000,0.858
1754585520000,0.8618
1754585580000,0.8618
1754585640000,0.8591
1754585700000,0.8621
1754585760000,0.8885
1754585820000,0.8805
1754585880000,0.848
1754585940000,0.8505
1754586000000,1.086
1754586060000,1.1903
1754586120000,1.2273
1754586180000,1.2279
1754586240000,1.2196
1754586300000,1.2402
1754586360000,1.265
1754586420000,1.2616
1754586480000,1.2016
1754586540000,1.1529
1754586600000,1.1613
1754586660000,1.0815
1754586720000,1.0623
1754586780000,1.0636
1754586840000,1.0305
1754586900000,1.0469
1754586960000,1.0001
1754587020000,0.9731
1754587080000,0.9679
1754587140000,0.9662
1754587200000,0.9904
1754587260000,0.9788
1754587320000,0.9797
1754587380000,0.9953
1754587440000,0.9624
1754587500000,0.9614
1754587560000,0.9797
1754587620000,0.9762
1754587680000,0.96
1754587740000,0.9303
1754587800000,0.8832
1754587860000,0.8725
1754587920000,0.893
1754587980000,0.85
1754588040000,0.8624
1754588100000,0.8557
1754588160000,0.8557
1754588220000,0.8513
1754588280000,0.8448
1754588340000,0.8556
1754588400000,0.8612
1754588460000,0.8462
1754588520000,0.831
1754588580000,0.8206
1754588640000,0.8172
1754588700000,0.823
1754588760000,0.8282
1754588820000,0.8101
1754588880000,0.8055
1754588940000,0.8166
1754589000000,0.8139
1754589060000,0.8159
1754589120000,0.817
1754589180000,0.8378
1754589240000,0.8128
1754589300000,0.8417
1754589360000,0.8243
1754589420000,0.7977
1754589480000,0.8094
1754589540000,0.803
1754589600000,0.8515
1754589660000,0.8363
1754589720000,0.8201
1754589780000,0.8249
1754589840000,0.8207
1754589900000,0.8175
1754589960000,0.8212
1754590020000,0.813
1754590080000,0.8073
1754590140000,0.8076
1754590200000,0.844
1754590260000,0.8066
1754590320000,0.8011
1754590380000,0.8234
1754590440000,0.8195
1754590500000,0.8244
1754590560000,0.8151
1754590620000,0.8442
1754590680000,0.8334
1754590740000,0.8467
1754590800000,0.8038
1754590860000,0.7898
1754590920000,0.7956
1754590980000,0.7953
1754591040000,0.791
1754591100000,0.7912
1754591160000,0.81
1754591220000,0.8013
1754591280000,0.8015
1754591340000,0.7934
1754591400000,0.7967
1754591460000,0.7879
1754591520000,0.7888
1754591580000,0.7772
1754591640000,0.8687
1754591700000,0.8575
1754591760000,0.8177
1754591820000,0.8282
1754591880000,0.7952
1754591940000,0.7878
1754592000000,0.8043
1754592060000,0.812
1754592120000,0.8233
1754592180000,0.7961
1754592240000,0.7778
1754592300000,0.785
1754592360000,0.7926
1754592420000,0.7857
1754592480000,0.7942
1754592540000,0.7959
1754592600000,0.791
1754592660000,0.7832
1754592720000,0.779
1754592780000,0.7788
1754592840000,0.7899
1754592900000,0.7956
1754592960000,0.7849
1754593020000,0.7847
1754593080000,0.7995
1754593140000,0.7884
1754593200000,0.7994
1754593260000,0.8022
1754593320000,0.8053
1754593380000,0.7923
1754593440000,0.7976
1754593500000,0.7986
1754593560000,0.8064
1754593620000,0.801
1754593680000,0.7992
1754593740000,0.7872
1754593800000,0.8027
1754593860000,0.8202
1754593920000,0.8257
1754593980000,0.823
1754594040000,0.8335
1754594100000,0.8055
1754594160000,0.8153
1754594220000,0.8172
1754594280000,0.8272
1754594340000,0.8176
1754594400000,0.8075
1754594460000,0.8052
1754594520000,0.8093
1754594580000,0.7971
1754594640000,0.7997
1754594700000,0.8023
1754594760000,0.7988
1754594820000,0.8244
1754594880000,0.8106
1754594940000,0.7991
1754595000000,0.7962
1754595060000,0.7999
1754595120000,0.8066
1754595180000,0.8046
1754595240000,0.8073
1754595300000,0.7937
1754595360000,0.7869
1754595420000,0.814
1754595480000,0.8211
1754595540000,0.8342
1754595600000,0.8028
1754595660000,0.7991
1754595720000,0.8277
1754595780000,0.7898
1754595840000,0.8162
1754595900000,0.796
1754595960000,0.7979
1754596020000,0.7959
1754596080000,0.8008
1754596140000,0.8056
1754596200000,0.8328
1754596260000,0.8128
1754596320000,0.85
1754596380000,0.8472
1754596440000,0.7796
1754596500000,0.7898
1754596560000,0.7911
1754596620000,0.78
1754596680000,0.793
1754596740000,0.8421
1754596800000,0.8024
1754596860000,0.8049
1754596920000,0.8135
1754596980000,0.817
1754597040000,0.8154
1754597100000,0.8073
1754597160000,0.7947
1754597220000,0.8008
1754597280000,0.7933
1754597340000,0.7881
1754597400000,0.8152
1754597460000,0.8075
1754597520000,0.8056
1754597580000,0.8052
1754597640000,0.7948
1754597700000,0.7795
1754597760000,0.7898
1754597820000,0.8329
1754597880000,0.8288
1754597940000,0.8268
1754598000000,0.8555
1754598060000,0.8052
1754598120000,0.8144
1754598180000,0.8234
1754598240000,0.7899
1754598300000,0.795
1754598360000,0.8154
1754598420000,0.8077
1754598480000,0.8184
1754598540000,0.7904
1754598600000,0.7836
1754598660000,0.7895
1754598720000,0.7888
1754598780000,0.8089
1754598840000,0.7891
1754598900000,0.7965
1754598960000,0.7842
1754599020000,0.7886
1754599080000,0.8088
1754599140000,0.8027
1754599200000,0.7969
1754599260000,0.8013
1754599320000,0.7951
1754599380000,0.7955
1754599440000,0.7879
1754599500000,0.7995
1754599560000,0.7899
1754599620000,0.8008
1754599680000,0.7869
1754599740000,0.7801
1754599800000,0.8017
1754599860000,0.8013
1754599920000,0.7771
1754599980000,0.789
1754600040000,0.7711
1754600100000,0.7952
1754600160000,0.7963
1754600220000,0.7939
1754600280000,0.8394
1754600340000,0.7997
1754600400000,0.8176
1754600460000,0.8395
1754600520000,0.8044
1754600580000,0.806
1754600640000,0.8328
1754600700000,0.8113
1754600760000,0.8188
1754600820000,0.7895
1754600880000,0.7869
1754600940000,0.7924
1754601000000,0.7919
1754601060000,0.773
1754601120000,0.7806
1754601180000,0.7744
1754601240000,0.7823
1754601300000,0.7825
1754601360000,0.7938
1754601420000,0.7775
1754601480000,0.7865
1754601540000,0.788
1754601600000,0.799
1754601660000,0.8102
1754601720000,0.8105
1754601780000,0.7887
1754601840000,0.7966
1754601900000,0.8022
1754601960000,0.7927
1754602020000,0.8112
1754602080000,0.8252
1754602140000,0.8038
1754602200000,0.8292
1754602260000,0.814
1754602320000,0.8362
1754602380000,0.8081
1754602440000,0.8016
1754602500000,0.7948
1754602560000,0.7938
1754602620000,0.836
1754602680000,0.8632
1754602740000,0.8053
1754602800000,0.8189
1754602860000,0.8251
1754602920000,0.8032
1754602980000,0.7843
1754603040000,0.7963
1754603100000,0.8052
1754603160000,0.7862
1754603220000,0.8119
1754603280000,0.8035
1754603340000,0.7859
1754603400000,0.7892
1754603460000,0.7849
1754603520000,0.7907
1754603580000,0.7864
1754603640000,0.8026
1754603700000,0.8097
1754603760000,0.8182
1754603820000,0.8116
1754603880000,0.7951
1754603940000,0.7962
1754604000000,0.8125
1754604060000,0.8226
1754604120000,0.8019
1754604180000,0.8219
1754604240000,0.8314
1754604300000,0.8312
1754604360000,0.8297
1754604420000,0.8133
1754604480000,0.8283
1754604540000,0.8343
1754604600000,0.825
1754604660000,0.8276
1754604720000,0.8557
1754604780000,0.8224
1754604840000,0.8036
1754604900000,0.817
1754604960000,0.8177
1754605020000,0.8068
1754605080000,0.8179
1754605140000,0.8313
1754605200000,0.8493
1754605260000,0.8247
1754605320000,0.8315
1754605380000,0.8238
1754605440000,0.8198
1754605500000,0.8308
1754605560000,0.8292
1754605620000,0.843
1754605680000,0.8282
1754605740000,0.8296
1754605800000,0.8477
1754605860000,0.8348
1754605920000,0.8389
1754605980000,0.8418
1754606040000,0.8302
1754606100000,0.8347
1754606160000,0.8489
1754606220000,0.8397
1754606280000,0.84
1754606340000,0.8411
1754606400000,0.8496
1754606460000,0.8332
1754606520000,0.8336
1754606580000,0.8384
1754606640000,0.8499
1754606700000,0.836
1754606760000,0.8502
1754606820000,0.8599
1754606880000,0.8856
1754606940000,0.8759
1754607000000,0.8495
1754607060000,0.8465
1754607120000,0.8295
1754607180000,0.8434
1754607240000,0.856
1754607300000,0.8559
1754607360000,0.8506
1754607420000,0.8475
1754607480000,0.8383
1754607540000,0.8576
1754607600000,0.8791
1754607660000,0.8749
1754607720000,0.8535
1754607780000,0.8546
1754607840000,0.8538
1754607900000,0.8526
1754607960000,0.8541
1754608020000,0.8714
1754608080000,0.8731
1754608140000,0.8582
1754608200000,0.8585
1754608260000,0.8702
1754608320000,0.8606
1754608380000,0.8691
1754608440000,0.8759
1754608500000,0.8703
1754608560000,0.8641
1754608620000,0.8683
1754608680000,0.8756
1754608740000,0.8938
1754608800000,0.8895
1754608860000,0.8908
1754608920000,0.8764
1754608980000,0.9032
1754609040000,0.8807
1754609100000,0.8629
1754609160000,0.8625
1754609220000,0.8617
1754609280000,0.8626
1754609340000,0.8572
1754609400000,0.8628
1754609460000,0.8695
1754609520000,0.8636
1754609580000,0.8697
1754609640000,0.8987
1754609700000,0.8806
1754609760000,0.8771
1754609820000,0.8831
1754609880000,0.9028
1754609940000,0.8892
1754610000000,0.8865
1754610060000,0.9034
1754610120000,0.8792
1754610180000,0.882
1754610240000,0.8776
1754610300000,0.878
1754610360000,0.8742
1754610420000,0.8722
1754610480000,0.8678
1754610540000,0.8741
1754610600000,0.8788
1754610660000,0.8747
1754610720000,0.8819
1754610780000,0.8701
1754610840000,0.9066
1754610900000,0.9214
1754610960000,0.9054
1754611020000,0.9106
1754611080000,0.8916
1754611140000,0.8839
1754611200000,0.9009
1754611260000,0.952
1754611320000,0.9273
1754611380000,0.9355
1754611440000,0.9764
1754611500000,0.9747
1754611560000,0.9361
1754611620000,0.9354
1754611680000,0.9398
1754611740000,0.9194
1754611800000,0.9285
1754611860000,0.9288
1754611920000,0.943
1754611980000,0.9207
1754612040000,0.9165
1754612100000,0.9154
1754612160000,0.9205
1754612220000,0.9278
1754612280000,0.9374
1754612340000,0.939
1754612400000,0.9299
1754612460000,0.9261
1754612520000,0.9242
1754612580000,0.9364
1754612640000,0.9596
1754612700000,0.9539
1754612760000,0.9408
1754612820000,0.9398
1754612880000,0.9355
1754612940000,0.9277
1754613000000,0.9486
1754613060000,0.9497
1754613120000,0.9407
1754613180000,0.94
1754613240000,0.9351
1754613300000,0.9418
1754613360000,0.9341
1754613420000,0.9315
1754613480000,0.9365
1754613540000,0.9294
1754613600000,0.9439
1754613660000,0.9391
1754613720000,0.927
1754613780000,0.9476
1754613840000,0.9422
1754613900000,0.9472
1754613960000,0.9482
1754614020000,0.9337
1754614080000,0.9459
1754614140000,0.9388
1754614200000,0.9523
1754614260000,0.9405
1754614320000,0.9364
1754614380000,0.9442
1754614440000,0.9392
1754614500000,0.9616
1754614560000,1.0325
1754614620000,0.9817
1754614680000,0.9638
1754614740000,0.961
1754614800000,1.0441
1754614860000,1.0067
1754614920000,0.9981
1754614980000,0.9711
1754615040000,0.9705
1754615100000,0.9803
1754615160000,0.9625
1754615220000,0.9801
1754615280000,0.9746
1754615340000,0.9768
1754615400000,0.9766
1754615460000,0.9598
1754615520000,0.9703
1754615580000,0.9786
1754615640000,0.9938
1754615700000,0.9728
1754615760000,0.9736
1754615820000,0.9767
1754615880000,0.9716
1754615940000,0.9776
1754616000000,0.9975
1754616060000,1.0084
1754616120000,1.0049
1754616180000,0.9907
1754616240000,0.9743
1754616300000,0.9824
1754616360000,0.9846
1754616420000,0.9668
1754616480000,0.9744
1754616540000,0.9637
1754616600000,0.9971
1754616660000,0.9774
1754616720000,0.9891
1754616780000,0.9831
1754616840000,0.9785
1754616900000,0.98
1754616960000,0.9851
1754617020000,1.0363
1754617080000,1.0056
1754617140000,0.9639
1754617200000,0.9801
1754617260000,0.9852
1754617320000,0.9858
1754617380000,0.9703
1754617440000,0.9777
1754617500000,0.9899
1754617560000,0.9916
1754617620000,0.9745
1754617680000,0.994
1754617740000,0.9682
1754617800000,0.9682
1754617860000,0.9723
1754617920000,0.9743
1754617980000,0.9969
1754618040000,0.9706
1754618100000,0.9796
1754618160000,0.9703
1754618220000,1.0169
1754618280000,0.9896
1754618340000,0.9869
1754618400000,1.0477
1754618460000,1.0337
1754618520000,1.0371
1754618580000,1.0322
1754618640000,1.0306
1754618700000,1.0271
1754618760000,1.0298
1754618820000,1.017
1754618880000,1.0189
1754618940000,1.0235
1754619000000,1.0458
1754619060000,1.027
1754619120000,1.0322
1754619180000,1.0177
1754619240000,1.0193
1754619300000,1.0227
1754619360000,1.0262
1754619420000,1.037
1754619480000,1.0461
1754619540000,1.0594
1754619600000,1.0386
1754619660000,1.0264
1754619720000,1.0349
1754619780000,1.0425
1754619840000,1.0318
1754619900000,1.0262
1754619960000,1.0363
1754620020000,1.0407
1754620080000,1.0302
1754620140000,1.0217
1754620200000,1.0484
1754620260000,1.0525
1754620320000,1.0515
1754620380000,1.0325
1754620440000,1.0306
1754620500000,1.0287
1754620560000,1.0378
1754620620000,1.0317
1754620680000,1.0235
1754620740000,1.0292
1754620800000,1.0444
1754620860000,1.0557
1754620920000,1.053
1754620980000,1.0558
1754621040000,1.0557
1754621100000,1.0429
1754621160000,1.0405
1754621220000,1.0531
1754621280000,1.0611
1754621340000,1.041
1754621400000,1.0423
1754621460000,1.0258
1754621520000,1.0422
1754621580000,1.0404
1754621640000,1.0384
1754621700000,1.052
1754621760000,1.0377
1754621820000,1.049
1754621880000,1.0278
1754621940000,1.0366
1754622000000,1.0684
1754622060000,1.0614
1754622120000,1.0491
1754622180000,1.043
1754622240000,1.0525
1754622300000,1.0705
1754622360000,1.0379
1754622420000,1.0536
1754622480000,1.062
1754622540000,1.0414
1754622600000,1.0624
1754622660000,1.1341
1754622720000,1.0972
1754622780000,1.0783
1754622840000,1.0722
1754622900000,1.0858
1754622960000,1.0663
1754623020000,1.0759
1754623080000,1.0775
1754623140000,1.083
1754623200000,1.0795
1754623260000,1.1113
1754623320000,1.0703
1754623380000,1.0921
1754623440000,1.1028
1754623500000,1.0614
1754623560000,1.0565
1754623620000,1.0603
1754623680000,1.0485
1754623740000,1.0371
1754623800000,1.103
1754623860000,1.0628
1754623920000,1.0708
1754623980000,1.2504
1754624040000,1.0548
1754624100000,1.0479
1754624160000,1.0522
1754624220000,1.0767
1754624280000,1.0397
1754624340000,1.0351
1754624400000,1.066
1754624460000,1.0349
1754624520000,1.0536
1754624580000,1.0564
1754624640000,1.0743
1754624700000,1.0711
1754624760000,1.0645
1754624820000,1.0576
1754624880000,1.018
1754624940000,1.0359
1754625000000,1.0265
1754625060000,1.028
1754625120000,1.0216
1754625180000,1.0076
1754625240000,1.03
1754625300000,1.0546
1754625360000,1.0216
1754625420000,1.0712
1754625480000,1.047
1754625540000,1.0343
1754625600000,1.056
1754625660000,1.0577
1754625720000,1.0563
1754625780000,1.033
1754625840000,1.0685
1754625900000,1.0423
1754625960000,1.026
1754626020000,1.0406
1754626080000,1.0576
1754626140000,1.034
1754626200000,1.0618
1754626260000,1.0272
1754626320000,1.0162
1754626380000,1.0078
1754626440000,1.0103
1754626500000,1.0119
1754626560000,1.0426
1754626620000,1.0196
1754626680000,1.029
1754626740000,1.0053
1754626800000,1.0217
1754626860000,1.0083
1754626920000,1.022
1754626980000,1.0186
1754627040000,1.0257
1754627100000,1.0218
1754627160000,1.0136
1754627220000,1.0043
1754627280000,1.0282
1754627340000,1.0038
1754627400000,1.0117
1754627460000,1.0073
1754627520000,1.0117
1754627580000,1.0141
1754627640000,1.0132
1754627700000,1.0265
1754627760000,1.0347
1754627820000,1.0048
1754627880000,1.0091
1754627940000,0.9935
1754628000000,1.0056
1754628060000,1.0099
1754628120000,1.0212
1754628180000,1.0391
1754628240000,1.0153
1754628300000,1.0148
1754628360000,1.0406
1754628420000,1.0406
1754628480000,1.0239
1754628540000,1.0193
1754628600000,1.0175
1754628660000,1.0181
1754628720000,1.0228
1754628780000,1.0369
1754628840000,1.0107
1754628900000,1.0182
1754628960000,1.0089
1754629020000,1.0059
1754629080000,1.0128
1754629140000,0.9955
1754629200000,1.0425
1754629260000,1.0047
1754629320000,1.0242
1754629380000,1.0479
1754629440000,1.007
1754629500000,1.0062
1754629560000,1.0147
1754629620000,1.0126
1754629680000,1.0009
1754629740000,1.0147
1754629800000,1.0228
1754629860000,1.0049
1754629920000,1.0259
1754629980000,1.0309
1754630040000,1.026
1754630100000,1.0253
1754630160000,1.0187
1754630220000,1.0087
1754630280000,1.0151
1754630340000,1.0137
1754630400000,1.0189
1754630460000,1.0338
1754630520000,1.0505
1754630580000,1.0256
1754630640000,1.0138
1754630700000,1.0068
1754630760000,1.0145
1754630820000,1.0312
1754630880000,1.0343
1754630940000,1.0146
1754631000000,0.9971
1754631060000,0.9936
1754631120000,1.0098
1754631180000,1.014
1754631240000,1.0199
1754631300000,1.0186
1754631360000,1.0174
1754631420000,1.0199
1754631480000,1.0062
1754631540000,1.005
1754631600000,1.0063
1754631660000,1.0197
1754631720000,1.016
1754631780000,1.0176
1754631840000,1.025
1754631900000,1.0215
1754631960000,1.0072
1754632020000,1.0205
1754632080000,1.0104
1754632140000,1.0001
1754632200000,0.9943
1754632260000,1.0158
1754632320000,1.0031
1754632380000,0.9776
1754632440000,0.9919
1754632500000,1.0083
1754632560000,1.0006
1754632620000,0.9898
1754632680000,1.0251
1754632740000,1.03
1754632800000,1.0383
1754632860000,1.0128
1754632920000,1.0185
1754632980000,1.0185
1754633040000,1.0095
1754633100000,1.022
1754633160000,1.088
1754633220000,1.0843
1754633280000,1.0254
1754633340000,1.0202
1754633400000,1.0207
1754633460000,1.0141
1754633520000,1.012
1754633580000,1.0235
1754633640000,1.0359
1754633700000,1.0369
1754633760000,1.0268
1754633820000,1.0221
1754633880000,1.0345
1754633940000,1.0067
1754634000000,1.0261
1754634060000,1.0456
1754634120000,1.059
1754634180000,1.0165
1754634240000,0.9992
1754634300000,0.9909
1754634360000,1.0013
1754634420000,1.0388
1754634480000,0.9971
1754634540000,1.0295
1754634600000,1.0005
1754634660000,1.0005
1754634720000,1.0686
1754634780000,1.0266
1754634840000,1.0236
1754634900000,1.0063
1754634960000,1.0159
1754635020000,1.0264
1754635080000,1.002
1754635140000,1.0157
1754635200000,1.0114
1754635260000,1.0122
1754635320000,1.0017
1754635380000,1.0162
1754635440000,1.0233
1754635500000,1.044
1754635560000,1.0428
1754635620000,1.0234
1754635680000,1.0088
1754635740000,1.0168
1754635800000,1.0506
1754635860000,1.0328
1754635920000,1.0253
1754635980000,1.0218
1754636040000,1.0261
1754636100000,1.0627
1754636160000,1.0129
1754636220000,1.0447
1754636280000,1.0524
1754636340000,1.0498
1754636400000,1.0752
1754636460000,1.0244
1754636520000,1.0495
1754636580000,1.0474
1754636640000,1.0331
1754636700000,1.0413
1754636760000,1.0205
1754636820000,1.0226
1754636880000,1.0193
1754636940000,1.022
1754637000000,1.0395
1754637060000,1.0279
1754637120000,1.006
1754637180000,1.0264
1754637240000,1.0192
1754637300000,1.0393
1754637360000,1.0239
1754637420000,1.0312
1754637480000,1.0371
1754637540000,1.0441
1754637600000,1.0421
1754637660000,1.0481
1754637720000,1.0482
1754637780000,1.0235
1754637840000,1.0481
1754637900000,1.0195
1754637960000,1.0413
1754638020000,1.0653
1754638080000,1.0609
1754638140000,1.0089
1754638200000,1.0187
1754638260000,1.0106
1754638320000,1.0097
1754638380000,1.0068
1754638440000,1.0085
1754638500000,1.0663
1754638560000,1.0374
1754638620000,1.0207
1754638680000,1.0288
1754638740000,1.0325
1754638800000,1.0268
1754638860000,1.0112
1754638920000,1.0089
1754638980000,1.0158
1754639040000,1.0162
1754639100000,1.0267
1754639160000,1.0186
1754639220000,1.035
1754639280000,1.0642
1754639340000,1.0195
1754639400000,1.013
1754639460000,1.0181
1754639520000,1.0094
1754639580000,0.998
1754639640000,1.0171
1754639700000,1.0142
1754639760000,1.0213
1754639820000,1.0234
1754639880000,0.9991
1754639940000,1.0093
1754640000000,1.0755
1754640060000,1.0527
1754640120000,1.0252
1754640180000,1.0195
1754640240000,1.0157
1754640300000,1.0206
1754640360000,1.0407
1754640420000,1.0332
1754640480000,1.0288
1754640540000,1.0444
1754640600000,1.0462
1754640660000,1.0305
1754640720000,1.0408
1754640780000,1.0203
1754640840000,1.0052
1754640900000,1.0231
1754640960000,1.0147
1754641020000,1.0254
1754641080000,1.0605
1754641140000,1.032
1754641200000,1.0424
1754641260000,1.0444
1754641320000,1.0404
1754641380000,1.0309
1754641440000,1.0611
1754641500000,1.031
1754641560000,1.0159
1754641620000,1.0152
1754641680000,1.0147
1754641740000,1.0124
1754641800000,1.055
1754641860000,1.0346
1754641920000,1.0369
1754641980000,1.0152
1754642040000,1.0104
1754642100000,1.0362
1754642160000,1.0336
1754642220000,1.0281
1754642280000,1.0514
1754642340000,1.0534
1754642400000,1.0355
1754642460000,1.0215
1754642520000,1.02
1754642580000,1.0017
1754642640000,1.0018
1754642700000,1.029
1754642760000,1.0303
1754642820000,1.0275
1754642880000,1.0224
1754642940000,1.0228
1754643000000,1.0147
1754643060000,1.0235
1754643120000,1.0346
1754643180000,1.0169
1754643240000,1.014
1754643300000,1.0
1754643360000,1.0118
1754643420000,1.0471
1754643480000,1.0338
1754643540000,1.0365
1754643600000,1.0525
1754643660000,1.0694
1754643720000,1.0664
1754643780000,1.0392
1754643840000,1.0468
1754643900000,1.0663
1754643960000,1.0576
1754644020000,1.0324
1754644080000,1.0323
1754644140000,1.032
1754644200000,1.0456
1754644260000,1.0362
1754644320000,1.0313
1754644380000,1.0282
1754644440000,1.008
1754644500000,1.0191
1754644560000,1.0301
1754644620000,1.0216
1754644680000,1.0482
1754644740000,1.0448
1754644800000,1.0266
1754644860000,1.0241
1754644920000,1.0424
1754644980000,1.0662
1754645040000,1.032
1754645100000,1.0511
1754645160000,1.0448
1754645220000,1.0043
1754645280000,1.005
1754645340000,1.0149
1754645400000,1.0137
1754645460000,1.0179
1754645520000,1.0096
1754645580000,1.0229
1754645640000,1.0325
1754645700000,1.0257
1754645760000,1.0185
1754645820000,1.0695
1754645880000,1.0575
1754645940000,1.0322
1754646000000,1.0414
1754646060000,1.0227
1754646120000,1.0223
1754646180000,1.0242
1754646240000,1.0333
1754646300000,1.0616
1754646360000,1.0628
1754646420000,1.0498
1754646480000,1.0734
1754646540000,1.0576
1754646600000,1.0468
1754646660000,1.0268
1754646720000,1.02
1754646780000,1.0278
1754646840000,1.0753
1754646900000,1.0846
1754646960000,1.0174
1754647020000,1.0244
1754647080000,1.0339
1754647140000,1.0225
1754647200000,1.0582
1754647260000,1.066
1754647320000,1.0458
1754647380000,1.0173
1754647440000,1.0054
1754647500000,1.0612
1754647560000,1.0407
1754647620000,1.0266
1754647680000,1.0
1754647740000,1.0319
1754647800000,1.0372
1754647860000,1.0072
1754647920000,1.0075
1754647980000,1.0176
1754648040000,1.0278
1754648100000,1.0234
1754648160000,1.024
1754648220000,1.0005
1754648280000,1.0001
1754648340000,1.0041
1754648400000,0.9976
1754648460000,0.9969
1754648520000,0.9972
1754648580000,1.0002
1754648640000,0.9995
1754648700000,0.9931
1754648760000,0.9968
1754648820000,0.9963
1754648880000,1.0183
1754648940000,1.0104
1754649000000,1.0097
1754649060000,1.0329
1754649120000,1.0104
1754649180000,0.9984
1754649240000,1.0031
1754649300000,1.0021
1754649360000,1.0072
1754649420000,0.9864
1754649480000,0.9917
1754649540000,0.9819
1754649600000,0.9955
1754649660000,0.9975
1754649720000,0.991
1754649780000,0.997
1754649840000,1.0239
1754649900000,1.0214
1754649960000,1.0234
1754650020000,0.9992
1754650080000,1.0061
1754650140000,1.0254
1754650200000,1.0178
1754650260000,0.9765
1754650320000,0.9811
1754650380000,0.9936
1754650440000,0.9946
1754650500000,0.9947
1754650560000,1.0006
1754650620000,0.992
1754650680000,0.9839
1754650740000,0.9808
1754650800000,1.0002
1754650860000,0.9965
1754650920000,0.9996
1754650980000,0.9989
1754651040000,0.9849
1754651100000,0.9735
1754651160000,1.0032
1754651220000,1.0021
1754651280000,0.9901
1754651340000,0.977
1754651400000,0.9802
1754651460000,0.9808
1754651520000,0.9935
1754651580000,1.0098
1754651640000,1.0155
1754651700000,1.0277
1754651760000,1.0071
1754651820000,0.99
1754651880000,0.9752
1754651940000,0.9908
1754652000000,0.995
1754652060000,1.0093
1754652120000,1.0018
1754652180000,1.0158
1754652240000,1.0007
1754652300000,0.9896
1754652360000,1.012
1754652420000,1.0057
1754652480000,0.9956
1754652540000,1.0053
1754652600000,0.9971
1754652660000,1.0092
1754652720000,1.0166
1754652780000,0.9942
1754652840000,0.9809
1754652900000,0.9889
1754652960000,1.0317
1754653020000,1.0313
1754653080000,1.017
1754653140000,1.0032
1754653200000,1.0192
1754653260000,1.0013
1754653320000,1.0338
1754653380000,0.9944
1754653440000,0.9734
1754653500000,0.9907
1754653560000,0.9748
1754653620000,0.9918
1754653680000,0.9713
1754653740000,0.9791
1754653800000,0.9937
1754653860000,0.9918
1754653920000,0.972
1754653980000,0.9688
1754654040000,0.9769
1754654100000,0.9878
1754654160000,0.9738
1754654220000,0.9723
1754654280000,0.9689
1754654340000,0.9833
1754654400000,0.9904
1754654460000,0.9806
1754654520000,1.0001
1754654580000,1.0261
1754654640000,0.9883
1754654700000,0.9858
1754654760000,0.9869
1754654820000,0.9808
1754654880000,0.98
1754654940000,0.9861
1754655000000,0.9976
1754655060000,1.0016
1754655120000,0.9874
1754655180000,0.9919
1754655240000,0.9822
1754655300000,0.9895
1754655360000,0.9975
1754655420000,1.0295
1754655480000,1.0205
1754655540000,1.0025
1754655600000,0.9956
1754655660000,0.9804
1754655720000,0.9909
1754655780000,1.0187
1754655840000,1.0064
1754655900000,0.9857
1754655960000,0.9853
1754656020000,1.0144
1754656080000,1.0124
1754656140000,0.9905
1754656200000,0.9853
1754656260000,0.9938
1754656320000,0.9878
1754656380000,0.9862
1754656440000,1.0055
1754656500000,0.9895
1754656560000,0.9923
1754656620000,0.9849
1754656680000,0.9861
1754656740000,1.0002
1754656800000,0.9997
1754656860000,1.003
1754656920000,0.9911
1754656980000,0.9882
1754657040000,1.0045
1754657100000,0.9895
1754657160000,0.9811
1754657220000,0.9833
1754657280000,0.9795
1754657340000,0.9836
1754657400000,0.9813
1754657460000,0.9768
1754657520000,1.0029
1754657580000,0.9949
1754657640000,0.9915
1754657700000,1.017
1754657760000,1.0323
1754657820000,1.0606
1754657880000,0.981
1754657940000,0.9964
1754658000000,1.0427
1754658060000,1.0276
1754658120000,1.0069
1754658180000,0.9988
1754658240000,1.0055
1754658300000,1.0156
1754658360000,1.0115
1754658420000,0.9971
1754658480000,0.9993
1754658540000,0.9857
1754658600000,0.9963
1754658660000,0.9993
1754658720000,0.9891
1754658780000,0.9873
1754658840000,0.9959
1754658900000,1.0471
1754658960000,1.0085
1754659020000,0.9985
1754659080000,0.9916
1754659140000,0.9965
1754659200000,0.9873
1754659260000,0.9809
1754659320000,0.9954
1754659380000,0.9907
1754659440000,0.9867
1754659500000,0.9914
1754659560000,0.9881
1754659620000,0.9925
1754659680000,0.9811
1754659740000,1.0003
1754659800000,1.0026
1754659860000,1.024
1754659920000,1.0165
1754659980000,1.0057
1754660040000,1.0122
1754660100000,1.0086
1754660160000,1.0371
1754660220000,1.022
1754660280000,1.0021
1754660340000,0.999
1754660400000,1.011
1754660460000,1.0108
1754660520000,1.0421
1754660580000,1.0198
1754660640000,1.0053
1754660700000,1.0249
1754660760000,1.012
1754660820000,0.9916
1754660880000,0.9967
1754660940000,0.997
1754661000000,1.0205
1754661060000,1.0242
1754661120000,1.0315
1754661180000,0.997
1754661240000,1.0105
1754661300000,1.0219
1754661360000,1.0121
1754661420000,0.9986
1754661480000,0.9905
1754661540000,0.9878
1754661600000,1.0148
1754661660000,0.9886
1754661720000,1.0048
1754661780000,0.9925
1754661840000,1.0125
1754661900000,0.9915
1754661960000,0.9883
1754662020000,0.9968
1754662080000,0.9962
1754662140000,0.9939
1754662200000,0.9871
1754662260000,0.9914
1754662320000,1.0268
1754662380000,0.9924
1754662440000,1.0255
1754662500000,1.0027
1754662560000,0.9949
1754662620000,0.9852
1754662680000,0.9832
1754662740000,0.9858
1754662800000,1.0312
1754662860000,0.9949
1754662920000,1.0059
1754662980000,1.0023
1754663040000,0.9721
1754663100000,0.9779
1754663160000,0.9647
1754663220000,0.9824
1754663280000,0.9803
1754663340000,0.9615
1754663400000,0.97
1754663460000,0.9672
1754663520000,0.9825
1754663580000,0.9733
1754663640000,0.969
1754663700000,0.9668
1754663760000,0.9648
1754663820000,0.9699
1754663880000,0.9828
1754663940000,1.0003
1754664000000,1.0291
1754664060000,0.9863
1754664120000,0.9913
1754664180000,0.9996
1754664240000,1.0266
1754664300000,0.9925
1754664360000,0.9708
1754664420000,0.9652
1754664480000,0.974
1754664540000,0.9438
1754664600000,0.9554
1754664660000,0.9707
1754664720000,0.9773
1754664780000,0.9649
1754664840000,0.9823
1754664900000,0.9861
1754664960000,0.9649
1754665020000,0.9706
1754665080000,0.9719
1754665140000,0.9426
1754665200000,0.9661
1754665260000,0.9613
1754665320000,0.9666
1754665380000,0.9594
1754665440000,0.9462
1754665500000,0.9614
1754665560000,0.9453
1754665620000,0.956
1754665680000,0.9593
1754665740000,0.9473
1754665800000,0.9781
1754665860000,0.9895
1754665920000,0.9926
1754665980000,0.9704
1754666040000,0.9818
1754666100000,0.969
1754666160000,0.9459
1754666220000,0.9542
1754666280000,0.9589
1754666340000,0.97
1754666400000,0.9946
1754666460000,0.9751
1754666520000,0.9576
1754666580000,0.9432
1754666640000,0.938
1754666700000,0.9502
1754666760000,0.9422
1754666820000,0.9391
1754666880000,0.9447
1754666940000,0.9336
1754667000000,0.9584
1754667060000,0.9485
1754667120000,0.9396
1754667180000,0.9204
1754667240000,0.9221
1754667300000,0.9245
1754667360000,0.9546
1754667420000,0.9223
1754667480000,0.9455
1754667540000,0.9179
1754667600000,0.9465
1754667660000,0.9372
1754667720000,0.9408
1754667780000,0.9165
1754667840000,0.8975
1754667900000,0.8967
1754667960000,0.9067
1754668020000,0.8984
1754668080000,0.8979
1754668140000,0.9031
1754668200000,0.8965
1754668260000,0.8996
1754668320000,0.9201
1754668380000,0.9089
1754668440000,0.9302
1754668500000,0.905
1754668560000,0.9118
1754668620000,0.9545
1754668680000,0.9094
1754668740000,0.9142
1754668800000,0.9317
1754668860000,0.9488
1754668920000,0.9186
1754668980000,0.9136
1754669040000,0.9103
1754669100000,0.9294
1754669160000,0.9302
1754669220000,0.914
1754669280000,0.904
1754669340000,0.908
1754669400000,0.9366
1754669460000,0.9035
1754669520000,0.9204
1754669580000,0.9245
1754669640000,0.9336
1754669700000,0.9363
1754669760000,0.9149
1754669820000,0.9195
1754669880000,0.9055
1754669940000,0.8928
1754670000000,0.9119
1754670060000,0.8969
1754670120000,0.9033
1754670180000,0.9008
1754670240000,0.8994
1754670300000,0.9001
1754670360000,0.9147
1754670420000,0.9044
1754670480000,0.9194
1754670540000,0.9212
1754670600000,0.9421
1754670660000,0.9462
1754670720000,0.917
1754670780000,0.8981
1754670840000,0.9446
1754670900000,0.9024
1754670960000,0.8924
1754671020000,0.9009
1754671080000,0.8901
1754671140000,0.8952
1754671200000,0.8997
1754671260000,0.8888
1754671320000,0.8849
1754671380000,0.8667
1754671440000,0.8916
1754671500000,0.9498
1754671560000,0.9411
1754671620000,0.9328
1754671680000,0.9195
1754671740000,0.9299
1754671800000,0.9074
1754671860000,0.8969
1754671920000,0.8941
1754671980000,0.8821
1754672040000,0.8687
1754672100000,0.8837
1754672160000,0.9202
1754672220000,0.9027
1754672280000,0.9095
1754672340000,0.8861
1754672400000,1.0669
1754672460000,1.174
1754672520000,1.2174
1754672580000,1.2694
1754672640000,1.2844
1754672700000,1.2919
1754672760000,1.2261
1754672820000,1.2039
1754672880000,1.2249
1754672940000,1.1826
1754673000000,1.1576
1754673060000,1.0796
1754673120000,1.0802
1754673180000,1.0797
1754673240000,1.0225
1754673300000,1.0012
1754673360000,1.0206
1754673420000,1.0232
1754673480000,1.03
1754673540000,1.0118
1754673600000,1.0086
1754673660000,0.9941
1754673720000,1.0365
1754673780000,1.0343
1754673840000,1.0392
1754673900000,1.021
1754673960000,1.0555
1754674020000,1.0007
1754674080000,0.994
1754674140000,0.9646
1754674200000,0.9701
1754674260000,0.9551
1754674320000,0.9326
1754674380000,0.9184
1754674440000,0.894
1754674500000,0.8787
1754674560000,0.8679
1754674620000,0.8683
1754674680000,0.8627
1754674740000,0.8611
1754674800000,0.8732
1754674860000,0.8657
1754674920000,0.8799
1754674980000,0.8658
1754675040000,0.8574
1754675100000,0.8481
1754675160000,0.8573
1754675220000,0.8707
1754675280000,0.8895
1754675340000,0.8437
1754675400000,0.8791
1754675460000,0.8585
1754675520000,0.8854
1754675580000,0.8765
1754675640000,0.8667
1754675700000,0.8319
1754675760000,0.8219
1754675820000,0.829
1754675880000,0.8182
1754675940000,0.8126
1754676000000,0.8284
1754676060000,0.8247
1754676120000,0.8118
1754676180000,0.8183
1754676240000,0.8189
1754676300000,0.8419
1754676360000,0.8303
1754676420000,0.8177
1754676480000,0.8301
1754676540000,0.8438
1754676600000,0.9474
1754676660000,0.8937
1754676720000,0.873
1754676780000,0.8903
1754676840000,0.915
1754676900000,0.8503
1754676960000,0.8522
1754677020000,0.849
1754677080000,0.8571
1754677140000,0.8503
1754677200000,0.8394
1754677260000,0.858
1754677320000,0.8195
1754677380000,0.8279
1754677440000,0.8197
1754677500000,0.823
1754677560000,0.8146
1754677620000,0.8276
1754677680000,0.8325
1754677740000,0.8352
1754677800000,0.8322
1754677860000,0.8135
1754677920000,0.8094
1754677980000,0.8257
1754678040000,0.8208
1754678100000,0.8206
1754678160000,0.8201
1754678220000,0.816
1754678280000,0.797
1754678340000,0.8149
1754678400000,0.8321
1754678460000,0.8079
1754678520000,0.7972
1754678580000,0.8125
1754678640000,0.7934
1754678700000,0.8087
1754678760000,0.804
1754678820000,0.8535
1754678880000,0.8136
1754678940000,0.799
1754679000000,0.812
1754679060000,0.8208
1754679120000,0.8052
1754679180000,0.7944
1754679240000,0.7981
1754679300000,0.8059
1754679360000,0.7976
1754679420000,0.8002
1754679480000,0.7996
1754679540000,0.7864
1754679600000,0.7982
1754679660000,0.8101
1754679720000,0.8043
1754679780000,0.815
1754679840000,0.8173
1754679900000,0.8091
1754679960000,0.8103
1754680020000,0.7904
1754680080000,0.8045
1754680140000,0.7942
1754680200000,0.8149
1754680260000,0.8235
1754680320000,0.8443
1754680380000,0.8206
1754680440000,0.7894
1754680500000,0.8154
1754680560000,0.8164
1754680620000,0.8046
1754680680000,0.8211
1754680740000,0.8086
1754680800000,0.8261
1754680860000,0.8235
1754680920000,0.8566
1754680980000,0.8749
1754681040000,0.8115
1754681100000,0.829
1754681160000,0.8255
1754681220000,0.8137
1754681280000,0.8217
1754681340000,0.7997
1754681400000,0.8155
1754681460000,0.8162
1754681520000,0.8137
1754681580000,0.8062
1754681640000,0.817
1754681700000,0.8522
1754681760000,0.8044
1754681820000,0.7961
1754681880000,0.8165
1754681940000,0.8002
1754682000000,0.82
1754682060000,0.8163
1754682120000,0.8201
1754682180000,0.8297
1754682240000,0.8616
1754682300000,0.8579
1754682360000,0.8202
1754682420000,0.8523
1754682480000,0.9106
1754682540000,0.8913
1754682600000,0.8277
1754682660000,0.8541
1754682720000,0.8912
1754682780000,0.8371
1754682840000,0.8031
1754682900000,0.7895
1754682960000,0.8029
1754683020000,0.7985
1754683080000,0.8041
1754683140000,0.7895
1754683200000,0.7917
1754683260000,0.8048
1754683320000,0.8047
1754683380000,0.8045
1754683440000,0.8225
1754683500000,0.7826
1754683560000,0.791
1754683620000,0.7938
1754683680000,0.7838
1754683740000,0.7895
1754683800000,0.8262
1754683860000,0.799
1754683920000,0.7871
1754683980000,0.8075
1754684040000,0.7883
1754684100000,0.7995
1754684160000,0.7966
1754684220000,0.7889
1754684280000,0.8014
1754684340000,0.7933
1754684400000,0.7834
1754684460000,0.7853
1754684520000,0.784
1754684580000,0.7968
1754684640000,0.8416
1754684700000,0.8662
1754684760000,0.7936
1754684820000,0.864
1754684880000,0.8402
1754684940000,0.8785
1754685000000,0.8235
1754685060000,0.8054
1754685120000,0.7893
1754685180000,0.8186
1754685240000,0.8174
1754685300000,0.8534
1754685360000,0.8172
1754685420000,0.8024
1754685480000,0.7945
1754685540000,0.794
1754685600000,0.8009
1754685660000,0.8058
1754685720000,0.7922
1754685780000,0.8046
1754685840000,0.7908
1754685900000,0.7964
1754685960000,0.7964
1754686020000,0.805
1754686080000,0.791
1754686140000,0.7951
1754686200000,0.8235
1754686260000,0.8262
1754686320000,0.7881
1754686380000,0.8101
1754686440000,0.8151
1754686500000,0.797
1754686560000,0.7781
1754686620000,0.7968
1754686680000,0.7813
1754686740000,0.8194
1754686800000,0.7881
1754686860000,0.7955
1754686920000,0.796
1754686980000,0.7952
1754687040000,0.8142
1754687100000,0.8015
1754687160000,0.8176
1754687220000,0.7914
1754687280000,0.8038
1754687340000,0.806
1754687400000,0.7973
1754687460000,0.8035
1754687520000,0.8013
1754687580000,0.8132
1754687640000,0.8066
1754687700000,0.8181
1754687760000,0.8236
1754687820000,0.8072
1754687880000,0.832
1754687940000,0.8198
1754688000000,0.8287
1754688060000,0.8186
1754688120000,0.8079
1754688180000,0.8141
1754688240000,0.8145
1754688300000,0.8046
1754688360000,0.8073
1754688420000,0.8141
1754688480000,0.8203
1754688540000,0.8396
1754688600000,0.8248
1754688660000,0.8133
1754688720000,0.818
1754688780000,0.8203
1754688840000,0.8106
1754688900000,0.8089
1754688960000,0.8039
1754689020000,0.8112
1754689080000,0.8173
1754689140000,0.8029
1754689200000,0.8166
1754689260000,0.8038
1754689320000,0.8159
1754689380000,0.808
1754689440000,0.8109
1754689500000,0.8133
1754689560000,0.7968
1754689620000,0.7917
1754689680000,0.8301
1754689740000,0.8157
1754689800000,0.8111
1754689860000,0.7953
1754689920000,0.8005
1754689980000,0.7923
1754690040000,0.7786
1754690100000,0.8127
1754690160000,0.8228
1754690220000,0.8088
1754690280000,0.7955
1754690340000,0.8106
1754690400000,0.8143
1754690460000,0.8355
1754690520000,0.8188
1754690580000,0.8563
1754690640000,0.8444
1754690700000,0.8459
1754690760000,0.8353
1754690820000,0.8438
1754690880000,0.8249
1754690940000,0.8242
1754691000000,0.8404
1754691060000,0.8325
1754691120000,0.8359
1754691180000,0.823
1754691240000,0.8176
1754691300000,0.822
1754691360000,0.8344
1754691420000,0.8452
1754691480000,0.8572
1754691540000,0.8302
1754691600000,0.8195
1754691660000,0.8246
1754691720000,0.8349
1754691780000,0.8293
1754691840000,0.8639
1754691900000,0.852
1754691960000,0.8682
1754692020000,0.8488
1754692080000,0.8264
1754692140000,0.8372
1754692200000,0.8483
1754692260000,0.8348
1754692320000,0.8391
1754692380000,0.8336
1754692440000,0.8459
1754692500000,0.857
1754692560000,0.8468
1754692620000,0.8644
1754692680000,0.8554
1754692740000,0.841
1754692800000,0.8444
1754692860000,0.8462
1754692920000,0.8462
1754692980000,0.8436
1754693040000,0.8527
1754693100000,0.8554
1754693160000,0.8451
1754693220000,0.8326
1754693280000,0.8364
1754693340000,0.8444
1754693400000,0.8636
1754693460000,0.8404
1754693520000,0.846
1754693580000,0.8532
1754693640000,0.8713
1754693700000,0.8499
1754693760000,0.8692
1754693820000,0.8381
1754693880000,0.8632
1754693940000,0.8642
1754694000000,0.877
1754694060000,0.8755
1754694120000,0.859
1754694180000,0.8561
1754694240000,0.862
1754694300000,0.8748
1754694360000,0.8771
1754694420000,0.8738
1754694480000,0.8767
1754694540000,0.8882
1754694600000,0.8869
1754694660000,0.868
1754694720000,0.8808
1754694780000,0.891
1754694840000,0.8886
1754694900000,0.8785
1754694960000,0.8819
1754695020000,0.8745
1754695080000,0.8759
1754695140000,0.882
1754695200000,0.8817
1754695260000,0.8756
1754695320000,0.8787
1754695380000,0.869
1754695440000,0.8765
1754695500000,0.8755
1754695560000,0.8747
1754695620000,0.8838
1754695680000,0.8861
1754695740000,0.8877
1754695800000,0.8932
1754695860000,0.8772
1754695920000,0.8796
1754695980000,0.8859
1754696040000,0.8833
1754696100000,0.8859
1754696160000,0.8824
1754696220000,0.8824
1754696280000,0.8851
1754696340000,0.8806
1754696400000,0.8973
1754696460000,0.8795
1754696520000,0.886
1754696580000,0.9001
1754696640000,0.9133
1754696700000,0.9319
1754696760000,0.9298
1754696820000,0.9457
1754696880000,0.9413
1754696940000,0.9284
1754697000000,0.9389
1754697060000,0.9459
1754697120000,0.968
1754697180000,0.9189
1754697240000,0.9208
1754697300000,0.9252
1754697360000,0.8956
1754697420000,0.8989
1754697480000,0.8888
1754697540000,0.9019
1754697600000,0.9269
1754697660000,0.9295
1754697720000,0.9385
1754697780000,0.9446
1754697840000,0.9401
1754697900000,0.9211
1754697960000,0.941
1754698020000,0.928
1754698080000,0.9486
1754698140000,0.9238
1754698200000,0.9201
1754698260000,0.9234
1754698320000,0.9317
1754698380000,0.931
1754698440000,0.923
1754698500000,0.926
1754698560000,0.9322
1754698620000,0.9276
1754698680000,0.9288
1754698740000,0.9389
1754698800000,0.9575
1754698860000,0.9395
1754698920000,0.927
1754698980000,0.9247
1754699040000,0.9411
1754699100000,0.9323
1754699160000,0.9499
1754699220000,0.9294
1754699280000,0.9356
1754699340000,0.9364
1754699400000,0.9393
1754699460000,0.9435
1754699520000,0.9619
1754699580000,0.9469
1754699640000,0.9447
1754699700000,0.9394
1754699760000,0.9686
1754699820000,0.9455
1754699880000,0.9472
1754699940000,0.9611
1754700000000,0.9615
1754700060000,0.9752
1754700120000,0.9809
1754700180000,0.9741
1754700240000,0.9686
1754700300000,0.9587
1754700360000,0.9642
1754700420000,0.9684
1754700480000,1.0083
1754700540000,0.9968
1754700600000,0.9764
1754700660000,0.9662
1754700720000,0.9788
1754700780000,0.9698
1754700840000,0.9791
1754700900000,0.9558
1754700960000,0.9697
1754701020000,0.9857
1754701080000,0.9632
1754701140000,0.9494
1754701200000,1.0024
1754701260000,0.9784
1754701320000,0.9613
1754701380000,0.962
1754701440000,0.9599
1754701500000,0.9692
1754701560000,0.9552
1754701620000,0.9675
1754701680000,0.9833
1754701740000,0.9791
1754701800000,0.9856
1754701860000,0.9883
1754701920000,0.951
1754701980000,0.9717
1754702040000,0.9755
1754702100000,0.9958
1754702160000,0.9727
1754702220000,0.9682
1754702280000,0.9692
1754702340000,0.9658
1754702400000,0.9817
1754702460000,1.0035
1754702520000,0.9853
1754702580000,0.9681
1754702640000,0.9689
1754702700000,0.9734
1754702760000,0.9625
1754702820000,0.9478
1754702880000,0.9682
1754702940000,0.9707
1754703000000,0.9829
1754703060000,0.9783
1754703120000,0.9891
1754703180000,0.9709
1754703240000,0.9803
1754703300000,0.9779
1754703360000,0.972
1754703420000,0.981
1754703480000,0.9914
1754703540000,0.9831
1754703600000,0.9766
1754703660000,0.9777
1754703720000,0.9998
1754703780000,0.9927
1754703840000,0.9959
1754703900000,0.9891
1754703960000,0.979
1754704020000,0.9809
1754704080000,0.9753
1754704140000,0.982
1754704200000,1.0067
1754704260000,0.9734
1754704320000,0.987
1754704380000,0.9812
1754704440000,0.9642
1754704500000,0.9792
1754704560000,0.9915
1754704620000,0.9766
1754704680000,0.9893
1754704740000,0.9797
1754704800000,1.0121
1754704860000,1.0232
1754704920000,0.9988
1754704980000,1.0096
1754705040000,0.9929
1754705100000,1.0094
1754705160000,0.9954
1754705220000,1.0128
1754705280000,1.0195
1754705340000,1.0281
1754705400000,1.03
1754705460000,1.0055
1754705520000,0.996
1754705580000,1.0101
1754705640000,1.0242
1754705700000,1.0151
1754705760000,1.0233
1754705820000,1.0165
1754705880000,1.0248
1754705940000,1.0056
1754706000000,1.0185
1754706060000,1.0274
1754706120000,1.0157
1754706180000,0.999
1754706240000,1.0522
1754706300000,1.0931
1754706360000,1.0307
1754706420000,1.0128
1754706480000,1.0095
1754706540000,1.006
1754706600000,1.0075
1754706660000,1.0231
1754706720000,1.04
1754706780000,1.0313
1754706840000,1.0243
1754706900000,1.0326
1754706960000,1.0353
1754707020000,1.0113
1754707080000,1.0237
1754707140000,1.0272
1754707200000,1.0688
1754707260000,1.0408
1754707320000,1.049
1754707380000,1.0534
1754707440000,1.0303
1754707500000,1.0494
1754707560000,1.0356
1754707620000,1.0398
1754707680000,1.0349
1754707740000,1.0458
1754707800000,1.0395
1754707860000,1.052
1754707920000,1.0264
1754707980000,1.0287
1754708040000,1.0319
1754708100000,1.0319
1754708160000,1.0243
1754708220000,1.0213
1754708280000,1.0372
1754708340000,1.043
1754708400000,1.0665
1754708460000,1.0459
1754708520000,1.067
1754708580000,1.0801
1754708640000,1.1007
1754708700000,1.045
1754708760000,1.0514
1754708820000,1.0455
1754708880000,1.0698
1754708940000,1.0503
1754709000000,1.0508
1754709060000,1.0697
1754709120000,1.0423
1754709180000,1.053
1754709240000,1.0444
1754709300000,1.0341
1754709360000,1.0398
1754709420000,1.035
1754709480000,1.0508
1754709540000,1.0402
1754709600000,1.0485
1754709660000,1.0442
1754709720000,1.0597
1754709780000,1.0446
1754709840000,1.0584
1754709900000,1.0665
1754709960000,1.0498
1754710020000,1.0422
1754710080000,1.0431
1754710140000,1.0341
1754710200000,1.0627
1754710260000,1.021
1754710320000,1.0337
1754710380000,1.0363
1754710440000,1.0305
1754710500000,1.0349
1754710560000,1.0416
1754710620000,1.0407
1754710680000,1.0489
1754710740000,1.032
1754710800000,1.0289
1754710860000,1.0255
1754710920000,1.0426
1754710980000,1.0334
1754711040000,1.0235
1754711100000,1.0329
1754711160000,1.0306
1754711220000,1.0235
1754711280000,1.0487
1754711340000,1.0392
1754711400000,1.0542
1754711460000,1.0309
1754711520000,1.0291
1754711580000,1.0549
1754711640000,1.0594
1754711700000,1.0265
1754711760000,1.0331
1754711820000,1.0304
1754711880000,1.0326
1754711940000,1.0114
1754712000000,1.0481
1754712060000,1.0475
1754712120000,1.056
1754712180000,1.0663
1754712240000,1.0459
1754712300000,1.0646
1754712360000,1.019
1754712420000,1.0286
1754712480000,1.0211
1754712540000,1.0338
1754712600000,1.0434
1754712660000,1.034
1754712720000,1.0268
1754712780000,1.0211
1754712840000,1.0294
1754712900000,1.0275
1754712960000,1.0446
1754713020000,1.0331
1754713080000,1.043
1754713140000,1.0028
1754713200000,1.0315
1754713260000,1.0161
1754713320000,1.031
1754713380000,1.0329
1754713440000,1.0412
1754713500000,1.0245
1754713560000,1.0204
1754713620000,1.0244
1754713680000,1.0285
1754713740000,1.0552
1754713800000,1.0658
1754713860000,1.0236
1754713920000,1.0182
1754713980000,1.0234
1754714040000,1.038
1754714100000,1.0438
1754714160000,1.0354
1754714220000,1.0257
1754714280000,1.031
1754714340000,1.02
1754714400000,1.0416
1754714460000,1.0393
1754714520000,1.0483
1754714580000,1.0107
1754714640000,1.0165
1754714700000,1.0267
1754714760000,1.0248
1754714820000,1.0403
1754714880000,1.0158
1754714940000,1.035
1754715000000,1.0253
1754715060000,1.0325
1754715120000,1.034
1754715180000,1.0229
1754715240000,1.0238
1754715300000,1.0445
1754715360000,1.0179
1754715420000,1.0115
1754715480000,1.0426
1754715540000,1.1086
1754715600000,1.0498
1754715660000,1.0243
1754715720000,1.0369
1754715780000,1.0347
1754715840000,1.0109
1754715900000,1.0446
1754715960000,1.0269
1754716020000,1.0207
1754716080000,1.0136
1754716140000,1.0159
1754716200000,1.0274
1754716260000,1.024
1754716320000,1.0483
1754716380000,1.0079
1754716440000,1.0008
1754716500000,1.0027
1754716560000,1.0024
1754716620000,1.0214
1754716680000,1.0152
1754716740000,1.0133
1754716800000,1.0164
1754716860000,1.0211
1754716920000,1.0071
1754716980000,1.0221
1754717040000,1.0045
1754717100000,1.0167
1754717160000,1.0117
1754717220000,1.0095
1754717280000,1.0109
1754717340000,0.9821
1754717400000,1.0318
1754717460000,1.0025
1754717520000,0.9937
1754717580000,0.999
1754717640000,1.0344
1754717700000,1.0075
1754717760000,0.9971
1754717820000,1.0234
1754717880000,1.0277
1754717940000,0.997
1754718000000,1.0118
1754718060000,1.0199
1754718120000,1.0229
1754718180000,1.0043
1754718240000,1.0041
1754718300000,1.0261
1754718360000,0.9946
1754718420000,1.002
1754718480000,1.0088
1754718540000,1.0094
1754718600000,1.0008
1754718660000,1.0072
1754718720000,0.9963
1754718780000,0.9919
1754718840000,0.9908
1754718900000,1.0089
1754718960000,1.0137
1754719020000,0.9907
1754719080000,1.0229
1754719140000,0.9886
1754719200000,1.0285
1754719260000,1.029
1754719320000,1.0358
1754719380000,1.0461
1754719440000,1.0228
1754719500000,1.0343
1754719560000,1.0191
1754719620000,1.0246
1754719680000,1.0392
1754719740000,1.0409
1754719800000,1.0272
1754719860000,1.0042
1754719920000,1.0227
1754719980000,1.0102
1754720040000,1.0158
1754720100000,1.0266
1754720160000,1.0233
1754720220000,1.0196
1754720280000,1.0266
1754720340000,1.0162
1754720400000,1.0215
1754720460000,1.0322
1754720520000,1.026
1754720580000,1.0049
1754720640000,1.0037
1754720700000,1.0013
1754720760000,0.9983
1754720820000,1.0074
1754720880000,0.9993
1754720940000,0.999
1754721000000,1.0216
1754721060000,1.0108
1754721120000,1.0142
1754721180000,1.0105
1754721240000,1.0236
1754721300000,1.0271
1754721360000,1.007
1754721420000,1.0335
1754721480000,1.0018
1754721540000,1.006
1754721600000,1.005
1754721660000,0.9966
1754721720000,0.9934
1754721780000,1.0131
1754721840000,1.0347
1754721900000,1.0387
1754721960000,1.0381
1754722020000,1.0345
1754722080000,1.0434
1754722140000,1.0067
1754722200000,1.0378
1754722260000,0.9983
1754722320000,1.0165
1754722380000,1.009
1754722440000,0.9971
1754722500000,1.0037
1754722560000,0.996
1754722620000,0.9952
1754722680000,1.0194
1754722740000,0.9859
1754722800000,1.0177
1754722860000,1.0275
1754722920000,1.0025
1754722980000,1.0277
1754723040000,1.014
1754723100000,1.026
1754723160000,1.0171
1754723220000,1.0244
1754723280000,1.0208
1754723340000,1.0167
1754723400000,1.0207
1754723460000,1.0544
1754723520000,1.0256
1754723580000,1.0374
1754723640000,0.9998
1754723700000,1.0388
1754723760000,1.0245
1754723820000,1.0291
1754723880000,1.0105
1754723940000,0.9898
1754724000000,1.0011
1754724060000,1.0174
1754724120000,0.9994
1754724180000,1.0023
1754724240000,1.0099
1754724300000,1.0168
1754724360000,0.9979
1754724420000,0.993
1754724480000,0.9805
1754724540000,0.9961
1754724600000,1.0018
1754724660000,1.0019
1754724720000,1.0012
1754724780000,0.9904
1754724840000,0.9885
1754724900000,0.9833
1754724960000,0.9895
1754725020000,1.0052
1754725080000,0.9942
1754725140000,1.0333
1754725200000,0.9745
1754725260000,0.9951
1754725320000,0.9808
1754725380000,0.9741
1754725440000,0.9828
1754725500000,1.0007
1754725560000,1.0008
1754725620000,1.0166
1754725680000,0.9877
1754725740000,1.0067
1754725800000,1.0321
1754725860000,1.0084
1754725920000,1.0244
1754725980000,1.0106
1754726040000,1.0242
1754726100000,1.0095
1754726160000,1.0032
1754726220000,1.0065
1754726280000,0.9929
1754726340000,0.9934
1754726400000,1.0368
1754726460000,1.0131
1754726520000,1.019
1754726580000,1.0227
1754726640000,1.0321
1754726700000,1.0157
1754726760000,1.023
1754726820000,1.0202
1754726880000,1.0326
1754726940000,0.9994
1754727000000,1.024
1754727060000,1.0051
1754727120000,0.9999
1754727180000,1.0084
1754727240000,1.0178
1754727300000,1.0078
1754727360000,1.0089
1754727420000,0.9868
1754727480000,1.0119
1754727540000,1.0086
1754727600000,0.9956
1754727660000,1.0152
1754727720000,0.989
1754727780000,0.9873
1754727840000,1.0179
1754727900000,1.0264
1754727960000,1.0123
1754728020000,1.0223
1754728080000,1.0176
1754728140000,0.9876
1754728200000,1.0038
1754728260000,1.0032
1754728320000,1.0322
1754728380000,1.0148
1754728440000,1.0145
1754728500000,1.0318
1754728560000,1.0102
1754728620000,0.9983
1754728680000,1.0031
1754728740000,1.0185
1754728800000,1.0123
1754728860000,1.009
1754728920000,0.9947
1754728980000,0.9978
1754729040000,1.0126
1754729100000,1.0198
1754729160000,1.0494
1754729220000,1.0107
1754729280000,1.0031
1754729340000,1.0073
1754729400000,1.0222
1754729460000,1.0193
1754729520000,1.0183
1754729580000,1.011
1754729640000,1.0214
1754729700000,0.9891
1754729760000,0.9947
1754729820000,0.9873
1754729880000,0.9757
1754729940000,1.0059
1754730000000,1.0065
1754730060000,0.997
1754730120000,0.9966
1754730180000,1.007
1754730240000,1.0173
1754730300000,1.0418
1754730360000,1.024
1754730420000,0.9984
1754730480000,0.9993
1754730540000,1.0116
1754730600000,1.0134
1754730660000,1.0079
1754730720000,0.9925
1754730780000,1.0159
1754730840000,1.0088
1754730900000,1.0052
1754730960000,1.0054
1754731020000,1.0195
1754731080000,1.0058
1754731140000,0.9999
1754731200000,1.0057
1754731260000,0.9983
1754731320000,1.0021
1754731380000,1.006
1754731440000,1.0043
1754731500000,1.001
1754731560000,0.9955
1754731620000,1.0081
1754731680000,0.9931
1754731740000,0.9971
1754731800000,1.0101
1754731860000,1.0045
1754731920000,1.0113
1754731980000,1.008
1754732040000,1.003
1754732100000,0.9996
1754732160000,1.0032
1754732220000,1.002
1754732280000,1.0127
1754732340000,0.9937
1754732400000,1.007
1754732460000,1.0003
1754732520000,1.0008
1754732580000,1.0012
1754732640000,0.99
1754732700000,0.9823
1754732760000,0.9926
1754732820000,0.9958
1754732880000,0.9935
1754732940000,1.0016
1754733000000,1.0049
1754733060000,0.9835
1754733120000,0.991
1754733180000,0.9866
1754733240000,0.9893
1754733300000,1.0078
1754733360000,0.9876
1754733420000,0.9592
1754733480000,0.9943
1754733540000,0.9829
1754733600000,1.0077
1754733660000,0.9943
1754733720000,0.987
1754733780000,0.983
1754733840000,0.9926
1754733900000,1.0103
1754733960000,1.0076
1754734020000,1.0274
1754734080000,1.0174
1754734140000,1.0061
1754734200000,0.9958
1754734260000,0.9929
1754734320000,0.984
1754734380000,0.9903
1754734440000,0.9931
1754734500000,0.9934
1754734560000,0.9876
1754734620000,0.969
1754734680000,0.9687
1754734740000,0.9784
1754734800000,0.9754
1754734860000,0.9691
1754734920000,0.9887
1754734980000,1.0153
1754735040000,1.0114
1754735100000,1.0064
1754735160000,1.0046
1754735220000,0.9958
1754735280000,0.9933
1754735340000,1.0087
1754735400000,0.9785
1754735460000,0.9735
1754735520000,0.974
1754735580000,0.9613
1754735640000,0.9676
1754735700000,0.9823
1754735760000,0.9879
1754735820000,0.9912
1754735880000,0.9968
1754735940000,0.9793
1754736000000,0.9948
1754736060000,0.9829
1754736120000,0.9996
1754736180000,1.0065
1754736240000,0.9926
1754736300000,0.9952
1754736360000,0.9795
1754736420000,0.9811
1754736480000,0.9817
1754736540000,1.0127
1754736600000,0.9911
1754736660000,0.9965
1754736720000,1.0042
1754736780000,0.9911
1754736840000,1.0031
1754736900000,1.0313
1754736960000,0.9719
1754737020000,0.9824
1754737080000,0.9906
1754737140000,0.9648
1754737200000,1.0118
1754737260000,1.0055
1754737320000,0.9857
1754737380000,0.9916
1754737440000,0.9839
1754737500000,0.9874
1754737560000,0.9811
1754737620000,0.9708
1754737680000,0.9994
1754737740000,0.9953
1754737800000,0.9753
1754737860000,0.9708
1754737920000,0.9994
1754737980000,0.9786
1754738040000,0.97
1754738100000,0.9911
1754738160000,0.9827
1754738220000,0.988
1754738280000,0.9865
1754738340000,0.9705
1754738400000,0.9625
1754738460000,0.9544
1754738520000,0.9624
1754738580000,0.9677
1754738640000,0.9891
1754738700000,0.9589
1754738760000,0.9657
1754738820000,0.9685
1754738880000,0.9693
1754738940000,1.0027
1754739000000,0.9863
1754739060000,0.9832
1754739120000,0.961
1754739180000,0.9526
1754739240000,0.957
1754739300000,0.9918
1754739360000,0.9695
1754739420000,0.9636
1754739480000,0.9743
1754739540000,0.9659
1754739600000,0.9605
1754739660000,0.9762
1754739720000,0.9876
1754739780000,0.984
1754739840000,0.9763
1754739900000,0.9802
1754739960000,0.981
1754740020000,0.9538
1754740080000,0.9535
1754740140000,0.9514
1754740200000,0.9529
1754740260000,0.9623
1754740320000,0.9608
1754740380000,0.9894
1754740440000,1.0121
1754740500000,0.9989
1754740560000,0.9965
1754740620000,0.9596
1754740680000,0.9648
1754740740000,1.0043
1754740800000,0.9787
1754740860000,0.9764
1754740920000,0.9681
1754740980000,0.9639
1754741040000,0.985
1754741100000,0.9826
1754741160000,0.9796
1754741220000,0.9807
1754741280000,0.9616
1754741340000,0.9813
1754741400000,0.964
1754741460000,0.9611
1754741520000,0.9701
1754741580000,0.9748
1754741640000,0.9647
1754741700000,0.9738
1754741760000,0.986
1754741820000,0.9857
1754741880000,0.9798
1754741940000,0.9876
1754742000000,1.0099
1754742060000,0.9896
1754742120000,0.9775
1754742180000,0.9619
1754742240000,0.9673
1754742300000,0.9634
1754742360000,0.9712
1754742420000,0.9815
1754742480000,1.0152
1754742540000,0.9714
1754742600000,0.9932
1754742660000,0.9948
1754742720000,0.9832
1754742780000,0.9918
1754742840000,0.9699
1754742900000,0.9747
1754742960000,0.9645
1754743020000,0.9551
1754743080000,0.9667
1754743140000,0.9562
1754743200000,0.9686
1754743260000,0.9812
1754743320000,0.9734
1754743380000,0.9697
1754743440000,0.9776
1754743500000,0.9911
1754743560000,0.9714
1754743620000,0.9734
1754743680000,0.9776
1754743740000,0.9703
1754743800000,0.9762
1754743860000,0.9581
1754743920000,0.9505
1754743980000,0.9729
1754744040000,0.9698
1754744100000,0.9702
1754744160000,0.9753
1754744220000,0.9696
1754744280000,0.9652
1754744340000,0.9561
1754744400000,0.9746
1754744460000,0.9871
1754744520000,0.9853
1754744580000,0.9837
1754744640000,0.9794
1754744700000,0.9723
1754744760000,0.9876
1754744820000,0.9686
1754744880000,0.9776
1754744940000,0.9961
1754745000000,0.9886
1754745060000,0.9717
1754745120000,0.9799
1754745180000,0.9797
1754745240000,0.9858
1754745300000,0.9804
1754745360000,0.972
1754745420000,0.974
1754745480000,0.9878
1754745540000,0.9647
1754745600000,0.9767
1754745660000,0.9915
1754745720000,1.0139
1754745780000,1.0094
1754745840000,0.989
1754745900000,0.9858
1754745960000,0.9693
1754746020000,0.9634
1754746080000,0.9602
1754746140000,0.9782
1754746200000,0.9677
1754746260000,0.9735
1754746320000,0.9675
1754746380000,0.9754
1754746440000,0.9668
1754746500000,1.0205
1754746560000,0.9613
1754746620000,0.9813
1754746680000,0.9571
1754746740000,0.9571
1754746800000,0.9679
1754746860000,0.9824
1754746920000,0.9783
1754746980000,0.9624
1754747040000,0.9819
1754747100000,0.9947
1754747160000,0.9676
1754747220000,0.9866
1754747280000,0.973
1754747340000,0.9617
1754747400000,0.9649
1754747460000,0.9719
1754747520000,0.979
1754747580000,0.9697
1754747640000,0.9708
1754747700000,0.9931
1754747760000,0.9678
1754747820000,0.9625
1754747880000,0.9588
1754747940000,0.9589
1754748000000,0.9979
1754748060000,0.9949
1754748120000,0.9823
1754748180000,0.9939
1754748240000,0.9813
1754748300000,0.9735
1754748360000,0.9744
1754748420000,0.9667
1754748480000,0.9846
1754748540000,0.9736
1754748600000,0.9664
1754748660000,0.9998
1754748720000,1.0047
1754748780000,0.969
1754748840000,0.966
1754748900000,0.994
1754748960000,0.9723
1754749020000,0.9707
1754749080000,0.9796
1754749140000,0.9741
1754749200000,0.9847
1754749260000,0.9692
1754749320000,0.9772
1754749380000,0.9665
1754749440000,0.9806
1754749500000,0.9834
1754749560000,0.9724
1754749620000,0.9695
1754749680000,0.9697
1754749740000,0.9478
1754749800000,0.9591
1754749860000,0.9588
1754749920000,0.969
1754749980000,0.9633
1754750040000,0.9697
1754750100000,0.9728
1754750160000,0.9648
1754750220000,0.9778
1754750280000,0.9482
1754750340000,0.943
1754750400000,0.9543
1754750460000,0.955
1754750520000,0.9569
1754750580000,0.9546
1754750640000,0.9539
1754750700000,0.9565
1754750760000,0.9754
1754750820000,0.9617
1754750880000,0.9964
1754750940000,0.9721
1754751000000,0.9704
1754751060000,0.9515
1754751120000,0.9416
1754751180000,0.9495
1754751240000,0.9573
1754751300000,0.9537
1754751360000,0.9435
1754751420000,0.9495
1754751480000,0.9431
1754751540000,0.9444
1754751600000,0.9722
1754751660000,0.9665
1754751720000,0.9741
1754751780000,0.9433
1754751840000,0.931
1754751900000,0.9499
1754751960000,0.9375
1754752020000,0.9413
1754752080000,0.9437
1754752140000,0.9501
1754752200000,0.945
1754752260000,0.9448
1754752320000,0.9571
1754752380000,0.9776
1754752440000,0.9487
1754752500000,0.9623
1754752560000,0.9321
1754752620000,0.9373
1754752680000,0.9361
1754752740000,0.93
1754752800000,0.947
1754752860000,0.941
1754752920000,0.9418
1754752980000,0.9331
1754753040000,0.9348
1754753100000,0.9465
1754753160000,0.9279
1754753220000,0.9367
1754753280000,0.9163
1754753340000,0.9226
1754753400000,0.9275
1754753460000,0.9206
1754753520000,0.9251
1754753580000,0.9114
1754753640000,0.9182
1754753700000,0.9143
1754753760000,0.9129
1754753820000,0.9188
1754753880000,0.9155
1754753940000,0.9117
1754754000000,0.8986
1754754060000,0.8986
1754754120000,0.9004
1754754180000,0.8978
1754754240000,0.8813
1754754300000,0.8919
1754754360000,0.8985
1754754420000,0.8967
1754754480000,0.8892
1754754540000,0.9014
1754754600000,0.9037
1754754660000,0.9076
1754754720000,0.8971
1754754780000,0.8972
1754754840000,0.894
1754754900000,0.9121
1754754960000,0.9025
1754755020000,0.8957
1754755080000,0.9095
1754755140000,0.8688
1754755200000,0.9108
1754755260000,0.9262
1754755320000,0.9331
1754755380000,0.9193
1754755440000,0.9102
1754755500000,0.9055
1754755560000,0.9015
1754755620000,0.9065
1754755680000,0.8967
1754755740000,0.9105
1754755800000,0.9001
1754755860000,0.8853
1754755920000,0.8901
1754755980000,0.9058
1754756040000,0.8989
1754756100000,0.9159
1754756160000,0.9116
1754756220000,0.8829
1754756280000,0.8995
1754756340000,0.9086
1754756400000,0.898
1754756460000,0.8969
1754756520000,0.911
1754756580000,0.895
1754756640000,0.9084
1754756700000,0.8921
1754756760000,0.9043
1754756820000,0.9094
1754756880000,0.8983
1754756940000,0.9066
1754757000000,0.8854
1754757060000,0.8945
1754757120000,0.8945
1754757180000,0.8878
1754757240000,0.8637
1754757300000,0.888
1754757360000,0.8777
1754757420000,0.8898
1754757480000,0.8914
1754757540000,0.8798
1754757600000,0.8729
1754757660000,0.8688
1754757720000,0.8694
1754757780000,0.8875
1754757840000,0.8827
1754757900000,0.8831
1754757960000,0.8843
1754758020000,0.8846
1754758080000,0.8737
1754758140000,0.873
1754758200000,0.8783
1754758260000,0.8821
1754758320000,0.8773
1754758380000,0.8639
1754758440000,0.8626
1754758500000,0.8728
1754758560000,0.8737
1754758620000,0.8732
1754758680000,0.8607
1754758740000,0.8637
1754758800000,1.0805
1754758860000,1.1616
1754758920000,1.1833
1754758980000,1.2427
1754759040000,1.2614
1754759100000,1.2663
1754759160000,1.2164
1754759220000,1.1731
1754759280000,1.1742
1754759340000,1.1281
1754759400000,1.096
1754759460000,1.065
1754759520000,1.0206
1754759580000,1.0234
1754759640000,1.0157
1754759700000,1.027
1754759760000,1.0149
1754759820000,1.0025
1754759880000,1.0017
1754759940000,0.9923
1754760000000,0.9772
1754760060000,0.9708
1754760120000,0.9469
1754760180000,0.9336
1754760240000,0.9276
1754760300000,0.9155
1754760360000,0.8965
1754760420000,0.9136
1754760480000,0.9
1754760540000,0.8921
1754760600000,0.9064
1754760660000,0.8586
1754760720000,0.8644
1754760780000,0.8481
1754760840000,0.837
1754760900000,0.8411
1754760960000,0.8321
1754761020000,0.8147
1754761080000,0.8204
1754761140000,0.8197
1754761200000,0.8391
1754761260000,0.8403
1754761320000,0.8361
1754761380000,0.8143
1754761440000,0.8209
1754761500000,0.8092
1754761560000,0.8158
1754761620000,0.8143
1754761680000,0.822
1754761740000,0.8141
1754761800000,0.8228
1754761860000,0.816
1754761920000,0.8079
1754761980000,0.8325
1754762040000,0.8092
1754762100000,0.8133
1754762160000,0.8096
1754762220000,0.7959
1754762280000,0.8107
1754762340000,0.7986
1754762400000,0.8277
1754762460000,0.8091
1754762520000,0.8134
1754762580000,0.8255
1754762640000,0.8236
1754762700000,0.8399
1754762760000,0.8009
1754762820000,0.8107
1754762880000,0.8238
1754762940000,0.7978
1754763000000,0.8181
1754763060000,0.8062
1754763120000,0.82
1754763180000,0.8114
1754763240000,0.8046
1754763300000,0.8156
1754763360000,0.8265
1754763420000,0.8281
1754763480000,0.8447
1754763540000,0.7991
1754763600000,0.8214
1754763660000,0.7959
1754763720000,0.8054
1754763780000,0.8108
1754763840000,0.8013
1754763900000,0.8128
1754763960000,0.8278
1754764020000,0.8076
1754764080000,0.806
1754764140000,0.7988
1754764200000,0.804
1754764260000,0.8011
1754764320000,0.8037
1754764380000,0.7977
1754764440000,0.7834
1754764500000,0.8127
1754764560000,0.8109
1754764620000,0.795
1754764680000,0.8055
1754764740000,0.8076
1754764800000,0.8075
1754764860000,0.8055
1754764920000,0.805
1754764980000,0.79
1754765040000,0.7972
1754765100000,0.8155
1754765160000,0.81
1754765220000,0.7814
1754765280000,0.7951
1754765340000,0.7904
1754765400000,0.8029
1754765460000,0.8153
1754765520000,0.8093
1754765580000,0.7988
1754765640000,0.7992
1754765700000,0.786
1754765760000,0.7911
1754765820000,0.7924
1754765880000,0.7776
1754765940000,0.796
1754766000000,0.7913
1754766060000,0.7829
1754766120000,0.7926
1754766180000,0.7932
1754766240000,0.7951
1754766300000,0.8032
1754766360000,0.8028
1754766420000,0.8016
1754766480000,0.7907
1754766540000,0.8101
1754766600000,0.8044
1754766660000,0.8162
1754766720000,0.8187
1754766780000,0.7936
1754766840000,0.7946
1754766900000,0.7979
1754766960000,0.8033
1754767020000,0.8066
1754767080000,0.8346
1754767140000,0.8121
1754767200000,0.8178
1754767260000,0.8137
1754767320000,0.7981
1754767380000,0.7984
1754767440000,0.8158
1754767500000,0.8184
1754767560000,0.8021
1754767620000,0.8107
1754767680000,0.8126
1754767740000,0.8025
1754767800000,0.8004
1754767860000,0.8165
1754767920000,0.7959
1754767980000,0.797
1754768040000,0.7958
1754768100000,0.8096
1754768160000,0.8068
1754768220000,0.8182
1754768280000,0.7848
1754768340000,0.7989
1754768400000,0.7997
1754768460000,0.8057
1754768520000,0.803
1754768580000,0.7851
1754768640000,0.7924
1754768700000,0.7835
1754768760000,0.8069
1754768820000,0.7953
1754768880000,0.8164
1754768940000,0.782
1754769000000,0.7979
1754769060000,0.8053
1754769120000,0.7976
1754769180000,0.7843
1754769240000,0.7889
1754769300000,0.79
1754769360000,0.7878
1754769420000,0.7891
1754769480000,0.8185
1754769540000,0.814
1754769600000,0.8045
1754769660000,0.8174
1754769720000,0.8167
1754769780000,0.8
1754769840000,0.8188
1754769900000,0.8214
1754769960000,0.833
1754770020000,0.8158
1754770080000,0.803
1754770140000,0.8046
1754770200000,0.8006
1754770260000,0.8232
1754770320000,0.7857
1754770380000,0.8066
1754770440000,0.8163
1754770500000,0.7985
1754770560000,0.8125
1754770620000,0.8155
1754770680000,0.8072
1754770740000,0.8246
1754770800000,0.8185
1754770860000,0.8291
1754770920000,0.7972
1754770980000,0.7872
1754771040000,0.7973
1754771100000,0.8126
1754771160000,0.8055
1754771220000,0.807
1754771280000,0.8065
1754771340000,0.815
1754771400000,0.7976
1754771460000,0.7912
1754771520000,0.8057
1754771580000,0.7888
1754771640000,0.8043
1754771700000,0.8104
1754771760000,0.8128
1754771820000,0.7941
1754771880000,0.7984
1754771940000,0.8183
1754772000000,0.8256
1754772060000,0.8112
1754772120000,0.8016
1754772180000,0.8078
1754772240000,0.7829
1754772300000,0.7891
1754772360000,0.7866
1754772420000,0.7999
1754772480000,0.7874
1754772540000,0.8045
1754772600000,0.8093
1754772660000,0.8012
1754772720000,0.7926
1754772780000,0.8052
1754772840000,0.7979
1754772900000,0.777
1754772960000,0.7806
1754773020000,0.8225
1754773080000,0.8001
1754773140000,0.7849
1754773200000,0.7899
1754773260000,0.8136
1754773320000,0.8131
1754773380000,0.789
1754773440000,0.7876
1754773500000,0.7883
1754773560000,0.8145
1754773620000,0.7863
1754773680000,0.8082
1754773740000,0.8049
1754773800000,0.7995
1754773860000,0.7788
1754773920000,0.7865
1754773980000,0.7879
1754774040000,0.8246
1754774100000,0.7916
1754774160000,0.7923
1754774220000,0.7841
1754774280000,0.7976
1754774340000,0.7877
1754774400000,0.788
1754774460000,0.7899
1754774520000,0.7831
1754774580000,0.7953
1754774640000,0.7809
1754774700000,0.7895
1754774760000,0.7807
1754774820000,0.7953
1754774880000,0.7856
1754774940000,0.8067
1754775000000,0.7952
1754775060000,0.8207
1754775120000,0.7998
1754775180000,0.787
1754775240000,0.7845
1754775300000,0.7967
1754775360000,0.7799
1754775420000,0.7895
1754775480000,0.7952
1754775540000,0.7894
1754775600000,0.8144
1754775660000,0.8026
1754775720000,0.7896
1754775780000,0.7771
1754775840000,0.7918
1754775900000,0.8045
1754775960000,0.7908
1754776020000,0.7891
1754776080000,0.7979
1754776140000,0.7754
1754776200000,0.8139
1754776260000,0.8064
1754776320000,0.8139
1754776380000,0.7979
1754776440000,0.7696
1754776500000,0.7681
1754776560000,0.7866
1754776620000,0.802
1754776680000,0.7918
1754776740000,0.7928
1754776800000,0.8205
1754776860000,0.7995
1754776920000,0.8101
1754776980000,0.8004
1754777040000,0.8092
1754777100000,0.8105
1754777160000,0.7941
1754777220000,0.8017
1754777280000,0.7888
1754777340000,0.8042
1754777400000,0.8158
1754777460000,0.8283
1754777520000,0.8109
1754777580000,0.7804
1754777640000,0.8014
1754777700000,0.7985
1754777760000,0.8122
1754777820000,0.7996
1754777880000,0.8095
1754777940000,0.7857
1754778000000,0.802
1754778060000,0.7996
1754778120000,0.7994
1754778180000,0.7947
1754778240000,0.7956
1754778300000,0.8039
1754778360000,0.8098
1754778420000,0.803
1754778480000,0.8055
1754778540000,0.8186
1754778600000,0.8137
1754778660000,0.8108
1754778720000,0.8103
1754778780000,0.8136
1754778840000,0.805
1754778900000,0.8115
1754778960000,0.8086
1754779020000,0.8067
1754779080000,0.8133
1754779140000,0.8331
1754779200000,0.8122
1754779260000,0.8049
1754779320000,0.8014
1754779380000,0.7996
1754779440000,0.7936
1754779500000,0.8016
1754779560000,0.8145
1754779620000,0.8114
1754779680000,0.8153
1754779740000,0.8142
1754779800000,0.8072
1754779860000,0.8064
1754779920000,0.8046
1754779980000,0.842
1754780040000,0.8317
1754780100000,0.8129
1754780160000,0.8264
1754780220000,0.8176
1754780280000,0.8201
1754780340000,0.821
1754780400000,0.8612
1754780460000,0.8653
1754780520000,0.8528
1754780580000,0.8373
1754780640000,0.8463
1754780700000,0.8466
1754780760000,0.8471
1754780820000,0.8571
1754780880000,0.8658
1754780940000,0.8691
1754781000000,0.8704
1754781060000,0.8592
1754781120000,0.8597
1754781180000,0.86
1754781240000,0.8669
1754781300000,0.8689
1754781360000,0.8573
1754781420000,0.8555
1754781480000,0.8457
1754781540000,0.8594
1754781600000,0.8569
1754781660000,0.8752
1754781720000,0.8616
1754781780000,0.8585
1754781840000,0.8697
1754781900000,0.8612
1754781960000,0.8461
1754782020000,0.8449
1754782080000,0.8562
1754782140000,0.857
1754782200000,0.8721
1754782260000,0.8565
1754782320000,0.8674
1754782380000,0.8743
1754782440000,0.8605
1754782500000,0.8654
1754782560000,0.8608
1754782620000,0.8561
1754782680000,0.8769
1754782740000,0.8816
1754782800000,0.8632
1754782860000,0.8691
1754782920000,0.8725
1754782980000,0.8404
1754783040000,0.8528
1754783100000,0.8713
1754783160000,0.8584
1754783220000,0.8594
1754783280000,0.8574
1754783340000,0.8695
1754783400000,0.8637
1754783460000,0.8754
1754783520000,0.8661
1754783580000,0.8575
1754783640000,0.8673
1754783700000,0.876
1754783760000,0.8722
1754783820000,0.8624
1754783880000,0.8698
1754783940000,0.8711
1754784000000,0.8974
1754784060000,0.8947
1754784120000,0.8943
1754784180000,0.8952
1754784240000,0.9073
1754784300000,0.899
1754784360000,0.902
1754784420000,0.8859
1754784480000,0.9061
1754784540000,0.9047
1754784600000,0.9074
1754784660000,0.8986
1754784720000,0.902
1754784780000,0.8945
1754784840000,0.8988
1754784900000,0.9116
1754784960000,0.953
1754785020000,0.9282
1754785080000,0.9137
1754785140000,0.9119
1754785200000,0.9082
1754785260000,0.9082
1754785320000,0.8979
1754785380000,0.9143
1754785440000,0.9249
1754785500000,0.9395
1754785560000,0.9174
1754785620000,0.8951
1754785680000,0.8979
1754785740000,0.9093
1754785800000,0.9277
1754785860000,0.9317
1754785920000,0.9177
1754785980000,0.9051
1754786040000,0.9123
1754786100000,0.9075
1754786160000,0.901
1754786220000,0.9325
1754786280000,0.9486
1754786340000,0.9107
1754786400000,0.9159
1754786460000,0.9101
1754786520000,0.9119
1754786580000,0.9159
1754786640000,0.9263
1754786700000,0.9426
1754786760000,0.9099
1754786820000,0.906
1754786880000,0.9265
1754786940000,0.921
1754787000000,0.9217
1754787060000,0.9251
1754787120000,0.9349
1754787180000,0.92
1754787240000,0.9234
1754787300000,0.9323
1754787360000,0.9335
1754787420000,0.9219
1754787480000,0.9367
1754787540000,0.9442
1754787600000,0.9472
1754787660000,0.9579
1754787720000,0.9408
1754787780000,0.9385
1754787840000,0.9387
1754787900000,0.9399
1754787960000,0.9523
1754788020000,0.9564
1754788080000,0.9772
1754788140000,0.95
1754788200000,0.9537
1754788260000,0.9617
1754788320000,0.9706
1754788380000,0.9659
1754788440000,0.9427
1754788500000,0.9543
1754788560000,0.9831
1754788620000,0.9463
1754788680000,0.9695
1754788740000,0.9552
1754788800000,0.9655
1754788860000,0.9681
1754788920000,0.9595
1754788980000,0.9592
1754789040000,0.9583
1754789100000,0.9521
1754789160000,0.9578
1754789220000,0.9642
1754789280000,0.9601
1754789340000,0.9707
1754789400000,0.9783
1754789460000,0.9611
1754789520000,0.9491
1754789580000,0.9569
1754789640000,0.9681
1754789700000,0.9732
1754789760000,0.9667
1754789820000,0.965
1754789880000,0.9692
1754789940000,0.9525
1754790000000,0.9561
1754790060000,0.9661
1754790120000,0.9677
1754790180000,0.968
1754790240000,0.9569
1754790300000,0.9549
1754790360000,0.9536
1754790420000,0.9792
1754790480000,0.9595
1754790540000,0.9507
1754790600000,0.9486
1754790660000,0.9559
1754790720000,0.9816
1754790780000,0.9444
1754790840000,0.9531
1754790900000,0.9591
1754790960000,0.9479
1754791020000,0.9372
1754791080000,0.9458
1754791140000,0.9458
1754791200000,0.9787
1754791260000,0.9939
1754791320000,0.9858
1754791380000,0.9579
1754791440000,0.9685
1754791500000,0.9747
1754791560000,0.9749
1754791620000,0.9838
1754791680000,0.9872
1754791740000,1.002
1754791800000,0.9897
1754791860000,1.0079
1754791920000,1.0117
1754791980000,0.9939
1754792040000,1.0027
1754792100000,0.9965
1754792160000,0.9882
1754792220000,0.9854
1754792280000,1.0007
1754792340000,1.0082
1754792400000,1.0286
1754792460000,1.0199
1754792520000,1.021
1754792580000,1.0188
1754792640000,1.0096
1754792700000,1.0023
1754792760000,0.9897
1754792820000,0.9879
1754792880000,1.015
1754792940000,1.0538
1754793000000,1.0742
1754793060000,1.0506
1754793120000,1.0567
1754793180000,1.0421
1754793240000,1.0507
1754793300000,1.0922
1754793360000,1.081
1754793420000,1.0455
1754793480000,1.0176
1754793540000,1.0151
1754793600000,1.0176
1754793660000,1.4048
1754793720000,3.463
1754793780000,1.0205
1754793840000,1.0176
1754793900000,1.0304
1754793960000,1.0346
1754794020000,1.0069
1754794080000,1.0109
1754794140000,1.0233
1754794200000,1.034
1754794260000,1.0648
1754794320000,0.9537
1754794380000,0.9252
1754794440000,0.9219
1754794500000,0.9213
1754794560000,0.9721
1754794620000,1.038
1754794680000,0.9431
1754794740000,1.0236
1754794800000,0.9795
1754794860000,0.9599
1754794920000,0.9631
1754794980000,0.955
1754795040000,0.9608
1754795100000,0.9479
1754795160000,0.9563
1754795220000,0.9423
1754795280000,0.9423
1754795340000,0.9431
1754795400000,0.9546
1754795460000,0.9599
1754795520000,0.9552
1754795580000,0.957
1754795640000,0.944
1754795700000,0.9652
1754795760000,1.0197
1754795820000,0.9534
1754795880000,0.9503
1754795940000,1.0325
1754796000000,1.0691
1754796060000,1.0232
1754796120000,1.0165
1754796180000,1.0004
1754796240000,1.0091
1754796300000,1.2298
1754796360000,1.1245
1754796420000,1.0704
1754796480000,1.0201
1754796540000,1.0941
1754796600000,1.0754
1754796660000,1.5081
1754796720000,1.2816
1754796780000,1.6788
1754796840000,1.7611
1754796900000,1.257
1754796960000,1.2316
1754797020000,1.5023
1754797080000,12.7995
1754797140000,2.0822
1754797200000,2.5624
1754797260000,2.0089
1754797320000,2.284
1754797380000,2.5416
1754797440000,2.3059
1754797500000,2.593
1754797560000,2.5105
1754797620000,3.9165
1754797680000,1.8378
1754797740000,0.9618
