timestamp,pod_event_oom
1754539200000,0.0
1754542800000,0.0
1754546400000,0.0
1754550000000,0.0
1754553600000,0.0
1754557200000,0.0
1754560800000,0.0
1754564400000,0.0
1754568000000,0.0
1754571600000,0.0
1754575200000,0.0
1754578800000,0.0
1754582400000,0.0
1754586000000,0.0
1754589600000,0.0
1754593200000,0.0
1754596800000,0.0
1754600400000,0.0
1754604000000,0.0
1754607600000,0.0
1754611200000,0.0
1754614800000,0.0
1754618400000,0.0
1754622000000,0.0
1754625600000,0.0
1754629200000,0.0
1754632800000,0.0
1754636400000,0.0
1754640000000,0.0
1754643600000,0.0
1754647200000,0.0
1754650800000,0.0
1754654400000,0.0
1754658000000,0.0
1754661600000,0.0
1754665200000,0.0
1754668800000,0.0
1754672400000,0.0
1754676000000,0.0
1754679600000,0.0
1754683200000,0.0
1754686800000,0.0
1754690400000,0.0
1754694000000,0.0
1754697600000,0.0
1754701200000,0.0
1754704800000,0.0
1754708400000,0.0
1754712000000,0.0
1754715600000,0.0
1754719200000,0.0
1754722800000,0.0
1754726400000,0.0
1754730000000,0.0
1754733600000,0.0
1754737200000,0.0
1754740800000,0.0
1754744400000,0.0
1754748000000,0.0
1754751600000,0.0
1754755200000,0.0
1754758800000,0.0
1754762400000,0.0
1754766000000,0.0
1754769600000,0.0
1754773200000,0.0
1754776800000,0.0
1754780400000,0.0
1754784000000,0.0
1754787600000,0.0
1754791200000,0.0
1754794800000,0.0
