timestamp,middleware_tair_read_qps
1754538420000,0.4506
1754538480000,0.452
1754538540000,0.4494
1754538600000,0.4456
1754538660000,0.4509
1754538720000,0.4486
1754538780000,0.4492
1754538840000,0.457
1754538900000,0.4608
1754538960000,0.4558
1754539020000,0.4551
1754539080000,0.4508
1754539140000,0.4402
1754539200000,0.4669
1754539260000,0.423
1754539320000,0.4092
1754539380000,0.4143
1754539440000,0.4246
1754539500000,0.4543
1754539560000,0.4447
1754539620000,0.4465
1754539680000,0.4555
1754539740000,0.4497
1754539800000,0.4436
1754539860000,0.4477
1754539920000,0.4574
1754539980000,0.4611
1754540040000,0.4465
1754540100000,0.4549
1754540160000,0.4561
1754540220000,0.4469
1754540280000,0.4381
1754540340000,0.4505
1754540400000,0.4569
1754540460000,0.4586
1754540520000,0.4577
1754540580000,0.4564
1754540640000,0.4517
1754540700000,0.4671
1754540760000,0.4624
1754540820000,0.4602
1754540880000,0.4621
1754540940000,0.4769
1754541000000,0.4419
1754541060000,0.4399
1754541120000,0.4651
1754541180000,0.4708
1754541240000,0.4801
1754541300000,0.4693
1754541360000,0.4706
1754541420000,0.4701
1754541480000,0.4692
1754541540000,0.4724
1754541600000,0.4684
1754541660000,0.467
1754541720000,0.445
1754541780000,0.4698
1754541840000,0.4656
1754541900000,0.4697
1754541960000,0.4679
1754542020000,0.4733
1754542080000,0.4667
1754542140000,0.4666
1754542200000,0.4744
1754542260000,0.4495
1754542320000,0.4422
1754542380000,0.4526
1754542440000,0.4254
1754542500000,0.4468
1754542560000,0.4196
1754542620000,0.4342
1754542680000,0.4232
1754542740000,0.4191
1754542800000,0.419
1754542860000,0.4301
1754542920000,0.452
1754542980000,0.4468
1754543040000,0.4518
1754543100000,0.4471
1754543160000,0.4546
1754543220000,0.447
1754543280000,0.4392
1754543340000,0.4323
1754543400000,0.4378
1754543460000,0.4431
1754543520000,0.4487
1754543580000,0.4333
1754543640000,0.4389
1754543700000,0.4308
1754543760000,0.4464
1754543820000,0.4469
1754543880000,0.4396
1754543940000,0.4126
1754544000000,0.4098
1754544060000,0.4042
1754544120000,0.4011
1754544180000,0.4162
1754544240000,0.4413
1754544300000,0.4372
1754544360000,0.4349
1754544420000,0.4217
1754544480000,0.4177
1754544540000,0.4221
1754544600000,0.4276
1754544660000,0.4105
1754544720000,0.4259
1754544780000,0.4103
1754544840000,0.4198
1754544900000,0.418
1754544960000,0.4147
1754545020000,0.4228
1754545080000,0.436
1754545140000,0.4301
1754545200000,0.4312
1754545260000,0.4333
1754545320000,0.4386
1754545380000,0.4323
1754545440000,0.4282
1754545500000,0.4294
1754545560000,0.4277
1754545620000,0.4266
1754545680000,0.4238
1754545740000,0.4341
1754545800000,0.4238
1754545860000,0.4276
1754545920000,0.4421
1754545980000,0.4333
1754546040000,0.4383
1754546100000,0.4484
1754546160000,0.4359
1754546220000,0.4401
1754546280000,0.4327
1754546340000,0.4286
1754546400000,0.4414
1754546460000,0.4338
1754546520000,0.4296
1754546580000,0.4062
1754546640000,0.425
1754546700000,0.439
1754546760000,0.4414
1754546820000,0.4311
1754546880000,0.428
1754546940000,0.445
1754547000000,0.433
1754547060000,0.4395
1754547120000,0.4439
1754547180000,0.4368
1754547240000,0.431
1754547300000,0.4318
1754547360000,0.4115
1754547420000,0.4068
1754547480000,0.4258
1754547540000,0.4043
1754547600000,0.4052
1754547660000,0.4185
1754547720000,0.4243
1754547780000,0.449
1754547840000,0.4321
1754547900000,0.4183
1754547960000,0.4121
1754548020000,0.4108
1754548080000,0.4535
1754548140000,0.4301
1754548200000,0.4483
1754548260000,0.436
1754548320000,0.4381
1754548380000,0.4299
1754548440000,0.441
1754548500000,0.4349
1754548560000,0.4372
1754548620000,0.4425
1754548680000,0.4313
1754548740000,0.4335
1754548800000,0.4342
1754548860000,0.441
1754548920000,0.4358
1754548980000,0.4486
1754549040000,0.4535
1754549100000,0.4563
1754549160000,0.4524
1754549220000,0.453
1754549280000,0.4571
1754549340000,0.4589
1754549400000,0.463
1754549460000,0.4451
1754549520000,0.4473
1754549580000,0.4526
1754549640000,0.4519
1754549700000,0.457
1754549760000,0.4608
1754549820000,0.4521
1754549880000,0.4544
1754549940000,0.4553
1754550000000,0.4776
1754550060000,0.4654
1754550120000,0.4578
1754550180000,0.4664
1754550240000,0.4617
1754550300000,0.4618
1754550360000,0.4609
1754550420000,0.4651
1754550480000,0.4633
1754550540000,0.4763
1754550600000,0.4761
1754550660000,0.449
1754550720000,0.4653
1754550780000,0.4661
1754550840000,0.4703
1754550900000,0.4509
1754550960000,0.4294
1754551020000,0.45
1754551080000,0.4683
1754551140000,0.4643
1754551200000,0.4617
1754551260000,0.4643
1754551320000,0.468
1754551380000,0.4699
1754551440000,0.4671
1754551500000,0.4577
1754551560000,0.4504
1754551620000,0.47
1754551680000,0.4577
1754551740000,0.4508
1754551800000,0.4738
1754551860000,0.4633
1754551920000,0.4608
1754551980000,0.4693
1754552040000,0.4706
1754552100000,0.4677
1754552160000,0.4707
1754552220000,0.4647
1754552280000,0.4635
1754552340000,0.4673
1754552400000,0.4693
1754552460000,0.4654
1754552520000,0.4672
1754552580000,0.4692
1754552640000,0.4673
1754552700000,0.4707
1754552760000,0.4605
1754552820000,0.4685
1754552880000,0.4724
1754552940000,0.4559
1754553000000,0.458
1754553060000,0.4735
1754553120000,0.4611
1754553180000,0.4598
1754553240000,0.463
1754553300000,0.4559
1754553360000,0.4693
1754553420000,0.4616
1754553480000,0.4626
1754553540000,0.4614
1754553600000,0.4788
1754553660000,0.4687
1754553720000,0.4718
1754553780000,0.4675
1754553840000,0.4634
1754553900000,0.4664
1754553960000,0.4739
1754554020000,0.4607
1754554080000,0.4722
1754554140000,0.4583
1754554200000,0.4532
1754554260000,0.4573
1754554320000,0.4612
1754554380000,0.4536
1754554440000,0.4631
1754554500000,0.4561
1754554560000,0.4481
1754554620000,0.4582
1754554680000,0.4523
1754554740000,0.4542
1754554800000,0.4444
1754554860000,0.4463
1754554920000,0.4477
1754554980000,0.4402
1754555040000,0.4452
1754555100000,0.4555
1754555160000,0.4459
1754555220000,0.4434
1754555280000,0.449
1754555340000,0.4494
1754555400000,0.4503
1754555460000,0.4474
1754555520000,0.4216
1754555580000,0.4336
1754555640000,0.4327
1754555700000,0.4336
1754555760000,0.4457
1754555820000,0.4606
1754555880000,0.4524
1754555940000,0.442
1754556000000,0.4525
1754556060000,0.4406
1754556120000,0.4456
1754556180000,0.4547
1754556240000,0.4544
1754556300000,0.4391
1754556360000,0.4436
1754556420000,0.4414
1754556480000,0.4192
1754556540000,0.4311
1754556600000,0.4318
1754556660000,0.4397
1754556720000,0.4506
1754556780000,0.4417
1754556840000,0.4383
1754556900000,0.4313
1754556960000,0.4398
1754557020000,0.4343
1754557080000,0.4372
1754557140000,0.437
1754557200000,0.4314
1754557260000,0.4193
1754557320000,0.4217
1754557380000,0.4156
1754557440000,0.4218
1754557500000,0.4007
1754557560000,0.4167
1754557620000,0.4144
1754557680000,0.4271
1754557740000,0.4176
1754557800000,0.4175
1754557860000,0.418
1754557920000,0.4122
1754557980000,0.4146
1754558040000,0.4227
1754558100000,0.4129
1754558160000,0.4271
1754558220000,0.4209
1754558280000,0.4218
1754558340000,0.4295
1754558400000,0.4251
1754558460000,0.4135
1754558520000,0.4455
1754558580000,0.4402
1754558640000,0.432
1754558700000,0.4509
1754558760000,0.4489
1754558820000,0.4383
1754558880000,0.4342
1754558940000,0.4236
1754559000000,0.4368
1754559060000,0.4243
1754559120000,0.4264
1754559180000,0.4272
1754559240000,0.4321
1754559300000,0.4324
1754559360000,0.4295
1754559420000,0.4282
1754559480000,0.4357
1754559540000,0.4311
1754559600000,0.4243
1754559660000,0.4152
1754559720000,0.4359
1754559780000,0.4382
1754559840000,0.4081
1754559900000,0.423
1754559960000,0.4238
1754560020000,0.4121
1754560080000,0.4167
1754560140000,0.4171
1754560200000,0.4154
1754560260000,0.4237
1754560320000,0.4335
1754560380000,0.4249
1754560440000,0.4221
1754560500000,0.4224
1754560560000,0.4287
1754560620000,0.4174
1754560680000,0.4301
1754560740000,0.4254
1754560800000,0.4146
1754560860000,0.4131
1754560920000,0.4167
1754560980000,0.4164
1754561040000,0.4228
1754561100000,0.4173
1754561160000,0.418
1754561220000,0.4147
1754561280000,0.4063
1754561340000,0.4059
1754561400000,0.405
1754561460000,0.3948
1754561520000,0.4051
1754561580000,0.403
1754561640000,0.408
1754561700000,0.3968
1754561760000,0.3908
1754561820000,0.398
1754561880000,0.3989
1754561940000,0.4189
1754562000000,0.4036
1754562060000,0.4257
1754562120000,0.4136
1754562180000,0.4101
1754562240000,0.4127
1754562300000,0.425
1754562360000,0.4088
1754562420000,0.4171
1754562480000,0.4147
1754562540000,0.4153
1754562600000,0.4171
1754562660000,0.4113
1754562720000,0.4097
1754562780000,0.4114
1754562840000,0.4113
1754562900000,0.4125
1754562960000,0.4144
1754563020000,0.4112
1754563080000,0.4218
1754563140000,0.4166
1754563200000,0.4082
1754563260000,0.4044
1754563320000,0.401
1754563380000,0.421
1754563440000,0.4178
1754563500000,0.4145
1754563560000,0.4251
1754563620000,0.4159
1754563680000,0.4204
1754563740000,0.4189
1754563800000,0.4194
1754563860000,0.4182
1754563920000,0.4175
1754563980000,0.4225
1754564040000,0.4227
1754564100000,0.3967
1754564160000,0.3967
1754564220000,0.4164
1754564280000,0.4211
1754564340000,0.4125
1754564400000,0.4145
1754564460000,0.4186
1754564520000,0.4207
1754564580000,0.4288
1754564640000,0.419
1754564700000,0.4184
1754564760000,0.4199
1754564820000,0.4243
1754564880000,0.4109
1754564940000,0.4139
1754565000000,0.4232
1754565060000,0.4234
1754565120000,0.4204
1754565180000,0.4203
1754565240000,0.4247
1754565300000,0.4319
1754565360000,0.4195
1754565420000,0.4367
1754565480000,0.4377
1754565540000,0.4329
1754565600000,0.4226
1754565660000,0.4092
1754565720000,0.4136
1754565780000,0.4051
1754565840000,0.2849
1754565900000,0.3963
1754565960000,0.4135
1754566020000,0.4043
1754566080000,0.4091
1754566140000,0.416
1754566200000,0.4157
1754566260000,0.4278
1754566320000,0.4314
1754566380000,0.4244
1754566440000,0.4098
1754566500000,0.4096
1754566560000,0.4257
1754566620000,0.4222
1754566680000,0.4246
1754566740000,0.419
1754566800000,0.4125
1754566860000,0.4137
1754566920000,0.4153
1754566980000,0.4081
1754567040000,0.4199
1754567100000,0.4139
1754567160000,0.4215
1754567220000,0.4308
1754567280000,0.3971
1754567340000,0.4511
1754567400000,0.4415
1754567460000,0.4387
1754567520000,0.4424
1754567580000,0.4504
1754567640000,0.3151
1754567700000,0.3474
1754567760000,0.389
1754567820000,0.3802
1754567880000,0.4131
1754567940000,0.4022
1754568000000,0.4226
1754568060000,0.4247
1754568120000,0.4236
1754568180000,0.4227
1754568240000,0.4209
1754568300000,0.4093
1754568360000,0.4061
1754568420000,0.4092
1754568480000,0.4057
1754568540000,0.4068
1754568600000,0.4243
1754568660000,0.419
1754568720000,0.4274
1754568780000,0.432
1754568840000,0.4188
1754568900000,0.4173
1754568960000,0.4302
1754569020000,0.4243
1754569080000,0.4208
1754569140000,0.4161
1754569200000,0.4236
1754569260000,0.4153
1754569320000,0.4365
1754569380000,0.4137
1754569440000,0.4206
1754569500000,0.4266
1754569560000,0.4393
1754569620000,0.4224
1754569680000,0.4258
1754569740000,0.4235
1754569800000,0.4251
1754569860000,0.4249
1754569920000,0.4405
1754569980000,0.4483
1754570040000,0.4729
1754570100000,0.4894
1754570160000,0.4789
1754570220000,0.4771
1754570280000,0.4792
1754570340000,0.476
1754570400000,0.4902
1754570460000,0.4712
1754570520000,0.4794
1754570580000,0.5007
1754570640000,0.5101
1754570700000,0.5621
1754570760000,0.5791
1754570820000,0.5706
1754570880000,0.5834
1754570940000,0.5837
1754571000000,0.5165
1754571060000,0.5611
1754571120000,0.5837
1754571180000,0.567
1754571240000,0.5632
1754571300000,0.5806
1754571360000,0.5652
1754571420000,0.592
1754571480000,0.5437
1754571540000,0.5739
1754571600000,0.6003
1754571660000,0.591
1754571720000,0.5873
1754571780000,0.5408
1754571840000,0.5572
1754571900000,0.5022
1754571960000,0.5693
1754572020000,0.5616
1754572080000,0.579
1754572140000,0.5714
1754572200000,0.538
1754572260000,0.4956
1754572320000,0.4968
1754572380000,0.4803
1754572440000,0.4932
1754572500000,0.4786
1754572560000,0.48
1754572620000,0.478
1754572680000,0.4885
1754572740000,0.4832
1754572800000,0.4599
1754572860000,0.4641
1754572920000,0.4682
1754572980000,0.4721
1754573040000,0.4858
1754573100000,0.4728
1754573160000,0.4771
1754573220000,0.4717
1754573280000,0.4766
1754573340000,0.4714
1754573400000,0.4708
1754573460000,0.475
1754573520000,0.4748
1754573580000,0.4622
1754573640000,0.473
1754573700000,0.4744
1754573760000,0.467
1754573820000,0.4668
1754573880000,0.4789
1754573940000,0.4758
1754574000000,0.4767
1754574060000,0.4684
1754574120000,0.4652
1754574180000,0.4688
1754574240000,0.4807
1754574300000,0.4466
1754574360000,0.4308
1754574420000,0.45
1754574480000,0.4736
1754574540000,0.4602
1754574600000,0.4569
1754574660000,0.4539
1754574720000,0.4672
1754574780000,0.4345
1754574840000,0.4266
1754574900000,0.4384
1754574960000,0.4655
1754575020000,0.4581
1754575080000,0.4552
1754575140000,0.4542
1754575200000,0.454
1754575260000,0.462
1754575320000,0.4557
1754575380000,0.462
1754575440000,0.4541
1754575500000,0.4428
1754575560000,0.445
1754575620000,0.4534
1754575680000,0.4604
1754575740000,0.4575
1754575800000,0.4534
1754575860000,0.4597
1754575920000,0.453
1754575980000,0.4584
1754576040000,0.4517
1754576100000,0.4541
1754576160000,0.4442
1754576220000,0.4485
1754576280000,0.4591
1754576340000,0.438
1754576400000,0.4375
1754576460000,0.4415
1754576520000,0.4534
1754576580000,0.4368
1754576640000,0.4479
1754576700000,0.4433
1754576760000,0.446
1754576820000,0.4431
1754576880000,0.4409
1754576940000,0.4352
1754577000000,0.4076
1754577060000,0.4078
1754577120000,0.4058
1754577180000,0.3951
1754577240000,0.4055
1754577300000,0.3887
1754577360000,0.3848
1754577420000,0.3805
1754577480000,0.4124
1754577540000,0.3733
1754577600000,0.3779
1754577660000,0.3716
1754577720000,0.3798
1754577780000,0.3939
1754577840000,0.4262
1754577900000,0.4137
1754577960000,0.3961
1754578020000,0.3977
1754578080000,0.4166
1754578140000,0.4248
1754578200000,0.4182
1754578260000,0.4288
1754578320000,0.4067
1754578380000,0.4002
1754578440000,0.3914
1754578500000,0.4045
1754578560000,0.4165
1754578620000,0.4123
1754578680000,0.4211
1754578740000,0.4023
1754578800000,0.3944
1754578860000,0.4115
1754578920000,0.4061
1754578980000,0.3996
1754579040000,0.4155
1754579100000,0.4037
1754579160000,0.4014
1754579220000,0.4059
1754579280000,0.4024
1754579340000,0.3891
1754579400000,0.3754
1754579460000,0.4017
1754579520000,0.4002
1754579580000,0.3871
1754579640000,0.4098
1754579700000,0.3901
1754579760000,0.4034
1754579820000,0.3858
1754579880000,0.383
1754579940000,0.39
1754580000000,0.3905
1754580060000,0.3877
1754580120000,0.3858
1754580180000,0.3955
1754580240000,0.3822
1754580300000,0.3769
1754580360000,0.3836
1754580420000,0.374
1754580480000,0.378
1754580540000,0.3846
1754580600000,0.3674
1754580660000,0.3491
1754580720000,0.3428
1754580780000,0.3457
1754580840000,0.3405
1754580900000,0.3767
1754580960000,0.3711
1754581020000,0.3629
1754581080000,0.3658
1754581140000,0.3622
1754581200000,0.3705
1754581260000,0.3594
1754581320000,0.3562
1754581380000,0.3637
1754581440000,0.3659
1754581500000,0.3703
1754581560000,0.3633
1754581620000,0.3612
1754581680000,0.3604
1754581740000,0.3442
1754581800000,0.3491
1754581860000,0.3577
1754581920000,0.3539
1754581980000,0.3553
1754582040000,0.3546
1754582100000,0.3446
1754582160000,0.35
1754582220000,0.3509
1754582280000,0.3511
1754582340000,0.3398
1754582400000,0.3397
1754582460000,0.3355
1754582520000,0.3378
1754582580000,0.3371
1754582640000,0.3579
1754582700000,0.3618
1754582760000,0.3553
1754582820000,0.3475
1754582880000,0.3654
1754582940000,0.3652
1754583000000,0.3597
1754583060000,0.3611
1754583120000,0.3443
1754583180000,0.3475
1754583240000,0.3453
1754583300000,0.3467
1754583360000,0.3355
1754583420000,0.3354
1754583480000,0.3358
1754583540000,0.3349
1754583600000,0.3331
1754583660000,0.3228
1754583720000,0.32
1754583780000,0.332
1754583840000,0.3228
1754583900000,0.3173
1754583960000,0.3097
1754584020000,0.3248
1754584080000,0.3199
1754584140000,0.3094
1754584200000,0.3128
1754584260000,0.3099
1754584320000,0.3037
1754584380000,0.3108
1754584440000,0.3029
1754584500000,0.303
1754584560000,0.2943
1754584620000,0.2911
1754584680000,0.2915
1754584740000,0.2906
1754584800000,0.3031
1754584860000,0.2927
1754584920000,0.2944
1754584980000,0.2944
1754585040000,0.282
1754585100000,0.2939
1754585160000,0.2831
1754585220000,0.2889
1754585280000,0.2791
1754585340000,0.2533
1754585400000,0.242
1754585460000,0.24
1754585520000,0.2679
1754585580000,0.2765
1754585640000,0.2542
1754585700000,0.2597
1754585760000,0.2637
1754585820000,0.2559
1754585880000,0.2541
1754585940000,0.2512
1754586000000,0.2439
1754586060000,0.2492
1754586120000,0.25
1754586180000,0.2482
1754586240000,0.2445
1754586300000,0.2469
1754586360000,0.2401
1754586420000,0.24
1754586480000,0.2483
1754586540000,0.2388
1754586600000,0.2321
1754586660000,0.2334
1754586720000,0.2281
1754586780000,0.2237
1754586840000,0.2197
1754586900000,0.2299
1754586960000,0.2279
1754587020000,0.2239
1754587080000,0.2267
1754587140000,0.218
1754587200000,0.2131
1754587260000,0.2164
1754587320000,0.2089
1754587380000,0.2316
1754587440000,0.2138
1754587500000,0.2141
1754587560000,0.2102
1754587620000,0.21
1754587680000,0.2117
1754587740000,0.2054
1754587800000,0.2036
1754587860000,0.2029
1754587920000,0.1949
1754587980000,0.1951
1754588040000,0.1909
1754588100000,0.1835
1754588160000,0.194
1754588220000,0.1951
1754588280000,0.1995
1754588340000,0.1954
1754588400000,0.1893
1754588460000,0.1901
1754588520000,0.1857
1754588580000,0.1873
1754588640000,0.1895
1754588700000,0.1864
1754588760000,0.1767
1754588820000,0.1764
1754588880000,0.1816
1754588940000,0.1735
1754589000000,0.1783
1754589060000,0.1809
1754589120000,0.1777
1754589180000,0.1688
1754589240000,0.1707
1754589300000,0.1743
1754589360000,0.1724
1754589420000,0.1689
1754589480000,0.1629
1754589540000,0.1687
1754589600000,0.1686
1754589660000,0.1728
1754589720000,0.1612
1754589780000,0.1638
1754589840000,0.1593
1754589900000,0.1559
1754589960000,0.1636
1754590020000,0.1612
1754590080000,0.1578
1754590140000,0.1563
1754590200000,0.1455
1754590260000,0.1568
1754590320000,0.1488
1754590380000,0.1443
1754590440000,0.1352
1754590500000,0.128
1754590560000,0.146
1754590620000,0.1388
1754590680000,0.1459
1754590740000,0.1462
1754590800000,0.1444
1754590860000,0.138
1754590920000,0.1397
1754590980000,0.1394
1754591040000,0.1392
1754591100000,0.1458
1754591160000,0.1396
1754591220000,0.1399
1754591280000,0.14
1754591340000,0.1388
1754591400000,0.137
1754591460000,0.1375
1754591520000,0.1375
1754591580000,0.1329
1754591640000,0.1405
1754591700000,0.1332
1754591760000,0.1372
1754591820000,0.1304
1754591880000,0.1334
1754591940000,0.1278
1754592000000,0.1293
1754592060000,0.1327
1754592120000,0.1239
1754592180000,0.1345
1754592240000,0.1244
1754592300000,0.1277
1754592360000,0.1276
1754592420000,0.1272
1754592480000,0.122
1754592540000,0.1256
1754592600000,0.1207
1754592660000,0.1256
1754592720000,0.1225
1754592780000,0.123
1754592840000,0.1256
1754592900000,0.1186
1754592960000,0.1195
1754593020000,0.1136
1754593080000,0.12
1754593140000,0.1188
1754593200000,0.1211
1754593260000,0.1133
1754593320000,0.1116
1754593380000,0.1188
1754593440000,0.1151
1754593500000,0.1166
1754593560000,0.1152
1754593620000,0.1117
1754593680000,0.1172
1754593740000,0.1107
1754593800000,0.1139
1754593860000,0.107
1754593920000,0.1083
1754593980000,0.1135
1754594040000,0.106
1754594100000,0.1035
1754594160000,0.1079
1754594220000,0.1133
1754594280000,0.106
1754594340000,0.1055
1754594400000,0.1119
1754594460000,0.1067
1754594520000,0.1097
1754594580000,0.1044
1754594640000,0.105
1754594700000,0.1033
1754594760000,0.1036
1754594820000,0.105
1754594880000,0.1004
1754594940000,0.105
1754595000000,0.105
1754595060000,0.0997
1754595120000,0.1038
1754595180000,0.1041
1754595240000,0.1049
1754595300000,0.1008
1754595360000,0.1043
1754595420000,0.098
1754595480000,0.1006
1754595540000,0.0998
1754595600000,0.0984
1754595660000,0.0949
1754595720000,0.0929
1754595780000,0.0985
1754595840000,0.0965
1754595900000,0.101
1754595960000,0.0986
1754596020000,0.0996
1754596080000,0.1022
1754596140000,0.1011
1754596200000,0.0925
1754596260000,0.0947
1754596320000,0.0946
1754596380000,0.0945
1754596440000,0.1035
1754596500000,0.0994
1754596560000,0.1033
1754596620000,0.094
1754596680000,0.0953
1754596740000,0.0946
1754596800000,0.0999
1754596860000,0.1006
1754596920000,0.098
1754596980000,0.098
1754597040000,0.0972
1754597100000,0.0955
1754597160000,0.0976
1754597220000,0.0965
1754597280000,0.097
1754597340000,0.0989
1754597400000,0.0949
1754597460000,0.0996
1754597520000,0.0921
1754597580000,0.0949
1754597640000,0.0949
1754597700000,0.0967
1754597760000,0.0906
1754597820000,0.0966
1754597880000,0.097
1754597940000,0.0955
1754598000000,0.0962
1754598060000,0.0964
1754598120000,0.0975
1754598180000,0.097
1754598240000,0.0983
1754598300000,0.101
1754598360000,0.1
1754598420000,0.095
1754598480000,0.0951
1754598540000,0.0946
1754598600000,0.0992
1754598660000,0.0966
1754598720000,0.1004
1754598780000,0.1018
1754598840000,0.0994
1754598900000,0.0975
1754598960000,0.0978
1754599020000,0.1103
1754599080000,0.0977
1754599140000,0.0975
1754599200000,0.1011
1754599260000,0.1007
1754599320000,0.106
1754599380000,0.0958
1754599440000,0.0966
1754599500000,0.0996
1754599560000,0.1089
1754599620000,0.0993
1754599680000,0.0992
1754599740000,0.1003
1754599800000,0.1046
1754599860000,0.1057
1754599920000,0.0997
1754599980000,0.0998
1754600040000,0.0995
1754600100000,0.0955
1754600160000,0.1047
1754600220000,0.1073
1754600280000,0.1021
1754600340000,0.099
1754600400000,0.1142
1754600460000,0.1083
1754600520000,0.1386
1754600580000,0.1481
1754600640000,0.174
1754600700000,0.2042
1754600760000,0.1737
1754600820000,0.2
1754600880000,0.1588
1754600940000,0.1641
1754601000000,0.1659
1754601060000,0.1704
1754601120000,0.1615
1754601180000,0.1588
1754601240000,0.1628
1754601300000,0.1635
1754601360000,0.1667
1754601420000,0.1458
1754601480000,0.1355
1754601540000,0.1311
1754601600000,0.1331
1754601660000,0.1427
1754601720000,0.1387
1754601780000,0.1348
1754601840000,0.1408
1754601900000,0.1423
1754601960000,0.1388
1754602020000,0.1386
1754602080000,0.1359
1754602140000,0.1346
1754602200000,0.1393
1754602260000,0.1443
1754602320000,0.1371
1754602380000,0.1381
1754602440000,0.1384
1754602500000,0.1448
1754602560000,0.1431
1754602620000,0.1493
1754602680000,0.1478
1754602740000,0.1535
1754602800000,0.1552
1754602860000,0.1494
1754602920000,0.1465
1754602980000,0.1474
1754603040000,0.1518
1754603100000,0.1524
1754603160000,0.1526
1754603220000,0.1523
1754603280000,0.1555
1754603340000,0.1555
1754603400000,0.1629
1754603460000,0.1603
1754603520000,0.1662
1754603580000,0.1622
1754603640000,0.158
1754603700000,0.173
1754603760000,0.1605
1754603820000,0.1661
1754603880000,0.1702
1754603940000,0.1647
1754604000000,0.178
1754604060000,0.1718
1754604120000,0.1793
1754604180000,0.1787
1754604240000,0.1772
1754604300000,0.1801
1754604360000,0.183
1754604420000,0.1754
1754604480000,0.1783
1754604540000,0.1859
1754604600000,0.1889
1754604660000,0.191
1754604720000,0.1839
1754604780000,0.1908
1754604840000,0.1911
1754604900000,0.1905
1754604960000,0.1904
1754605020000,0.1898
1754605080000,0.191
1754605140000,0.1969
1754605200000,0.2013
1754605260000,0.1989
1754605320000,0.2001
1754605380000,0.191
1754605440000,0.2004
1754605500000,0.2046
1754605560000,0.2041
1754605620000,0.1968
1754605680000,0.2038
1754605740000,0.1978
1754605800000,0.2159
1754605860000,0.209
1754605920000,0.2176
1754605980000,0.2195
1754606040000,0.2187
1754606100000,0.2192
1754606160000,0.2244
1754606220000,0.2177
1754606280000,0.2183
1754606340000,0.2274
1754606400000,0.2286
1754606460000,0.2254
1754606520000,0.233
1754606580000,0.2271
1754606640000,0.23
1754606700000,0.2311
1754606760000,0.2329
1754606820000,0.2376
1754606880000,0.2373
1754606940000,0.2303
1754607000000,0.2355
1754607060000,0.2347
1754607120000,0.244
1754607180000,0.2441
1754607240000,0.2416
1754607300000,0.2536
1754607360000,0.2478
1754607420000,0.253
1754607480000,0.2468
1754607540000,0.2482
1754607600000,0.257
1754607660000,0.2544
1754607720000,0.2525
1754607780000,0.2554
1754607840000,0.2539
1754607900000,0.2688
1754607960000,0.2613
1754608020000,0.268
1754608080000,0.2658
1754608140000,0.2589
1754608200000,0.2643
1754608260000,0.2615
1754608320000,0.265
1754608380000,0.2719
1754608440000,0.2709
1754608500000,0.2774
1754608560000,0.2717
1754608620000,0.2759
1754608680000,0.2718
1754608740000,0.2685
1754608800000,0.2807
1754608860000,0.2845
1754608920000,0.2737
1754608980000,0.278
1754609040000,0.2803
1754609100000,0.2644
1754609160000,0.2526
1754609220000,0.2571
1754609280000,0.257
1754609340000,0.2869
1754609400000,0.2971
1754609460000,0.2783
1754609520000,0.2862
1754609580000,0.2891
1754609640000,0.2875
1754609700000,0.2908
1754609760000,0.2892
1754609820000,0.2952
1754609880000,0.295
1754609940000,0.2877
1754610000000,0.2941
1754610060000,0.291
1754610120000,0.3014
1754610180000,0.2991
1754610240000,0.3005
1754610300000,0.3069
1754610360000,0.3074
1754610420000,0.3058
1754610480000,0.3104
1754610540000,0.3114
1754610600000,0.3116
1754610660000,0.3151
1754610720000,0.3199
1754610780000,0.318
1754610840000,0.3165
1754610900000,0.3167
1754610960000,0.3209
1754611020000,0.3207
1754611080000,0.3198
1754611140000,0.3144
1754611200000,0.4105
1754611260000,0.3444
1754611320000,0.3358
1754611380000,0.3399
1754611440000,0.342
1754611500000,0.3447
1754611560000,0.3479
1754611620000,0.3464
1754611680000,0.3491
1754611740000,0.3437
1754611800000,0.3532
1754611860000,0.3475
1754611920000,0.3599
1754611980000,0.362
1754612040000,0.3486
1754612100000,0.3558
1754612160000,0.3512
1754612220000,0.3503
1754612280000,0.3577
1754612340000,0.3541
1754612400000,0.3605
1754612460000,0.3645
1754612520000,0.3567
1754612580000,0.3649
1754612640000,0.3694
1754612700000,0.364
1754612760000,0.3631
1754612820000,0.3652
1754612880000,0.3682
1754612940000,0.364
1754613000000,0.3788
1754613060000,0.3648
1754613120000,0.3356
1754613180000,0.3344
1754613240000,0.3514
1754613300000,0.3728
1754613360000,0.362
1754613420000,0.3832
1754613480000,0.3766
1754613540000,0.3828
1754613600000,0.3956
1754613660000,0.3836
1754613720000,0.391
1754613780000,0.3851
1754613840000,0.3929
1754613900000,0.4015
1754613960000,0.3989
1754614020000,0.3942
1754614080000,0.4035
1754614140000,0.3971
1754614200000,0.3994
1754614260000,0.3901
1754614320000,0.3923
1754614380000,0.4009
1754614440000,0.4025
1754614500000,0.3919
1754614560000,0.4004
1754614620000,0.4009
1754614680000,0.3932
1754614740000,0.4019
1754614800000,0.4047
1754614860000,0.4156
1754614920000,0.4114
1754614980000,0.4118
1754615040000,0.3995
1754615100000,0.4176
1754615160000,0.4018
1754615220000,0.4031
1754615280000,0.3994
1754615340000,0.4064
1754615400000,0.4041
1754615460000,0.4169
1754615520000,0.4165
1754615580000,0.4134
1754615640000,0.4163
1754615700000,0.403
1754615760000,0.4007
1754615820000,0.4192
1754615880000,0.4261
1754615940000,0.4234
1754616000000,0.4286
1754616060000,0.4266
1754616120000,0.4201
1754616180000,0.4242
1754616240000,0.4172
1754616300000,0.424
1754616360000,0.4239
1754616420000,0.4284
1754616480000,0.433
1754616540000,0.4255
1754616600000,0.4299
1754616660000,0.4264
1754616720000,0.4247
1754616780000,0.415
1754616840000,0.3943
1754616900000,0.4316
1754616960000,0.436
1754617020000,0.4258
1754617080000,0.4368
1754617140000,0.4269
1754617200000,0.4293
1754617260000,0.4317
1754617320000,0.4359
1754617380000,0.4414
1754617440000,0.428
1754617500000,0.4402
1754617560000,0.4069
1754617620000,0.4207
1754617680000,0.4383
1754617740000,0.4369
1754617800000,0.4322
1754617860000,0.4358
1754617920000,0.4377
1754617980000,0.4375
1754618040000,0.4449
1754618100000,0.4362
1754618160000,0.4379
1754618220000,0.4368
1754618280000,0.4391
1754618340000,0.4429
1754618400000,0.4511
1754618460000,0.4614
1754618520000,0.4518
1754618580000,0.4478
1754618640000,0.4571
1754618700000,0.4515
1754618760000,0.4605
1754618820000,0.4511
1754618880000,0.4516
1754618940000,0.4551
1754619000000,0.4487
1754619060000,0.4454
1754619120000,0.4498
1754619180000,0.4467
1754619240000,0.4559
1754619300000,0.4526
1754619360000,0.4594
1754619420000,0.4547
1754619480000,0.4648
1754619540000,0.4466
1754619600000,0.4472
1754619660000,0.4599
1754619720000,0.4465
1754619780000,0.4476
1754619840000,0.444
1754619900000,0.4465
1754619960000,0.461
1754620020000,0.4598
1754620080000,0.4548
1754620140000,0.4506
1754620200000,0.4523
1754620260000,0.4428
1754620320000,0.4478
1754620380000,0.4428
1754620440000,0.4559
1754620500000,0.4504
1754620560000,0.4586
1754620620000,0.4619
1754620680000,0.459
1754620740000,0.4546
1754620800000,0.444
1754620860000,0.4397
1754620920000,0.4309
1754620980000,0.4457
1754621040000,0.4593
1754621100000,0.4613
1754621160000,0.452
1754621220000,0.4552
1754621280000,0.4536
1754621340000,0.4525
1754621400000,0.459
1754621460000,0.4599
1754621520000,0.4586
1754621580000,0.4608
1754621640000,0.4361
1754621700000,0.4175
1754621760000,0.4339
1754621820000,0.4573
1754621880000,0.4541
1754621940000,0.4491
1754622000000,0.4554
1754622060000,0.4595
1754622120000,0.4696
1754622180000,0.4527
1754622240000,0.4584
1754622300000,0.4672
1754622360000,0.4603
1754622420000,0.4571
1754622480000,0.4731
1754622540000,0.449
1754622600000,0.4628
1754622660000,0.4526
1754622720000,0.4681
1754622780000,0.4523
1754622840000,0.46
1754622900000,0.4643
1754622960000,0.4556
1754623020000,0.4582
1754623080000,0.4584
1754623140000,0.4323
1754623200000,0.4105
1754623260000,0.4219
1754623320000,0.4199
1754623380000,0.422
1754623440000,0.4307
1754623500000,0.4294
1754623560000,0.414
1754623620000,0.4133
1754623680000,0.4122
1754623740000,0.4216
1754623800000,0.4592
1754623860000,0.458
1754623920000,0.4503
1754623980000,0.4487
1754624040000,0.4475
1754624100000,0.4493
1754624160000,0.4461
1754624220000,0.4497
1754624280000,0.4597
1754624340000,0.4501
1754624400000,0.445
1754624460000,0.4484
1754624520000,0.4477
1754624580000,0.453
1754624640000,0.4508
1754624700000,0.4517
1754624760000,0.4518
1754624820000,0.454
1754624880000,0.4538
1754624940000,0.4454
1754625000000,0.4561
1754625060000,0.4529
1754625120000,0.4533
1754625180000,0.456
1754625240000,0.4562
1754625300000,0.4491
1754625360000,0.4407
1754625420000,0.4461
1754625480000,0.4501
1754625540000,0.4384
1754625600000,0.4519
1754625660000,0.4466
1754625720000,0.4422
1754625780000,0.4421
1754625840000,0.434
1754625900000,0.4465
1754625960000,0.4443
1754626020000,0.4509
1754626080000,0.4267
1754626140000,0.4461
1754626200000,0.4455
1754626260000,0.4452
1754626320000,0.4413
1754626380000,0.452
1754626440000,0.4528
1754626500000,0.4574
1754626560000,0.4555
1754626620000,0.4563
1754626680000,0.4611
1754626740000,0.4687
1754626800000,0.4596
1754626860000,0.4598
1754626920000,0.4621
1754626980000,0.4435
1754627040000,0.4427
1754627100000,0.4523
1754627160000,0.4625
1754627220000,0.4545
1754627280000,0.4525
1754627340000,0.433
1754627400000,0.435
1754627460000,0.4176
1754627520000,0.4338
1754627580000,0.4695
1754627640000,0.4565
1754627700000,0.4571
1754627760000,0.466
1754627820000,0.4653
1754627880000,0.4729
1754627940000,0.4691
1754628000000,0.4637
1754628060000,0.4709
1754628120000,0.4759
1754628180000,0.4655
1754628240000,0.4774
1754628300000,0.4535
1754628360000,0.4765
1754628420000,0.4759
1754628480000,0.4748
1754628540000,0.4659
1754628600000,0.473
1754628660000,0.4618
1754628720000,0.4447
1754628780000,0.4563
1754628840000,0.4585
1754628900000,0.4629
1754628960000,0.4487
1754629020000,0.4284
1754629080000,0.4352
1754629140000,0.4317
1754629200000,0.4427
1754629260000,0.436
1754629320000,0.4388
1754629380000,0.4628
1754629440000,0.4637
1754629500000,0.4673
1754629560000,0.4701
1754629620000,0.4729
1754629680000,0.4669
1754629740000,0.4577
1754629800000,0.4623
1754629860000,0.4354
1754629920000,0.4181
1754629980000,0.426
1754630040000,0.4216
1754630100000,0.4269
1754630160000,0.4253
1754630220000,0.4228
1754630280000,0.4244
1754630340000,0.4287
1754630400000,0.4625
1754630460000,0.4448
1754630520000,0.4488
1754630580000,0.4486
1754630640000,0.4492
1754630700000,0.446
1754630760000,0.4429
1754630820000,0.4384
1754630880000,0.4479
1754630940000,0.4482
1754631000000,0.4601
1754631060000,0.4358
1754631120000,0.4236
1754631180000,0.4285
1754631240000,0.4297
1754631300000,0.4412
1754631360000,0.4474
1754631420000,0.4368
1754631480000,0.4445
1754631540000,0.4296
1754631600000,0.4302
1754631660000,0.4353
1754631720000,0.4457
1754631780000,0.4384
1754631840000,0.4351
1754631900000,0.4541
1754631960000,0.4254
1754632020000,0.4214
1754632080000,0.4226
1754632140000,0.4275
1754632200000,0.4354
1754632260000,0.4378
1754632320000,0.4372
1754632380000,0.4451
1754632440000,0.4301
1754632500000,0.4319
1754632560000,0.4431
1754632620000,0.4321
1754632680000,0.4388
1754632740000,0.4295
1754632800000,0.4428
1754632860000,0.4426
1754632920000,0.4135
1754632980000,0.4331
1754633040000,0.4108
1754633100000,0.3949
1754633160000,0.3943
1754633220000,0.3941
1754633280000,0.4015
1754633340000,0.3977
1754633400000,0.3945
1754633460000,0.4001
1754633520000,0.3949
1754633580000,0.4004
1754633640000,0.3961
1754633700000,0.4032
1754633760000,0.403
1754633820000,0.4134
1754633880000,0.4216
1754633940000,0.4319
1754634000000,0.4425
1754634060000,0.4439
1754634120000,0.4444
1754634180000,0.4442
1754634240000,0.4491
1754634300000,0.4468
1754634360000,0.4377
1754634420000,0.4454
1754634480000,0.4423
1754634540000,0.4354
1754634600000,0.4293
1754634660000,0.4311
1754634720000,0.4359
1754634780000,0.4418
1754634840000,0.4413
1754634900000,0.4378
1754634960000,0.4334
1754635020000,0.4268
1754635080000,0.4349
1754635140000,0.443
1754635200000,0.4404
1754635260000,0.4425
1754635320000,0.4468
1754635380000,0.4403
1754635440000,0.4459
1754635500000,0.4449
1754635560000,0.4483
1754635620000,0.449
1754635680000,0.4467
1754635740000,0.4433
1754635800000,0.4418
1754635860000,0.436
1754635920000,0.4442
1754635980000,0.4376
1754636040000,0.452
1754636100000,0.4511
1754636160000,0.4604
1754636220000,0.4473
1754636280000,0.4507
1754636340000,0.4593
1754636400000,0.4693
1754636460000,0.4407
1754636520000,0.4309
1754636580000,0.427
1754636640000,0.4509
1754636700000,0.446
1754636760000,0.4147
1754636820000,0.4209
1754636880000,0.4262
1754636940000,0.4214
1754637000000,0.4294
1754637060000,0.4256
1754637120000,0.4255
1754637180000,0.4342
1754637240000,0.4363
1754637300000,0.4448
1754637360000,0.4538
1754637420000,0.4672
1754637480000,0.4609
1754637540000,0.4604
1754637600000,0.4533
1754637660000,0.4549
1754637720000,0.4564
1754637780000,0.4561
1754637840000,0.4612
1754637900000,0.4676
1754637960000,0.4581
1754638020000,0.4332
1754638080000,0.4238
1754638140000,0.4274
1754638200000,0.4505
1754638260000,0.4751
1754638320000,0.4699
1754638380000,0.469
1754638440000,0.4724
1754638500000,0.4699
1754638560000,0.4777
1754638620000,0.4665
1754638680000,0.4611
1754638740000,0.46
1754638800000,0.4579
1754638860000,0.4547
1754638920000,0.4679
1754638980000,0.4585
1754639040000,0.4571
1754639100000,0.4618
1754639160000,0.4702
1754639220000,0.4708
1754639280000,0.4641
1754639340000,0.4542
1754639400000,0.4659
1754639460000,0.4613
1754639520000,0.4604
1754639580000,0.4567
1754639640000,0.4505
1754639700000,0.4566
1754639760000,0.4651
1754639820000,0.4619
1754639880000,0.4668
1754639940000,0.4601
1754640000000,0.463
1754640060000,0.4533
1754640120000,0.4603
1754640180000,0.4577
1754640240000,0.4562
1754640300000,0.4421
1754640360000,0.4197
1754640420000,0.4173
1754640480000,0.4154
1754640540000,0.4217
1754640600000,0.4129
1754640660000,0.438
1754640720000,0.4632
1754640780000,0.4528
1754640840000,0.4505
1754640900000,0.4499
1754640960000,0.4413
1754641020000,0.4499
1754641080000,0.4477
1754641140000,0.4415
1754641200000,0.4469
1754641260000,0.4582
1754641320000,0.4692
1754641380000,0.4511
1754641440000,0.4579
1754641500000,0.4595
1754641560000,0.4461
1754641620000,0.4413
1754641680000,0.4361
1754641740000,0.4246
1754641800000,0.4465
1754641860000,0.4385
1754641920000,0.4372
1754641980000,0.4423
1754642040000,0.4417
1754642100000,0.4394
1754642160000,0.4424
1754642220000,0.4476
1754642280000,0.4434
1754642340000,0.4379
1754642400000,0.4376
1754642460000,0.4403
1754642520000,0.441
1754642580000,0.4414
1754642640000,0.4449
1754642700000,0.4666
1754642760000,0.45
1754642820000,0.4389
1754642880000,0.4476
1754642940000,0.4609
1754643000000,0.4595
1754643060000,0.4666
1754643120000,0.4595
1754643180000,0.466
1754643240000,0.4561
1754643300000,0.4633
1754643360000,0.4638
1754643420000,0.458
1754643480000,0.4521
1754643540000,0.4531
1754643600000,0.4664
1754643660000,0.4465
1754643720000,0.4602
1754643780000,0.4589
1754643840000,0.4572
1754643900000,0.4609
1754643960000,0.4668
1754644020000,0.4567
1754644080000,0.4381
1754644140000,0.4205
1754644200000,0.4105
1754644260000,0.4137
1754644320000,0.4332
1754644380000,0.4328
1754644440000,0.4408
1754644500000,0.4386
1754644560000,0.4239
1754644620000,0.4213
1754644680000,0.4132
1754644740000,0.4252
1754644800000,0.4232
1754644860000,0.4409
1754644920000,0.4478
1754644980000,0.4444
1754645040000,0.4373
1754645100000,0.4339
1754645160000,0.4283
1754645220000,0.4436
1754645280000,0.4352
1754645340000,0.4298
1754645400000,0.4299
1754645460000,0.4187
1754645520000,0.4227
1754645580000,0.4294
1754645640000,0.4309
1754645700000,0.4407
1754645760000,0.4292
1754645820000,0.4374
1754645880000,0.4266
1754645940000,0.434
1754646000000,0.437
1754646060000,0.4362
1754646120000,0.4392
1754646180000,0.4313
1754646240000,0.4269
1754646300000,0.4312
1754646360000,0.433
1754646420000,0.4305
1754646480000,0.4337
1754646540000,0.4259
1754646600000,0.4079
1754646660000,0.4244
1754646720000,0.431
1754646780000,0.4359
1754646840000,0.4275
1754646900000,0.435
1754646960000,0.4306
1754647020000,0.4369
1754647080000,0.4378
1754647140000,0.432
1754647200000,0.4316
1754647260000,0.4308
1754647320000,0.415
1754647380000,0.4282
1754647440000,0.4254
1754647500000,0.4182
1754647560000,0.4238
1754647620000,0.4167
1754647680000,0.4247
1754647740000,0.4211
1754647800000,0.4288
1754647860000,0.4309
1754647920000,0.4273
1754647980000,0.414
1754648040000,0.4139
1754648100000,0.4136
1754648160000,0.4131
1754648220000,0.4215
1754648280000,0.409
1754648340000,0.4086
1754648400000,0.4226
1754648460000,0.417
1754648520000,0.4243
1754648580000,0.4137
1754648640000,0.4106
1754648700000,0.4169
1754648760000,0.419
1754648820000,0.4242
1754648880000,0.4162
1754648940000,0.4135
1754649000000,0.4102
1754649060000,0.4138
1754649120000,0.4229
1754649180000,0.4135
1754649240000,0.4193
1754649300000,0.4163
1754649360000,0.4063
1754649420000,0.4131
1754649480000,0.4118
1754649540000,0.4111
1754649600000,0.4202
1754649660000,0.4168
1754649720000,0.4206
1754649780000,0.4126
1754649840000,0.4187
1754649900000,0.4118
1754649960000,0.4185
1754650020000,0.4205
1754650080000,0.4194
1754650140000,0.4142
1754650200000,0.4263
1754650260000,0.4182
1754650320000,0.4241
1754650380000,0.4196
1754650440000,0.4176
1754650500000,0.4223
1754650560000,0.4233
1754650620000,0.3937
1754650680000,0.3915
1754650740000,0.3951
1754650800000,0.409
1754650860000,0.3972
1754650920000,0.418
1754650980000,0.4042
1754651040000,0.4128
1754651100000,0.4144
1754651160000,0.4258
1754651220000,0.4166
1754651280000,0.4249
1754651340000,0.4192
1754651400000,0.415
1754651460000,0.4004
1754651520000,0.391
1754651580000,0.39
1754651640000,0.3954
1754651700000,0.4136
1754651760000,0.4104
1754651820000,0.4123
1754651880000,0.4138
1754651940000,0.4147
1754652000000,0.4153
1754652060000,0.409
1754652120000,0.4117
1754652180000,0.4126
1754652240000,0.4157
1754652300000,0.4145
1754652360000,0.4048
1754652420000,0.4041
1754652480000,0.4071
1754652540000,0.3986
1754652600000,0.4022
1754652660000,0.4013
1754652720000,0.4042
1754652780000,0.3991
1754652840000,0.3969
1754652900000,0.3972
1754652960000,0.4056
1754653020000,0.4034
1754653080000,0.4054
1754653140000,0.3995
1754653200000,0.3985
1754653260000,0.3983
1754653320000,0.3971
1754653380000,0.3961
1754653440000,0.4047
1754653500000,0.3971
1754653560000,0.4071
1754653620000,0.3989
1754653680000,0.4048
1754653740000,0.4066
1754653800000,0.405
1754653860000,0.4083
1754653920000,0.4057
1754653980000,0.3985
1754654040000,0.3936
1754654100000,0.4065
1754654160000,0.4008
1754654220000,0.3941
1754654280000,0.4001
1754654340000,0.3956
1754654400000,0.4038
1754654460000,0.413
1754654520000,0.4143
1754654580000,0.4044
1754654640000,0.4053
1754654700000,0.4093
1754654760000,0.4116
1754654820000,0.4138
1754654880000,0.4101
1754654940000,0.3926
1754655000000,0.4039
1754655060000,0.4035
1754655120000,0.4043
1754655180000,0.4096
1754655240000,0.412
1754655300000,0.4007
1754655360000,0.4008
1754655420000,0.3966
1754655480000,0.3948
1754655540000,0.4013
1754655600000,0.3825
1754655660000,0.3728
1754655720000,0.4103
1754655780000,0.4248
1754655840000,0.4168
1754655900000,0.4137
1754655960000,0.4195
1754656020000,0.4162
1754656080000,0.4247
1754656140000,0.4159
1754656200000,0.419
1754656260000,0.4258
1754656320000,0.4235
1754656380000,0.42
1754656440000,0.4254
1754656500000,0.4123
1754656560000,0.4139
1754656620000,0.4043
1754656680000,0.3956
1754656740000,0.4015
1754656800000,0.4147
1754656860000,0.4244
1754656920000,0.4154
1754656980000,0.421
1754657040000,0.4194
1754657100000,0.3995
1754657160000,0.403
1754657220000,0.417
1754657280000,0.4246
1754657340000,0.4165
1754657400000,0.4196
1754657460000,0.4146
1754657520000,0.4252
1754657580000,0.4187
1754657640000,0.4219
1754657700000,0.4271
1754657760000,0.4268
1754657820000,0.4084
1754657880000,0.4378
1754657940000,0.415
1754658000000,0.4245
1754658060000,0.4258
1754658120000,0.4239
1754658180000,0.3946
1754658240000,0.4268
1754658300000,0.4234
1754658360000,0.4164
1754658420000,0.426
1754658480000,0.4183
1754658540000,0.4245
1754658600000,0.4258
1754658660000,0.423
1754658720000,0.4248
1754658780000,0.4211
1754658840000,0.4067
1754658900000,0.4147
1754658960000,0.4271
1754659020000,0.4212
1754659080000,0.4222
1754659140000,0.4164
1754659200000,0.4254
1754659260000,0.4229
1754659320000,0.4305
1754659380000,0.4144
1754659440000,0.4228
1754659500000,0.424
1754659560000,0.418
1754659620000,0.4231
1754659680000,0.4237
1754659740000,0.422
1754659800000,0.4134
1754659860000,0.4201
1754659920000,0.414
1754659980000,0.4116
1754660040000,0.4175
1754660100000,0.4207
1754660160000,0.4245
1754660220000,0.4229
1754660280000,0.4224
1754660340000,0.4156
1754660400000,0.4322
1754660460000,0.4251
1754660520000,0.4225
1754660580000,0.427
1754660640000,0.409
1754660700000,0.4193
1754660760000,0.4236
1754660820000,0.427
1754660880000,0.4183
1754660940000,0.419
1754661000000,0.4118
1754661060000,0.4096
1754661120000,0.4163
1754661180000,0.4334
1754661240000,0.4264
1754661300000,0.4242
1754661360000,0.4226
1754661420000,0.4021
1754661480000,0.4259
1754661540000,0.4193
1754661600000,0.4129
1754661660000,0.4051
1754661720000,0.3962
1754661780000,0.4
1754661840000,0.3927
1754661900000,0.3823
1754661960000,0.3897
1754662020000,0.3996
1754662080000,0.4031
1754662140000,0.3918
1754662200000,0.3984
1754662260000,0.3909
1754662320000,0.3808
1754662380000,0.4103
1754662440000,0.4038
1754662500000,0.4185
1754662560000,0.4094
1754662620000,0.4147
1754662680000,0.397
1754662740000,0.392
1754662800000,0.4004
1754662860000,0.3963
1754662920000,0.4151
1754662980000,0.4066
1754663040000,0.4096
1754663100000,0.4118
1754663160000,0.3993
1754663220000,0.3931
1754663280000,0.3868
1754663340000,0.3897
1754663400000,0.3902
1754663460000,0.3988
1754663520000,0.4051
1754663580000,0.4133
1754663640000,0.3859
1754663700000,0.3952
1754663760000,0.3815
1754663820000,0.397
1754663880000,0.4031
1754663940000,0.4058
1754664000000,0.3977
1754664060000,0.4077
1754664120000,0.4048
1754664180000,0.3821
1754664240000,0.4032
1754664300000,0.3977
1754664360000,0.3754
1754664420000,0.3779
1754664480000,0.3763
1754664540000,0.3794
1754664600000,0.3736
1754664660000,0.3809
1754664720000,0.4001
1754664780000,0.4004
1754664840000,0.3998
1754664900000,0.3906
1754664960000,0.3907
1754665020000,0.3908
1754665080000,0.373
1754665140000,0.3595
1754665200000,0.3601
1754665260000,0.3639
1754665320000,0.3758
1754665380000,0.3743
1754665440000,0.3685
1754665500000,0.3905
1754665560000,0.3927
1754665620000,0.379
1754665680000,0.3724
1754665740000,0.3813
1754665800000,0.3771
1754665860000,0.3847
1754665920000,0.3813
1754665980000,0.3947
1754666040000,0.3895
1754666100000,0.3786
1754666160000,0.3859
1754666220000,0.3714
1754666280000,0.3778
1754666340000,0.3841
1754666400000,0.3924
1754666460000,0.3847
1754666520000,0.381
1754666580000,0.3647
1754666640000,0.3695
1754666700000,0.3645
1754666760000,0.3342
1754666820000,0.3335
1754666880000,0.3487
1754666940000,0.3667
1754667000000,0.3643
1754667060000,0.3508
1754667120000,0.3321
1754667180000,0.3258
1754667240000,0.3281
1754667300000,0.3368
1754667360000,0.3513
1754667420000,0.354
1754667480000,0.3489
1754667540000,0.3419
1754667600000,0.3473
1754667660000,0.3403
1754667720000,0.3449
1754667780000,0.3442
1754667840000,0.3382
1754667900000,0.3498
1754667960000,0.3376
1754668020000,0.3331
1754668080000,0.344
1754668140000,0.3406
1754668200000,0.3439
1754668260000,0.3501
1754668320000,0.341
1754668380000,0.3308
1754668440000,0.3356
1754668500000,0.337
1754668560000,0.3419
1754668620000,0.3335
1754668680000,0.335
1754668740000,0.33
1754668800000,0.322
1754668860000,0.327
1754668920000,0.3204
1754668980000,0.3173
1754669040000,0.3444
1754669100000,0.341
1754669160000,0.3304
1754669220000,0.3301
1754669280000,0.3224
1754669340000,0.3354
1754669400000,0.3237
1754669460000,0.324
1754669520000,0.3273
1754669580000,0.329
1754669640000,0.3186
1754669700000,0.3159
1754669760000,0.3139
1754669820000,0.3117
1754669880000,0.3057
1754669940000,0.3122
1754670000000,0.2926
1754670060000,0.293
1754670120000,0.2922
1754670180000,0.2937
1754670240000,0.2951
1754670300000,0.3034
1754670360000,0.2913
1754670420000,0.2931
1754670480000,0.2885
1754670540000,0.2981
1754670600000,0.2911
1754670660000,0.2898
1754670720000,0.2937
1754670780000,0.2892
1754670840000,0.2796
1754670900000,0.2871
1754670960000,0.2779
1754671020000,0.2803
1754671080000,0.2833
1754671140000,0.2765
1754671200000,0.2801
1754671260000,0.2762
1754671320000,0.2746
1754671380000,0.2519
1754671440000,0.2427
1754671500000,0.2721
1754671560000,0.2707
1754671620000,0.26
1754671680000,0.2625
1754671740000,0.2625
1754671800000,0.2613
1754671860000,0.262
1754671920000,0.2544
1754671980000,0.2513
1754672040000,0.259
1754672100000,0.249
1754672160000,0.2526
1754672220000,0.2454
1754672280000,0.2398
1754672340000,0.2429
1754672400000,0.2376
1754672460000,0.2434
1754672520000,0.2363
1754672580000,0.2354
1754672640000,0.239
1754672700000,0.2301
1754672760000,0.2306
1754672820000,0.2365
1754672880000,0.2273
1754672940000,0.2315
1754673000000,0.2321
1754673060000,0.2168
1754673120000,0.2234
1754673180000,0.229
1754673240000,0.2237
1754673300000,0.2204
1754673360000,0.2216
1754673420000,0.2235
1754673480000,0.213
1754673540000,0.2122
1754673600000,0.2157
1754673660000,0.2069
1754673720000,0.2138
1754673780000,0.2136
1754673840000,0.2023
1754673900000,0.2044
1754673960000,0.2093
1754674020000,0.1973
1754674080000,0.196
1754674140000,0.2002
1754674200000,0.1947
1754674260000,0.203
1754674320000,0.1924
1754674380000,0.1996
1754674440000,0.1926
1754674500000,0.1907
1754674560000,0.1916
1754674620000,0.1933
1754674680000,0.1895
1754674740000,0.1894
1754674800000,0.1705
1754674860000,0.1892
1754674920000,0.1809
1754674980000,0.1819
1754675040000,0.1832
1754675100000,0.1751
1754675160000,0.1756
1754675220000,0.1701
1754675280000,0.1754
1754675340000,0.1682
1754675400000,0.1714
1754675460000,0.1737
1754675520000,0.1738
1754675580000,0.1665
1754675640000,0.1704
1754675700000,0.1689
1754675760000,0.1697
1754675820000,0.1683
1754675880000,0.1659
1754675940000,0.1607
1754676000000,0.1702
1754676060000,0.1631
1754676120000,0.1575
1754676180000,0.1576
1754676240000,0.1585
1754676300000,0.1573
1754676360000,0.1516
1754676420000,0.153
1754676480000,0.1557
1754676540000,0.1439
1754676600000,0.1518
1754676660000,0.1434
1754676720000,0.1497
1754676780000,0.1519
1754676840000,0.1408
1754676900000,0.1471
1754676960000,0.1418
1754677020000,0.1438
1754677080000,0.1414
1754677140000,0.1378
1754677200000,0.1408
1754677260000,0.1422
1754677320000,0.1445
1754677380000,0.1355
1754677440000,0.138
1754677500000,0.1458
1754677560000,0.1345
1754677620000,0.1379
1754677680000,0.1369
1754677740000,0.1307
1754677800000,0.1325
1754677860000,0.1366
1754677920000,0.1328
1754677980000,0.1362
1754678040000,0.1331
1754678100000,0.1317
1754678160000,0.1334
1754678220000,0.1241
1754678280000,0.1346
1754678340000,0.1209
1754678400000,0.1241
1754678460000,0.1224
1754678520000,0.1245
1754678580000,0.1256
1754678640000,0.124
1754678700000,0.1251
1754678760000,0.1179
1754678820000,0.1131
1754678880000,0.1225
1754678940000,0.1164
1754679000000,0.119
1754679060000,0.1173
1754679120000,0.125
1754679180000,0.1178
1754679240000,0.1186
1754679300000,0.1153
1754679360000,0.1168
1754679420000,0.1141
1754679480000,0.1102
1754679540000,0.1124
1754679600000,0.1205
1754679660000,0.1149
1754679720000,0.1089
1754679780000,0.1136
1754679840000,0.11
1754679900000,0.1092
1754679960000,0.1109
1754680020000,0.105
1754680080000,0.1079
1754680140000,0.1071
1754680200000,0.1047
1754680260000,0.1046
1754680320000,0.1068
1754680380000,0.1074
1754680440000,0.1084
1754680500000,0.1045
1754680560000,0.1032
1754680620000,0.1065
1754680680000,0.1065
1754680740000,0.1091
1754680800000,0.1008
1754680860000,0.0992
1754680920000,0.0964
1754680980000,0.1033
1754681040000,0.1084
1754681100000,0.1024
1754681160000,0.1001
1754681220000,0.0999
1754681280000,0.1044
1754681340000,0.1002
1754681400000,0.0985
1754681460000,0.1
1754681520000,0.1033
1754681580000,0.1021
1754681640000,0.1016
1754681700000,0.1028
1754681760000,0.1012
1754681820000,0.097
1754681880000,0.0987
1754681940000,0.0979
1754682000000,0.0979
1754682060000,0.0968
1754682120000,0.098
1754682180000,0.0981
1754682240000,0.094
1754682300000,0.0953
1754682360000,0.1025
1754682420000,0.0927
1754682480000,0.0991
1754682540000,0.0955
1754682600000,0.0947
1754682660000,0.0907
1754682720000,0.0975
1754682780000,0.0983
1754682840000,0.0913
1754682900000,0.0987
1754682960000,0.0925
1754683020000,0.0939
1754683080000,0.0924
1754683140000,0.0926
1754683200000,0.1015
1754683260000,0.092
1754683320000,0.094
1754683380000,0.0975
1754683440000,0.0882
1754683500000,0.092
1754683560000,0.091
1754683620000,0.095
1754683680000,0.0936
1754683740000,0.0942
1754683800000,0.097
1754683860000,0.0894
1754683920000,0.0989
1754683980000,0.0939
1754684040000,0.0971
1754684100000,0.0969
1754684160000,0.0947
1754684220000,0.097
1754684280000,0.1
1754684340000,0.0983
1754684400000,0.0977
1754684460000,0.0915
1754684520000,0.0948
1754684580000,0.0932
1754684640000,0.0937
1754684700000,0.0907
1754684760000,0.0922
1754684820000,0.1006
1754684880000,0.1023
1754684940000,0.0988
1754685000000,0.0993
1754685060000,0.0981
1754685120000,0.0972
1754685180000,0.0924
1754685240000,0.0999
1754685300000,0.0964
1754685360000,0.0982
1754685420000,0.0955
1754685480000,0.094
1754685540000,0.0934
1754685600000,0.0946
1754685660000,0.0961
1754685720000,0.0968
1754685780000,0.0952
1754685840000,0.0979
1754685900000,0.0974
1754685960000,0.1057
1754686020000,0.1009
1754686080000,0.099
1754686140000,0.0963
1754686200000,0.1032
1754686260000,0.0976
1754686320000,0.1014
1754686380000,0.0931
1754686440000,0.0952
1754686500000,0.107
1754686560000,0.0983
1754686620000,0.0961
1754686680000,0.0976
1754686740000,0.0901
1754686800000,0.1167
1754686860000,0.1076
1754686920000,0.1309
1754686980000,0.1487
1754687040000,0.1697
1754687100000,0.2049
1754687160000,0.1708
1754687220000,0.1957
1754687280000,0.1652
1754687340000,0.1648
1754687400000,0.1632
1754687460000,0.1666
1754687520000,0.1613
1754687580000,0.1561
1754687640000,0.1584
1754687700000,0.1533
1754687760000,0.153
1754687820000,0.1412
1754687880000,0.1333
1754687940000,0.1296
1754688000000,0.1293
1754688060000,0.1358
1754688120000,0.141
1754688180000,0.1321
1754688240000,0.1306
1754688300000,0.1308
1754688360000,0.136
1754688420000,0.1362
1754688480000,0.1361
1754688540000,0.1321
1754688600000,0.1476
1754688660000,0.1462
1754688720000,0.1409
1754688780000,0.1442
1754688840000,0.148
1754688900000,0.1485
1754688960000,0.1497
1754689020000,0.1445
1754689080000,0.1422
1754689140000,0.1445
1754689200000,0.1517
1754689260000,0.1525
1754689320000,0.147
1754689380000,0.1531
1754689440000,0.15
1754689500000,0.1554
1754689560000,0.1526
1754689620000,0.157
1754689680000,0.163
1754689740000,0.1544
1754689800000,0.1633
1754689860000,0.1551
1754689920000,0.1589
1754689980000,0.1623
1754690040000,0.1518
1754690100000,0.1616
1754690160000,0.163
1754690220000,0.1641
1754690280000,0.165
1754690340000,0.1644
1754690400000,0.181
1754690460000,0.1643
1754690520000,0.1723
1754690580000,0.1684
1754690640000,0.1765
1754690700000,0.1787
1754690760000,0.1685
1754690820000,0.1818
1754690880000,0.1783
1754690940000,0.1681
1754691000000,0.1707
1754691060000,0.1603
1754691120000,0.1555
1754691180000,0.1522
1754691240000,0.1586
1754691300000,0.156
1754691360000,0.158
1754691420000,0.1594
1754691480000,0.1689
1754691540000,0.1655
1754691600000,0.1833
1754691660000,0.1759
1754691720000,0.1708
1754691780000,0.1711
1754691840000,0.1685
1754691900000,0.1775
1754691960000,0.176
1754692020000,0.1787
1754692080000,0.1724
1754692140000,0.175
1754692200000,0.2037
1754692260000,0.2019
1754692320000,0.2079
1754692380000,0.2088
1754692440000,0.1771
1754692500000,0.1849
1754692560000,0.186
1754692620000,0.1947
1754692680000,0.2104
1754692740000,0.1967
1754692800000,0.2006
1754692860000,0.208
1754692920000,0.2122
1754692980000,0.221
1754693040000,0.2186
1754693100000,0.2271
1754693160000,0.2219
1754693220000,0.222
1754693280000,0.2218
1754693340000,0.229
1754693400000,0.2282
1754693460000,0.2247
1754693520000,0.2316
1754693580000,0.2212
1754693640000,0.224
1754693700000,0.2344
1754693760000,0.2341
1754693820000,0.2329
1754693880000,0.2275
1754693940000,0.2296
1754694000000,0.2387
1754694060000,0.2363
1754694120000,0.2377
1754694180000,0.2448
1754694240000,0.2447
1754694300000,0.2513
1754694360000,0.2444
1754694420000,0.2486
1754694480000,0.2448
1754694540000,0.2493
1754694600000,0.2525
1754694660000,0.2539
1754694720000,0.258
1754694780000,0.2591
1754694840000,0.2569
1754694900000,0.2632
1754694960000,0.2612
1754695020000,0.2529
1754695080000,0.2585
1754695140000,0.2554
1754695200000,0.2509
1754695260000,0.2607
1754695320000,0.2588
1754695380000,0.2606
1754695440000,0.2586
1754695500000,0.2678
1754695560000,0.2667
1754695620000,0.2625
1754695680000,0.2695
1754695740000,0.2678
1754695800000,0.2781
1754695860000,0.278
1754695920000,0.275
1754695980000,0.2712
1754696040000,0.2598
1754696100000,0.2795
1754696160000,0.2789
1754696220000,0.2825
1754696280000,0.2806
1754696340000,0.2839
1754696400000,0.2811
1754696460000,0.2834
1754696520000,0.2809
1754696580000,0.2862
1754696640000,0.2898
1754696700000,0.2919
1754696760000,0.2924
1754696820000,0.2912
1754696880000,0.3043
1754696940000,0.2932
1754697000000,0.3016
1754697060000,0.2952
1754697120000,0.312
1754697180000,0.3154
1754697240000,0.303
1754697300000,0.3059
1754697360000,0.3157
1754697420000,0.2988
1754697480000,0.3045
1754697540000,0.2918
1754697600000,0.3748
1754697660000,0.3107
1754697720000,0.3116
1754697780000,0.3133
1754697840000,0.3163
1754697900000,0.3182
1754697960000,0.3152
1754698020000,0.3121
1754698080000,0.3207
1754698140000,0.3196
1754698200000,0.3269
1754698260000,0.3305
1754698320000,0.3238
1754698380000,0.3185
1754698440000,0.3257
1754698500000,0.3306
1754698560000,0.3328
1754698620000,0.3242
1754698680000,0.3316
1754698740000,0.3142
1754698800000,0.3273
1754698860000,0.3282
1754698920000,0.3332
1754698980000,0.3326
1754699040000,0.334
1754699100000,0.3392
1754699160000,0.3424
1754699220000,0.3348
1754699280000,0.3402
1754699340000,0.3407
1754699400000,0.351
1754699460000,0.3232
1754699520000,0.3287
1754699580000,0.3189
1754699640000,0.3289
1754699700000,0.3532
1754699760000,0.3514
1754699820000,0.3501
1754699880000,0.352
1754699940000,0.3661
1754700000000,0.3541
1754700060000,0.3597
1754700120000,0.3561
1754700180000,0.3558
1754700240000,0.3664
1754700300000,0.3575
1754700360000,0.3608
1754700420000,0.3484
1754700480000,0.3606
1754700540000,0.3639
1754700600000,0.3586
1754700660000,0.3639
1754700720000,0.3667
1754700780000,0.3678
1754700840000,0.3685
1754700900000,0.3621
1754700960000,0.3655
1754701020000,0.3693
1754701080000,0.3625
1754701140000,0.3677
1754701200000,0.3759
1754701260000,0.3824
1754701320000,0.3768
1754701380000,0.3754
1754701440000,0.3681
1754701500000,0.3785
1754701560000,0.3833
1754701620000,0.3766
1754701680000,0.3777
1754701740000,0.364
1754701800000,0.3682
1754701860000,0.3664
1754701920000,0.3767
1754701980000,0.3817
1754702040000,0.3861
1754702100000,0.39
1754702160000,0.3753
1754702220000,0.383
1754702280000,0.3968
1754702340000,0.3842
1754702400000,0.3797
1754702460000,0.3842
1754702520000,0.3757
1754702580000,0.3856
1754702640000,0.3921
1754702700000,0.3922
1754702760000,0.3999
1754702820000,0.3892
1754702880000,0.3971
1754702940000,0.3956
1754703000000,0.4132
1754703060000,0.4009
1754703120000,0.3967
1754703180000,0.4081
1754703240000,0.3743
1754703300000,0.3955
1754703360000,0.3929
1754703420000,0.4013
1754703480000,0.4033
1754703540000,0.4045
1754703600000,0.4051
1754703660000,0.4037
1754703720000,0.3987
1754703780000,0.4029
1754703840000,0.4092
1754703900000,0.408
1754703960000,0.4114
1754704020000,0.409
1754704080000,0.4041
1754704140000,0.413
1754704200000,0.4203
1754704260000,0.4123
1754704320000,0.4068
1754704380000,0.4118
1754704440000,0.4066
1754704500000,0.4051
1754704560000,0.4054
1754704620000,0.4117
1754704680000,0.4124
1754704740000,0.4064
1754704800000,0.4247
1754704860000,0.4161
1754704920000,0.4218
1754704980000,0.4209
1754705040000,0.4239
1754705100000,0.4256
1754705160000,0.4188
1754705220000,0.42
1754705280000,0.4285
1754705340000,0.3961
1754705400000,0.3824
1754705460000,0.377
1754705520000,0.377
1754705580000,0.3822
1754705640000,0.3771
1754705700000,0.3787
1754705760000,0.3804
1754705820000,0.3997
1754705880000,0.3997
1754705940000,0.3821
1754706000000,0.4023
1754706060000,0.3926
1754706120000,0.3903
1754706180000,0.3894
1754706240000,0.382
1754706300000,0.3854
1754706360000,0.3941
1754706420000,0.3937
1754706480000,0.3973
1754706540000,0.3987
1754706600000,0.4088
1754706660000,0.4052
1754706720000,0.4127
1754706780000,0.4263
1754706840000,0.4293
1754706900000,0.4308
1754706960000,0.4329
1754707020000,0.4328
1754707080000,0.423
1754707140000,0.4288
1754707200000,0.4234
1754707260000,0.4261
1754707320000,0.419
1754707380000,0.4273
1754707440000,0.4315
1754707500000,0.4281
1754707560000,0.4212
1754707620000,0.419
1754707680000,0.4088
1754707740000,0.4096
1754707800000,0.4262
1754707860000,0.4255
1754707920000,0.4216
1754707980000,0.4288
1754708040000,0.4264
1754708100000,0.4044
1754708160000,0.4151
1754708220000,0.4203
1754708280000,0.4317
1754708340000,0.4247
1754708400000,0.4313
1754708460000,0.432
1754708520000,0.4281
1754708580000,0.4191
1754708640000,0.4231
1754708700000,0.4221
1754708760000,0.4364
1754708820000,0.4266
1754708880000,0.4304
1754708940000,0.4241
1754709000000,0.4244
1754709060000,0.4355
1754709120000,0.4158
1754709180000,0.413
1754709240000,0.4106
1754709300000,0.4244
1754709360000,0.4301
1754709420000,0.4374
1754709480000,0.4323
1754709540000,0.4255
1754709600000,0.4277
1754709660000,0.4385
1754709720000,0.4295
1754709780000,0.4234
1754709840000,0.416
1754709900000,0.4257
1754709960000,0.4237
1754710020000,0.4218
1754710080000,0.4225
1754710140000,0.4244
1754710200000,0.4232
1754710260000,0.4242
1754710320000,0.4245
1754710380000,0.3918
1754710440000,0.3951
1754710500000,0.3842
1754710560000,0.3918
1754710620000,0.3885
1754710680000,0.3994
1754710740000,0.4313
1754710800000,0.4359
1754710860000,0.4305
1754710920000,0.4246
1754710980000,0.4195
1754711040000,0.4224
1754711100000,0.4323
1754711160000,0.4367
1754711220000,0.4237
1754711280000,0.4261
1754711340000,0.4248
1754711400000,0.422
1754711460000,0.4249
1754711520000,0.4243
1754711580000,0.4389
1754711640000,0.4258
1754711700000,0.4284
1754711760000,0.422
1754711820000,0.4313
1754711880000,0.4038
1754711940000,0.3863
1754712000000,0.4133
1754712060000,0.4246
1754712120000,0.4198
1754712180000,0.4133
1754712240000,0.4196
1754712300000,0.4275
1754712360000,0.4295
1754712420000,0.4322
1754712480000,0.4207
1754712540000,0.4271
1754712600000,0.4249
1754712660000,0.4264
1754712720000,0.4268
1754712780000,0.4317
1754712840000,0.4237
1754712900000,0.4247
1754712960000,0.4181
1754713020000,0.3999
1754713080000,0.3886
1754713140000,0.4083
1754713200000,0.42
1754713260000,0.4259
1754713320000,0.4261
1754713380000,0.4292
1754713440000,0.4333
1754713500000,0.4301
1754713560000,0.4135
1754713620000,0.4106
1754713680000,0.4238
1754713740000,0.4313
1754713800000,0.4305
1754713860000,0.4272
1754713920000,0.4299
1754713980000,0.4303
1754714040000,0.4247
1754714100000,0.4103
1754714160000,0.4382
1754714220000,0.423
1754714280000,0.4263
1754714340000,0.4312
1754714400000,0.4335
1754714460000,0.4256
1754714520000,0.4296
1754714580000,0.4319
1754714640000,0.4336
1754714700000,0.4273
1754714760000,0.4205
1754714820000,0.4214
1754714880000,0.4206
1754714940000,0.4246
1754715000000,0.4237
1754715060000,0.4202
1754715120000,0.417
1754715180000,0.4254
1754715240000,0.4227
1754715300000,0.4282
1754715360000,0.4308
1754715420000,0.4226
1754715480000,0.4229
1754715540000,0.4099
1754715600000,0.4318
1754715660000,0.417
1754715720000,0.4205
1754715780000,0.4234
1754715840000,0.4256
1754715900000,0.4244
1754715960000,0.4262
1754716020000,0.4296
1754716080000,0.4324
1754716140000,0.423
1754716200000,0.4316
1754716260000,0.4251
1754716320000,0.4259
1754716380000,0.4212
1754716440000,0.4289
1754716500000,0.4272
1754716560000,0.4349
1754716620000,0.4285
1754716680000,0.4237
1754716740000,0.4254
1754716800000,0.4273
1754716860000,0.4196
1754716920000,0.4199
1754716980000,0.4214
1754717040000,0.4163
1754717100000,0.41
1754717160000,0.417
1754717220000,0.4175
1754717280000,0.4131
1754717340000,0.4073
1754717400000,0.4196
1754717460000,0.4093
1754717520000,0.4125
1754717580000,0.4139
1754717640000,0.4149
1754717700000,0.4143
1754717760000,0.4146
1754717820000,0.4099
1754717880000,0.4162
1754717940000,0.4136
1754718000000,0.4215
1754718060000,0.4052
1754718120000,0.4075
1754718180000,0.4105
1754718240000,0.4146
1754718300000,0.4155
1754718360000,0.4143
1754718420000,0.4089
1754718480000,0.3992
1754718540000,0.3952
1754718600000,0.3988
1754718660000,0.3838
1754718720000,0.3926
1754718780000,0.3972
1754718840000,0.409
1754718900000,0.4046
1754718960000,0.4088
1754719020000,0.4034
1754719080000,0.4097
1754719140000,0.4038
1754719200000,0.4211
1754719260000,0.4143
1754719320000,0.4086
1754719380000,0.3983
1754719440000,0.4081
1754719500000,0.4019
1754719560000,0.3991
1754719620000,0.4096
1754719680000,0.4032
1754719740000,0.4012
1754719800000,0.4066
1754719860000,0.4031
1754719920000,0.4078
1754719980000,0.4099
1754720040000,0.3967
1754720100000,0.416
1754720160000,0.4085
1754720220000,0.4017
1754720280000,0.3922
1754720340000,0.3809
1754720400000,0.3875
1754720460000,0.3898
1754720520000,0.3859
1754720580000,0.399
1754720640000,0.3948
1754720700000,0.3923
1754720760000,0.4008
1754720820000,0.3926
1754720880000,0.4
1754720940000,0.3914
1754721000000,0.3976
1754721060000,0.3712
1754721120000,0.3812
1754721180000,0.3842
1754721240000,0.3916
1754721300000,0.3984
1754721360000,0.3997
1754721420000,0.3924
1754721480000,0.3869
1754721540000,0.3804
1754721600000,0.3862
1754721660000,0.4023
1754721720000,0.4044
1754721780000,0.3991
1754721840000,0.3969
1754721900000,0.3993
1754721960000,0.4138
1754722020000,0.405
1754722080000,0.4013
1754722140000,0.3943
1754722200000,0.3902
1754722260000,0.404
1754722320000,0.4021
1754722380000,0.3997
1754722440000,0.4048
1754722500000,0.4026
1754722560000,0.4031
1754722620000,0.4022
1754722680000,0.4021
1754722740000,0.4041
1754722800000,0.4102
1754722860000,0.4041
1754722920000,0.4037
1754722980000,0.3936
1754723040000,0.3801
1754723100000,0.401
1754723160000,0.4074
1754723220000,0.4033
1754723280000,0.407
1754723340000,0.3809
1754723400000,0.389
1754723460000,0.4099
1754723520000,0.3992
1754723580000,0.381
1754723640000,0.4004
1754723700000,0.4003
1754723760000,0.3917
1754723820000,0.3919
1754723880000,0.4047
1754723940000,0.4044
1754724000000,0.4007
1754724060000,0.3978
1754724120000,0.3992
1754724180000,0.3833
1754724240000,0.4023
1754724300000,0.4023
1754724360000,0.3963
1754724420000,0.3943
1754724480000,0.4049
1754724540000,0.4013
1754724600000,0.4083
1754724660000,0.4012
1754724720000,0.407
1754724780000,0.406
1754724840000,0.4057
1754724900000,0.4017
1754724960000,0.4058
1754725020000,0.4024
1754725080000,0.4081
1754725140000,0.3973
1754725200000,0.4039
1754725260000,0.4053
1754725320000,0.3915
1754725380000,0.3807
1754725440000,0.3812
1754725500000,0.3837
1754725560000,0.3884
1754725620000,0.3755
1754725680000,0.378
1754725740000,0.3787
1754725800000,0.3807
1754725860000,0.3662
1754725920000,0.3659
1754725980000,0.3766
1754726040000,0.3692
1754726100000,0.3953
1754726160000,0.4006
1754726220000,0.4009
1754726280000,0.397
1754726340000,0.389
1754726400000,0.4067
1754726460000,0.3939
1754726520000,0.4033
1754726580000,0.4009
1754726640000,0.3969
1754726700000,0.3987
1754726760000,0.4038
1754726820000,0.3985
1754726880000,0.3994
1754726940000,0.402
1754727000000,0.4039
1754727060000,0.3986
1754727120000,0.4066
1754727180000,0.397
1754727240000,0.4053
1754727300000,0.4074
1754727360000,0.4023
1754727420000,0.3974
1754727480000,0.398
1754727540000,0.3938
1754727600000,0.3947
1754727660000,0.4006
1754727720000,0.397
1754727780000,0.3938
1754727840000,0.3952
1754727900000,0.4027
1754727960000,0.3954
1754728020000,0.3908
1754728080000,0.4036
1754728140000,0.3975
1754728200000,0.4044
1754728260000,0.4016
1754728320000,0.4006
1754728380000,0.394
1754728440000,0.3995
1754728500000,0.399
1754728560000,0.4091
1754728620000,0.3998
1754728680000,0.3957
1754728740000,0.3941
1754728800000,0.3927
1754728860000,0.3955
1754728920000,0.3974
1754728980000,0.3981
1754729040000,0.4007
1754729100000,0.3864
1754729160000,0.3798
1754729220000,0.3685
1754729280000,0.3692
1754729340000,0.3745
1754729400000,0.3808
1754729460000,0.3972
1754729520000,0.384
1754729580000,0.3779
1754729640000,0.3702
1754729700000,0.3651
1754729760000,0.3953
1754729820000,0.3714
1754729880000,0.3837
1754729940000,0.3649
1754730000000,0.3966
1754730060000,0.3865
1754730120000,0.3926
1754730180000,0.3934
1754730240000,0.3873
1754730300000,0.3896
1754730360000,0.3923
1754730420000,0.3961
1754730480000,0.4001
1754730540000,0.4034
1754730600000,0.397
1754730660000,0.3832
1754730720000,0.393
1754730780000,0.3842
1754730840000,0.3759
1754730900000,0.3762
1754730960000,0.3705
1754731020000,0.3617
1754731080000,0.3986
1754731140000,0.3727
1754731200000,0.3672
1754731260000,0.3606
1754731320000,0.3577
1754731380000,0.3713
1754731440000,0.3746
1754731500000,0.3694
1754731560000,0.3865
1754731620000,0.3886
1754731680000,0.372
1754731740000,0.3694
1754731800000,0.389
1754731860000,0.374
1754731920000,0.3639
1754731980000,0.3669
1754732040000,0.3755
1754732100000,0.3794
1754732160000,0.3839
1754732220000,0.3674
1754732280000,0.3685
1754732340000,0.3744
1754732400000,0.3921
1754732460000,0.3926
1754732520000,0.3885
1754732580000,0.3835
1754732640000,0.3983
1754732700000,0.3902
1754732760000,0.3872
1754732820000,0.3951
1754732880000,0.3965
1754732940000,0.3956
1754733000000,0.3934
1754733060000,0.3917
1754733120000,0.3883
1754733180000,0.3957
1754733240000,0.3922
1754733300000,0.3916
1754733360000,0.3951
1754733420000,0.385
1754733480000,0.3925
1754733540000,0.3759
1754733600000,0.3939
1754733660000,0.3812
1754733720000,0.3836
1754733780000,0.3598
1754733840000,0.3889
1754733900000,0.3955
1754733960000,0.3892
1754734020000,0.3867
1754734080000,0.3887
1754734140000,0.375
1754734200000,0.3734
1754734260000,0.3758
1754734320000,0.3845
1754734380000,0.3828
1754734440000,0.3736
1754734500000,0.356
1754734560000,0.3737
1754734620000,0.3659
1754734680000,0.3566
1754734740000,0.3549
1754734800000,0.3686
1754734860000,0.3749
1754734920000,0.3695
1754734980000,0.3734
1754735040000,0.3592
1754735100000,0.3593
1754735160000,0.3613
1754735220000,0.3524
1754735280000,0.3816
1754735340000,0.374
1754735400000,0.3769
1754735460000,0.3716
1754735520000,0.3779
1754735580000,0.3769
1754735640000,0.3738
1754735700000,0.3727
1754735760000,0.3777
1754735820000,0.3738
1754735880000,0.3782
1754735940000,0.3757
1754736000000,0.377
1754736060000,0.3804
1754736120000,0.3776
1754736180000,0.3829
1754736240000,0.3824
1754736300000,0.3683
1754736360000,0.3756
1754736420000,0.376
1754736480000,0.3739
1754736540000,0.3686
1754736600000,0.383
1754736660000,0.3757
1754736720000,0.3738
1754736780000,0.3669
1754736840000,0.3805
1754736900000,0.3755
1754736960000,0.3787
1754737020000,0.3781
1754737080000,0.3791
1754737140000,0.3751
1754737200000,0.3802
1754737260000,0.374
1754737320000,0.3788
1754737380000,0.3683
1754737440000,0.3701
1754737500000,0.3742
1754737560000,0.3849
1754737620000,0.375
1754737680000,0.3485
1754737740000,0.3721
1754737800000,0.3777
1754737860000,0.3669
1754737920000,0.3817
1754737980000,0.3687
1754738040000,0.3741
1754738100000,0.3766
1754738160000,0.3736
1754738220000,0.3689
1754738280000,0.3704
1754738340000,0.3709
1754738400000,0.3723
1754738460000,0.3715
1754738520000,0.3713
1754738580000,0.3684
1754738640000,0.3743
1754738700000,0.3732
1754738760000,0.3791
1754738820000,0.3845
1754738880000,0.3791
1754738940000,0.3731
1754739000000,0.3731
1754739060000,0.3774
1754739120000,0.3867
1754739180000,0.3762
1754739240000,0.3811
1754739300000,0.3787
1754739360000,0.38
1754739420000,0.3678
1754739480000,0.3734
1754739540000,0.3756
1754739600000,0.3822
1754739660000,0.3767
1754739720000,0.3838
1754739780000,0.3599
1754739840000,0.3724
1754739900000,0.3801
1754739960000,0.3754
1754740020000,0.3804
1754740080000,0.3777
1754740140000,0.3765
1754740200000,0.3775
1754740260000,0.3789
1754740320000,0.3846
1754740380000,0.3768
1754740440000,0.3757
1754740500000,0.3835
1754740560000,0.3837
1754740620000,0.3824
1754740680000,0.3961
1754740740000,0.3759
1754740800000,0.3853
1754740860000,0.3955
1754740920000,0.3801
1754740980000,0.3739
1754741040000,0.3921
1754741100000,0.3775
1754741160000,0.3712
1754741220000,0.3769
1754741280000,0.377
1754741340000,0.3846
1754741400000,0.388
1754741460000,0.3766
1754741520000,0.3812
1754741580000,0.3906
1754741640000,0.3892
1754741700000,0.3893
1754741760000,0.376
1754741820000,0.3806
1754741880000,0.3768
1754741940000,0.3851
1754742000000,0.3837
1754742060000,0.3938
1754742120000,0.3942
1754742180000,0.39
1754742240000,0.4037
1754742300000,0.3958
1754742360000,0.3843
1754742420000,0.388
1754742480000,0.3809
1754742540000,0.3808
1754742600000,0.3959
1754742660000,0.3918
1754742720000,0.3892
1754742780000,0.3776
1754742840000,0.3865
1754742900000,0.3904
1754742960000,0.3875
1754743020000,0.3824
1754743080000,0.3885
1754743140000,0.3941
1754743200000,0.3761
1754743260000,0.3854
1754743320000,0.3848
1754743380000,0.3899
1754743440000,0.3828
1754743500000,0.3877
1754743560000,0.3839
1754743620000,0.3831
1754743680000,0.3905
1754743740000,0.3918
1754743800000,0.3769
1754743860000,0.3901
1754743920000,0.3938
1754743980000,0.3891
1754744040000,0.3815
1754744100000,0.3923
1754744160000,0.3978
1754744220000,0.3857
1754744280000,0.3899
1754744340000,0.3881
1754744400000,0.3904
1754744460000,0.3943
1754744520000,0.3831
1754744580000,0.3925
1754744640000,0.3977
1754744700000,0.391
1754744760000,0.387
1754744820000,0.3919
1754744880000,0.3935
1754744940000,0.3699
1754745000000,0.3714
1754745060000,0.3879
1754745120000,0.3832
1754745180000,0.3818
1754745240000,0.3786
1754745300000,0.3693
1754745360000,0.3798
1754745420000,0.3927
1754745480000,0.3919
1754745540000,0.4016
1754745600000,0.4018
1754745660000,0.3935
1754745720000,0.3986
1754745780000,0.3647
1754745840000,0.3609
1754745900000,0.3924
1754745960000,0.4091
1754746020000,0.3752
1754746080000,0.3774
1754746140000,0.3717
1754746200000,0.3686
1754746260000,0.3629
1754746320000,0.3638
1754746380000,0.368
1754746440000,0.3861
1754746500000,0.3931
1754746560000,0.3957
1754746620000,0.3833
1754746680000,0.4009
1754746740000,0.3906
1754746800000,0.3955
1754746860000,0.39
1754746920000,0.4006
1754746980000,0.3999
1754747040000,0.3884
1754747100000,0.4011
1754747160000,0.3942
1754747220000,0.3941
1754747280000,0.3906
1754747340000,0.3789
1754747400000,0.3704
1754747460000,0.3742
1754747520000,0.3749
1754747580000,0.3679
1754747640000,0.3838
1754747700000,0.3899
1754747760000,0.3942
1754747820000,0.3973
1754747880000,0.3815
1754747940000,0.3806
1754748000000,0.3858
1754748060000,0.3892
1754748120000,0.3926
1754748180000,0.3965
1754748240000,0.394
1754748300000,0.3957
1754748360000,0.3835
1754748420000,0.4007
1754748480000,0.3895
1754748540000,0.3739
1754748600000,0.3798
1754748660000,0.3739
1754748720000,0.3954
1754748780000,0.398
1754748840000,0.4012
1754748900000,0.3851
1754748960000,0.3964
1754749020000,0.4013
1754749080000,0.3845
1754749140000,0.3922
1754749200000,0.3951
1754749260000,0.3958
1754749320000,0.3964
1754749380000,0.3881
1754749440000,0.3981
1754749500000,0.3979
1754749560000,0.396
1754749620000,0.3973
1754749680000,0.3896
1754749740000,0.3928
1754749800000,0.3891
1754749860000,0.3961
1754749920000,0.3936
1754749980000,0.3904
1754750040000,0.3921
1754750100000,0.3883
1754750160000,0.3869
1754750220000,0.3923
1754750280000,0.3785
1754750340000,0.3854
1754750400000,0.4003
1754750460000,0.3845
1754750520000,0.3814
1754750580000,0.365
1754750640000,0.3831
1754750700000,0.3914
1754750760000,0.3904
1754750820000,0.3855
1754750880000,0.3873
1754750940000,0.3895
1754751000000,0.3822
1754751060000,0.3798
1754751120000,0.3791
1754751180000,0.378
1754751240000,0.3675
1754751300000,0.3825
1754751360000,0.3752
1754751420000,0.3882
1754751480000,0.349
1754751540000,0.3448
1754751600000,0.3438
1754751660000,0.3778
1754751720000,0.387
1754751780000,0.3707
1754751840000,0.3731
1754751900000,0.3657
1754751960000,0.3683
1754752020000,0.3727
1754752080000,0.3695
1754752140000,0.3666
1754752200000,0.3575
1754752260000,0.3477
1754752320000,0.3512
1754752380000,0.3624
1754752440000,0.3561
1754752500000,0.3631
1754752560000,0.366
1754752620000,0.3442
1754752680000,0.3587
1754752740000,0.361
1754752800000,0.3664
1754752860000,0.3598
1754752920000,0.3552
1754752980000,0.3629
1754753040000,0.3563
1754753100000,0.3533
1754753160000,0.354
1754753220000,0.3516
1754753280000,0.3526
1754753340000,0.3442
1754753400000,0.3506
1754753460000,0.3443
1754753520000,0.3591
1754753580000,0.3498
1754753640000,0.3476
1754753700000,0.3472
1754753760000,0.3503
1754753820000,0.3447
1754753880000,0.3472
1754753940000,0.3425
1754754000000,0.3409
1754754060000,0.3423
1754754120000,0.3431
1754754180000,0.3358
1754754240000,0.3417
1754754300000,0.3247
1754754360000,0.3341
1754754420000,0.3299
1754754480000,0.3344
1754754540000,0.3257
1754754600000,0.3365
1754754660000,0.3274
1754754720000,0.3327
1754754780000,0.3243
1754754840000,0.3314
1754754900000,0.3197
1754754960000,0.333
1754755020000,0.3259
1754755080000,0.3188
1754755140000,0.3149
1754755200000,0.3054
1754755260000,0.3067
1754755320000,0.3282
1754755380000,0.3281
1754755440000,0.3359
1754755500000,0.3333
1754755560000,0.3267
1754755620000,0.3149
1754755680000,0.3351
1754755740000,0.3363
1754755800000,0.3407
1754755860000,0.3316
1754755920000,0.3305
1754755980000,0.3393
1754756040000,0.3295
1754756100000,0.3327
1754756160000,0.3202
1754756220000,0.3153
1754756280000,0.3098
1754756340000,0.3173
1754756400000,0.3162
1754756460000,0.3063
1754756520000,0.311
1754756580000,0.305
1754756640000,0.308
1754756700000,0.3009
1754756760000,0.297
1754756820000,0.2915
1754756880000,0.2976
1754756940000,0.2927
1754757000000,0.3006
1754757060000,0.2932
1754757120000,0.2922
1754757180000,0.2977
1754757240000,0.2813
1754757300000,0.2794
1754757360000,0.289
1754757420000,0.2815
1754757480000,0.2814
1754757540000,0.281
1754757600000,0.2727
1754757660000,0.2776
1754757720000,0.2804
1754757780000,0.277
1754757840000,0.2803
1754757900000,0.2713
1754757960000,0.2773
1754758020000,0.2767
1754758080000,0.2709
1754758140000,0.2662
1754758200000,0.2535
1754758260000,0.2521
1754758320000,0.2562
1754758380000,0.248
1754758440000,0.2304
1754758500000,0.2349
1754758560000,0.2426
1754758620000,0.253
1754758680000,0.2554
1754758740000,0.2455
1754758800000,0.2418
1754758860000,0.2383
1754758920000,0.2359
1754758980000,0.2332
1754759040000,0.2417
1754759100000,0.2392
1754759160000,0.2328
1754759220000,0.2278
1754759280000,0.2356
1754759340000,0.2342
1754759400000,0.2303
1754759460000,0.2366
1754759520000,0.2307
1754759580000,0.2169
1754759640000,0.219
1754759700000,0.2169
1754759760000,0.2099
1754759820000,0.2162
1754759880000,0.2136
1754759940000,0.2104
1754760000000,0.2141
1754760060000,0.2102
1754760120000,0.2034
1754760180000,0.2051
1754760240000,0.2142
1754760300000,0.2076
1754760360000,0.2097
1754760420000,0.2022
1754760480000,0.2033
1754760540000,0.2029
1754760600000,0.1906
1754760660000,0.2022
1754760720000,0.1952
1754760780000,0.1918
1754760840000,0.1898
1754760900000,0.1853
1754760960000,0.1895
1754761020000,0.1862
1754761080000,0.1893
1754761140000,0.1803
1754761200000,0.1868
1754761260000,0.1868
1754761320000,0.1822
1754761380000,0.164
1754761440000,0.1753
1754761500000,0.1693
1754761560000,0.1751
1754761620000,0.1535
1754761680000,0.1604
1754761740000,0.1733
1754761800000,0.1748
1754761860000,0.1753
1754761920000,0.1706
1754761980000,0.1686
1754762040000,0.1781
1754762100000,0.1777
1754762160000,0.1631
1754762220000,0.1628
1754762280000,0.1665
1754762340000,0.1575
1754762400000,0.161
1754762460000,0.1609
1754762520000,0.1609
1754762580000,0.157
1754762640000,0.1623
1754762700000,0.1618
1754762760000,0.1604
1754762820000,0.1613
1754762880000,0.1607
1754762940000,0.1566
1754763000000,0.1527
1754763060000,0.1516
1754763120000,0.144
1754763180000,0.1476
1754763240000,0.1445
1754763300000,0.146
1754763360000,0.1462
1754763420000,0.1455
1754763480000,0.1524
1754763540000,0.1541
1754763600000,0.1417
1754763660000,0.1388
1754763720000,0.1267
1754763780000,0.1214
1754763840000,0.1299
1754763900000,0.1348
1754763960000,0.1433
1754764020000,0.135
1754764080000,0.1423
1754764140000,0.1347
1754764200000,0.1383
1754764260000,0.1376
1754764320000,0.136
1754764380000,0.1329
1754764440000,0.1297
1754764500000,0.1313
1754764560000,0.138
1754764620000,0.131
1754764680000,0.1297
1754764740000,0.1311
1754764800000,0.1335
1754764860000,0.1264
1754764920000,0.125
1754764980000,0.1288
1754765040000,0.1226
1754765100000,0.118
1754765160000,0.1215
1754765220000,0.1206
1754765280000,0.1236
1754765340000,0.1169
1754765400000,0.123
1754765460000,0.1201
1754765520000,0.116
1754765580000,0.1157
1754765640000,0.1093
1754765700000,0.1162
1754765760000,0.1224
1754765820000,0.1089
1754765880000,0.12
1754765940000,0.1125
1754766000000,0.1246
1754766060000,0.1138
1754766120000,0.1109
1754766180000,0.1075
1754766240000,0.1132
1754766300000,0.1124
1754766360000,0.1174
1754766420000,0.1145
1754766480000,0.1127
1754766540000,0.1106
1754766600000,0.1117
1754766660000,0.1068
1754766720000,0.1059
1754766780000,0.1004
1754766840000,0.1078
1754766900000,0.1112
1754766960000,0.1059
1754767020000,0.0978
1754767080000,0.1031
1754767140000,0.1007
1754767200000,0.1017
1754767260000,0.1039
1754767320000,0.1033
1754767380000,0.1035
1754767440000,0.1061
1754767500000,0.1083
1754767560000,0.104
1754767620000,0.1027
1754767680000,0.1165
1754767740000,0.1099
1754767800000,0.1014
1754767860000,0.1039
1754767920000,0.103
1754767980000,0.0988
1754768040000,0.1057
1754768100000,0.1018
1754768160000,0.0953
1754768220000,0.0963
1754768280000,0.0979
1754768340000,0.097
1754768400000,0.0966
1754768460000,0.0998
1754768520000,0.0969
1754768580000,0.0973
1754768640000,0.0971
1754768700000,0.0996
1754768760000,0.0956
1754768820000,0.102
1754768880000,0.0959
1754768940000,0.0953
1754769000000,0.0903
1754769060000,0.0927
1754769120000,0.0978
1754769180000,0.0948
1754769240000,0.0969
1754769300000,0.0947
1754769360000,0.0964
1754769420000,0.0921
1754769480000,0.0928
1754769540000,0.0951
1754769600000,0.1051
1754769660000,0.0995
1754769720000,0.0932
1754769780000,0.0985
1754769840000,0.0909
1754769900000,0.0962
1754769960000,0.0945
1754770020000,0.0894
1754770080000,0.0914
1754770140000,0.0975
1754770200000,0.0944
1754770260000,0.0924
1754770320000,0.0949
1754770380000,0.0966
1754770440000,0.0906
1754770500000,0.0994
1754770560000,0.1009
1754770620000,0.0932
1754770680000,0.0967
1754770740000,0.0911
1754770800000,0.0949
1754770860000,0.0911
1754770920000,0.0853
1754770980000,0.0932
1754771040000,0.093
1754771100000,0.0935
1754771160000,0.0953
1754771220000,0.0939
1754771280000,0.0903
1754771340000,0.0924
1754771400000,0.1072
1754771460000,0.0929
1754771520000,0.0936
1754771580000,0.0944
1754771640000,0.0975
1754771700000,0.0968
1754771760000,0.0954
1754771820000,0.0932
1754771880000,0.095
1754771940000,0.0981
1754772000000,0.0964
1754772060000,0.1028
1754772120000,0.0939
1754772180000,0.0965
1754772240000,0.1034
1754772300000,0.1003
1754772360000,0.1011
1754772420000,0.1001
1754772480000,0.1009
1754772540000,0.0999
1754772600000,0.101
1754772660000,0.0897
1754772720000,0.1002
1754772780000,0.0968
1754772840000,0.1053
1754772900000,0.1018
1754772960000,0.0971
1754773020000,0.1015
1754773080000,0.1107
1754773140000,0.1037
1754773200000,0.1206
1754773260000,0.1156
1754773320000,0.1431
1754773380000,0.1472
1754773440000,0.1785
1754773500000,0.1974
1754773560000,0.1692
1754773620000,0.196
1754773680000,0.1533
1754773740000,0.1559
1754773800000,0.1568
1754773860000,0.1589
1754773920000,0.1523
1754773980000,0.1549
1754774040000,0.1566
1754774100000,0.1553
1754774160000,0.16
1754774220000,0.1413
1754774280000,0.1257
1754774340000,0.1309
1754774400000,0.1224
1754774460000,0.1193
1754774520000,0.1207
1754774580000,0.1224
1754774640000,0.1184
1754774700000,0.12
1754774760000,0.1204
1754774820000,0.1211
1754774880000,0.1344
1754774940000,0.1384
1754775000000,0.1444
1754775060000,0.1374
1754775120000,0.1386
1754775180000,0.1389
1754775240000,0.134
1754775300000,0.137
1754775360000,0.1425
1754775420000,0.1418
1754775480000,0.1385
1754775540000,0.1323
1754775600000,0.1483
1754775660000,0.149
1754775720000,0.1476
1754775780000,0.1488
1754775840000,0.148
1754775900000,0.1458
1754775960000,0.1479
1754776020000,0.1514
1754776080000,0.1579
1754776140000,0.1458
1754776200000,0.1521
1754776260000,0.1417
1754776320000,0.1455
1754776380000,0.1536
1754776440000,0.1532
1754776500000,0.1507
1754776560000,0.1589
1754776620000,0.1535
1754776680000,0.1526
1754776740000,0.159
1754776800000,0.1687
1754776860000,0.1614
1754776920000,0.1716
1754776980000,0.1671
1754777040000,0.1703
1754777100000,0.1737
1754777160000,0.1683
1754777220000,0.1728
1754777280000,0.1784
1754777340000,0.1747
1754777400000,0.1643
1754777460000,0.1728
1754777520000,0.1798
1754777580000,0.1857
1754777640000,0.181
1754777700000,0.1802
1754777760000,0.1778
1754777820000,0.182
1754777880000,0.1893
1754777940000,0.1846
1754778000000,0.1944
1754778060000,0.1684
1754778120000,0.1635
1754778180000,0.1631
1754778240000,0.1576
1754778300000,0.1772
1754778360000,0.1964
1754778420000,0.1943
1754778480000,0.1928
1754778540000,0.1942
1754778600000,0.2058
1754778660000,0.2003
1754778720000,0.196
1754778780000,0.1937
1754778840000,0.2015
1754778900000,0.2006
1754778960000,0.2032
1754779020000,0.2057
1754779080000,0.2037
1754779140000,0.2073
1754779200000,0.2049
1754779260000,0.2108
1754779320000,0.213
1754779380000,0.207
1754779440000,0.2072
1754779500000,0.2097
1754779560000,0.2094
1754779620000,0.2137
1754779680000,0.2163
1754779740000,0.2099
1754779800000,0.2158
1754779860000,0.2122
1754779920000,0.2258
1754779980000,0.2252
1754780040000,0.2312
1754780100000,0.2333
1754780160000,0.2334
1754780220000,0.2207
1754780280000,0.2254
1754780340000,0.2199
1754780400000,0.2433
1754780460000,0.236
1754780520000,0.2344
1754780580000,0.2316
1754780640000,0.2421
1754780700000,0.2296
1754780760000,0.2357
1754780820000,0.2455
1754780880000,0.2378
1754780940000,0.2406
1754781000000,0.2443
1754781060000,0.2395
1754781120000,0.2454
1754781180000,0.2407
1754781240000,0.2354
1754781300000,0.2428
1754781360000,0.2514
1754781420000,0.2468
1754781480000,0.2458
1754781540000,0.2444
1754781600000,0.2561
1754781660000,0.26
1754781720000,0.2585
1754781780000,0.2541
1754781840000,0.2572
1754781900000,0.2561
1754781960000,0.2424
1754782020000,0.2492
1754782080000,0.2623
1754782140000,0.2544
1754782200000,0.2597
1754782260000,0.2472
1754782320000,0.2673
1754782380000,0.2748
1754782440000,0.2599
1754782500000,0.2732
1754782560000,0.2719
1754782620000,0.272
1754782680000,0.2618
1754782740000,0.2686
1754782800000,0.2687
1754782860000,0.2671
1754782920000,0.2647
1754782980000,0.2684
1754783040000,0.2735
1754783100000,0.2764
1754783160000,0.2734
1754783220000,0.2807
1754783280000,0.2779
1754783340000,0.2844
1754783400000,0.28
1754783460000,0.2812
1754783520000,0.2881
1754783580000,0.2873
1754783640000,0.2818
1754783700000,0.286
1754783760000,0.2877
1754783820000,0.2972
1754783880000,0.2899
1754783940000,0.2884
1754784000000,0.3797
1754784060000,0.3111
1754784120000,0.3059
1754784180000,0.2938
1754784240000,0.2997
1754784300000,0.2996
1754784360000,0.3061
1754784420000,0.3053
1754784480000,0.315
1754784540000,0.3093
1754784600000,0.3089
1754784660000,0.3123
1754784720000,0.3138
1754784780000,0.3105
1754784840000,0.3193
1754784900000,0.3167
1754784960000,0.3192
1754785020000,0.3139
1754785080000,0.3159
1754785140000,0.3129
1754785200000,0.3265
1754785260000,0.3229
1754785320000,0.3199
1754785380000,0.3173
1754785440000,0.3161
1754785500000,0.3018
1754785560000,0.2879
1754785620000,0.2944
1754785680000,0.288
1754785740000,0.3153
1754785800000,0.3384
1754785860000,0.3337
1754785920000,0.3433
1754785980000,0.3216
1754786040000,0.3202
1754786100000,0.3277
1754786160000,0.3186
1754786220000,0.3347
1754786280000,0.3442
1754786340000,0.3559
1754786400000,0.3454
1754786460000,0.3455
1754786520000,0.3453
1754786580000,0.3482
1754786640000,0.3469
1754786700000,0.3432
1754786760000,0.3388
1754786820000,0.3484
1754786880000,0.3515
1754786940000,0.3557
1754787000000,0.3567
1754787060000,0.3227
1754787120000,0.3423
1754787180000,0.3279
1754787240000,0.3487
1754787300000,0.3536
1754787360000,0.3534
1754787420000,0.3591
1754787480000,0.3525
1754787540000,0.348
1754787600000,0.3635
1754787660000,0.3585
1754787720000,0.3262
1754787780000,0.3387
1754787840000,0.3581
1754787900000,0.3688
1754787960000,0.3708
1754788020000,0.3664
1754788080000,0.3711
1754788140000,0.3695
1754788200000,0.3793
1754788260000,0.3724
1754788320000,0.3733
1754788380000,0.3788
1754788440000,0.3718
1754788500000,0.3646
1754788560000,0.3757
1754788620000,0.3624
1754788680000,0.3744
1754788740000,0.3717
1754788800000,0.3879
1754788860000,0.3848
1754788920000,0.3868
1754788980000,0.3859
1754789040000,0.3931
1754789100000,0.3883
1754789160000,0.3876
1754789220000,0.3848
1754789280000,0.3784
1754789340000,0.3815
1754789400000,0.3898
1754789460000,0.3858
1754789520000,0.382
1754789580000,0.3891
1754789640000,0.3867
1754789700000,0.3893
1754789760000,0.3891
1754789820000,0.3856
1754789880000,0.3894
1754789940000,0.3956
1754790000000,0.3917
1754790060000,0.3952
1754790120000,0.3933
1754790180000,0.3879
1754790240000,0.3992
1754790300000,0.3985
1754790360000,0.4014
1754790420000,0.3986
1754790480000,0.3979
1754790540000,0.398
1754790600000,0.4088
1754790660000,0.3989
1754790720000,0.3996
1754790780000,0.3976
1754790840000,0.4045
1754790900000,0.4017
1754790960000,0.4071
1754791020000,0.3948
1754791080000,0.3975
1754791140000,0.4072
1754791200000,0.4124
1754791260000,0.4069
1754791320000,0.4081
1754791380000,0.3998
1754791440000,0.4145
1754791500000,0.4086
1754791560000,0.4123
1754791620000,0.4176
1754791680000,0.4147
1754791740000,0.4002
1754791800000,0.4248
1754791860000,0.418
1754791920000,0.4143
1754791980000,0.4229
1754792040000,0.4188
1754792100000,0.417
1754792160000,0.4171
1754792220000,0.417
1754792280000,0.4126
1754792340000,0.4141
1754792400000,0.3935
1754792460000,0.4186
1754792520000,0.4225
1754792580000,0.4153
1754792640000,0.4192
1754792700000,0.413
1754792760000,0.4182
1754792820000,0.4142
1754792880000,0.4092
1754792940000,0.4069
1754793000000,0.4033
1754793060000,0.3819
1754793120000,0.3851
1754793180000,0.3921
1754793240000,0.4116
1754793300000,0.432
1754793360000,0.42
1754793420000,0.4114
1754793480000,0.4112
1754793540000,0.4142
1754793600000,0.4212
1754793660000,0.3845
1754793720000,0.4739
1754793780000,0.4447
1754793840000,0.4498
1754793900000,0.4153
1754793960000,0.4173
1754794020000,0.4116
1754794080000,0.4194
1754794140000,0.4092
1754794200000,0.4408
1754794260000,0.4136
1754794320000,0.4932
1754794380000,0.4569
1754794440000,0.4468
1754794500000,0.458
1754794560000,0.443
1754794620000,0.4342
1754794680000,0.4996
1754794740000,0.459
1754794800000,0.5741
1754794860000,0.5213
1754794920000,0.503
1754794980000,0.4691
1754795040000,0.4596
1754795100000,0.4616
1754795160000,0.5039
1754795220000,0.5118
1754795280000,0.4993
1754795340000,0.5028
1754795400000,0.509
1754795460000,0.5012
1754795520000,0.5016
1754795580000,0.4943
1754795640000,0.4575
1754795700000,0.4393
1754795760000,0.5133
1754795820000,0.5573
1754795880000,0.5243
1754795940000,0.4713
1754796000000,0.6055
1754796060000,0.5714
1754796120000,0.5506
1754796180000,0.5473
1754796240000,0.5565
1754796300000,0.5142
1754796360000,0.557
1754796420000,0.6452
1754796480000,0.5735
1754796540000,0.5887
1754796600000,0.6812
1754796660000,0.6467
1754796720000,0.7277
1754796780000,0.6482
1754796840000,0.7766
1754796900000,0.6797
1754796960000,0.6677
1754797020000,0.6483
1754797080000,0.6599
1754797140000,0.8106
1754797200000,0.8531
1754797260000,0.8474
1754797320000,0.8339
1754797380000,0.8262
1754797440000,0.8375
1754797500000,0.8202
1754797560000,0.7082
1754797620000,0.8576
1754797680000,0.65
1754797740000,0.504
