timestamp,middleware_hsf_provider_rt
1754538420000,143.5545
1754538480000,143.1372
1754538540000,139.6115
1754538600000,140.5479
1754538660000,134.1538
1754538720000,136.4315
1754538780000,138.8972
1754538840000,136.422
1754538900000,134.486
1754538960000,132.9095
1754539020000,133.3091
1754539080000,137.562
1754539140000,139.7144
1754539200000,138.5326
1754539260000,135.526
1754539320000,137.8123
1754539380000,133.4221
1754539440000,132.8287
1754539500000,132.8059
1754539560000,137.434
1754539620000,136.5685
1754539680000,132.4879
1754539740000,142.1427
1754539800000,136.9225
1754539860000,132.2014
1754539920000,132.2987
1754539980000,129.3213
1754540040000,134.5679
1754540100000,131.6388
1754540160000,134.4413
1754540220000,127.1751
1754540280000,132.5567
1754540340000,132.0071
1754540400000,129.629
1754540460000,134.2102
1754540520000,133.9748
1754540580000,133.6433
1754540640000,127.5922
1754540700000,132.1319
1754540760000,131.1335
1754540820000,136.0853
1754540880000,134.2351
1754540940000,136.8208
1754541000000,137.4235
1754541060000,134.9
1754541120000,135.2173
1754541180000,131.1948
1754541240000,130.184
1754541300000,133.623
1754541360000,133.7049
1754541420000,138.3711
1754541480000,130.6528
1754541540000,133.9665
1754541600000,134.4751
1754541660000,135.8508
1754541720000,138.0797
1754541780000,132.3191
1754541840000,134.3938
1754541900000,132.0896
1754541960000,134.1754
1754542020000,134.4777
1754542080000,132.8988
1754542140000,134.4857
1754542200000,134.5155
1754542260000,137.0079
1754542320000,132.9477
1754542380000,129.9357
1754542440000,134.4995
1754542500000,130.2439
1754542560000,131.4775
1754542620000,130.6267
1754542680000,134.3627
1754542740000,137.1155
1754542800000,140.1499
1754542860000,136.9795
1754542920000,136.6061
1754542980000,137.1384
1754543040000,137.2129
1754543100000,138.8693
1754543160000,135.1315
1754543220000,133.2804
1754543280000,132.9186
1754543340000,136.9277
1754543400000,138.9241
1754543460000,139.9656
1754543520000,138.0673
1754543580000,142.9026
1754543640000,139.2279
1754543700000,132.7535
1754543760000,135.5409
1754543820000,134.1367
1754543880000,137.6267
1754543940000,138.0664
1754544000000,134.404
1754544060000,132.8314
1754544120000,137.7741
1754544180000,137.4008
1754544240000,136.209
1754544300000,138.9514
1754544360000,140.7107
1754544420000,136.4163
1754544480000,131.9946
1754544540000,136.0871
1754544600000,139.193
1754544660000,139.9878
1754544720000,134.7897
1754544780000,137.6023
1754544840000,136.5098
1754544900000,136.0274
1754544960000,140.6858
1754545020000,132.3189
1754545080000,137.5329
1754545140000,132.6504
1754545200000,136.6484
1754545260000,130.3781
1754545320000,131.6109
1754545380000,137.2026
1754545440000,138.842
1754545500000,132.4095
1754545560000,134.6055
1754545620000,133.7924
1754545680000,138.849
1754545740000,133.6053
1754545800000,137.3266
1754545860000,131.2164
1754545920000,129.3326
1754545980000,133.3267
1754546040000,133.4148
1754546100000,136.4427
1754546160000,137.8889
1754546220000,131.96
1754546280000,137.2932
1754546340000,138.7003
1754546400000,138.2108
1754546460000,138.0218
1754546520000,131.1058
1754546580000,137.2608
1754546640000,140.3156
1754546700000,132.9841
1754546760000,133.8209
1754546820000,133.6312
1754546880000,132.8558
1754546940000,128.7361
1754547000000,136.7314
1754547060000,133.5399
1754547120000,131.2706
1754547180000,133.2177
1754547240000,133.3876
1754547300000,134.9007
1754547360000,137.2126
1754547420000,134.8914
1754547480000,134.7338
1754547540000,139.1437
1754547600000,171.923
1754547660000,197.4491
1754547720000,196.7733
1754547780000,149.3507
1754547840000,127.359
1754547900000,131.2872
1754547960000,137.3359
1754548020000,135.4873
1754548080000,133.0676
1754548140000,134.3517
1754548200000,137.9431
1754548260000,137.7722
1754548320000,133.523
1754548380000,137.6257
1754548440000,139.5669
1754548500000,135.2467
1754548560000,131.903
1754548620000,132.5761
1754548680000,139.2042
1754548740000,137.3595
1754548800000,135.6124
1754548860000,134.1982
1754548920000,137.1123
1754548980000,143.07
1754549040000,138.3308
1754549100000,142.2769
1754549160000,144.2406
1754549220000,144.1376
1754549280000,141.8782
1754549340000,137.2396
1754549400000,141.9081
1754549460000,139.2553
1754549520000,140.0106
1754549580000,140.2877
1754549640000,144.8332
1754549700000,139.0111
1754549760000,146.3098
1754549820000,140.7097
1754549880000,140.2613
1754549940000,143.8594
1754550000000,148.3645
1754550060000,143.4207
1754550120000,139.6532
1754550180000,139.4154
1754550240000,137.9513
1754550300000,136.447
1754550360000,140.7489
1754550420000,136.2795
1754550480000,136.7615
1754550540000,138.5766
1754550600000,137.4779
1754550660000,140.3352
1754550720000,142.9552
1754550780000,141.6475
1754550840000,133.5734
1754550900000,139.8736
1754550960000,142.1585
1754551020000,140.9634
1754551080000,140.3783
1754551140000,141.3769
1754551200000,142.084
1754551260000,141.9267
1754551320000,140.5459
1754551380000,139.3993
1754551440000,136.9119
1754551500000,140.2348
1754551560000,140.1454
1754551620000,137.5402
1754551680000,141.1129
1754551740000,139.4903
1754551800000,141.3127
1754551860000,136.3537
1754551920000,138.7782
1754551980000,135.3289
1754552040000,136.9559
1754552100000,135.5169
1754552160000,139.162
1754552220000,140.1426
1754552280000,137.2113
1754552340000,136.1526
1754552400000,138.58
1754552460000,133.5804
1754552520000,136.0973
1754552580000,137.2556
1754552640000,140.2418
1754552700000,139.932
1754552760000,140.4105
1754552820000,137.8721
1754552880000,138.3712
1754552940000,141.879
1754553000000,143.1612
1754553060000,142.9837
1754553120000,164.5785
1754553180000,135.8824
1754553240000,136.8693
1754553300000,133.9908
1754553360000,136.4272
1754553420000,135.9407
1754553480000,137.9988
1754553540000,138.5369
1754553600000,142.4959
1754553660000,136.63
1754553720000,142.4579
1754553780000,136.3604
1754553840000,140.2079
1754553900000,139.7073
1754553960000,142.4853
1754554020000,139.2899
1754554080000,141.9092
1754554140000,137.8169
1754554200000,142.8118
1754554260000,143.996
1754554320000,136.9013
1754554380000,135.5773
1754554440000,132.7208
1754554500000,135.2765
1754554560000,140.0261
1754554620000,133.0089
1754554680000,136.3056
1754554740000,134.0121
1754554800000,130.919
1754554860000,129.5966
1754554920000,136.1009
1754554980000,135.3469
1754555040000,133.9537
1754555100000,133.6897
1754555160000,131.7902
1754555220000,125.3808
1754555280000,126.6915
1754555340000,129.38
1754555400000,136.4853
1754555460000,133.19
1754555520000,130.2914
1754555580000,124.4963
1754555640000,125.4698
1754555700000,126.6496
1754555760000,128.677
1754555820000,129.7632
1754555880000,131.8937
1754555940000,130.8992
1754556000000,132.8041
1754556060000,131.0358
1754556120000,128.5268
1754556180000,128.0281
1754556240000,131.6202
1754556300000,129.7059
1754556360000,134.8419
1754556420000,130.8043
1754556480000,135.1755
1754556540000,129.3061
1754556600000,133.9125
1754556660000,131.2872
1754556720000,128.6506
1754556780000,134.155
1754556840000,131.6437
1754556900000,131.9765
1754556960000,131.5066
1754557020000,132.7759
1754557080000,137.0137
1754557140000,135.2147
1754557200000,141.8194
1754557260000,137.6935
1754557320000,132.842
1754557380000,134.2239
1754557440000,134.5771
1754557500000,134.6662
1754557560000,130.3809
1754557620000,132.8569
1754557680000,130.3288
1754557740000,127.8925
1754557800000,127.5495
1754557860000,127.9958
1754557920000,130.9496
1754557980000,130.7618
1754558040000,130.2378
1754558100000,127.7448
1754558160000,129.1731
1754558220000,133.1184
1754558280000,130.2305
1754558340000,127.1076
1754558400000,130.3307
1754558460000,131.7326
1754558520000,130.6843
1754558580000,129.9216
1754558640000,132.2313
1754558700000,128.4933
1754558760000,135.1215
1754558820000,133.9957
1754558880000,128.0714
1754558940000,135.0205
1754559000000,135.4322
1754559060000,132.4033
1754559120000,135.9567
1754559180000,131.8093
1754559240000,129.6521
1754559300000,128.6293
1754559360000,131.7982
1754559420000,130.5272
1754559480000,131.2989
1754559540000,126.9659
1754559600000,129.9333
1754559660000,129.6683
1754559720000,131.8277
1754559780000,127.084
1754559840000,133.1806
1754559900000,130.9876
1754559960000,130.526
1754560020000,130.5606
1754560080000,130.2495
1754560140000,129.5589
1754560200000,129.8883
1754560260000,129.8651
1754560320000,128.7852
1754560380000,130.7309
1754560440000,130.2886
1754560500000,129.0468
1754560560000,128.6287
1754560620000,128.0443
1754560680000,127.6976
1754560740000,129.8641
1754560800000,138.618
1754560860000,132.3439
1754560920000,135.5187
1754560980000,131.0098
1754561040000,134.6703
1754561100000,131.9958
1754561160000,131.4604
1754561220000,127.679
1754561280000,134.3454
1754561340000,129.9423
1754561400000,131.2128
1754561460000,130.8519
1754561520000,133.9387
1754561580000,134.0408
1754561640000,129.4632
1754561700000,135.0685
1754561760000,130.6931
1754561820000,132.339
1754561880000,131.5011
1754561940000,131.1549
1754562000000,134.4188
1754562060000,127.838
1754562120000,128.7396
1754562180000,126.9536
1754562240000,128.6954
1754562300000,124.9384
1754562360000,130.1505
1754562420000,128.0266
1754562480000,130.256
1754562540000,130.5568
1754562600000,133.947
1754562660000,125.1762
1754562720000,124.6273
1754562780000,126.8172
1754562840000,129.2332
1754562900000,127.7842
1754562960000,128.1341
1754563020000,126.8928
1754563080000,128.9541
1754563140000,127.381
1754563200000,128.2041
1754563260000,134.5916
1754563320000,128.6062
1754563380000,124.3511
1754563440000,132.714
1754563500000,133.4185
1754563560000,133.7404
1754563620000,137.1281
1754563680000,129.5169
1754563740000,131.4293
1754563800000,130.08
1754563860000,133.2075
1754563920000,128.6814
1754563980000,130.4468
1754564040000,124.8885
1754564100000,128.8372
1754564160000,132.6851
1754564220000,129.6421
1754564280000,128.4844
1754564340000,132.3767
1754564400000,140.2079
1754564460000,130.4425
1754564520000,130.9597
1754564580000,127.1395
1754564640000,135.3124
1754564700000,132.1375
1754564760000,130.4397
1754564820000,129.728
1754564880000,133.3365
1754564940000,129.2328
1754565000000,130.2785
1754565060000,125.0529
1754565120000,130.5294
1754565180000,128.8729
1754565240000,130.3229
1754565300000,130.3701
1754565360000,126.7545
1754565420000,125.9971
1754565480000,130.2114
1754565540000,131.848
1754565600000,133.4
1754565660000,133.1524
1754565720000,129.9117
1754565780000,132.8023
1754565840000,130.2423
1754565900000,127.829
1754565960000,130.4916
1754566020000,130.648
1754566080000,137.9777
1754566140000,139.3241
1754566200000,139.313
1754566260000,138.8972
1754566320000,131.0973
1754566380000,134.9627
1754566440000,132.0686
1754566500000,133.4863
1754566560000,133.5014
1754566620000,131.2344
1754566680000,134.458
1754566740000,128.2896
1754566800000,133.1659
1754566860000,134.5267
1754566920000,131.2519
1754566980000,125.5543
1754567040000,126.7176
1754567100000,127.7198
1754567160000,127.776
1754567220000,125.1162
1754567280000,131.4524
1754567340000,128.6182
1754567400000,130.4365
1754567460000,133.5076
1754567520000,132.6005
1754567580000,128.8593
1754567640000,126.9539
1754567700000,130.6694
1754567760000,135.4178
1754567820000,133.629
1754567880000,129.8135
1754567940000,135.4327
1754568000000,136.8165
1754568060000,125.4308
1754568120000,125.0894
1754568180000,131.0825
1754568240000,130.0054
1754568300000,133.6901
1754568360000,129.9305
1754568420000,135.1393
1754568480000,131.2902
1754568540000,130.8648
1754568600000,131.6438
1754568660000,129.0398
1754568720000,138.5357
1754568780000,127.9328
1754568840000,133.8438
1754568900000,130.3209
1754568960000,130.8088
1754569020000,130.2015
1754569080000,134.913
1754569140000,131.4384
1754569200000,135.2569
1754569260000,134.3929
1754569320000,133.4979
1754569380000,132.2204
1754569440000,131.0056
1754569500000,134.1885
1754569560000,131.5598
1754569620000,129.2898
1754569680000,131.9431
1754569740000,136.9372
1754569800000,139.8286
1754569860000,140.3964
1754569920000,135.0743
1754569980000,131.3818
1754570040000,135.2708
1754570100000,137.8465
1754570160000,137.4716
1754570220000,134.9003
1754570280000,134.3264
1754570340000,133.505
1754570400000,128.9045
1754570460000,129.1624
1754570520000,136.7267
1754570580000,128.9952
1754570640000,127.0583
1754570700000,131.5544
1754570760000,134.6023
1754570820000,134.4571
1754570880000,134.4403
1754570940000,131.2979
1754571000000,138.4347
1754571060000,133.2973
1754571120000,132.9683
1754571180000,132.1584
1754571240000,135.6894
1754571300000,132.1849
1754571360000,130.4691
1754571420000,131.9748
1754571480000,137.2588
1754571540000,134.3596
1754571600000,139.9482
1754571660000,132.8371
1754571720000,135.4836
1754571780000,126.6147
1754571840000,127.3099
1754571900000,135.6205
1754571960000,133.7897
1754572020000,131.6919
1754572080000,134.6561
1754572140000,130.357
1754572200000,141.5877
1754572260000,131.5512
1754572320000,133.9738
1754572380000,131.0022
1754572440000,129.9306
1754572500000,129.934
1754572560000,133.7582
1754572620000,132.6802
1754572680000,138.461
1754572740000,130.4959
1754572800000,129.2181
1754572860000,134.6126
1754572920000,136.5381
1754572980000,134.4351
1754573040000,133.6279
1754573100000,135.4078
1754573160000,138.4059
1754573220000,134.0937
1754573280000,136.4405
1754573340000,134.221
1754573400000,142.4623
1754573460000,135.9258
1754573520000,134.9629
1754573580000,136.2576
1754573640000,136.7671
1754573700000,138.9247
1754573760000,138.3363
1754573820000,139.0337
1754573880000,138.6317
1754573940000,130.5457
1754574000000,134.7087
1754574060000,135.3855
1754574120000,137.3319
1754574180000,136.014
1754574240000,135.3642
1754574300000,133.2852
1754574360000,134.0452
1754574420000,135.4582
1754574480000,130.409
1754574540000,134.1515
1754574600000,138.9891
1754574660000,136.4992
1754574720000,138.2006
1754574780000,138.6166
1754574840000,137.5487
1754574900000,134.3582
1754574960000,137.7172
1754575020000,133.1361
1754575080000,130.9636
1754575140000,139.6891
1754575200000,148.8661
1754575260000,139.3109
1754575320000,143.9444
1754575380000,140.479
1754575440000,140.773
1754575500000,138.7062
1754575560000,141.3982
1754575620000,139.5923
1754575680000,138.5408
1754575740000,139.3324
1754575800000,137.0366
1754575860000,140.1634
1754575920000,136.0773
1754575980000,138.1596
1754576040000,136.3086
1754576100000,135.5272
1754576160000,138.3376
1754576220000,137.2482
1754576280000,137.3452
1754576340000,133.4905
1754576400000,136.4163
1754576460000,134.0771
1754576520000,134.2572
1754576580000,132.9979
1754576640000,133.0187
1754576700000,137.2098
1754576760000,138.2067
1754576820000,139.9581
1754576880000,133.826
1754576940000,141.8182
1754577000000,143.7826
1754577060000,139.5239
1754577120000,142.9556
1754577180000,140.1262
1754577240000,139.9659
1754577300000,142.4229
1754577360000,145.1246
1754577420000,139.0085
1754577480000,140.6254
1754577540000,143.4249
1754577600000,144.4568
1754577660000,145.0756
1754577720000,147.0485
1754577780000,148.8544
1754577840000,143.8877
1754577900000,142.8963
1754577960000,154.3976
1754578020000,147.9902
1754578080000,149.0028
1754578140000,152.4324
1754578200000,150.3417
1754578260000,147.4597
1754578320000,155.2167
1754578380000,145.2119
1754578440000,152.7303
1754578500000,146.3337
1754578560000,149.2896
1754578620000,136.8534
1754578680000,143.9186
1754578740000,142.3406
1754578800000,154.7987
1754578860000,141.7714
1754578920000,136.73
1754578980000,142.3542
1754579040000,141.5751
1754579100000,136.7394
1754579160000,144.5996
1754579220000,140.9241
1754579280000,139.5079
1754579340000,137.2055
1754579400000,141.3532
1754579460000,142.7969
1754579520000,136.8042
1754579580000,142.2764
1754579640000,138.1773
1754579700000,133.0947
1754579760000,139.3202
1754579820000,141.1223
1754579880000,141.5197
1754579940000,133.7351
1754580000000,139.2183
1754580060000,134.5935
1754580120000,136.5756
1754580180000,133.745
1754580240000,135.7563
1754580300000,136.9243
1754580360000,139.2019
1754580420000,137.6096
1754580480000,131.3381
1754580540000,147.4029
1754580600000,145.9296
1754580660000,137.6883
1754580720000,134.4687
1754580780000,138.2242
1754580840000,138.1329
1754580900000,135.2539
1754580960000,134.8112
1754581020000,134.4106
1754581080000,135.7799
1754581140000,140.4558
1754581200000,139.6942
1754581260000,139.9806
1754581320000,135.7584
1754581380000,135.4012
1754581440000,131.793
1754581500000,136.7424
1754581560000,136.9597
1754581620000,135.0517
1754581680000,142.4443
1754581740000,140.0463
1754581800000,136.2856
1754581860000,136.7586
1754581920000,143.1501
1754581980000,142.0594
1754582040000,137.2917
1754582100000,131.5079
1754582160000,137.5442
1754582220000,139.3287
1754582280000,135.3648
1754582340000,140.8231
1754582400000,148.9212
1754582460000,143.3048
1754582520000,146.9662
1754582580000,139.4105
1754582640000,132.7978
1754582700000,134.1115
1754582760000,135.5762
1754582820000,133.3941
1754582880000,126.2357
1754582940000,125.1826
1754583000000,130.4728
1754583060000,128.4175
1754583120000,131.9089
1754583180000,132.6517
1754583240000,129.521
1754583300000,127.277
1754583360000,133.3156
1754583420000,134.6559
1754583480000,129.6888
1754583540000,129.2823
1754583600000,132.7103
1754583660000,139.0857
1754583720000,135.6025
1754583780000,129.405
1754583840000,138.9383
1754583900000,130.0237
1754583960000,133.3419
1754584020000,132.6229
1754584080000,127.7514
1754584140000,130.9846
1754584200000,130.0256
1754584260000,129.9789
1754584320000,132.1056
1754584380000,129.7546
1754584440000,127.7829
1754584500000,132.3148
1754584560000,131.014
1754584620000,125.6667
1754584680000,133.6518
1754584740000,131.2198
1754584800000,129.023
1754584860000,129.7882
1754584920000,128.664
1754584980000,125.6839
1754585040000,126.109
1754585100000,119.3386
1754585160000,131.705
1754585220000,122.479
1754585280000,131.6131
1754585340000,134.0772
1754585400000,130.4855
1754585460000,134.6414
1754585520000,137.6599
1754585580000,128.3808
1754585640000,128.5114
1754585700000,128.9533
1754585760000,127.6955
1754585820000,125.4886
1754585880000,129.3844
1754585940000,132.4002
1754586000000,149.27
1754586060000,135.8754
1754586120000,137.2049
1754586180000,134.9734
1754586240000,133.1115
1754586300000,131.195
1754586360000,143.2121
1754586420000,140.2044
1754586480000,145.7667
1754586540000,137.9763
1754586600000,142.6293
1754586660000,143.2075
1754586720000,142.984
1754586780000,138.3423
1754586840000,144.2723
1754586900000,131.261
1754586960000,136.19
1754587020000,129.5196
1754587080000,130.8245
1754587140000,132.5364
1754587200000,151.937
1754587260000,146.677
1754587320000,134.3677
1754587380000,223.8017
1754587440000,136.8925
1754587500000,134.4293
1754587560000,135.3727
1754587620000,141.3598
1754587680000,132.9071
1754587740000,140.2568
1754587800000,130.4371
1754587860000,128.4817
1754587920000,133.5148
1754587980000,129.4102
1754588040000,138.1437
1754588100000,142.0396
1754588160000,142.0788
1754588220000,139.8783
1754588280000,133.5997
1754588340000,135.7004
1754588400000,137.9804
1754588460000,141.746
1754588520000,137.3945
1754588580000,139.5784
1754588640000,128.6704
1754588700000,140.6016
1754588760000,146.8303
1754588820000,136.0723
1754588880000,138.202
1754588940000,136.589
1754589000000,134.5021
1754589060000,133.8617
1754589120000,141.1924
1754589180000,149.7955
1754589240000,138.4109
1754589300000,146.5786
1754589360000,132.4243
1754589420000,143.0694
1754589480000,147.1894
1754589540000,153.7397
1754589600000,165.0466
1754589660000,151.2174
1754589720000,149.2558
1754589780000,140.9131
1754589840000,141.621
1754589900000,151.4654
1754589960000,161.4253
1754590020000,157.5175
1754590080000,143.3415
1754590140000,146.3363
1754590200000,158.0218
1754590260000,181.299
1754590320000,151.1451
1754590380000,148.4023
1754590440000,176.3086
1754590500000,193.1039
1754590560000,165.2326
1754590620000,156.9725
1754590680000,151.2156
1754590740000,137.2257
1754590800000,142.6911
1754590860000,149.2543
1754590920000,147.0055
1754590980000,145.5481
1754591040000,143.9799
1754591100000,137.3539
1754591160000,147.2364
1754591220000,137.62
1754591280000,138.3058
1754591340000,146.7561
1754591400000,152.7451
1754591460000,150.637
1754591520000,145.9054
1754591580000,136.1532
1754591640000,129.1977
1754591700000,148.5842
1754591760000,142.7593
1754591820000,134.6532
1754591880000,145.2708
1754591940000,137.4807
1754592000000,138.2472
1754592060000,136.6684
1754592120000,151.8507
1754592180000,135.9998
1754592240000,138.221
1754592300000,157.3497
1754592360000,152.4674
1754592420000,141.0663
1754592480000,152.4362
1754592540000,149.9674
1754592600000,148.6477
1754592660000,129.9283
1754592720000,130.7116
1754592780000,149.2402
1754592840000,137.7598
1754592900000,130.2662
1754592960000,141.2743
1754593020000,149.2168
1754593080000,137.1627
1754593140000,133.5065
1754593200000,140.1651
1754593260000,144.018
1754593320000,153.4973
1754593380000,137.9691
1754593440000,137.809
1754593500000,135.4226
1754593560000,145.1408
1754593620000,137.5916
1754593680000,141.6076
1754593740000,138.1639
1754593800000,145.8312
1754593860000,142.823
1754593920000,142.4047
1754593980000,130.5101
1754594040000,147.7897
1754594100000,160.148
1754594160000,155.4273
1754594220000,157.311
1754594280000,166.0249
1754594340000,141.4961
1754594400000,139.3869
1754594460000,150.4438
1754594520000,143.4581
1754594580000,149.4771
1754594640000,142.8943
1754594700000,156.8576
1754594760000,152.1249
1754594820000,155.4265
1754594880000,160.0976
1754594940000,146.6076
1754595000000,153.2124
1754595060000,136.1206
1754595120000,143.9214
1754595180000,150.9963
1754595240000,146.3551
1754595300000,147.66
1754595360000,157.8516
1754595420000,151.9652
1754595480000,157.4694
1754595540000,144.987
1754595600000,147.3586
1754595660000,151.2489
1754595720000,161.8978
1754595780000,150.5994
1754595840000,150.9395
1754595900000,147.1102
1754595960000,143.3241
1754596020000,166.1672
1754596080000,137.3937
1754596140000,144.1774
1754596200000,157.8156
1754596260000,149.453
1754596320000,142.6693
1754596380000,130.7446
1754596440000,140.7802
1754596500000,142.8107
1754596560000,144.117
1754596620000,135.6245
1754596680000,138.1333
1754596740000,143.0716
1754596800000,141.1237
1754596860000,147.2819
1754596920000,141.3737
1754596980000,150.9131
1754597040000,154.6163
1754597100000,140.5404
1754597160000,148.5112
1754597220000,150.9207
1754597280000,137.6417
1754597340000,140.6742
1754597400000,135.6079
1754597460000,148.4966
1754597520000,157.6027
1754597580000,148.4233
1754597640000,147.6213
1754597700000,151.8584
1754597760000,149.9644
1754597820000,151.9106
1754597880000,137.2775
1754597940000,140.6976
1754598000000,146.7496
1754598060000,138.1732
1754598120000,147.9683
1754598180000,137.8748
1754598240000,139.1162
1754598300000,135.0005
1754598360000,145.9146
1754598420000,148.8134
1754598480000,152.1503
1754598540000,148.4254
1754598600000,152.7158
1754598660000,139.0624
1754598720000,154.0155
1754598780000,140.8686
1754598840000,160.7367
1754598900000,145.169
1754598960000,158.3361
1754599020000,141.055
1754599080000,148.8466
1754599140000,139.8749
1754599200000,130.734
1754599260000,145.3401
1754599320000,138.2717
1754599380000,137.3552
1754599440000,155.4391
1754599500000,148.5747
1754599560000,146.5704
1754599620000,141.1287
1754599680000,139.2909
1754599740000,136.7531
1754599800000,138.6966
1754599860000,144.2845
1754599920000,145.8084
1754599980000,152.4759
1754600040000,145.7778
1754600100000,146.8774
1754600160000,146.2095
1754600220000,148.9666
1754600280000,149.2704
1754600340000,148.0788
1754600400000,157.5615
1754600460000,167.2205
1754600520000,125.5273
1754600580000,115.5834
1754600640000,96.246
1754600700000,84.1358
1754600760000,104.0208
1754600820000,89.4056
1754600880000,115.4275
1754600940000,118.1831
1754601000000,110.3379
1754601060000,108.8678
1754601120000,114.4583
1754601180000,115.6574
1754601240000,113.66
1754601300000,117.6377
1754601360000,116.1318
1754601420000,137.9409
1754601480000,140.2191
1754601540000,161.17
1754601600000,138.6803
1754601660000,136.4275
1754601720000,146.2565
1754601780000,143.3457
1754601840000,143.6704
1754601900000,137.8746
1754601960000,135.122
1754602020000,152.3841
1754602080000,148.0272
1754602140000,140.6622
1754602200000,145.7396
1754602260000,140.6805
1754602320000,140.2832
1754602380000,137.6879
1754602440000,136.1092
1754602500000,130.6301
1754602560000,147.1778
1754602620000,132.3443
1754602680000,135.5238
1754602740000,143.1835
1754602800000,131.2904
1754602860000,138.1695
1754602920000,137.2751
1754602980000,136.5681
1754603040000,134.4985
1754603100000,144.8229
1754603160000,147.5343
1754603220000,139.4913
1754603280000,141.6164
1754603340000,145.1207
1754603400000,155.5813
1754603460000,151.6314
1754603520000,138.8265
1754603580000,132.4596
1754603640000,137.9538
1754603700000,136.4299
1754603760000,143.3086
1754603820000,143.8566
1754603880000,151.5642
1754603940000,150.3742
1754604000000,140.7878
1754604060000,144.5315
1754604120000,136.837
1754604180000,136.5291
1754604240000,151.4808
1754604300000,136.8498
1754604360000,140.6006
1754604420000,141.7927
1754604480000,134.7971
1754604540000,137.423
1754604600000,143.0579
1754604660000,139.4376
1754604720000,144.0555
1754604780000,135.7906
1754604840000,140.4019
1754604900000,139.9806
1754604960000,139.4165
1754605020000,141.9511
1754605080000,142.2768
1754605140000,138.0161
1754605200000,129.1668
1754605260000,132.7439
1754605320000,140.5188
1754605380000,145.5099
1754605440000,142.1453
1754605500000,137.2344
1754605560000,139.1363
1754605620000,147.5958
1754605680000,139.6302
1754605740000,140.5687
1754605800000,150.4862
1754605860000,144.9475
1754605920000,137.9925
1754605980000,138.4266
1754606040000,134.2131
1754606100000,136.2852
1754606160000,143.2723
1754606220000,138.5618
1754606280000,142.8851
1754606340000,139.0257
1754606400000,135.6935
1754606460000,138.176
1754606520000,145.9403
1754606580000,141.2643
1754606640000,140.9097
1754606700000,138.7927
1754606760000,143.5478
1754606820000,134.8257
1754606880000,142.5102
1754606940000,137.4426
1754607000000,143.542
1754607060000,139.4301
1754607120000,141.3521
1754607180000,140.9555
1754607240000,136.0699
1754607300000,141.3669
1754607360000,143.4649
1754607420000,147.0783
1754607480000,143.9143
1754607540000,139.5277
1754607600000,157.5092
1754607660000,141.3329
1754607720000,139.3448
1754607780000,142.9789
1754607840000,147.0317
1754607900000,143.8622
1754607960000,135.3011
1754608020000,138.8987
1754608080000,147.829
1754608140000,138.1971
1754608200000,138.1759
1754608260000,138.4884
1754608320000,132.998
1754608380000,137.6202
1754608440000,136.2054
1754608500000,137.2118
1754608560000,142.5018
1754608620000,138.351
1754608680000,139.226
1754608740000,138.6943
1754608800000,141.3659
1754608860000,139.5831
1754608920000,146.6074
1754608980000,139.8819
1754609040000,138.6214
1754609100000,137.1807
1754609160000,141.12
1754609220000,143.1197
1754609280000,138.5431
1754609340000,138.7091
1754609400000,139.6112
1754609460000,142.6349
1754609520000,141.3027
1754609580000,140.7284
1754609640000,143.3865
1754609700000,137.7937
1754609760000,141.7764
1754609820000,138.8884
1754609880000,141.7702
1754609940000,136.0589
1754610000000,137.9749
1754610060000,134.2799
1754610120000,132.2493
1754610180000,134.6764
1754610240000,138.8086
1754610300000,138.6045
1754610360000,138.6422
1754610420000,133.4285
1754610480000,135.3563
1754610540000,138.2615
1754610600000,135.5732
1754610660000,131.1079
1754610720000,138.8806
1754610780000,134.1252
1754610840000,137.0149
1754610900000,136.2904
1754610960000,140.2223
1754611020000,137.5993
1754611080000,136.0943
1754611140000,143.0958
1754611200000,112.5344
1754611260000,141.1285
1754611320000,162.9138
1754611380000,163.244
1754611440000,161.5314
1754611500000,167.3791
1754611560000,164.1981
1754611620000,159.7212
1754611680000,161.1392
1754611740000,149.5366
1754611800000,153.0285
1754611860000,155.7376
1754611920000,166.5956
1754611980000,148.6509
1754612040000,143.2196
1754612100000,141.9807
1754612160000,143.0754
1754612220000,141.9125
1754612280000,149.0594
1754612340000,146.1803
1754612400000,144.1851
1754612460000,142.7082
1754612520000,140.0423
1754612580000,144.7364
1754612640000,139.5188
1754612700000,140.244
1754612760000,142.053
1754612820000,139.3585
1754612880000,138.8046
1754612940000,138.2438
1754613000000,143.4254
1754613060000,146.3985
1754613120000,145.555
1754613180000,147.9256
1754613240000,145.8428
1754613300000,147.3415
1754613360000,148.5942
1754613420000,147.7594
1754613480000,144.3483
1754613540000,146.2123
1754613600000,143.5603
1754613660000,148.5581
1754613720000,145.5927
1754613780000,145.4711
1754613840000,139.1285
1754613900000,136.7215
1754613960000,147.4028
1754614020000,144.1012
1754614080000,145.2456
1754614140000,143.8148
1754614200000,142.9887
1754614260000,149.3978
1754614320000,143.0646
1754614380000,151.8118
1754614440000,140.4266
1754614500000,150.7841
1754614560000,146.417
1754614620000,144.9053
1754614680000,149.1868
1754614740000,146.5488
1754614800000,149.8406
1754614860000,147.0121
1754614920000,147.4955
1754614980000,148.7118
1754615040000,146.0222
1754615100000,147.5568
1754615160000,139.8933
1754615220000,143.6119
1754615280000,146.5925
1754615340000,139.5836
1754615400000,146.617
1754615460000,148.7459
1754615520000,144.0552
1754615580000,144.2293
1754615640000,147.7886
1754615700000,146.3639
1754615760000,147.2932
1754615820000,141.6536
1754615880000,146.6228
1754615940000,144.0899
1754616000000,150.0959
1754616060000,145.1376
1754616120000,148.644
1754616180000,143.9035
1754616240000,145.8728
1754616300000,145.2471
1754616360000,145.9322
1754616420000,143.6335
1754616480000,148.3979
1754616540000,145.1702
1754616600000,159.4058
1754616660000,146.7182
1754616720000,144.4588
1754616780000,143.3361
1754616840000,142.9151
1754616900000,144.6032
1754616960000,140.886
1754617020000,144.5231
1754617080000,143.1339
1754617140000,142.5054
1754617200000,146.2761
1754617260000,144.6036
1754617320000,142.9792
1754617380000,147.299
1754617440000,147.5117
1754617500000,146.5208
1754617560000,147.477
1754617620000,143.6226
1754617680000,145.0597
1754617740000,143.1372
1754617800000,146.0232
1754617860000,146.9378
1754617920000,145.9727
1754617980000,145.7737
1754618040000,142.007
1754618100000,148.8285
1754618160000,145.4232
1754618220000,146.773
1754618280000,143.0271
1754618340000,147.2991
1754618400000,149.9789
1754618460000,140.9624
1754618520000,149.2408
1754618580000,148.1878
1754618640000,145.4638
1754618700000,147.4709
1754618760000,147.6585
1754618820000,147.5614
1754618880000,146.9476
1754618940000,147.6598
1754619000000,144.5178
1754619060000,149.3702
1754619120000,151.8898
1754619180000,145.9309
1754619240000,144.6944
1754619300000,152.9639
1754619360000,150.0297
1754619420000,148.0011
1754619480000,143.5665
1754619540000,149.0064
1754619600000,152.5698
1754619660000,148.754
1754619720000,148.4562
1754619780000,150.5999
1754619840000,149.6577
1754619900000,150.4184
1754619960000,141.6206
1754620020000,147.0403
1754620080000,149.4871
1754620140000,154.6987
1754620200000,162.3637
1754620260000,151.6996
1754620320000,152.8881
1754620380000,154.4317
1754620440000,147.9196
1754620500000,147.5683
1754620560000,148.5681
1754620620000,153.4599
1754620680000,153.7752
1754620740000,146.2386
1754620800000,155.9638
1754620860000,157.1697
1754620920000,154.8299
1754620980000,147.3202
1754621040000,157.8494
1754621100000,154.5907
1754621160000,153.0438
1754621220000,156.9929
1754621280000,158.8229
1754621340000,154.9679
1754621400000,152.6148
1754621460000,152.8914
1754621520000,152.4601
1754621580000,157.2485
1754621640000,149.5077
1754621700000,156.44
1754621760000,155.4728
1754621820000,153.1045
1754621880000,147.7317
1754621940000,158.7804
1754622000000,162.6271
1754622060000,158.7421
1754622120000,154.2799
1754622180000,152.5507
1754622240000,154.6638
1754622300000,153.4792
1754622360000,160.6793
1754622420000,154.272
1754622480000,152.3034
1754622540000,157.1622
1754622600000,152.9913
1754622660000,166.1334
1754622720000,171.6967
1754622780000,155.6484
1754622840000,152.102
1754622900000,160.578
1754622960000,162.3843
1754623020000,156.2679
1754623080000,157.7435
1754623140000,157.8548
1754623200000,158.312
1754623260000,157.9053
1754623320000,152.3611
1754623380000,151.4503
1754623440000,152.8581
1754623500000,155.7153
1754623560000,159.0974
1754623620000,157.7787
1754623680000,153.3766
1754623740000,154.6684
1754623800000,166.7109
1754623860000,156.9334
1754623920000,155.9766
1754623980000,160.3395
1754624040000,157.6057
1754624100000,155.4779
1754624160000,159.4677
1754624220000,154.9012
1754624280000,155.6852
1754624340000,154.8393
1754624400000,159.4182
1754624460000,154.414
1754624520000,155.4592
1754624580000,158.4862
1754624640000,161.8749
1754624700000,159.4032
1754624760000,158.267
1754624820000,155.7038
1754624880000,155.6938
1754624940000,157.8691
1754625000000,154.5483
1754625060000,156.069
1754625120000,153.2662
1754625180000,153.8496
1754625240000,155.2262
1754625300000,157.9895
1754625360000,159.1837
1754625420000,161.7361
1754625480000,158.7609
1754625540000,161.1073
1754625600000,163.7814
1754625660000,154.0505
1754625720000,156.0933
1754625780000,156.4954
1754625840000,153.1646
1754625900000,157.3428
1754625960000,162.8667
1754626020000,162.9428
1754626080000,158.8958
1754626140000,158.6017
1754626200000,159.3335
1754626260000,158.5163
1754626320000,157.4131
1754626380000,155.7031
1754626440000,153.4605
1754626500000,157.1869
1754626560000,166.3819
1754626620000,158.6906
1754626680000,156.2676
1754626740000,157.7131
1754626800000,163.1441
1754626860000,158.6293
1754626920000,151.9669
1754626980000,157.5134
1754627040000,159.0262
1754627100000,159.0892
1754627160000,154.817
1754627220000,153.9289
1754627280000,161.0082
1754627340000,157.5623
1754627400000,156.5863
1754627460000,154.3407
1754627520000,158.4429
1754627580000,154.8488
1754627640000,156.5018
1754627700000,155.1974
1754627760000,158.7876
1754627820000,157.1874
1754627880000,149.558
1754627940000,152.6261
1754628000000,156.3062
1754628060000,159.1547
1754628120000,154.9672
1754628180000,153.9134
1754628240000,156.1036
1754628300000,156.1354
1754628360000,162.9717
1754628420000,157.603
1754628480000,161.5199
1754628540000,154.5253
1754628600000,160.8518
1754628660000,155.4821
1754628720000,156.1102
1754628780000,155.7315
1754628840000,155.0068
1754628900000,157.318
1754628960000,162.0955
1754629020000,155.6511
1754629080000,156.1351
1754629140000,159.1333
1754629200000,163.0735
1754629260000,157.7695
1754629320000,161.341
1754629380000,163.6011
1754629440000,161.2259
1754629500000,165.6181
1754629560000,161.7686
1754629620000,159.3099
1754629680000,159.3259
1754629740000,162.1712
1754629800000,168.4878
1754629860000,161.5227
1754629920000,164.3499
1754629980000,160.6871
1754630040000,173.681
1754630100000,166.3506
1754630160000,162.1926
1754630220000,158.207
1754630280000,158.5437
1754630340000,156.6529
1754630400000,161.2917
1754630460000,159.1441
1754630520000,168.4038
1754630580000,160.4007
1754630640000,163.927
1754630700000,166.2189
1754630760000,158.1285
1754630820000,156.8765
1754630880000,161.7389
1754630940000,164.1129
1754631000000,165.6317
1754631060000,153.2643
1754631120000,157.8005
1754631180000,165.5639
1754631240000,157.7569
1754631300000,157.4427
1754631360000,158.0691
1754631420000,159.3463
1754631480000,158.0933
1754631540000,158.9125
1754631600000,163.0994
1754631660000,158.2824
1754631720000,160.441
1754631780000,157.1487
1754631840000,160.6282
1754631900000,158.4411
1754631960000,154.36
1754632020000,163.5228
1754632080000,157.3017
1754632140000,161.375
1754632200000,156.9468
1754632260000,165.0596
1754632320000,156.1954
1754632380000,159.07
1754632440000,160.7148
1754632500000,158.8325
1754632560000,162.3787
1754632620000,163.7026
1754632680000,161.6119
1754632740000,159.1125
1754632800000,166.8356
1754632860000,162.9882
1754632920000,155.8381
1754632980000,157.7067
1754633040000,160.8243
1754633100000,157.6422
1754633160000,200.2897
1754633220000,208.6616
1754633280000,152.3885
1754633340000,152.9101
1754633400000,159.4987
1754633460000,161.8539
1754633520000,157.2426
1754633580000,158.1388
1754633640000,157.6302
1754633700000,163.6345
1754633760000,160.6129
1754633820000,158.9136
1754633880000,157.8182
1754633940000,157.9699
1754634000000,156.6403
1754634060000,189.0133
1754634120000,201.9741
1754634180000,161.4536
1754634240000,160.3939
1754634300000,158.7699
1754634360000,159.8533
1754634420000,161.152
1754634480000,166.7455
1754634540000,225.3694
1754634600000,173.1672
1754634660000,162.8999
1754634720000,294.8572
1754634780000,196.0886
1754634840000,166.0035
1754634900000,157.1669
1754634960000,160.8647
1754635020000,166.8564
1754635080000,156.8314
1754635140000,159.6684
1754635200000,166.471
1754635260000,163.6673
1754635320000,165.1349
1754635380000,165.9397
1754635440000,160.2383
1754635500000,161.8409
1754635560000,170.6334
1754635620000,161.6167
1754635680000,163.7802
1754635740000,166.0507
1754635800000,163.0998
1754635860000,162.641
1754635920000,156.1597
1754635980000,158.987
1754636040000,160.0402
1754636100000,158.7745
1754636160000,154.5578
1754636220000,156.5519
1754636280000,159.1988
1754636340000,160.946
1754636400000,165.1233
1754636460000,160.1285
1754636520000,161.1662
1754636580000,180.049
1754636640000,194.9167
1754636700000,165.9782
1754636760000,162.9634
1754636820000,159.7838
1754636880000,165.1121
1754636940000,161.5383
1754637000000,164.2049
1754637060000,161.9834
1754637120000,161.8161
1754637180000,161.3846
1754637240000,167.6836
1754637300000,166.2209
1754637360000,163.5784
1754637420000,157.8496
1754637480000,172.2494
1754637540000,161.9971
1754637600000,161.9782
1754637660000,164.6941
1754637720000,159.118
1754637780000,158.794
1754637840000,159.6457
1754637900000,159.3846
1754637960000,161.9937
1754638020000,161.4524
1754638080000,161.1642
1754638140000,154.6832
1754638200000,160.2994
1754638260000,152.5218
1754638320000,153.1148
1754638380000,148.5296
1754638440000,153.7913
1754638500000,156.6032
1754638560000,155.2398
1754638620000,155.873
1754638680000,154.2381
1754638740000,153.9473
1754638800000,156.2111
1754638860000,157.0803
1754638920000,149.5498
1754638980000,151.2553
1754639040000,161.3943
1754639100000,163.2451
1754639160000,157.7314
1754639220000,156.4743
1754639280000,162.593
1754639340000,157.4997
1754639400000,159.3991
1754639460000,162.2045
1754639520000,157.9612
1754639580000,155.8485
1754639640000,156.6842
1754639700000,160.5248
1754639760000,160.5436
1754639820000,154.3399
1754639880000,159.0064
1754639940000,159.7494
1754640000000,183.8946
1754640060000,163.4375
1754640120000,155.4322
1754640180000,153.1668
1754640240000,158.0284
1754640300000,158.6032
1754640360000,162.2471
1754640420000,158.0694
1754640480000,162.7517
1754640540000,156.9201
1754640600000,160.2052
1754640660000,165.5808
1754640720000,158.4088
1754640780000,157.1936
1754640840000,158.2976
1754640900000,154.8829
1754640960000,153.7722
1754641020000,155.6266
1754641080000,155.7255
1754641140000,157.3326
1754641200000,160.1052
1754641260000,160.5289
1754641320000,161.1331
1754641380000,156.4241
1754641440000,154.8724
1754641500000,156.801
1754641560000,154.172
1754641620000,157.6207
1754641680000,160.2575
1754641740000,165.0506
1754641800000,167.3141
1754641860000,162.1986
1754641920000,159.4974
1754641980000,153.7275
1754642040000,158.4715
1754642100000,162.1924
1754642160000,157.5855
1754642220000,159.5357
1754642280000,163.6121
1754642340000,153.5341
1754642400000,160.1638
1754642460000,159.7656
1754642520000,157.8173
1754642580000,158.7382
1754642640000,156.5254
1754642700000,163.6895
1754642760000,167.1117
1754642820000,156.3976
1754642880000,161.4619
1754642940000,160.4697
1754643000000,162.1724
1754643060000,158.5844
1754643120000,159.0787
1754643180000,156.3607
1754643240000,158.3952
1754643300000,159.9718
1754643360000,161.7587
1754643420000,161.1899
1754643480000,162.5536
1754643540000,157.5112
1754643600000,160.0014
1754643660000,163.8332
1754643720000,160.8249
1754643780000,160.0181
1754643840000,156.6112
1754643900000,161.0492
1754643960000,158.4992
1754644020000,163.7161
1754644080000,158.9418
1754644140000,163.8348
1754644200000,165.0753
1754644260000,165.1426
1754644320000,167.2793
1754644380000,160.5604
1754644440000,163.1292
1754644500000,164.031
1754644560000,163.9014
1754644620000,161.0434
1754644680000,160.3679
1754644740000,162.1845
1754644800000,160.9138
1754644860000,164.2104
1754644920000,165.7015
1754644980000,172.1564
1754645040000,166.8136
1754645100000,164.0253
1754645160000,163.6564
1754645220000,161.0419
1754645280000,162.9919
1754645340000,168.956
1754645400000,171.0879
1754645460000,163.1898
1754645520000,161.0351
1754645580000,161.5722
1754645640000,165.2285
1754645700000,164.6656
1754645760000,160.2658
1754645820000,163.4483
1754645880000,159.6158
1754645940000,164.5961
1754646000000,167.938
1754646060000,162.3729
1754646120000,167.9224
1754646180000,162.0087
1754646240000,160.0379
1754646300000,161.6848
1754646360000,158.2732
1754646420000,161.6539
1754646480000,159.0053
1754646540000,156.6927
1754646600000,163.0754
1754646660000,159.7139
1754646720000,156.069
1754646780000,158.5826
1754646840000,161.5886
1754646900000,160.9417
1754646960000,162.6008
1754647020000,163.3198
1754647080000,160.8317
1754647140000,165.343
1754647200000,174.9993
1754647260000,164.3011
1754647320000,167.0328
1754647380000,162.4907
1754647440000,162.1823
1754647500000,163.6131
1754647560000,164.9213
1754647620000,162.1243
1754647680000,156.3932
1754647740000,164.2339
1754647800000,162.8747
1754647860000,159.5696
1754647920000,163.3842
1754647980000,163.8363
1754648040000,162.6885
1754648100000,166.4919
1754648160000,164.4549
1754648220000,163.0076
1754648280000,164.8721
1754648340000,169.7546
1754648400000,166.3403
1754648460000,162.91
1754648520000,162.0167
1754648580000,167.3428
1754648640000,165.2771
1754648700000,159.4052
1754648760000,160.0237
1754648820000,162.5571
1754648880000,158.6011
1754648940000,162.9339
1754649000000,167.9388
1754649060000,164.5641
1754649120000,166.6174
1754649180000,160.9151
1754649240000,163.6037
1754649300000,159.6034
1754649360000,162.9782
1754649420000,158.085
1754649480000,170.7683
1754649540000,158.4424
1754649600000,161.4192
1754649660000,164.1572
1754649720000,158.0575
1754649780000,155.5043
1754649840000,164.1259
1754649900000,162.3397
1754649960000,157.0743
1754650020000,158.253
1754650080000,156.0263
1754650140000,160.9011
1754650200000,156.6479
1754650260000,155.2022
1754650320000,158.1984
1754650380000,162.8049
1754650440000,159.9848
1754650500000,164.8676
1754650560000,157.1034
1754650620000,159.6436
1754650680000,156.1743
1754650740000,163.8965
1754650800000,163.1513
1754650860000,160.0972
1754650920000,154.1506
1754650980000,156.0267
1754651040000,157.7994
1754651100000,155.9515
1754651160000,159.7262
1754651220000,152.2696
1754651280000,157.0518
1754651340000,162.1492
1754651400000,163.1479
1754651460000,162.0841
1754651520000,162.1581
1754651580000,163.2708
1754651640000,159.7275
1754651700000,164.4875
1754651760000,166.0674
1754651820000,162.2147
1754651880000,158.407
1754651940000,158.6025
1754652000000,166.5974
1754652060000,157.9271
1754652120000,157.4733
1754652180000,159.6364
1754652240000,158.8288
1754652300000,154.9104
1754652360000,155.7249
1754652420000,153.9727
1754652480000,153.9562
1754652540000,159.4189
1754652600000,160.1727
1754652660000,156.6078
1754652720000,158.2896
1754652780000,157.9764
1754652840000,154.3831
1754652900000,155.8935
1754652960000,154.9189
1754653020000,158.3504
1754653080000,153.4834
1754653140000,158.7203
1754653200000,155.7921
1754653260000,158.684
1754653320000,157.2963
1754653380000,160.1139
1754653440000,158.5722
1754653500000,160.2897
1754653560000,157.2503
1754653620000,155.8561
1754653680000,154.9239
1754653740000,157.7713
1754653800000,157.7868
1754653860000,158.0471
1754653920000,159.9304
1754653980000,156.183
1754654040000,161.7592
1754654100000,156.9189
1754654160000,160.9197
1754654220000,157.2335
1754654280000,158.0546
1754654340000,162.3778
1754654400000,168.7686
1754654460000,157.2802
1754654520000,154.6547
1754654580000,161.3732
1754654640000,160.5934
1754654700000,156.1395
1754654760000,154.6786
1754654820000,160.0777
1754654880000,151.7377
1754654940000,154.2315
1754655000000,156.6705
1754655060000,158.7325
1754655120000,155.5902
1754655180000,150.7353
1754655240000,149.1242
1754655300000,153.4571
1754655360000,156.656
1754655420000,160.9612
1754655480000,156.7668
1754655540000,157.9085
1754655600000,152.4384
1754655660000,160.2822
1754655720000,148.7214
1754655780000,154.7203
1754655840000,152.573
1754655900000,156.5391
1754655960000,158.0483
1754656020000,153.5307
1754656080000,152.0296
1754656140000,154.6002
1754656200000,160.151
1754656260000,154.2516
1754656320000,147.8786
1754656380000,153.5258
1754656440000,150.2675
1754656500000,152.6135
1754656560000,151.2733
1754656620000,150.0952
1754656680000,153.9355
1754656740000,154.3113
1754656800000,157.9598
1754656860000,152.1455
1754656920000,154.0691
1754656980000,154.6435
1754657040000,166.8323
1754657100000,149.4385
1754657160000,156.1505
1754657220000,155.4205
1754657280000,155.9482
1754657340000,150.273
1754657400000,157.2767
1754657460000,156.0047
1754657520000,153.6612
1754657580000,151.1171
1754657640000,153.1312
1754657700000,152.3728
1754657760000,153.9321
1754657820000,305.785
1754657880000,174.328
1754657940000,161.7051
1754658000000,165.3091
1754658060000,156.6769
1754658120000,155.9456
1754658180000,155.6525
1754658240000,152.0477
1754658300000,154.2597
1754658360000,156.063
1754658420000,156.6593
1754658480000,158.0473
1754658540000,151.1904
1754658600000,158.2443
1754658660000,154.8231
1754658720000,151.1961
1754658780000,152.39
1754658840000,157.7178
1754658900000,158.5742
1754658960000,159.973
1754659020000,155.4241
1754659080000,156.5584
1754659140000,154.2734
1754659200000,155.9212
1754659260000,150.587
1754659320000,153.2238
1754659380000,149.1343
1754659440000,152.5027
1754659500000,151.0367
1754659560000,155.8163
1754659620000,155.5626
1754659680000,149.0324
1754659740000,150.0502
1754659800000,163.2249
1754659860000,150.1242
1754659920000,152.2306
1754659980000,152.4434
1754660040000,153.9629
1754660100000,156.1587
1754660160000,158.2374
1754660220000,150.1433
1754660280000,151.8655
1754660340000,153.6152
1754660400000,152.408
1754660460000,151.2383
1754660520000,151.845
1754660580000,153.4919
1754660640000,154.0872
1754660700000,151.8604
1754660760000,155.5825
1754660820000,152.2815
1754660880000,151.8822
1754660940000,153.0198
1754661000000,148.8955
1754661060000,149.4488
1754661120000,146.4505
1754661180000,149.5734
1754661240000,154.7407
1754661300000,156.2598
1754661360000,152.5414
1754661420000,152.2065
1754661480000,152.7974
1754661540000,153.8893
1754661600000,153.405
1754661660000,147.3222
1754661720000,149.6527
1754661780000,149.167
1754661840000,148.9196
1754661900000,150.8236
1754661960000,151.7932
1754662020000,147.3885
1754662080000,151.3318
1754662140000,149.2105
1754662200000,146.2945
1754662260000,152.8339
1754662320000,207.804
1754662380000,201.1271
1754662440000,170.4919
1754662500000,160.6698
1754662560000,153.0912
1754662620000,150.8124
1754662680000,151.2214
1754662740000,151.1365
1754662800000,148.5441
1754662860000,149.2773
1754662920000,148.1511
1754662980000,153.3834
1754663040000,149.6021
1754663100000,146.1953
1754663160000,148.1302
1754663220000,148.3459
1754663280000,152.7745
1754663340000,151.1105
1754663400000,149.7754
1754663460000,151.5729
1754663520000,151.9899
1754663580000,143.8635
1754663640000,145.5725
1754663700000,148.9951
1754663760000,151.5526
1754663820000,144.1172
1754663880000,147.1459
1754663940000,150.3078
1754664000000,149.545
1754664060000,148.1867
1754664120000,147.4065
1754664180000,144.7876
1754664240000,149.6067
1754664300000,147.2849
1754664360000,146.0891
1754664420000,143.0318
1754664480000,154.0816
1754664540000,140.3904
1754664600000,148.3794
1754664660000,149.848
1754664720000,147.8588
1754664780000,148.0241
1754664840000,154.7606
1754664900000,152.8059
1754664960000,146.0914
1754665020000,145.5059
1754665080000,148.6909
1754665140000,145.7576
1754665200000,153.8898
1754665260000,150.4913
1754665320000,147.4036
1754665380000,144.6643
1754665440000,147.5783
1754665500000,145.3039
1754665560000,146.8692
1754665620000,144.0046
1754665680000,148.6063
1754665740000,148.5785
1754665800000,143.4212
1754665860000,148.2024
1754665920000,145.2814
1754665980000,141.1631
1754666040000,150.4805
1754666100000,146.0661
1754666160000,143.1989
1754666220000,142.2867
1754666280000,140.6995
1754666340000,140.6463
1754666400000,144.5668
1754666460000,148.4949
1754666520000,147.1946
1754666580000,144.6726
1754666640000,147.3512
1754666700000,147.6593
1754666760000,147.1631
1754666820000,148.2366
1754666880000,146.2024
1754666940000,149.4199
1754667000000,152.4043
1754667060000,144.7497
1754667120000,147.7694
1754667180000,146.701
1754667240000,148.7036
1754667300000,141.3111
1754667360000,146.867
1754667420000,139.4203
1754667480000,148.2055
1754667540000,145.6496
1754667600000,145.5952
1754667660000,149.7099
1754667720000,145.763
1754667780000,148.0372
1754667840000,140.5312
1754667900000,136.1996
1754667960000,142.0253
1754668020000,144.1256
1754668080000,144.2259
1754668140000,141.2634
1754668200000,142.9443
1754668260000,144.9459
1754668320000,146.0652
1754668380000,141.3325
1754668440000,141.4862
1754668500000,133.1967
1754668560000,139.5882
1754668620000,136.2671
1754668680000,141.9785
1754668740000,146.0103
1754668800000,162.1551
1754668860000,144.2102
1754668920000,150.4316
1754668980000,142.5976
1754669040000,140.8019
1754669100000,137.7431
1754669160000,146.3432
1754669220000,149.5908
1754669280000,151.4734
1754669340000,150.1397
1754669400000,152.8359
1754669460000,140.0263
1754669520000,139.666
1754669580000,135.0409
1754669640000,139.1285
1754669700000,145.7179
1754669760000,149.7175
1754669820000,140.2648
1754669880000,142.2642
1754669940000,136.6317
1754670000000,152.1167
1754670060000,146.5414
1754670120000,139.7998
1754670180000,138.8547
1754670240000,137.5138
1754670300000,140.0614
1754670360000,141.5369
1754670420000,139.4337
1754670480000,144.3291
1754670540000,138.6403
1754670600000,142.7989
1754670660000,141.3524
1754670720000,140.1655
1754670780000,138.1873
1754670840000,140.9803
1754670900000,136.6492
1754670960000,139.5541
1754671020000,142.1441
1754671080000,141.0598
1754671140000,142.7839
1754671200000,140.0899
1754671260000,138.3981
1754671320000,143.2923
1754671380000,137.7162
1754671440000,134.2739
1754671500000,143.2835
1754671560000,142.6199
1754671620000,142.3991
1754671680000,138.8061
1754671740000,145.8155
1754671800000,148.0701
1754671860000,140.4622
1754671920000,144.566
1754671980000,146.0524
1754672040000,144.7774
1754672100000,144.3266
1754672160000,137.0569
1754672220000,137.6606
1754672280000,144.013
1754672340000,142.0083
1754672400000,161.1144
1754672460000,141.5859
1754672520000,145.2204
1754672580000,162.795
1754672640000,150.1827
1754672700000,164.5332
1754672760000,168.0809
1754672820000,151.3564
1754672880000,156.7577
1754672940000,155.8353
1754673000000,156.9377
1754673060000,162.3847
1754673120000,154.3531
1754673180000,147.6059
1754673240000,157.981
1754673300000,161.3417
1754673360000,157.0248
1754673420000,155.8279
1754673480000,164.0307
1754673540000,156.2333
1754673600000,149.9442
1754673660000,148.727
1754673720000,152.9047
1754673780000,154.8057
1754673840000,156.8142
1754673900000,156.0342
1754673960000,164.6434
1754674020000,166.389
1754674080000,169.1893
1754674140000,155.2101
1754674200000,167.6924
1754674260000,149.1665
1754674320000,156.1075
1754674380000,151.726
1754674440000,159.2
1754674500000,151.3568
1754674560000,149.1115
1754674620000,159.7823
1754674680000,160.216
1754674740000,145.4002
1754674800000,160.2654
1754674860000,145.2216
1754674920000,156.7991
1754674980000,155.2533
1754675040000,154.9686
1754675100000,161.2643
1754675160000,157.7741
1754675220000,161.7157
1754675280000,152.7461
1754675340000,160.7107
1754675400000,153.0439
1754675460000,167.2363
1754675520000,163.8147
1754675580000,151.3323
1754675640000,155.0043
1754675700000,158.7756
1754675760000,152.5544
1754675820000,153.4879
1754675880000,141.5597
1754675940000,160.5675
1754676000000,160.0491
1754676060000,162.4153
1754676120000,158.6754
1754676180000,150.1309
1754676240000,163.5356
1754676300000,172.2615
1754676360000,163.5616
1754676420000,145.3977
1754676480000,144.9048
1754676540000,155.1018
1754676600000,157.9836
1754676660000,156.6484
1754676720000,167.309
1754676780000,151.5119
1754676840000,145.3088
1754676900000,140.8251
1754676960000,155.4526
1754677020000,171.3378
1754677080000,169.9093
1754677140000,172.6278
1754677200000,146.3648
1754677260000,162.6486
1754677320000,154.9783
1754677380000,143.5076
1754677440000,157.2253
1754677500000,140.9275
1754677560000,152.3337
1754677620000,149.8786
1754677680000,151.2029
1754677740000,153.3677
1754677800000,164.5359
1754677860000,148.8854
1754677920000,154.8581
1754677980000,151.9515
1754678040000,153.1514
1754678100000,151.6326
1754678160000,151.0453
1754678220000,145.0709
1754678280000,148.1905
1754678340000,142.9283
1754678400000,158.6665
1754678460000,145.4875
1754678520000,142.9905
1754678580000,141.4359
1754678640000,130.8045
1754678700000,157.7541
1754678760000,147.9501
1754678820000,145.7239
1754678880000,136.4301
1754678940000,150.9475
1754679000000,162.653
1754679060000,140.3465
1754679120000,158.5613
1754679180000,138.9438
1754679240000,144.2339
1754679300000,161.0571
1754679360000,152.82
1754679420000,153.3498
1754679480000,169.0981
1754679540000,167.6934
1754679600000,158.8032
1754679660000,152.8247
1754679720000,157.4415
1754679780000,149.8837
1754679840000,157.8914
1754679900000,149.3248
1754679960000,151.4487
1754680020000,149.1145
1754680080000,155.4126
1754680140000,151.397
1754680200000,149.4055
1754680260000,149.0732
1754680320000,148.2855
1754680380000,161.6942
1754680440000,148.3654
1754680500000,161.6059
1754680560000,172.4871
1754680620000,154.6792
1754680680000,147.7602
1754680740000,149.4626
1754680800000,164.1495
1754680860000,147.9895
1754680920000,153.9378
1754680980000,160.1163
1754681040000,161.6363
1754681100000,164.4237
1754681160000,170.9581
1754681220000,161.4247
1754681280000,156.7632
1754681340000,154.9454
1754681400000,165.1679
1754681460000,164.966
1754681520000,167.3611
1754681580000,154.9683
1754681640000,153.5699
1754681700000,175.2965
1754681760000,154.666
1754681820000,158.1156
1754681880000,169.6068
1754681940000,157.3507
1754682000000,157.0953
1754682060000,176.7415
1754682120000,162.4751
1754682180000,159.9176
1754682240000,165.8944
1754682300000,156.6852
1754682360000,159.5528
1754682420000,150.157
1754682480000,149.2487
1754682540000,153.5021
1754682600000,162.2049
1754682660000,153.6321
1754682720000,158.5187
1754682780000,156.4531
1754682840000,156.6632
1754682900000,164.9482
1754682960000,168.6262
1754683020000,153.5788
1754683080000,147.6463
1754683140000,169.0368
1754683200000,146.5361
1754683260000,172.2966
1754683320000,152.9772
1754683380000,171.6122
1754683440000,173.1735
1754683500000,164.6987
1754683560000,167.5115
1754683620000,153.1735
1754683680000,146.7014
1754683740000,144.598
1754683800000,146.9393
1754683860000,149.1211
1754683920000,150.1886
1754683980000,158.5142
1754684040000,144.9511
1754684100000,150.6643
1754684160000,151.9011
1754684220000,149.1732
1754684280000,145.0154
1754684340000,149.3636
1754684400000,145.4779
1754684460000,150.9842
1754684520000,147.862
1754684580000,162.811
1754684640000,165.3398
1754684700000,144.1416
1754684760000,165.2049
1754684820000,148.2687
1754684880000,139.7064
1754684940000,166.0363
1754685000000,167.1764
1754685060000,159.3882
1754685120000,148.1209
1754685180000,165.4472
1754685240000,142.2648
1754685300000,143.8786
1754685360000,138.5053
1754685420000,151.4394
1754685480000,147.3758
1754685540000,140.8243
1754685600000,150.2555
1754685660000,156.2177
1754685720000,153.6093
1754685780000,164.5098
1754685840000,144.2175
1754685900000,174.2148
1754685960000,147.1349
1754686020000,169.4272
1754686080000,143.2676
1754686140000,164.7045
1754686200000,156.7066
1754686260000,144.083
1754686320000,143.3935
1754686380000,170.7374
1754686440000,146.0975
1754686500000,153.905
1754686560000,148.1266
1754686620000,157.0607
1754686680000,162.5916
1754686740000,161.6306
1754686800000,172.8981
1754686860000,170.7174
1754686920000,130.7419
1754686980000,116.9322
1754687040000,104.5283
1754687100000,88.5049
1754687160000,106.4535
1754687220000,102.3444
1754687280000,105.9083
1754687340000,109.7382
1754687400000,111.9123
1754687460000,113.6753
1754687520000,116.7128
1754687580000,119.5274
1754687640000,118.8819
1754687700000,115.5187
1754687760000,118.8814
1754687820000,142.8647
1754687880000,153.5182
1754687940000,153.1626
1754688000000,160.014
1754688060000,150.6076
1754688120000,147.8982
1754688180000,148.6843
1754688240000,153.2197
1754688300000,155.5439
1754688360000,142.4085
1754688420000,146.8746
1754688480000,142.5728
1754688540000,162.9941
1754688600000,152.4084
1754688660000,155.304
1754688720000,154.2334
1754688780000,152.8242
1754688840000,156.5847
1754688900000,150.6608
1754688960000,157.0519
1754689020000,156.9309
1754689080000,156.7957
1754689140000,160.2648
1754689200000,149.4568
1754689260000,161.0718
1754689320000,156.6765
1754689380000,152.0655
1754689440000,155.9866
1754689500000,150.8674
1754689560000,153.3919
1754689620000,150.4141
1754689680000,141.8424
1754689740000,143.2448
1754689800000,148.4754
1754689860000,156.7357
1754689920000,143.0101
1754689980000,141.5556
1754690040000,150.6915
1754690100000,144.9017
1754690160000,143.337
1754690220000,144.9825
1754690280000,147.79
1754690340000,161.4136
1754690400000,152.0005
1754690460000,148.9567
1754690520000,151.0293
1754690580000,154.9312
1754690640000,161.4439
1754690700000,153.8626
1754690760000,150.7558
1754690820000,152.9564
1754690880000,156.6961
1754690940000,153.932
1754691000000,155.4017
1754691060000,155.1025
1754691120000,150.832
1754691180000,148.5214
1754691240000,149.9311
1754691300000,153.6988
1754691360000,151.4346
1754691420000,149.7894
1754691480000,149.0203
1754691540000,149.264
1754691600000,146.5277
1754691660000,159.0487
1754691720000,162.6704
1754691780000,152.4125
1754691840000,160.6391
1754691900000,152.0254
1754691960000,161.9722
1754692020000,154.7216
1754692080000,163.062
1754692140000,154.5729
1754692200000,163.3578
1754692260000,154.9993
1754692320000,155.965
1754692380000,152.3796
1754692440000,156.6509
1754692500000,176.3069
1754692560000,170.4389
1754692620000,180.165
1754692680000,157.186
1754692740000,157.4584
1754692800000,164.2296
1754692860000,165.727
1754692920000,159.0488
1754692980000,154.8254
1754693040000,167.4813
1754693100000,160.1954
1754693160000,165.6333
1754693220000,153.2004
1754693280000,162.2449
1754693340000,157.8035
1754693400000,156.5561
1754693460000,157.522
1754693520000,155.6678
1754693580000,151.7796
1754693640000,153.7621
1754693700000,150.32
1754693760000,154.2538
1754693820000,151.7395
1754693880000,164.5055
1754693940000,177.7546
1754694000000,183.8526
1754694060000,185.907
1754694120000,164.6093
1754694180000,150.5212
1754694240000,164.067
1754694300000,148.5222
1754694360000,158.1966
1754694420000,151.9557
1754694480000,158.6279
1754694540000,159.6699
1754694600000,153.8123
1754694660000,160.322
1754694720000,158.3146
1754694780000,153.3198
1754694840000,153.6247
1754694900000,154.3879
1754694960000,154.7507
1754695020000,158.3641
1754695080000,156.8984
1754695140000,158.5754
1754695200000,159.3638
1754695260000,158.7734
1754695320000,161.9834
1754695380000,154.0206
1754695440000,158.3857
1754695500000,158.0539
1754695560000,157.1453
1754695620000,157.0327
1754695680000,151.1379
1754695740000,151.6231
1754695800000,159.9754
1754695860000,157.3174
1754695920000,156.8682
1754695980000,153.9498
1754696040000,160.2345
1754696100000,158.3422
1754696160000,158.165
1754696220000,154.6297
1754696280000,154.9511
1754696340000,157.3126
1754696400000,166.5815
1754696460000,156.667
1754696520000,155.8114
1754696580000,175.0477
1754696640000,232.3197
1754696700000,215.0902
1754696760000,221.6475
1754696820000,225.1844
1754696880000,212.5594
1754696940000,207.5191
1754697000000,211.1557
1754697060000,225.7556
1754697120000,231.4413
1754697180000,178.5414
1754697240000,153.7733
1754697300000,154.1097
1754697360000,150.4263
1754697420000,156.5201
1754697480000,159.7879
1754697540000,165.8613
1754697600000,129.6632
1754697660000,160.9703
1754697720000,182.264
1754697780000,188.6109
1754697840000,182.0081
1754697900000,175.4448
1754697960000,172.7432
1754698020000,171.5371
1754698080000,171.805
1754698140000,166.1492
1754698200000,163.0886
1754698260000,166.8549
1754698320000,170.1271
1754698380000,163.6265
1754698440000,163.483
1754698500000,159.7027
1754698560000,167.0674
1754698620000,171.0339
1754698680000,172.3826
1754698740000,164.3078
1754698800000,167.3171
1754698860000,171.6743
1754698920000,170.8531
1754698980000,170.0238
1754699040000,164.3946
1754699100000,163.6198
1754699160000,163.7089
1754699220000,164.1465
1754699280000,165.7103
1754699340000,168.3562
1754699400000,166.1319
1754699460000,171.5864
1754699520000,163.3947
1754699580000,170.1578
1754699640000,171.5678
1754699700000,167.4731
1754699760000,169.2516
1754699820000,172.0452
1754699880000,171.698
1754699940000,168.6603
1754700000000,180.6331
1754700060000,177.9151
1754700120000,175.8019
1754700180000,166.6689
1754700240000,167.2912
1754700300000,171.7405
1754700360000,174.3384
1754700420000,177.1865
1754700480000,184.6436
1754700540000,184.4725
1754700600000,190.9418
1754700660000,183.0488
1754700720000,182.7814
1754700780000,185.2302
1754700840000,180.0763
1754700900000,165.6323
1754700960000,163.2074
1754701020000,165.6281
1754701080000,164.1874
1754701140000,169.6644
1754701200000,168.5761
1754701260000,160.2764
1754701320000,166.5486
1754701380000,161.9608
1754701440000,157.9553
1754701500000,165.0938
1754701560000,168.9411
1754701620000,161.5484
1754701680000,167.1211
1754701740000,166.3392
1754701800000,165.7628
1754701860000,165.0144
1754701920000,158.6983
1754701980000,156.7375
1754702040000,167.1682
1754702100000,165.4614
1754702160000,168.1474
1754702220000,164.9909
1754702280000,167.9812
1754702340000,161.5383
1754702400000,160.1792
1754702460000,165.0396
1754702520000,162.1996
1754702580000,165.3018
1754702640000,165.9471
1754702700000,164.5282
1754702760000,160.0794
1754702820000,163.6042
1754702880000,164.4121
1754702940000,163.399
1754703000000,162.7918
1754703060000,161.4252
1754703120000,167.5488
1754703180000,167.4311
1754703240000,169.017
1754703300000,164.6976
1754703360000,161.5751
1754703420000,163.4244
1754703480000,162.2245
1754703540000,161.29
1754703600000,161.377
1754703660000,168.9367
1754703720000,166.2044
1754703780000,162.4982
1754703840000,168.1109
1754703900000,164.7104
1754703960000,166.2445
1754704020000,165.3442
1754704080000,169.2644
1754704140000,167.9064
1754704200000,162.5324
1754704260000,167.8336
1754704320000,161.7943
1754704380000,160.105
1754704440000,161.0249
1754704500000,165.4108
1754704560000,166.6051
1754704620000,169.5549
1754704680000,170.0072
1754704740000,165.2598
1754704800000,173.2554
1754704860000,165.9515
1754704920000,165.8257
1754704980000,164.6776
1754705040000,164.6529
1754705100000,163.0264
1754705160000,166.967
1754705220000,160.3645
1754705280000,160.8057
1754705340000,161.3307
1754705400000,168.5426
1754705460000,162.1915
1754705520000,160.5801
1754705580000,163.7611
1754705640000,165.1722
1754705700000,162.1553
1754705760000,162.6495
1754705820000,162.3895
1754705880000,164.6029
1754705940000,158.0719
1754706000000,165.829
1754706060000,170.6819
1754706120000,162.8406
1754706180000,163.706
1754706240000,165.1816
1754706300000,168.0223
1754706360000,169.9348
1754706420000,166.3337
1754706480000,161.7833
1754706540000,162.5717
1754706600000,167.4054
1754706660000,162.7735
1754706720000,159.1194
1754706780000,161.9515
1754706840000,162.3132
1754706900000,155.6326
1754706960000,166.8411
1754707020000,163.6125
1754707080000,164.8336
1754707140000,158.3705
1754707200000,161.375
1754707260000,156.6677
1754707320000,162.4993
1754707380000,160.9361
1754707440000,165.4367
1754707500000,163.8321
1754707560000,161.5719
1754707620000,166.0259
1754707680000,164.7841
1754707740000,165.973
1754707800000,165.9686
1754707860000,168.8393
1754707920000,160.5882
1754707980000,159.9792
1754708040000,157.287
1754708100000,163.1567
1754708160000,163.107
1754708220000,164.5889
1754708280000,165.001
1754708340000,166.7106
1754708400000,179.1086
1754708460000,161.959
1754708520000,163.3624
1754708580000,165.4097
1754708640000,164.1123
1754708700000,161.5519
1754708760000,163.4939
1754708820000,162.1484
1754708880000,161.3212
1754708940000,167.0548
1754709000000,161.5729
1754709060000,163.626
1754709120000,168.5117
1754709180000,161.9292
1754709240000,160.1683
1754709300000,159.5455
1754709360000,168.4235
1754709420000,166.5238
1754709480000,165.6454
1754709540000,165.5206
1754709600000,162.6445
1754709660000,167.0829
1754709720000,165.054
1754709780000,165.8312
1754709840000,171.5428
1754709900000,161.6623
1754709960000,165.7764
1754710020000,165.0753
1754710080000,167.6529
1754710140000,168.9838
1754710200000,172.1024
1754710260000,163.5639
1754710320000,160.7173
1754710380000,163.3318
1754710440000,163.0266
1754710500000,161.973
1754710560000,164.8268
1754710620000,158.3582
1754710680000,162.7709
1754710740000,162.8922
1754710800000,156.4559
1754710860000,159.7735
1754710920000,159.0111
1754710980000,157.4094
1754711040000,158.4349
1754711100000,159.6056
1754711160000,161.2295
1754711220000,160.6624
1754711280000,164.6846
1754711340000,155.5952
1754711400000,162.2825
1754711460000,160.7242
1754711520000,159.2794
1754711580000,154.0292
1754711640000,159.4891
1754711700000,158.5817
1754711760000,166.1249
1754711820000,157.9164
1754711880000,158.6981
1754711940000,165.3438
1754712000000,168.0356
1754712060000,160.0855
1754712120000,167.6848
1754712180000,159.2691
1754712240000,158.0937
1754712300000,159.122
1754712360000,164.5546
1754712420000,164.2413
1754712480000,161.3971
1754712540000,154.5189
1754712600000,160.5783
1754712660000,163.5872
1754712720000,163.7405
1754712780000,159.1169
1754712840000,162.4576
1754712900000,158.8581
1754712960000,169.5051
1754713020000,162.3315
1754713080000,164.2859
1754713140000,160.9349
1754713200000,167.7477
1754713260000,161.6003
1754713320000,161.1694
1754713380000,165.9626
1754713440000,156.6767
1754713500000,156.6066
1754713560000,167.3052
1754713620000,164.4439
1754713680000,164.0713
1754713740000,168.4782
1754713800000,167.9915
1754713860000,163.5182
1754713920000,163.2717
1754713980000,162.6415
1754714040000,167.9249
1754714100000,182.5617
1754714160000,166.4278
1754714220000,161.8055
1754714280000,160.235
1754714340000,163.3181
1754714400000,167.6423
1754714460000,163.5333
1754714520000,158.2447
1754714580000,161.6298
1754714640000,162.4734
1754714700000,159.9162
1754714760000,164.4562
1754714820000,161.876
1754714880000,164.322
1754714940000,159.5347
1754715000000,162.8652
1754715060000,159.3958
1754715120000,166.2447
1754715180000,162.9044
1754715240000,164.9298
1754715300000,160.3579
1754715360000,157.9641
1754715420000,160.9176
1754715480000,163.287
1754715540000,167.5147
1754715600000,163.9926
1754715660000,162.9493
1754715720000,165.0928
1754715780000,167.6103
1754715840000,163.4309
1754715900000,165.1576
1754715960000,164.9677
1754716020000,165.1617
1754716080000,158.0286
1754716140000,161.2329
1754716200000,167.0747
1754716260000,167.2553
1754716320000,168.6181
1754716380000,167.3153
1754716440000,161.7044
1754716500000,161.7677
1754716560000,164.9841
1754716620000,161.2627
1754716680000,166.2533
1754716740000,159.2452
1754716800000,165.0884
1754716860000,166.2827
1754716920000,162.6078
1754716980000,161.6944
1754717040000,160.238
1754717100000,158.4924
1754717160000,165.3198
1754717220000,161.8995
1754717280000,156.8589
1754717340000,158.4104
1754717400000,169.5568
1754717460000,168.2943
1754717520000,158.2982
1754717580000,165.5082
1754717640000,164.0325
1754717700000,166.1756
1754717760000,157.645
1754717820000,160.2715
1754717880000,158.0262
1754717940000,159.4933
1754718000000,165.5668
1754718060000,160.8071
1754718120000,163.674
1754718180000,161.0761
1754718240000,161.3451
1754718300000,163.2352
1754718360000,159.0504
1754718420000,157.4642
1754718480000,158.2214
1754718540000,160.7662
1754718600000,164.282
1754718660000,166.339
1754718720000,163.61
1754718780000,163.2676
1754718840000,160.5588
1754718900000,156.0966
1754718960000,162.0981
1754719020000,162.6073
1754719080000,170.257
1754719140000,160.1578
1754719200000,160.2759
1754719260000,161.1457
1754719320000,159.9471
1754719380000,167.0244
1754719440000,166.5344
1754719500000,175.0689
1754719560000,163.878
1754719620000,161.135
1754719680000,162.4207
1754719740000,161.5748
1754719800000,168.7262
1754719860000,159.6172
1754719920000,160.6749
1754719980000,159.5235
1754720040000,166.458
1754720100000,163.1567
1754720160000,164.6971
1754720220000,168.4387
1754720280000,170.1265
1754720340000,159.7504
1754720400000,161.2652
1754720460000,160.9336
1754720520000,167.2721
1754720580000,156.8963
1754720640000,164.6574
1754720700000,164.545
1754720760000,161.4427
1754720820000,162.9843
1754720880000,160.5143
1754720940000,163.6458
1754721000000,165.5994
1754721060000,163.1993
1754721120000,167.0486
1754721180000,162.6555
1754721240000,164.1626
1754721300000,161.7908
1754721360000,162.5813
1754721420000,161.7579
1754721480000,164.2527
1754721540000,157.6539
1754721600000,162.7376
1754721660000,156.4647
1754721720000,160.0385
1754721780000,157.2519
1754721840000,161.8601
1754721900000,162.1392
1754721960000,163.5778
1754722020000,165.9097
1754722080000,167.239
1754722140000,165.1543
1754722200000,168.394
1754722260000,159.9662
1754722320000,160.1739
1754722380000,156.4417
1754722440000,162.4362
1754722500000,160.3978
1754722560000,160.6216
1754722620000,162.0275
1754722680000,158.8747
1754722740000,157.0129
1754722800000,170.0467
1754722860000,167.154
1754722920000,164.7739
1754722980000,162.6527
1754723040000,165.0869
1754723100000,170.268
1754723160000,165.8968
1754723220000,163.8074
1754723280000,162.9496
1754723340000,162.6141
1754723400000,166.5489
1754723460000,160.9434
1754723520000,161.0294
1754723580000,165.1075
1754723640000,156.5723
1754723700000,164.9303
1754723760000,163.8834
1754723820000,165.9692
1754723880000,157.9238
1754723940000,159.2045
1754724000000,161.8234
1754724060000,168.1451
1754724120000,163.3988
1754724180000,155.2159
1754724240000,156.5488
1754724300000,159.3528
1754724360000,160.8488
1754724420000,161.5639
1754724480000,157.6347
1754724540000,161.3741
1754724600000,168.9175
1754724660000,161.7987
1754724720000,165.1971
1754724780000,160.027
1754724840000,163.7386
1754724900000,158.5278
1754724960000,161.2477
1754725020000,156.83
1754725080000,158.0639
1754725140000,160.1377
1754725200000,151.8974
1754725260000,151.9569
1754725320000,155.108
1754725380000,154.1824
1754725440000,159.0454
1754725500000,160.5046
1754725560000,162.3028
1754725620000,159.6725
1754725680000,160.0124
1754725740000,162.7971
1754725800000,163.8618
1754725860000,155.4315
1754725920000,159.4506
1754725980000,160.0342
1754726040000,157.171
1754726100000,157.7352
1754726160000,160.5918
1754726220000,157.7486
1754726280000,159.3633
1754726340000,164.6422
1754726400000,176.0082
1754726460000,160.7393
1754726520000,159.8731
1754726580000,159.6629
1754726640000,156.4787
1754726700000,159.9111
1754726760000,159.6432
1754726820000,157.546
1754726880000,157.8012
1754726940000,156.5778
1754727000000,163.4339
1754727060000,156.1395
1754727120000,163.044
1754727180000,162.0705
1754727240000,162.1886
1754727300000,159.516
1754727360000,169.0522
1754727420000,160.4864
1754727480000,160.4744
1754727540000,161.3903
1754727600000,168.4223
1754727660000,159.2626
1754727720000,158.957
1754727780000,153.2603
1754727840000,162.4853
1754727900000,158.0699
1754727960000,163.032
1754728020000,161.6078
1754728080000,159.588
1754728140000,162.5791
1754728200000,161.3795
1754728260000,160.4543
1754728320000,161.5382
1754728380000,161.5776
1754728440000,157.3605
1754728500000,158.2767
1754728560000,158.1186
1754728620000,158.8305
1754728680000,156.83
1754728740000,155.111
1754728800000,160.2717
1754728860000,161.8477
1754728920000,152.8669
1754728980000,157.3463
1754729040000,160.7779
1754729100000,158.6949
1754729160000,163.065
1754729220000,157.9829
1754729280000,157.0267
1754729340000,154.8371
1754729400000,160.1405
1754729460000,161.5119
1754729520000,156.2608
1754729580000,155.235
1754729640000,153.7631
1754729700000,157.4801
1754729760000,159.7713
1754729820000,154.9203
1754729880000,156.7875
1754729940000,160.1994
1754730000000,160.2156
1754730060000,159.1512
1754730120000,156.9923
1754730180000,164.1462
1754730240000,155.3027
1754730300000,156.1023
1754730360000,159.0597
1754730420000,153.0082
1754730480000,154.5643
1754730540000,156.2767
1754730600000,160.3042
1754730660000,161.6559
1754730720000,152.6292
1754730780000,156.1902
1754730840000,152.3634
1754730900000,159.0813
1754730960000,155.6641
1754731020000,155.8935
1754731080000,155.0611
1754731140000,151.3674
1754731200000,154.2828
1754731260000,158.5061
1754731320000,157.8611
1754731380000,159.7635
1754731440000,162.1543
1754731500000,155.7935
1754731560000,154.6224
1754731620000,158.8871
1754731680000,156.1476
1754731740000,155.8383
1754731800000,159.6115
1754731860000,159.3799
1754731920000,155.0716
1754731980000,152.9173
1754732040000,156.8902
1754732100000,156.5774
1754732160000,155.9611
1754732220000,156.2969
1754732280000,160.0726
1754732340000,152.8218
1754732400000,166.1925
1754732460000,156.1422
1754732520000,155.4522
1754732580000,155.9204
1754732640000,150.0201
1754732700000,155.9891
1754732760000,152.0929
1754732820000,152.0127
1754732880000,153.3975
1754732940000,151.5283
1754733000000,154.4717
1754733060000,152.1874
1754733120000,156.3293
1754733180000,149.5361
1754733240000,149.2481
1754733300000,155.4966
1754733360000,157.41
1754733420000,150.0952
1754733480000,149.5112
1754733540000,156.1297
1754733600000,160.8829
1754733660000,156.7956
1754733720000,155.4799
1754733780000,156.4965
1754733840000,154.3936
1754733900000,153.9394
1754733960000,161.305
1754734020000,160.102
1754734080000,155.8931
1754734140000,157.9974
1754734200000,160.8051
1754734260000,157.3886
1754734320000,153.8154
1754734380000,147.9924
1754734440000,159.8219
1754734500000,160.1395
1754734560000,158.0582
1754734620000,154.4967
1754734680000,150.9647
1754734740000,159.5979
1754734800000,154.0791
1754734860000,156.7842
1754734920000,159.4102
1754734980000,159.7274
1754735040000,154.6369
1754735100000,157.9244
1754735160000,152.6301
1754735220000,157.5186
1754735280000,155.4311
1754735340000,161.6444
1754735400000,160.0881
1754735460000,153.7259
1754735520000,156.1396
1754735580000,152.9385
1754735640000,151.7499
1754735700000,148.3331
1754735760000,157.1439
1754735820000,152.8849
1754735880000,154.1703
1754735940000,157.0893
1754736000000,154.5851
1754736060000,155.3097
1754736120000,154.1562
1754736180000,156.026
1754736240000,150.9509
1754736300000,158.3626
1754736360000,157.8549
1754736420000,157.393
1754736480000,156.5711
1754736540000,157.1174
1754736600000,158.0743
1754736660000,152.2714
1754736720000,153.6918
1754736780000,162.0439
1754736840000,155.8449
1754736900000,159.9434
1754736960000,152.9926
1754737020000,150.7959
1754737080000,151.6718
1754737140000,152.1285
1754737200000,160.0881
1754737260000,160.1348
1754737320000,149.2168
1754737380000,153.1693
1754737440000,154.7663
1754737500000,158.5387
1754737560000,157.7549
1754737620000,155.126
1754737680000,159.2879
1754737740000,158.846
1754737800000,157.863
1754737860000,157.3686
1754737920000,154.5058
1754737980000,156.2086
1754738040000,152.1808
1754738100000,155.2261
1754738160000,155.762
1754738220000,157.0501
1754738280000,156.8365
1754738340000,155.7699
1754738400000,153.3994
1754738460000,151.8213
1754738520000,152.9269
1754738580000,158.0588
1754738640000,157.1463
1754738700000,155.057
1754738760000,156.9855
1754738820000,153.1298
1754738880000,157.9202
1754738940000,159.0335
1754739000000,162.3733
1754739060000,152.2397
1754739120000,156.1494
1754739180000,157.0829
1754739240000,150.7152
1754739300000,149.597
1754739360000,155.5896
1754739420000,154.0879
1754739480000,158.7159
1754739540000,154.8338
1754739600000,153.6832
1754739660000,157.2601
1754739720000,153.1584
1754739780000,155.28
1754739840000,157.7478
1754739900000,154.9253
1754739960000,162.1115
1754740020000,157.19
1754740080000,154.0512
1754740140000,148.8144
1754740200000,153.0852
1754740260000,158.2457
1754740320000,155.2716
1754740380000,158.8323
1754740440000,152.6781
1754740500000,149.8417
1754740560000,161.8657
1754740620000,151.8731
1754740680000,154.5449
1754740740000,158.4771
1754740800000,156.6619
1754740860000,147.2002
1754740920000,153.0608
1754740980000,148.2407
1754741040000,153.8178
1754741100000,155.9047
1754741160000,159.7898
1754741220000,156.9501
1754741280000,153.7685
1754741340000,154.446
1754741400000,155.9678
1754741460000,159.378
1754741520000,156.0093
1754741580000,152.2686
1754741640000,151.7556
1754741700000,151.3339
1754741760000,160.5439
1754741820000,149.1993
1754741880000,155.8265
1754741940000,151.7051
1754742000000,158.82
1754742060000,153.8193
1754742120000,150.5251
1754742180000,154.358
1754742240000,151.9875
1754742300000,149.8901
1754742360000,154.5898
1754742420000,156.9642
1754742480000,147.9344
1754742540000,157.3959
1754742600000,162.3478
1754742660000,148.7185
1754742720000,155.9611
1754742780000,151.6125
1754742840000,151.6064
1754742900000,156.1013
1754742960000,150.6601
1754743020000,153.6492
1754743080000,153.7456
1754743140000,145.7053
1754743200000,150.8519
1754743260000,150.1402
1754743320000,156.3969
1754743380000,149.9848
1754743440000,147.3335
1754743500000,147.1017
1754743560000,149.2331
1754743620000,151.6852
1754743680000,152.2314
1754743740000,153.5229
1754743800000,151.2153
1754743860000,149.164
1754743920000,150.4169
1754743980000,155.0654
1754744040000,153.8227
1754744100000,146.6781
1754744160000,152.6525
1754744220000,156.4975
1754744280000,153.7108
1754744340000,158.1434
1754744400000,157.9279
1754744460000,154.4844
1754744520000,158.3147
1754744580000,152.7406
1754744640000,155.0045
1754744700000,160.3209
1754744760000,155.6584
1754744820000,151.7209
1754744880000,151.3212
1754744940000,153.1854
1754745000000,154.8227
1754745060000,154.241
1754745120000,157.2253
1754745180000,154.9261
1754745240000,161.0764
1754745300000,151.1625
1754745360000,154.1848
1754745420000,157.2607
1754745480000,157.0884
1754745540000,150.2593
1754745600000,157.4768
1754745660000,153.1366
1754745720000,154.1407
1754745780000,150.8906
1754745840000,158.4136
1754745900000,153.0483
1754745960000,151.1647
1754746020000,148.0161
1754746080000,147.539
1754746140000,153.9128
1754746200000,159.7231
1754746260000,149.4311
1754746320000,151.883
1754746380000,151.3794
1754746440000,149.3511
1754746500000,151.3453
1754746560000,152.2974
1754746620000,154.8112
1754746680000,154.5828
1754746740000,150.8722
1754746800000,154.2159
1754746860000,154.3833
1754746920000,153.5686
1754746980000,146.7156
1754747040000,151.8079
1754747100000,153.4652
1754747160000,149.6213
1754747220000,152.149
1754747280000,150.6909
1754747340000,148.4819
1754747400000,147.3958
1754747460000,148.4656
1754747520000,148.5889
1754747580000,145.572
1754747640000,149.4251
1754747700000,154.4538
1754747760000,147.7874
1754747820000,146.8745
1754747880000,147.8666
1754747940000,154.0147
1754748000000,161.31
1754748060000,153.6241
1754748120000,147.8443
1754748180000,150.9203
1754748240000,146.6223
1754748300000,153.1321
1754748360000,153.8436
1754748420000,149.0515
1754748480000,151.1283
1754748540000,145.9969
1754748600000,143.7243
1754748660000,155.0024
1754748720000,175.4144
1754748780000,142.3974
1754748840000,142.6348
1754748900000,146.4348
1754748960000,148.6253
1754749020000,147.1155
1754749080000,147.5185
1754749140000,151.2532
1754749200000,148.9742
1754749260000,151.6155
1754749320000,147.7341
1754749380000,152.3418
1754749440000,150.0314
1754749500000,148.8737
1754749560000,149.4991
1754749620000,148.0763
1754749680000,148.6968
1754749740000,149.5131
1754749800000,153.636
1754749860000,147.0065
1754749920000,148.2305
1754749980000,148.0435
1754750040000,153.6648
1754750100000,149.3383
1754750160000,152.9415
1754750220000,152.7524
1754750280000,149.1379
1754750340000,149.2322
1754750400000,147.6182
1754750460000,152.045
1754750520000,147.9116
1754750580000,141.6404
1754750640000,144.2386
1754750700000,145.0902
1754750760000,145.3234
1754750820000,150.2365
1754750880000,150.3893
1754750940000,143.0274
1754751000000,144.2854
1754751060000,142.4665
1754751120000,140.5415
1754751180000,144.4129
1754751240000,145.2823
1754751300000,143.1384
1754751360000,146.7349
1754751420000,145.1823
1754751480000,144.4181
1754751540000,143.8092
1754751600000,149.4949
1754751660000,150.1243
1754751720000,143.6481
1754751780000,146.5544
1754751840000,144.2826
1754751900000,148.9338
1754751960000,146.5967
1754752020000,142.5718
1754752080000,145.6391
1754752140000,142.5433
1754752200000,142.2494
1754752260000,141.6494
1754752320000,143.362
1754752380000,137.2896
1754752440000,142.105
1754752500000,146.6047
1754752560000,139.4736
1754752620000,143.7837
1754752680000,143.0636
1754752740000,142.8153
1754752800000,147.0503
1754752860000,144.8943
1754752920000,145.8521
1754752980000,149.3616
1754753040000,144.264
1754753100000,147.5136
1754753160000,146.2956
1754753220000,147.8528
1754753280000,139.3696
1754753340000,143.154
1754753400000,152.1647
1754753460000,144.7745
1754753520000,136.8925
1754753580000,143.4907
1754753640000,145.4938
1754753700000,140.7099
1754753760000,145.1067
1754753820000,145.5292
1754753880000,139.6263
1754753940000,140.5972
1754754000000,142.8664
1754754060000,143.5672
1754754120000,145.6461
1754754180000,144.4942
1754754240000,139.8378
1754754300000,149.9668
1754754360000,149.4803
1754754420000,141.2523
1754754480000,145.3791
1754754540000,136.5844
1754754600000,138.9575
1754754660000,143.2007
1754754720000,138.0031
1754754780000,145.2213
1754754840000,144.1756
1754754900000,150.2658
1754754960000,140.2325
1754755020000,142.9592
1754755080000,148.7372
1754755140000,142.3567
1754755200000,164.7539
1754755260000,148.2586
1754755320000,160.1695
1754755380000,144.2282
1754755440000,137.7613
1754755500000,139.8856
1754755560000,139.4893
1754755620000,141.2962
1754755680000,135.5048
1754755740000,132.2872
1754755800000,138.7453
1754755860000,136.7118
1754755920000,134.1494
1754755980000,134.2403
1754756040000,136.4159
1754756100000,139.4413
1754756160000,135.3274
1754756220000,133.2362
1754756280000,142.7573
1754756340000,138.2804
1754756400000,135.9302
1754756460000,136.3149
1754756520000,137.5504
1754756580000,135.5818
1754756640000,138.8828
1754756700000,136.9135
1754756760000,141.4621
1754756820000,142.1757
1754756880000,141.1584
1754756940000,140.8966
1754757000000,141.8292
1754757060000,139.187
1754757120000,142.5577
1754757180000,133.8229
1754757240000,140.451
1754757300000,142.3273
1754757360000,134.615
1754757420000,140.067
1754757480000,148.5333
1754757540000,140.6213
1754757600000,143.594
1754757660000,140.9486
1754757720000,136.7578
1754757780000,137.5612
1754757840000,136.4503
1754757900000,141.563
1754757960000,136.1724
1754758020000,139.0533
1754758080000,138.7456
1754758140000,139.3276
1754758200000,139.3832
1754758260000,140.2035
1754758320000,139.5073
1754758380000,139.6375
1754758440000,149.0984
1754758500000,143.3259
1754758560000,142.4649
1754758620000,142.5112
1754758680000,138.9277
1754758740000,147.4592
1754758800000,153.2016
1754758860000,145.3186
1754758920000,146.2855
1754758980000,158.0493
1754759040000,147.4963
1754759100000,169.9191
1754759160000,162.4458
1754759220000,149.0958
1754759280000,150.7773
1754759340000,148.0735
1754759400000,156.9611
1754759460000,146.8147
1754759520000,146.9801
1754759580000,150.0717
1754759640000,149.5612
1754759700000,150.6234
1754759760000,160.5308
1754759820000,152.8113
1754759880000,157.1642
1754759940000,165.0383
1754760000000,158.033
1754760060000,157.8351
1754760120000,162.4475
1754760180000,151.7616
1754760240000,149.3325
1754760300000,154.3995
1754760360000,143.2271
1754760420000,150.6323
1754760480000,142.9755
1754760540000,150.1936
1754760600000,163.1571
1754760660000,149.9814
1754760720000,156.6923
1754760780000,155.0789
1754760840000,146.5761
1754760900000,147.3195
1754760960000,154.0087
1754761020000,143.406
1754761080000,148.5361
1754761140000,148.7332
1754761200000,152.7462
1754761260000,150.396
1754761320000,142.8477
1754761380000,151.9415
1754761440000,149.7521
1754761500000,156.568
1754761560000,155.1785
1754761620000,138.9732
1754761680000,141.7653
1754761740000,145.0536
1754761800000,143.2284
1754761860000,141.141
1754761920000,152.218
1754761980000,143.0374
1754762040000,152.1417
1754762100000,151.0331
1754762160000,155.1984
1754762220000,154.8161
1754762280000,159.7365
1754762340000,167.1366
1754762400000,183.5851
1754762460000,166.5787
1754762520000,155.0111
1754762580000,178.2017
1754762640000,174.7332
1754762700000,182.4646
1754762760000,164.3723
1754762820000,171.0796
1754762880000,152.0232
1754762940000,144.4082
1754763000000,146.2624
1754763060000,142.0399
1754763120000,174.9051
1754763180000,152.0999
1754763240000,159.4169
1754763300000,153.4941
1754763360000,156.3877
1754763420000,179.49
1754763480000,180.8096
1754763540000,142.3597
1754763600000,149.201
1754763660000,157.5287
1754763720000,149.5647
1754763780000,160.6845
1754763840000,152.134
1754763900000,156.5285
1754763960000,154.5065
1754764020000,146.308
1754764080000,142.7031
1754764140000,163.9647
1754764200000,154.2022
1754764260000,157.1732
1754764320000,149.6495
1754764380000,158.5542
1754764440000,154.7766
1754764500000,158.2127
1754764560000,149.5731
1754764620000,145.2336
1754764680000,158.8999
1754764740000,138.3867
1754764800000,144.8425
1754764860000,157.3173
1754764920000,148.3705
1754764980000,142.1849
1754765040000,144.6504
1754765100000,145.1865
1754765160000,150.6546
1754765220000,159.2579
1754765280000,152.3277
1754765340000,155.4075
1754765400000,155.9823
1754765460000,153.4995
1754765520000,155.3971
1754765580000,158.4345
1754765640000,176.7116
1754765700000,156.8005
1754765760000,157.0172
1754765820000,174.9176
1754765880000,163.3187
1754765940000,164.8094
1754766000000,156.8393
1754766060000,153.9134
1754766120000,186.8437
1754766180000,149.7618
1754766240000,148.9155
1754766300000,151.0561
1754766360000,154.1301
1754766420000,150.3527
1754766480000,152.9865
1754766540000,149.2957
1754766600000,155.7009
1754766660000,151.5092
1754766720000,162.9666
1754766780000,159.5231
1754766840000,153.1338
1754766900000,147.5712
1754766960000,158.1525
1754767020000,152.7949
1754767080000,161.2952
1754767140000,159.8806
1754767200000,162.1753
1754767260000,161.8358
1754767320000,155.8061
1754767380000,153.5936
1754767440000,162.0328
1754767500000,163.8495
1754767560000,155.0213
1754767620000,148.233
1754767680000,137.7584
1754767740000,151.1039
1754767800000,165.3915
1754767860000,154.0054
1754767920000,151.6501
1754767980000,169.6341
1754768040000,152.4704
1754768100000,152.49
1754768160000,157.3999
1754768220000,163.9
1754768280000,153.9483
1754768340000,157.8924
1754768400000,164.3528
1754768460000,151.9787
1754768520000,161.9046
1754768580000,148.2567
1754768640000,160.5061
1754768700000,154.0903
1754768760000,154.4403
1754768820000,148.7725
1754768880000,163.8252
1754768940000,155.9711
1754769000000,167.4582
1754769060000,141.118
1754769120000,156.6603
1754769180000,148.7661
1754769240000,169.8137
1754769300000,155.7215
1754769360000,148.1005
1754769420000,168.0674
1754769480000,156.0157
1754769540000,153.7391
1754769600000,165.5315
1754769660000,162.5731
1754769720000,152.284
1754769780000,149.6366
1754769840000,167.205
1754769900000,152.8593
1754769960000,155.5806
1754770020000,170.8322
1754770080000,155.5526
1754770140000,162.7746
1754770200000,161.9688
1754770260000,169.1913
1754770320000,152.8884
1754770380000,159.3125
1754770440000,159.9337
1754770500000,152.3952
1754770560000,157.3046
1754770620000,159.3402
1754770680000,154.9648
1754770740000,161.7325
1754770800000,153.17
1754770860000,154.067
1754770920000,149.3437
1754770980000,138.4181
1754771040000,150.4154
1754771100000,153.1933
1754771160000,151.5562
1754771220000,139.1875
1754771280000,149.366
1754771340000,141.3691
1754771400000,145.1315
1754771460000,146.988
1754771520000,153.4896
1754771580000,146.256
1754771640000,156.5283
1754771700000,156.0289
1754771760000,136.0176
1754771820000,153.8716
1754771880000,146.592
1754771940000,144.7771
1754772000000,146.0831
1754772060000,144.5358
1754772120000,150.2434
1754772180000,153.1523
1754772240000,144.2864
1754772300000,165.2136
1754772360000,144.6636
1754772420000,162.4567
1754772480000,149.6093
1754772540000,156.4903
1754772600000,155.4037
1754772660000,141.4029
1754772720000,155.2442
1754772780000,140.8873
1754772840000,137.6798
1754772900000,165.0934
1754772960000,151.9761
1754773020000,161.5537
1754773080000,145.5415
1754773140000,179.4886
1754773200000,171.2876
1754773260000,178.9647
1754773320000,129.1906
1754773380000,126.847
1754773440000,103.9058
1754773500000,93.0358
1754773560000,123.915
1754773620000,97.666
1754773680000,123.1319
1754773740000,117.6956
1754773800000,121.8194
1754773860000,121.8713
1754773920000,121.6756
1754773980000,128.0107
1754774040000,122.3447
1754774100000,124.1686
1754774160000,121.6734
1754774220000,135.5364
1754774280000,159.7457
1754774340000,149.9406
1754774400000,148.1625
1754774460000,151.5718
1754774520000,150.3567
1754774580000,150.1836
1754774640000,152.0114
1754774700000,156.971
1754774760000,157.7888
1754774820000,159.8746
1754774880000,148.7333
1754774940000,151.3739
1754775000000,153.3909
1754775060000,158.7019
1754775120000,160.4487
1754775180000,152.9855
1754775240000,155.8862
1754775300000,147.0435
1754775360000,150.759
1754775420000,149.5771
1754775480000,156.9905
1754775540000,155.9667
1754775600000,150.9567
1754775660000,152.8445
1754775720000,151.751
1754775780000,147.587
1754775840000,154.6511
1754775900000,145.3314
1754775960000,150.9235
1754776020000,148.9229
1754776080000,142.0457
1754776140000,150.2227
1754776200000,148.7293
1754776260000,154.643
1754776320000,162.8085
1754776380000,145.8754
1754776440000,148.0577
1754776500000,146.2959
1754776560000,151.485
1754776620000,144.4426
1754776680000,143.8373
1754776740000,148.2179
1754776800000,149.1821
1754776860000,147.1238
1754776920000,139.7875
1754776980000,153.4276
1754777040000,159.5981
1754777100000,150.0378
1754777160000,150.8936
1754777220000,142.2765
1754777280000,155.0613
1754777340000,156.6301
1754777400000,157.4206
1754777460000,149.7114
1754777520000,148.5534
1754777580000,147.4929
1754777640000,148.8861
1754777700000,156.5298
1754777760000,160.5637
1754777820000,155.0217
1754777880000,151.5387
1754777940000,141.6896
1754778000000,148.3494
1754778060000,156.2837
1754778120000,149.236
1754778180000,158.8668
1754778240000,150.9731
1754778300000,145.5783
1754778360000,148.3842
1754778420000,146.0313
1754778480000,138.9986
1754778540000,157.1713
1754778600000,148.3663
1754778660000,152.8319
1754778720000,152.652
1754778780000,152.8649
1754778840000,152.2162
1754778900000,163.7741
1754778960000,154.8848
1754779020000,152.3099
1754779080000,151.2004
1754779140000,153.4811
1754779200000,157.318
1754779260000,147.3585
1754779320000,149.7977
1754779380000,153.6692
1754779440000,155.2435
1754779500000,142.8081
1754779560000,154.6167
1754779620000,150.4912
1754779680000,146.9027
1754779740000,145.2584
1754779800000,143.8469
1754779860000,152.2119
1754779920000,147.2877
1754779980000,148.2636
1754780040000,148.2665
1754780100000,139.8597
1754780160000,141.5161
1754780220000,144.414
1754780280000,148.6344
1754780340000,149.5562
1754780400000,150.34
1754780460000,155.0805
1754780520000,157.0077
1754780580000,153.4266
1754780640000,158.0976
1754780700000,146.1296
1754780760000,150.0536
1754780820000,156.2362
1754780880000,160.4053
1754780940000,152.3842
1754781000000,158.19
1754781060000,152.577
1754781120000,149.3754
1754781180000,152.7597
1754781240000,157.9394
1754781300000,154.2056
1754781360000,151.6001
1754781420000,153.7614
1754781480000,157.9844
1754781540000,163.2129
1754781600000,153.8176
1754781660000,161.5192
1754781720000,151.5034
1754781780000,154.1944
1754781840000,151.9933
1754781900000,157.3636
1754781960000,154.3281
1754782020000,151.9801
1754782080000,150.9611
1754782140000,157.7416
1754782200000,153.4059
1754782260000,157.2115
1754782320000,152.3
1754782380000,151.2264
1754782440000,153.6177
1754782500000,150.0472
1754782560000,147.4821
1754782620000,149.1963
1754782680000,148.8708
1754782740000,152.1126
1754782800000,147.7685
1754782860000,152.3545
1754782920000,156.4605
1754782980000,153.9346
1754783040000,151.9233
1754783100000,157.172
1754783160000,161.5811
1754783220000,151.8874
1754783280000,145.0087
1754783340000,153.2571
1754783400000,156.303
1754783460000,155.9315
1754783520000,150.2329
1754783580000,150.8501
1754783640000,154.0588
1754783700000,156.8376
1754783760000,150.8674
1754783820000,147.0156
1754783880000,148.7973
1754783940000,157.0788
1754784000000,128.1647
1754784060000,155.6623
1754784120000,164.0962
1754784180000,169.1528
1754784240000,172.3383
1754784300000,164.5938
1754784360000,169.5764
1754784420000,166.4842
1754784480000,161.1076
1754784540000,172.2627
1754784600000,163.0426
1754784660000,161.5694
1754784720000,157.1542
1754784780000,156.4455
1754784840000,156.0884
1754784900000,154.79
1754784960000,158.3108
1754785020000,162.3733
1754785080000,162.7872
1754785140000,152.8984
1754785200000,154.1706
1754785260000,155.7295
1754785320000,157.8856
1754785380000,155.0826
1754785440000,159.2126
1754785500000,159.1143
1754785560000,162.9508
1754785620000,157.9323
1754785680000,153.1698
1754785740000,161.7876
1754785800000,158.2474
1754785860000,162.7333
1754785920000,159.8166
1754785980000,158.8027
1754786040000,159.1391
1754786100000,164.9603
1754786160000,172.9336
1754786220000,164.8755
1754786280000,160.5872
1754786340000,156.6162
1754786400000,161.3072
1754786460000,165.6632
1754786520000,161.3259
1754786580000,160.9637
1754786640000,163.5044
1754786700000,158.9394
1754786760000,161.4229
1754786820000,156.2945
1754786880000,156.5233
1754786940000,158.0046
1754787000000,159.5417
1754787060000,154.1358
1754787120000,156.0789
1754787180000,157.261
1754787240000,153.1629
1754787300000,154.4616
1754787360000,156.8679
1754787420000,154.7541
1754787480000,157.4651
1754787540000,165.9905
1754787600000,164.4032
1754787660000,167.6051
1754787720000,164.0067
1754787780000,160.881
1754787840000,160.3271
1754787900000,159.8631
1754787960000,167.7612
1754788020000,161.9831
1754788080000,168.3148
1754788140000,160.6187
1754788200000,167.8204
1754788260000,170.5965
1754788320000,167.6209
1754788380000,166.7612
1754788440000,156.0142
1754788500000,163.3534
1754788560000,168.9378
1754788620000,166.4051
1754788680000,162.0217
1754788740000,163.2711
1754788800000,165.0197
1754788860000,162.6379
1754788920000,166.5993
1754788980000,165.7434
1754789040000,163.041
1754789100000,160.3288
1754789160000,158.3984
1754789220000,163.5314
1754789280000,167.8967
1754789340000,167.0584
1754789400000,170.5808
1754789460000,159.393
1754789520000,162.2961
1754789580000,160.4915
1754789640000,163.0917
1754789700000,158.5046
1754789760000,166.1789
1754789820000,162.3772
1754789880000,164.3305
1754789940000,158.2275
1754790000000,161.0167
1754790060000,159.8221
1754790120000,156.1221
1754790180000,168.1344
1754790240000,163.766
1754790300000,159.2277
1754790360000,159.5774
1754790420000,163.4562
1754790480000,161.1689
1754790540000,165.3776
1754790600000,160.2535
1754790660000,161.6763
1754790720000,158.9568
1754790780000,163.7429
1754790840000,153.6093
1754790900000,155.2641
1754790960000,153.9355
1754791020000,158.9052
1754791080000,157.9441
1754791140000,161.9588
1754791200000,171.9378
1754791260000,168.4569
1754791320000,164.6804
1754791380000,157.9219
1754791440000,161.7939
1754791500000,163.2498
1754791560000,161.9972
1754791620000,163.5455
1754791680000,158.4138
1754791740000,160.8931
1754791800000,154.7962
1754791860000,162.1142
1754791920000,157.139
1754791980000,155.9645
1754792040000,158.2479
1754792100000,167.5819
1754792160000,159.5104
1754792220000,161.8796
1754792280000,159.2724
1754792340000,160.6462
1754792400000,169.0505
1754792460000,169.6067
1754792520000,172.4993
1754792580000,168.6693
1754792640000,164.8586
1754792700000,163.4374
1754792760000,164.7892
1754792820000,162.7531
1754792880000,183.191
1754792940000,223.3561
1754793000000,240.3594
1754793060000,251.1949
1754793120000,258.5721
1754793180000,235.9056
1754793240000,240.2431
1754793300000,249.2884
1754793360000,250.9317
1754793420000,188.7765
1754793480000,165.4371
1754793540000,165.7627
1754793600000,170.159
1754793660000,246.8128
1754793720000,282.4678
1754793780000,167.1077
1754793840000,159.9997
1754793900000,163.0158
1754793960000,163.2312
1754794020000,165.5659
1754794080000,163.3109
1754794140000,166.9389
1754794200000,172.1683
1754794260000,295.3496
1754794320000,259.3884
1754794380000,162.1227
1754794440000,158.88
1754794500000,161.3631
1754794560000,167.6462
1754794620000,353.4144
1754794680000,236.6843
1754794740000,358.226
1754794800000,275.1314
1754794860000,155.0603
1754794920000,159.1266
1754794980000,163.5215
1754795040000,164.8558
1754795100000,160.8016
1754795160000,161.6869
1754795220000,158.3869
1754795280000,164.6618
1754795340000,162.0204
1754795400000,170.9696
1754795460000,170.5732
1754795520000,163.2038
1754795580000,167.3865
1754795640000,162.9259
1754795700000,164.3287
1754795760000,359.9622
1754795820000,188.1963
1754795880000,159.8501
1754795940000,200.0995
1754796000000,328.6771
1754796060000,161.1898
1754796120000,166.2524
1754796180000,164.3148
1754796240000,166.0052
1754796300000,170.054
1754796360000,315.3884
1754796420000,284.5959
1754796480000,167.0193
1754796540000,366.1906
1754796600000,225.9402
1754796660000,377.1222
1754796720000,242.9325
1754796780000,442.9699
1754796840000,406.0948
1754796900000,236.789
1754796960000,210.7054
1754797020000,268.5624
1754797080000,648.6334
1754797140000,556.2583
1754797200000,769.1574
1754797260000,645.7184
1754797320000,576.3625
1754797380000,785.9078
1754797440000,841.5454
1754797500000,963.7269
1754797560000,1060.86
1754797620000,1261.913
1754797680000,1016.8109
1754797740000,201.3849
