timestamp,middleware_hsf_online
1754538420000,1.0
1754538480000,1.0
1754538540000,1.0
1754538600000,1.0
1754538660000,1.0
1754538720000,1.0
1754538780000,1.0
1754538840000,1.0
1754538900000,1.0
1754538960000,1.0
1754539020000,1.0
1754539080000,1.0
1754539140000,1.0
1754539200000,1.0
1754539260000,1.0
1754539320000,1.0
1754539380000,1.0
1754539440000,1.0
1754539500000,1.0
1754539560000,1.0
1754539620000,1.0
1754539680000,1.0
1754539740000,1.0
1754539800000,1.0
1754539860000,1.0
1754539920000,1.0
1754539980000,1.0
1754540040000,1.0
1754540100000,1.0
1754540160000,1.0
1754540220000,1.0
1754540280000,1.0
1754540340000,1.0
1754540400000,1.0
1754540460000,1.0
1754540520000,1.0
1754540580000,1.0
1754540640000,1.0
1754540700000,1.0
1754540760000,1.0
1754540820000,1.0
1754540880000,1.0
1754540940000,1.0
1754541000000,1.0
1754541060000,1.0
1754541120000,1.0
1754541180000,1.0
1754541240000,1.0
1754541300000,1.0
1754541360000,1.0
1754541420000,1.0
1754541480000,1.0
1754541540000,1.0
1754541600000,1.0
1754541660000,1.0
1754541720000,1.0
1754541780000,1.0
1754541840000,1.0
1754541900000,1.0
1754541960000,1.0
1754542020000,1.0
1754542080000,1.0
1754542140000,1.0
1754542200000,1.0
1754542260000,1.0
1754542320000,1.0
1754542380000,1.0
1754542440000,1.0
1754542500000,1.0
1754542560000,1.0
1754542620000,1.0
1754542680000,1.0
1754542740000,1.0
1754542800000,1.0
1754542860000,1.0
1754542920000,1.0
1754542980000,1.0
1754543040000,1.0
1754543100000,1.0
1754543160000,1.0
1754543220000,1.0
1754543280000,1.0
1754543340000,1.0
1754543400000,1.0
1754543460000,1.0
1754543520000,1.0
1754543580000,1.0
1754543640000,1.0
1754543700000,1.0
1754543760000,1.0
1754543820000,1.0
1754543880000,1.0
1754543940000,1.0
1754544000000,1.0
1754544060000,1.0
1754544120000,1.0
1754544180000,1.0
1754544240000,1.0
1754544300000,1.0
1754544360000,1.0
1754544420000,1.0
1754544480000,1.0
1754544540000,1.0
1754544600000,1.0
1754544660000,1.0
1754544720000,1.0
1754544780000,1.0
1754544840000,1.0
1754544900000,1.0
1754544960000,1.0
1754545020000,1.0
1754545080000,1.0
1754545140000,1.0
1754545200000,1.0
1754545260000,1.0
1754545320000,1.0
1754545380000,1.0
1754545440000,1.0
1754545500000,1.0
1754545560000,1.0
1754545620000,1.0
1754545680000,1.0
1754545740000,1.0
1754545800000,1.0
1754545860000,1.0
1754545920000,1.0
1754545980000,1.0
1754546040000,1.0
1754546100000,1.0
1754546160000,1.0
1754546220000,1.0
1754546280000,1.0
1754546340000,1.0
1754546400000,1.0
1754546460000,1.0
1754546520000,1.0
1754546580000,1.0
1754546640000,1.0
1754546700000,1.0
1754546760000,1.0
1754546820000,1.0
1754546880000,1.0
1754546940000,1.0
1754547000000,1.0
1754547060000,1.0
1754547120000,1.0
1754547180000,1.0
1754547240000,1.0
1754547300000,1.0
1754547360000,1.0
1754547420000,1.0
1754547480000,1.0
1754547540000,1.0
1754547600000,1.0
1754547660000,1.0
1754547720000,1.0
1754547780000,1.0
1754547840000,1.0
1754547900000,1.0
1754547960000,1.0
1754548020000,1.0
1754548080000,1.0
1754548140000,1.0
1754548200000,1.0
1754548260000,1.0
1754548320000,1.0
1754548380000,1.0
1754548440000,1.0
1754548500000,1.0
1754548560000,1.0
1754548620000,1.0
1754548680000,1.0
1754548740000,1.0
1754548800000,1.0
1754548860000,1.0
1754548920000,1.0
1754548980000,1.0
1754549040000,1.0
1754549100000,1.0
1754549160000,1.0
1754549220000,1.0
1754549280000,1.0
1754549340000,1.0
1754549400000,1.0
1754549460000,1.0
1754549520000,1.0
1754549580000,1.0
1754549640000,1.0
1754549700000,1.0
1754549760000,1.0
1754549820000,1.0
1754549880000,1.0
1754549940000,1.0
1754550000000,1.0
1754550060000,1.0
1754550120000,1.0
1754550180000,1.0
1754550240000,1.0
1754550300000,1.0
1754550360000,1.0
1754550420000,1.0
1754550480000,1.0
1754550540000,1.0
1754550600000,1.0
1754550660000,1.0
1754550720000,1.0
1754550780000,1.0
1754550840000,1.0
1754550900000,1.0
1754550960000,1.0
1754551020000,1.0
1754551080000,1.0
1754551140000,1.0
1754551200000,1.0
1754551260000,1.0
1754551320000,1.0
1754551380000,1.0
1754551440000,1.0
1754551500000,1.0
1754551560000,1.0
1754551620000,1.0
1754551680000,1.0
1754551740000,1.0
1754551800000,1.0
1754551860000,1.0
1754551920000,1.0
1754551980000,1.0
1754552040000,1.0
1754552100000,1.0
1754552160000,1.0
1754552220000,1.0
1754552280000,1.0
1754552340000,1.0
1754552400000,1.0
1754552460000,1.0
1754552520000,1.0
1754552580000,1.0
1754552640000,1.0
1754552700000,1.0
1754552760000,1.0
1754552820000,1.0
1754552880000,1.0
1754552940000,1.0
1754553000000,1.0
1754553060000,1.0
1754553120000,1.0
1754553180000,1.0
1754553240000,1.0
1754553300000,1.0
1754553360000,1.0
1754553420000,1.0
1754553480000,1.0
1754553540000,1.0
1754553600000,1.0
1754553660000,1.0
1754553720000,1.0
1754553780000,1.0
1754553840000,1.0
1754553900000,1.0
1754553960000,1.0
1754554020000,1.0
1754554080000,1.0
1754554140000,1.0
1754554200000,1.0
1754554260000,1.0
1754554320000,1.0
1754554380000,1.0
1754554440000,1.0
1754554500000,1.0
1754554560000,1.0
1754554620000,1.0
1754554680000,1.0
1754554740000,1.0
1754554800000,1.0
1754554860000,1.0
1754554920000,1.0
1754554980000,1.0
1754555040000,1.0
1754555100000,1.0
1754555160000,1.0
1754555220000,1.0
1754555280000,1.0
1754555340000,1.0
1754555400000,1.0
1754555460000,1.0
1754555520000,1.0
1754555580000,1.0
1754555640000,1.0
1754555700000,1.0
1754555760000,1.0
1754555820000,1.0
1754555880000,1.0
1754555940000,1.0
1754556000000,1.0
1754556060000,1.0
1754556120000,1.0
1754556180000,1.0
1754556240000,1.0
1754556300000,1.0
1754556360000,1.0
1754556420000,1.0
1754556480000,1.0
1754556540000,1.0
1754556600000,1.0
1754556660000,1.0
1754556720000,1.0
1754556780000,1.0
1754556840000,1.0
1754556900000,1.0
1754556960000,1.0
1754557020000,1.0
1754557080000,1.0
1754557140000,1.0
1754557200000,1.0
1754557260000,1.0
1754557320000,1.0
1754557380000,1.0
1754557440000,1.0
1754557500000,1.0
1754557560000,1.0
1754557620000,1.0
1754557680000,1.0
1754557740000,1.0
1754557800000,1.0
1754557860000,1.0
1754557920000,1.0
1754557980000,1.0
1754558040000,1.0
1754558100000,1.0
1754558160000,1.0
1754558220000,1.0
1754558280000,1.0
1754558340000,1.0
1754558400000,1.0
1754558460000,1.0
1754558520000,1.0
1754558580000,1.0
1754558640000,1.0
1754558700000,1.0
1754558760000,1.0
1754558820000,1.0
1754558880000,1.0
1754558940000,1.0
1754559000000,1.0
1754559060000,1.0
1754559120000,1.0
1754559180000,1.0
1754559240000,1.0
1754559300000,1.0
1754559360000,1.0
1754559420000,1.0
1754559480000,1.0
1754559540000,1.0
1754559600000,1.0
1754559660000,1.0
1754559720000,1.0
1754559780000,1.0
1754559840000,1.0
1754559900000,1.0
1754559960000,1.0
1754560020000,1.0
1754560080000,1.0
1754560140000,1.0
1754560200000,1.0
1754560260000,1.0
1754560320000,1.0
1754560380000,1.0
1754560440000,1.0
1754560500000,1.0
1754560560000,1.0
1754560620000,1.0
1754560680000,1.0
1754560740000,1.0
1754560800000,1.0
1754560860000,1.0
1754560920000,1.0
1754560980000,1.0
1754561040000,1.0
1754561100000,1.0
1754561160000,1.0
1754561220000,1.0
1754561280000,1.0
1754561340000,1.0
1754561400000,1.0
1754561460000,1.0
1754561520000,1.0
1754561580000,1.0
1754561640000,1.0
1754561700000,1.0
1754561760000,1.0
1754561820000,1.0
1754561880000,1.0
1754561940000,1.0
1754562000000,1.0
1754562060000,1.0
1754562120000,1.0
1754562180000,1.0
1754562240000,1.0
1754562300000,1.0
1754562360000,1.0
1754562420000,1.0
1754562480000,1.0
1754562540000,1.0
1754562600000,1.0
1754562660000,1.0
1754562720000,1.0
1754562780000,1.0
1754562840000,1.0
1754562900000,1.0
1754562960000,1.0
1754563020000,1.0
1754563080000,1.0
1754563140000,1.0
1754563200000,1.0
1754563260000,1.0
1754563320000,1.0
1754563380000,1.0
1754563440000,1.0
1754563500000,1.0
1754563560000,1.0
1754563620000,1.0
1754563680000,1.0
1754563740000,1.0
1754563800000,1.0
1754563860000,1.0
1754563920000,1.0
1754563980000,1.0
1754564040000,1.0
1754564100000,1.0
1754564160000,1.0
1754564220000,1.0
1754564280000,1.0
1754564340000,1.0
1754564400000,1.0
1754564460000,1.0
1754564520000,1.0
1754564580000,1.0
1754564640000,1.0
1754564700000,1.0
1754564760000,1.0
1754564820000,1.0
1754564880000,1.0
1754564940000,1.0
1754565000000,1.0
1754565060000,1.0
1754565120000,1.0
1754565180000,1.0
1754565240000,1.0
1754565300000,1.0
1754565360000,1.0
1754565420000,1.0
1754565480000,1.0
1754565540000,1.0
1754565600000,0.9545
1754565660000,0.9545
1754565720000,0.9545
1754565780000,0.9545
1754565840000,1.0
1754565900000,1.0
1754565960000,1.0
1754566020000,1.0
1754566080000,1.0
1754566140000,1.0
1754566200000,1.0
1754566260000,1.0
1754566320000,1.0
1754566380000,1.0
1754566440000,1.0
1754566500000,1.0
1754566560000,1.0
1754566620000,1.0
1754566680000,1.0
1754566740000,1.0
1754566800000,1.0
1754566860000,1.0
1754566920000,1.0
1754566980000,1.0
1754567040000,1.0
1754567100000,1.0
1754567160000,1.0
1754567220000,1.0
1754567280000,0.9524
1754567340000,1.0
1754567400000,0.9091
1754567460000,0.9091
1754567520000,0.9091
1754567580000,0.9091
1754567640000,0.9545
1754567700000,1.0
1754567760000,1.0
1754567820000,1.0
1754567880000,1.0
1754567940000,1.0
1754568000000,1.0
1754568060000,1.0
1754568120000,1.0
1754568180000,1.0
1754568240000,1.0
1754568300000,1.0
1754568360000,1.0
1754568420000,1.0
1754568480000,1.0
1754568540000,1.0
1754568600000,1.0
1754568660000,1.0
1754568720000,1.0
1754568780000,1.0
1754568840000,1.0
1754568900000,1.0
1754568960000,1.0
1754569020000,1.0
1754569080000,1.0
1754569140000,1.0
1754569200000,1.0
1754569260000,1.0
1754569320000,1.0
1754569380000,1.0
1754569440000,1.0
1754569500000,1.0
1754569560000,1.0
1754569620000,1.0
1754569680000,1.0
1754569740000,1.0
1754569800000,0.9545
1754569860000,0.9524
1754569920000,1.0
1754569980000,0.9
1754570040000,1.0
1754570100000,1.0
1754570160000,1.0
1754570220000,1.0
1754570280000,1.0
1754570340000,1.0
1754570400000,1.0
1754570460000,1.0
1754570520000,1.0
1754570580000,0.9444
1754570640000,0.9333
1754570700000,1.0
1754570760000,0.7778
1754570820000,0.7778
1754570880000,0.7778
1754570940000,0.7778
1754571000000,0.7778
1754571060000,0.9333
1754571120000,0.8235
1754571180000,0.7778
1754571240000,0.7778
1754571300000,0.7778
1754571360000,0.8235
1754571420000,0.8125
1754571480000,0.875
1754571540000,0.875
1754571600000,0.7778
1754571660000,0.7778
1754571720000,0.7778
1754571780000,0.8235
1754571840000,1.0
1754571900000,0.8235
1754571960000,0.8235
1754572020000,0.7778
1754572080000,0.7778
1754572140000,0.8333
1754572200000,0.9444
1754572260000,1.0
1754572320000,1.0
1754572380000,1.0
1754572440000,1.0
1754572500000,1.0
1754572560000,1.0
1754572620000,1.0
1754572680000,1.0
1754572740000,1.0
1754572800000,1.0
1754572860000,1.0
1754572920000,1.0
1754572980000,1.0
1754573040000,1.0
1754573100000,1.0
1754573160000,1.0
1754573220000,1.0
1754573280000,1.0
1754573340000,1.0
1754573400000,1.0
1754573460000,1.0
1754573520000,1.0
1754573580000,1.0
1754573640000,1.0
1754573700000,1.0
1754573760000,1.0
1754573820000,1.0
1754573880000,1.0
1754573940000,1.0
1754574000000,1.0
1754574060000,1.0
1754574120000,1.0
1754574180000,1.0
1754574240000,1.0
1754574300000,1.0
1754574360000,1.0
1754574420000,1.0
1754574480000,1.0
1754574540000,1.0
1754574600000,1.0
1754574660000,1.0
1754574720000,1.0
1754574780000,1.0
1754574840000,1.0
1754574900000,1.0
1754574960000,1.0
1754575020000,1.0
1754575080000,1.0
1754575140000,1.0
1754575200000,1.0
1754575260000,1.0
1754575320000,1.0
1754575380000,1.0
1754575440000,1.0
1754575500000,1.0
1754575560000,1.0
1754575620000,1.0
1754575680000,1.0
1754575740000,1.0
1754575800000,1.0
1754575860000,1.0
1754575920000,1.0
1754575980000,1.0
1754576040000,1.0
1754576100000,1.0
1754576160000,1.0
1754576220000,1.0
1754576280000,1.0
1754576340000,1.0
1754576400000,1.0
1754576460000,1.0
1754576520000,1.0
1754576580000,1.0
1754576640000,1.0
1754576700000,1.0
1754576760000,1.0
1754576820000,1.0
1754576880000,1.0
1754576940000,1.0
1754577000000,1.0
1754577060000,1.0
1754577120000,1.0
1754577180000,1.0
1754577240000,1.0
1754577300000,1.0
1754577360000,1.0
1754577420000,1.0
1754577480000,1.0
1754577540000,1.0
1754577600000,1.0
1754577660000,1.0
1754577720000,1.0
1754577780000,1.0
1754577840000,1.0
1754577900000,1.0
1754577960000,1.0
1754578020000,1.0
1754578080000,1.0
1754578140000,1.0
1754578200000,1.0
1754578260000,1.0
1754578320000,1.0
1754578380000,1.0
1754578440000,1.0
1754578500000,1.0
1754578560000,1.0
1754578620000,1.0
1754578680000,1.0
1754578740000,1.0
1754578800000,1.0
1754578860000,1.0
1754578920000,1.0
1754578980000,1.0
1754579040000,1.0
1754579100000,1.0
1754579160000,1.0
1754579220000,1.0
1754579280000,1.0
1754579340000,1.0
1754579400000,1.0
1754579460000,1.0
1754579520000,1.0
1754579580000,1.0
1754579640000,1.0
1754579700000,1.0
1754579760000,1.0
1754579820000,1.0
1754579880000,1.0
1754579940000,1.0
1754580000000,1.0
1754580060000,1.0
1754580120000,1.0
1754580180000,1.0
1754580240000,1.0
1754580300000,1.0
1754580360000,1.0
1754580420000,1.0
1754580480000,1.0
1754580540000,1.0
1754580600000,1.0
1754580660000,1.0
1754580720000,1.0
1754580780000,1.0
1754580840000,1.0
1754580900000,1.0
1754580960000,1.0
1754581020000,1.0
1754581080000,1.0
1754581140000,1.0
1754581200000,1.0
1754581260000,1.0
1754581320000,1.0
1754581380000,1.0
1754581440000,1.0
1754581500000,1.0
1754581560000,1.0
1754581620000,1.0
1754581680000,1.0
1754581740000,1.0
1754581800000,1.0
1754581860000,1.0
1754581920000,1.0
1754581980000,1.0
1754582040000,1.0
1754582100000,1.0
1754582160000,1.0
1754582220000,1.0
1754582280000,1.0
1754582340000,1.0
1754582400000,1.0
1754582460000,1.0
1754582520000,1.0
1754582580000,1.0
1754582640000,1.0
1754582700000,1.0
1754582760000,1.0
1754582820000,1.0
1754582880000,1.0
1754582940000,1.0
1754583000000,1.0
1754583060000,1.0
1754583120000,1.0
1754583180000,1.0
1754583240000,1.0
1754583300000,1.0
1754583360000,1.0
1754583420000,1.0
1754583480000,1.0
1754583540000,1.0
1754583600000,1.0
1754583660000,1.0
1754583720000,1.0
1754583780000,1.0
1754583840000,1.0
1754583900000,1.0
1754583960000,1.0
1754584020000,1.0
1754584080000,1.0
1754584140000,1.0
1754584200000,1.0
1754584260000,1.0
1754584320000,1.0
1754584380000,1.0
1754584440000,1.0
1754584500000,1.0
1754584560000,1.0
1754584620000,1.0
1754584680000,1.0
1754584740000,1.0
1754584800000,1.0
1754584860000,1.0
1754584920000,1.0
1754584980000,1.0
1754585040000,1.0
1754585100000,1.0
1754585160000,1.0
1754585220000,1.0
1754585280000,1.0
1754585340000,1.0
1754585400000,1.0
1754585460000,1.0
1754585520000,1.0
1754585580000,1.0
1754585640000,1.0
1754585700000,1.0
1754585760000,1.0
1754585820000,1.0
1754585880000,1.0
1754585940000,1.0
1754586000000,1.0
1754586060000,1.0
1754586120000,1.0
1754586180000,1.0
1754586240000,1.0
1754586300000,1.0
1754586360000,1.0
1754586420000,1.0
1754586480000,1.0
1754586540000,1.0
1754586600000,1.0
1754586660000,1.0
1754586720000,1.0
1754586780000,1.0
1754586840000,1.0
1754586900000,1.0
1754586960000,1.0
1754587020000,1.0
1754587080000,1.0
1754587140000,1.0
1754587200000,1.0
1754587260000,1.0
1754587320000,1.0
1754587380000,1.0
1754587440000,1.0
1754587500000,1.0
1754587560000,1.0
1754587620000,1.0
1754587680000,1.0
1754587740000,1.0
1754587800000,1.0
1754587860000,1.0
1754587920000,1.0
1754587980000,1.0
1754588040000,1.0
1754588100000,1.0
1754588160000,1.0
1754588220000,1.0
1754588280000,1.0
1754588340000,1.0
1754588400000,1.0
1754588460000,1.0
1754588520000,1.0
1754588580000,1.0
1754588640000,1.0
1754588700000,1.0
1754588760000,1.0
1754588820000,1.0
1754588880000,1.0
1754588940000,1.0
1754589000000,1.0
1754589060000,1.0
1754589120000,1.0
1754589180000,1.0
1754589240000,1.0
1754589300000,1.0
1754589360000,1.0
1754589420000,1.0
1754589480000,1.0
1754589540000,1.0
1754589600000,1.0
1754589660000,1.0
1754589720000,1.0
1754589780000,1.0
1754589840000,1.0
1754589900000,1.0
1754589960000,1.0
1754590020000,1.0
1754590080000,1.0
1754590140000,1.0
1754590200000,1.0
1754590260000,1.0
1754590320000,1.0
1754590380000,1.0
1754590440000,1.0
1754590500000,1.0
1754590560000,1.0
1754590620000,1.0
1754590680000,1.0
1754590740000,1.0
1754590800000,1.0
1754590860000,1.0
1754590920000,1.0
1754590980000,1.0
1754591040000,1.0
1754591100000,1.0
1754591160000,1.0
1754591220000,1.0
1754591280000,1.0
1754591340000,1.0
1754591400000,1.0
1754591460000,1.0
1754591520000,1.0
1754591580000,1.0
1754591640000,1.0
1754591700000,1.0
1754591760000,1.0
1754591820000,1.0
1754591880000,1.0
1754591940000,1.0
1754592000000,1.0
1754592060000,1.0
1754592120000,1.0
1754592180000,1.0
1754592240000,1.0
1754592300000,1.0
1754592360000,1.0
1754592420000,1.0
1754592480000,1.0
1754592540000,1.0
1754592600000,1.0
1754592660000,1.0
1754592720000,1.0
1754592780000,1.0
1754592840000,1.0
1754592900000,1.0
1754592960000,1.0
1754593020000,1.0
1754593080000,1.0
1754593140000,1.0
1754593200000,1.0
1754593260000,1.0
1754593320000,1.0
1754593380000,1.0
1754593440000,1.0
1754593500000,1.0
1754593560000,1.0
1754593620000,1.0
1754593680000,1.0
1754593740000,1.0
1754593800000,1.0
1754593860000,1.0
1754593920000,1.0
1754593980000,1.0
1754594040000,1.0
1754594100000,1.0
1754594160000,1.0
1754594220000,1.0
1754594280000,1.0
1754594340000,1.0
1754594400000,1.0
1754594460000,1.0
1754594520000,1.0
1754594580000,1.0
1754594640000,1.0
1754594700000,1.0
1754594760000,1.0
1754594820000,1.0
1754594880000,1.0
1754594940000,1.0
1754595000000,1.0
1754595060000,1.0
1754595120000,1.0
1754595180000,1.0
1754595240000,1.0
1754595300000,1.0
1754595360000,1.0
1754595420000,1.0
1754595480000,1.0
1754595540000,1.0
1754595600000,1.0
1754595660000,1.0
1754595720000,1.0
1754595780000,1.0
1754595840000,1.0
1754595900000,1.0
1754595960000,1.0
1754596020000,1.0
1754596080000,1.0
1754596140000,1.0
1754596200000,1.0
1754596260000,1.0
1754596320000,1.0
1754596380000,1.0
1754596440000,1.0
1754596500000,1.0
1754596560000,1.0
1754596620000,1.0
1754596680000,1.0
1754596740000,1.0
1754596800000,1.0
1754596860000,1.0
1754596920000,1.0
1754596980000,1.0
1754597040000,1.0
1754597100000,1.0
1754597160000,1.0
1754597220000,1.0
1754597280000,1.0
1754597340000,1.0
1754597400000,1.0
1754597460000,1.0
1754597520000,1.0
1754597580000,1.0
1754597640000,1.0
1754597700000,1.0
1754597760000,1.0
1754597820000,1.0
1754597880000,1.0
1754597940000,1.0
1754598000000,1.0
1754598060000,1.0
1754598120000,1.0
1754598180000,1.0
1754598240000,1.0
1754598300000,1.0
1754598360000,1.0
1754598420000,1.0
1754598480000,1.0
1754598540000,1.0
1754598600000,1.0
1754598660000,1.0
1754598720000,1.0
1754598780000,1.0
1754598840000,1.0
1754598900000,1.0
1754598960000,1.0
1754599020000,1.0
1754599080000,1.0
1754599140000,1.0
1754599200000,1.0
1754599260000,1.0
1754599320000,1.0
1754599380000,1.0
1754599440000,1.0
1754599500000,1.0
1754599560000,1.0
1754599620000,1.0
1754599680000,1.0
1754599740000,1.0
1754599800000,1.0
1754599860000,1.0
1754599920000,1.0
1754599980000,1.0
1754600040000,1.0
1754600100000,1.0
1754600160000,1.0
1754600220000,1.0
1754600280000,1.0
1754600340000,1.0
1754600400000,1.0
1754600460000,1.0
1754600520000,1.0
1754600580000,1.0
1754600640000,1.0
1754600700000,1.0
1754600760000,1.0
1754600820000,1.0
1754600880000,1.0
1754600940000,1.0
1754601000000,1.0
1754601060000,1.0
1754601120000,1.0
1754601180000,1.0
1754601240000,1.0
1754601300000,1.0
1754601360000,1.0
1754601420000,1.0
1754601480000,1.0
1754601540000,1.0
1754601600000,1.0
1754601660000,1.0
1754601720000,1.0
1754601780000,1.0
1754601840000,1.0
1754601900000,1.0
1754601960000,1.0
1754602020000,1.0
1754602080000,1.0
1754602140000,1.0
1754602200000,1.0
1754602260000,1.0
1754602320000,1.0
1754602380000,1.0
1754602440000,1.0
1754602500000,1.0
1754602560000,1.0
1754602620000,1.0
1754602680000,1.0
1754602740000,1.0
1754602800000,1.0
1754602860000,1.0
1754602920000,1.0
1754602980000,1.0
1754603040000,1.0
1754603100000,1.0
1754603160000,1.0
1754603220000,1.0
1754603280000,1.0
1754603340000,1.0
1754603400000,1.0
1754603460000,1.0
1754603520000,1.0
1754603580000,1.0
1754603640000,1.0
1754603700000,1.0
1754603760000,1.0
1754603820000,1.0
1754603880000,1.0
1754603940000,1.0
1754604000000,1.0
1754604060000,1.0
1754604120000,1.0
1754604180000,1.0
1754604240000,1.0
1754604300000,1.0
1754604360000,1.0
1754604420000,1.0
1754604480000,1.0
1754604540000,1.0
1754604600000,1.0
1754604660000,1.0
1754604720000,1.0
1754604780000,1.0
1754604840000,1.0
1754604900000,1.0
1754604960000,1.0
1754605020000,1.0
1754605080000,1.0
1754605140000,1.0
1754605200000,1.0
1754605260000,1.0
1754605320000,1.0
1754605380000,1.0
1754605440000,1.0
1754605500000,1.0
1754605560000,1.0
1754605620000,1.0
1754605680000,1.0
1754605740000,1.0
1754605800000,1.0
1754605860000,1.0
1754605920000,1.0
1754605980000,1.0
1754606040000,1.0
1754606100000,1.0
1754606160000,1.0
1754606220000,1.0
1754606280000,1.0
1754606340000,1.0
1754606400000,1.0
1754606460000,1.0
1754606520000,1.0
1754606580000,1.0
1754606640000,1.0
1754606700000,1.0
1754606760000,1.0
1754606820000,1.0
1754606880000,1.0
1754606940000,1.0
1754607000000,1.0
1754607060000,1.0
1754607120000,1.0
1754607180000,1.0
1754607240000,1.0
1754607300000,1.0
1754607360000,1.0
1754607420000,1.0
1754607480000,1.0
1754607540000,1.0
1754607600000,1.0
1754607660000,1.0
1754607720000,1.0
1754607780000,1.0
1754607840000,1.0
1754607900000,1.0
1754607960000,1.0
1754608020000,1.0
1754608080000,1.0
1754608140000,1.0
1754608200000,1.0
1754608260000,1.0
1754608320000,1.0
1754608380000,1.0
1754608440000,1.0
1754608500000,1.0
1754608560000,1.0
1754608620000,1.0
1754608680000,1.0
1754608740000,1.0
1754608800000,1.0
1754608860000,1.0
1754608920000,1.0
1754608980000,1.0
1754609040000,1.0
1754609100000,1.0
1754609160000,1.0
1754609220000,1.0
1754609280000,1.0
1754609340000,1.0
1754609400000,1.0
1754609460000,1.0
1754609520000,1.0
1754609580000,1.0
1754609640000,1.0
1754609700000,1.0
1754609760000,1.0
1754609820000,1.0
1754609880000,1.0
1754609940000,1.0
1754610000000,1.0
1754610060000,1.0
1754610120000,1.0
1754610180000,1.0
1754610240000,1.0
1754610300000,1.0
1754610360000,1.0
1754610420000,1.0
1754610480000,1.0
1754610540000,1.0
1754610600000,1.0
1754610660000,1.0
1754610720000,1.0
1754610780000,1.0
1754610840000,1.0
1754610900000,1.0
1754610960000,1.0
1754611020000,1.0
1754611080000,1.0
1754611140000,1.0
1754611200000,1.0
1754611260000,1.0
1754611320000,1.0
1754611380000,1.0
1754611440000,1.0
1754611500000,1.0
1754611560000,1.0
1754611620000,1.0
1754611680000,1.0
1754611740000,1.0
1754611800000,1.0
1754611860000,1.0
1754611920000,1.0
1754611980000,1.0
1754612040000,1.0
1754612100000,1.0
1754612160000,1.0
1754612220000,1.0
1754612280000,1.0
1754612340000,1.0
1754612400000,1.0
1754612460000,1.0
1754612520000,1.0
1754612580000,1.0
1754612640000,1.0
1754612700000,1.0
1754612760000,1.0
1754612820000,1.0
1754612880000,1.0
1754612940000,1.0
1754613000000,1.0
1754613060000,1.0
1754613120000,1.0
1754613180000,1.0
1754613240000,1.0
1754613300000,1.0
1754613360000,1.0
1754613420000,1.0
1754613480000,1.0
1754613540000,1.0
1754613600000,1.0
1754613660000,1.0
1754613720000,1.0
1754613780000,1.0
1754613840000,1.0
1754613900000,1.0
1754613960000,1.0
1754614020000,1.0
1754614080000,1.0
1754614140000,1.0
1754614200000,1.0
1754614260000,1.0
1754614320000,1.0
1754614380000,1.0
1754614440000,1.0
1754614500000,1.0
1754614560000,1.0
1754614620000,1.0
1754614680000,1.0
1754614740000,1.0
1754614800000,1.0
1754614860000,1.0
1754614920000,1.0
1754614980000,1.0
1754615040000,1.0
1754615100000,1.0
1754615160000,1.0
1754615220000,1.0
1754615280000,1.0
1754615340000,1.0
1754615400000,1.0
1754615460000,1.0
1754615520000,1.0
1754615580000,1.0
1754615640000,1.0
1754615700000,1.0
1754615760000,1.0
1754615820000,1.0
1754615880000,1.0
1754615940000,1.0
1754616000000,1.0
1754616060000,1.0
1754616120000,1.0
1754616180000,1.0
1754616240000,1.0
1754616300000,1.0
1754616360000,1.0
1754616420000,1.0
1754616480000,1.0
1754616540000,1.0
1754616600000,1.0
1754616660000,1.0
1754616720000,1.0
1754616780000,1.0
1754616840000,1.0
1754616900000,1.0
1754616960000,1.0
1754617020000,1.0
1754617080000,1.0
1754617140000,1.0
1754617200000,1.0
1754617260000,1.0
1754617320000,1.0
1754617380000,1.0
1754617440000,1.0
1754617500000,1.0
1754617560000,1.0
1754617620000,1.0
1754617680000,1.0
1754617740000,1.0
1754617800000,1.0
1754617860000,1.0
1754617920000,1.0
1754617980000,1.0
1754618040000,1.0
1754618100000,1.0
1754618160000,1.0
1754618220000,1.0
1754618280000,1.0
1754618340000,1.0
1754618400000,1.0
1754618460000,1.0
1754618520000,1.0
1754618580000,1.0
1754618640000,1.0
1754618700000,1.0
1754618760000,1.0
1754618820000,1.0
1754618880000,1.0
1754618940000,1.0
1754619000000,1.0
1754619060000,1.0
1754619120000,1.0
1754619180000,1.0
1754619240000,1.0
1754619300000,1.0
1754619360000,1.0
1754619420000,1.0
1754619480000,1.0
1754619540000,1.0
1754619600000,1.0
1754619660000,1.0
1754619720000,1.0
1754619780000,1.0
1754619840000,1.0
1754619900000,1.0
1754619960000,1.0
1754620020000,1.0
1754620080000,1.0
1754620140000,1.0
1754620200000,1.0
1754620260000,1.0
1754620320000,1.0
1754620380000,1.0
1754620440000,1.0
1754620500000,1.0
1754620560000,1.0
1754620620000,1.0
1754620680000,1.0
1754620740000,1.0
1754620800000,1.0
1754620860000,1.0
1754620920000,1.0
1754620980000,1.0
1754621040000,1.0
1754621100000,1.0
1754621160000,1.0
1754621220000,1.0
1754621280000,1.0
1754621340000,1.0
1754621400000,1.0
1754621460000,1.0
1754621520000,1.0
1754621580000,1.0
1754621640000,1.0
1754621700000,1.0
1754621760000,1.0
1754621820000,1.0
1754621880000,1.0
1754621940000,1.0
1754622000000,1.0
1754622060000,1.0
1754622120000,1.0
1754622180000,1.0
1754622240000,1.0
1754622300000,1.0
1754622360000,1.0
1754622420000,1.0
1754622480000,1.0
1754622540000,1.0
1754622600000,1.0
1754622660000,1.0
1754622720000,1.0
1754622780000,1.0
1754622840000,1.0
1754622900000,1.0
1754622960000,1.0
1754623020000,1.0
1754623080000,1.0
1754623140000,1.0
1754623200000,1.0
1754623260000,1.0
1754623320000,1.0
1754623380000,1.0
1754623440000,1.0
1754623500000,1.0
1754623560000,1.0
1754623620000,1.0
1754623680000,1.0
1754623740000,1.0
1754623800000,1.0
1754623860000,1.0
1754623920000,1.0
1754623980000,1.0
1754624040000,1.0
1754624100000,1.0
1754624160000,1.0
1754624220000,1.0
1754624280000,1.0
1754624340000,1.0
1754624400000,1.0
1754624460000,1.0
1754624520000,1.0
1754624580000,1.0
1754624640000,1.0
1754624700000,1.0
1754624760000,1.0
1754624820000,1.0
1754624880000,1.0
1754624940000,1.0
1754625000000,1.0
1754625060000,1.0
1754625120000,1.0
1754625180000,1.0
1754625240000,1.0
1754625300000,1.0
1754625360000,1.0
1754625420000,1.0
1754625480000,1.0
1754625540000,1.0
1754625600000,1.0
1754625660000,1.0
1754625720000,1.0
1754625780000,1.0
1754625840000,1.0
1754625900000,1.0
1754625960000,1.0
1754626020000,1.0
1754626080000,1.0
1754626140000,1.0
1754626200000,1.0
1754626260000,1.0
1754626320000,1.0
1754626380000,1.0
1754626440000,1.0
1754626500000,1.0
1754626560000,1.0
1754626620000,1.0
1754626680000,1.0
1754626740000,1.0
1754626800000,1.0
1754626860000,1.0
1754626920000,1.0
1754626980000,1.0
1754627040000,1.0
1754627100000,1.0
1754627160000,1.0
1754627220000,1.0
1754627280000,1.0
1754627340000,1.0
1754627400000,1.0
1754627460000,1.0
1754627520000,1.0
1754627580000,1.0
1754627640000,1.0
1754627700000,1.0
1754627760000,1.0
1754627820000,1.0
1754627880000,1.0
1754627940000,1.0
1754628000000,1.0
1754628060000,1.0
1754628120000,1.0
1754628180000,1.0
1754628240000,1.0
1754628300000,1.0
1754628360000,1.0
1754628420000,1.0
1754628480000,1.0
1754628540000,1.0
1754628600000,1.0
1754628660000,1.0
1754628720000,1.0
1754628780000,1.0
1754628840000,1.0
1754628900000,1.0
1754628960000,1.0
1754629020000,1.0
1754629080000,1.0
1754629140000,1.0
1754629200000,1.0
1754629260000,1.0
1754629320000,1.0
1754629380000,1.0
1754629440000,1.0
1754629500000,1.0
1754629560000,1.0
1754629620000,1.0
1754629680000,1.0
1754629740000,1.0
1754629800000,1.0
1754629860000,1.0
1754629920000,1.0
1754629980000,1.0
1754630040000,1.0
1754630100000,1.0
1754630160000,1.0
1754630220000,1.0
1754630280000,1.0
1754630340000,1.0
1754630400000,1.0
1754630460000,1.0
1754630520000,1.0
1754630580000,1.0
1754630640000,1.0
1754630700000,1.0
1754630760000,1.0
1754630820000,1.0
1754630880000,1.0
1754630940000,1.0
1754631000000,1.0
1754631060000,1.0
1754631120000,1.0
1754631180000,1.0
1754631240000,1.0
1754631300000,1.0
1754631360000,1.0
1754631420000,1.0
1754631480000,1.0
1754631540000,1.0
1754631600000,1.0
1754631660000,1.0
1754631720000,1.0
1754631780000,1.0
1754631840000,1.0
1754631900000,1.0
1754631960000,1.0
1754632020000,1.0
1754632080000,1.0
1754632140000,1.0
1754632200000,1.0
1754632260000,1.0
1754632320000,1.0
1754632380000,1.0
1754632440000,1.0
1754632500000,1.0
1754632560000,1.0
1754632620000,1.0
1754632680000,1.0
1754632740000,1.0
1754632800000,1.0
1754632860000,1.0
1754632920000,1.0
1754632980000,1.0
1754633040000,1.0
1754633100000,1.0
1754633160000,1.0
1754633220000,1.0
1754633280000,1.0
1754633340000,1.0
1754633400000,1.0
1754633460000,1.0
1754633520000,1.0
1754633580000,1.0
1754633640000,1.0
1754633700000,1.0
1754633760000,1.0
1754633820000,1.0
1754633880000,1.0
1754633940000,1.0
1754634000000,1.0
1754634060000,1.0
1754634120000,1.0
1754634180000,1.0
1754634240000,1.0
1754634300000,1.0
1754634360000,1.0
1754634420000,1.0
1754634480000,1.0
1754634540000,1.0
1754634600000,1.0
1754634660000,1.0
1754634720000,1.0
1754634780000,1.0
1754634840000,1.0
1754634900000,1.0
1754634960000,1.0
1754635020000,1.0
1754635080000,1.0
1754635140000,1.0
1754635200000,1.0
1754635260000,1.0
1754635320000,1.0
1754635380000,1.0
1754635440000,1.0
1754635500000,1.0
1754635560000,1.0
1754635620000,1.0
1754635680000,1.0
1754635740000,1.0
1754635800000,1.0
1754635860000,1.0
1754635920000,1.0
1754635980000,1.0
1754636040000,1.0
1754636100000,1.0
1754636160000,1.0
1754636220000,1.0
1754636280000,1.0
1754636340000,1.0
1754636400000,1.0
1754636460000,1.0
1754636520000,1.0
1754636580000,1.0
1754636640000,1.0
1754636700000,1.0
1754636760000,1.0
1754636820000,1.0
1754636880000,1.0
1754636940000,1.0
1754637000000,1.0
1754637060000,1.0
1754637120000,1.0
1754637180000,1.0
1754637240000,1.0
1754637300000,1.0
1754637360000,1.0
1754637420000,1.0
1754637480000,1.0
1754637540000,1.0
1754637600000,1.0
1754637660000,1.0
1754637720000,1.0
1754637780000,1.0
1754637840000,1.0
1754637900000,1.0
1754637960000,1.0
1754638020000,1.0
1754638080000,1.0
1754638140000,1.0
1754638200000,1.0
1754638260000,1.0
1754638320000,1.0
1754638380000,1.0
1754638440000,1.0
1754638500000,1.0
1754638560000,1.0
1754638620000,1.0
1754638680000,1.0
1754638740000,1.0
1754638800000,1.0
1754638860000,1.0
1754638920000,1.0
1754638980000,1.0
1754639040000,1.0
1754639100000,1.0
1754639160000,1.0
1754639220000,1.0
1754639280000,1.0
1754639340000,1.0
1754639400000,1.0
1754639460000,1.0
1754639520000,1.0
1754639580000,1.0
1754639640000,1.0
1754639700000,1.0
1754639760000,1.0
1754639820000,1.0
1754639880000,1.0
1754639940000,1.0
1754640000000,1.0
1754640060000,1.0
1754640120000,1.0
1754640180000,1.0
1754640240000,1.0
1754640300000,1.0
1754640360000,1.0
1754640420000,1.0
1754640480000,1.0
1754640540000,1.0
1754640600000,1.0
1754640660000,1.0
1754640720000,1.0
1754640780000,1.0
1754640840000,1.0
1754640900000,1.0
1754640960000,1.0
1754641020000,1.0
1754641080000,1.0
1754641140000,1.0
1754641200000,1.0
1754641260000,1.0
1754641320000,1.0
1754641380000,1.0
1754641440000,1.0
1754641500000,1.0
1754641560000,1.0
1754641620000,1.0
1754641680000,1.0
1754641740000,1.0
1754641800000,1.0
1754641860000,1.0
1754641920000,1.0
1754641980000,1.0
1754642040000,1.0
1754642100000,1.0
1754642160000,1.0
1754642220000,1.0
1754642280000,1.0
1754642340000,1.0
1754642400000,1.0
1754642460000,1.0
1754642520000,1.0
1754642580000,1.0
1754642640000,1.0
1754642700000,1.0
1754642760000,1.0
1754642820000,1.0
1754642880000,1.0
1754642940000,1.0
1754643000000,1.0
1754643060000,1.0
1754643120000,1.0
1754643180000,1.0
1754643240000,1.0
1754643300000,1.0
1754643360000,1.0
1754643420000,1.0
1754643480000,1.0
1754643540000,1.0
1754643600000,1.0
1754643660000,1.0
1754643720000,1.0
1754643780000,1.0
1754643840000,1.0
1754643900000,1.0
1754643960000,1.0
1754644020000,1.0
1754644080000,1.0
1754644140000,1.0
1754644200000,1.0
1754644260000,1.0
1754644320000,1.0
1754644380000,1.0
1754644440000,1.0
1754644500000,1.0
1754644560000,1.0
1754644620000,1.0
1754644680000,1.0
1754644740000,1.0
1754644800000,1.0
1754644860000,1.0
1754644920000,1.0
1754644980000,1.0
1754645040000,1.0
1754645100000,1.0
1754645160000,1.0
1754645220000,1.0
1754645280000,1.0
1754645340000,1.0
1754645400000,1.0
1754645460000,1.0
1754645520000,1.0
1754645580000,1.0
1754645640000,1.0
1754645700000,1.0
1754645760000,1.0
1754645820000,1.0
1754645880000,1.0
1754645940000,1.0
1754646000000,1.0
1754646060000,1.0
1754646120000,1.0
1754646180000,1.0
1754646240000,1.0
1754646300000,1.0
1754646360000,1.0
1754646420000,1.0
1754646480000,1.0
1754646540000,1.0
1754646600000,1.0
1754646660000,1.0
1754646720000,1.0
1754646780000,1.0
1754646840000,1.0
1754646900000,1.0
1754646960000,1.0
1754647020000,1.0
1754647080000,1.0
1754647140000,1.0
1754647200000,1.0
1754647260000,1.0
1754647320000,1.0
1754647380000,1.0
1754647440000,1.0
1754647500000,1.0
1754647560000,1.0
1754647620000,1.0
1754647680000,1.0
1754647740000,1.0
1754647800000,1.0
1754647860000,1.0
1754647920000,1.0
1754647980000,1.0
1754648040000,1.0
1754648100000,1.0
1754648160000,1.0
1754648220000,1.0
1754648280000,1.0
1754648340000,1.0
1754648400000,1.0
1754648460000,1.0
1754648520000,1.0
1754648580000,1.0
1754648640000,1.0
1754648700000,1.0
1754648760000,1.0
1754648820000,1.0
1754648880000,1.0
1754648940000,1.0
1754649000000,1.0
1754649060000,1.0
1754649120000,1.0
1754649180000,1.0
1754649240000,1.0
1754649300000,1.0
1754649360000,1.0
1754649420000,1.0
1754649480000,1.0
1754649540000,1.0
1754649600000,1.0
1754649660000,1.0
1754649720000,1.0
1754649780000,1.0
1754649840000,1.0
1754649900000,1.0
1754649960000,1.0
1754650020000,1.0
1754650080000,1.0
1754650140000,1.0
1754650200000,1.0
1754650260000,1.0
1754650320000,1.0
1754650380000,1.0
1754650440000,1.0
1754650500000,1.0
1754650560000,1.0
1754650620000,1.0
1754650680000,1.0
1754650740000,1.0
1754650800000,1.0
1754650860000,0.9474
1754650920000,0.9474
1754650980000,1.0
1754651040000,1.0
1754651100000,1.0
1754651160000,1.0
1754651220000,1.0
1754651280000,1.0
1754651340000,1.0
1754651400000,1.0
1754651460000,0.9474
1754651520000,0.9474
1754651580000,1.0
1754651640000,1.0
1754651700000,1.0
1754651760000,1.0
1754651820000,1.0
1754651880000,1.0
1754651940000,1.0
1754652000000,1.0
1754652060000,1.0
1754652120000,1.0
1754652180000,1.0
1754652240000,1.0
1754652300000,1.0
1754652360000,1.0
1754652420000,1.0
1754652480000,1.0
1754652540000,1.0
1754652600000,1.0
1754652660000,1.0
1754652720000,1.0
1754652780000,1.0
1754652840000,1.0
1754652900000,1.0
1754652960000,1.0
1754653020000,1.0
1754653080000,1.0
1754653140000,1.0
1754653200000,1.0
1754653260000,1.0
1754653320000,0.9474
1754653380000,0.9474
1754653440000,0.9474
1754653500000,1.0
1754653560000,1.0
1754653620000,1.0
1754653680000,1.0
1754653740000,1.0
1754653800000,1.0
1754653860000,1.0
1754653920000,1.0
1754653980000,1.0
1754654040000,1.0
1754654100000,1.0
1754654160000,1.0
1754654220000,1.0
1754654280000,1.0
1754654340000,1.0
1754654400000,1.0
1754654460000,0.9474
1754654520000,0.9474
1754654580000,0.9474
1754654640000,0.9474
1754654700000,1.0
1754654760000,1.0
1754654820000,1.0
1754654880000,1.0
1754654940000,1.0
1754655000000,1.0
1754655060000,1.0
1754655120000,1.0
1754655180000,1.0
1754655240000,1.0
1754655300000,1.0
1754655360000,1.0
1754655420000,1.0
1754655480000,1.0
1754655540000,1.0
1754655600000,1.0
1754655660000,1.0
1754655720000,1.0
1754655780000,1.0
1754655840000,1.0
1754655900000,1.0
1754655960000,1.0
1754656020000,1.0
1754656080000,1.0
1754656140000,1.0
1754656200000,1.0
1754656260000,1.0
1754656320000,1.0
1754656380000,1.0
1754656440000,1.0
1754656500000,1.0
1754656560000,1.0
1754656620000,1.0
1754656680000,1.0
1754656740000,1.0
1754656800000,1.0
1754656860000,1.0
1754656920000,1.0
1754656980000,1.0
1754657040000,1.0
1754657100000,1.0
1754657160000,1.0
1754657220000,1.0
1754657280000,1.0
1754657340000,1.0
1754657400000,1.0
1754657460000,1.0
1754657520000,1.0
1754657580000,1.0
1754657640000,1.0
1754657700000,1.0
1754657760000,1.0
1754657820000,1.0
1754657880000,1.0
1754657940000,1.0
1754658000000,1.0
1754658060000,1.0
1754658120000,1.0
1754658180000,1.0
1754658240000,1.0
1754658300000,1.0
1754658360000,1.0
1754658420000,1.0
1754658480000,1.0
1754658540000,1.0
1754658600000,1.0
1754658660000,1.0
1754658720000,1.0
1754658780000,1.0
1754658840000,1.0
1754658900000,1.0
1754658960000,1.0
1754659020000,1.0
1754659080000,1.0
1754659140000,1.0
1754659200000,1.0
1754659260000,1.0
1754659320000,1.0
1754659380000,1.0
1754659440000,1.0
1754659500000,1.0
1754659560000,1.0
1754659620000,1.0
1754659680000,1.0
1754659740000,1.0
1754659800000,1.0
1754659860000,1.0
1754659920000,1.0
1754659980000,1.0
1754660040000,1.0
1754660100000,1.0
1754660160000,1.0
1754660220000,1.0
1754660280000,1.0
1754660340000,1.0
1754660400000,1.0
1754660460000,1.0
1754660520000,1.0
1754660580000,1.0
1754660640000,1.0
1754660700000,1.0
1754660760000,1.0
1754660820000,1.0
1754660880000,1.0
1754660940000,1.0
1754661000000,1.0
1754661060000,1.0
1754661120000,1.0
1754661180000,1.0
1754661240000,1.0
1754661300000,1.0
1754661360000,1.0
1754661420000,1.0
1754661480000,1.0
1754661540000,1.0
1754661600000,1.0
1754661660000,1.0
1754661720000,1.0
1754661780000,1.0
1754661840000,1.0
1754661900000,1.0
1754661960000,1.0
1754662020000,1.0
1754662080000,1.0
1754662140000,1.0
1754662200000,1.0
1754662260000,1.0
1754662320000,1.0
1754662380000,1.0
1754662440000,1.0
1754662500000,1.0
1754662560000,1.0
1754662620000,1.0
1754662680000,1.0
1754662740000,1.0
1754662800000,1.0
1754662860000,1.0
1754662920000,1.0
1754662980000,1.0
1754663040000,1.0
1754663100000,1.0
1754663160000,1.0
1754663220000,1.0
1754663280000,1.0
1754663340000,1.0
1754663400000,1.0
1754663460000,1.0
1754663520000,1.0
1754663580000,1.0
1754663640000,1.0
1754663700000,1.0
1754663760000,1.0
1754663820000,1.0
1754663880000,1.0
1754663940000,1.0
1754664000000,1.0
1754664060000,1.0
1754664120000,1.0
1754664180000,1.0
1754664240000,1.0
1754664300000,1.0
1754664360000,1.0
1754664420000,1.0
1754664480000,1.0
1754664540000,1.0
1754664600000,1.0
1754664660000,1.0
1754664720000,1.0
1754664780000,1.0
1754664840000,1.0
1754664900000,1.0
1754664960000,1.0
1754665020000,1.0
1754665080000,1.0
1754665140000,1.0
1754665200000,1.0
1754665260000,1.0
1754665320000,1.0
1754665380000,1.0
1754665440000,1.0
1754665500000,1.0
1754665560000,1.0
1754665620000,1.0
1754665680000,1.0
1754665740000,1.0
1754665800000,1.0
1754665860000,1.0
1754665920000,1.0
1754665980000,1.0
1754666040000,1.0
1754666100000,1.0
1754666160000,1.0
1754666220000,1.0
1754666280000,1.0
1754666340000,1.0
1754666400000,1.0
1754666460000,1.0
1754666520000,1.0
1754666580000,1.0
1754666640000,1.0
1754666700000,1.0
1754666760000,1.0
1754666820000,1.0
1754666880000,1.0
1754666940000,1.0
1754667000000,1.0
1754667060000,1.0
1754667120000,1.0
1754667180000,1.0
1754667240000,1.0
1754667300000,1.0
1754667360000,1.0
1754667420000,1.0
1754667480000,1.0
1754667540000,1.0
1754667600000,1.0
1754667660000,1.0
1754667720000,1.0
1754667780000,1.0
1754667840000,1.0
1754667900000,1.0
1754667960000,1.0
1754668020000,1.0
1754668080000,1.0
1754668140000,1.0
1754668200000,1.0
1754668260000,1.0
1754668320000,1.0
1754668380000,1.0
1754668440000,1.0
1754668500000,1.0
1754668560000,1.0
1754668620000,1.0
1754668680000,1.0
1754668740000,1.0
1754668800000,1.0
1754668860000,1.0
1754668920000,1.0
1754668980000,1.0
1754669040000,1.0
1754669100000,1.0
1754669160000,1.0
1754669220000,1.0
1754669280000,1.0
1754669340000,1.0
1754669400000,1.0
1754669460000,1.0
1754669520000,1.0
1754669580000,1.0
1754669640000,1.0
1754669700000,1.0
1754669760000,1.0
1754669820000,1.0
1754669880000,1.0
1754669940000,1.0
1754670000000,1.0
1754670060000,1.0
1754670120000,1.0
1754670180000,1.0
1754670240000,1.0
1754670300000,1.0
1754670360000,1.0
1754670420000,1.0
1754670480000,1.0
1754670540000,1.0
1754670600000,1.0
1754670660000,1.0
1754670720000,1.0
1754670780000,1.0
1754670840000,1.0
1754670900000,1.0
1754670960000,1.0
1754671020000,1.0
1754671080000,1.0
1754671140000,1.0
1754671200000,1.0
1754671260000,1.0
1754671320000,1.0
1754671380000,1.0
1754671440000,1.0
1754671500000,1.0
1754671560000,1.0
1754671620000,1.0
1754671680000,1.0
1754671740000,1.0
1754671800000,1.0
1754671860000,1.0
1754671920000,1.0
1754671980000,1.0
1754672040000,1.0
1754672100000,1.0
1754672160000,1.0
1754672220000,1.0
1754672280000,1.0
1754672340000,1.0
1754672400000,1.0
1754672460000,1.0
1754672520000,1.0
1754672580000,1.0
1754672640000,1.0
1754672700000,1.0
1754672760000,1.0
1754672820000,1.0
1754672880000,1.0
1754672940000,1.0
1754673000000,1.0
1754673060000,1.0
1754673120000,1.0
1754673180000,1.0
1754673240000,1.0
1754673300000,1.0
1754673360000,1.0
1754673420000,1.0
1754673480000,1.0
1754673540000,1.0
1754673600000,1.0
1754673660000,1.0
1754673720000,1.0
1754673780000,1.0
1754673840000,1.0
1754673900000,1.0
1754673960000,1.0
1754674020000,1.0
1754674080000,1.0
1754674140000,1.0
1754674200000,1.0
1754674260000,1.0
1754674320000,1.0
1754674380000,1.0
1754674440000,1.0
1754674500000,1.0
1754674560000,1.0
1754674620000,1.0
1754674680000,1.0
1754674740000,1.0
1754674800000,1.0
1754674860000,1.0
1754674920000,1.0
1754674980000,1.0
1754675040000,1.0
1754675100000,1.0
1754675160000,1.0
1754675220000,1.0
1754675280000,1.0
1754675340000,1.0
1754675400000,1.0
1754675460000,1.0
1754675520000,1.0
1754675580000,1.0
1754675640000,1.0
1754675700000,1.0
1754675760000,1.0
1754675820000,1.0
1754675880000,1.0
1754675940000,1.0
1754676000000,1.0
1754676060000,1.0
1754676120000,1.0
1754676180000,1.0
1754676240000,1.0
1754676300000,1.0
1754676360000,1.0
1754676420000,1.0
1754676480000,1.0
1754676540000,1.0
1754676600000,1.0
1754676660000,1.0
1754676720000,1.0
1754676780000,1.0
1754676840000,1.0
1754676900000,1.0
1754676960000,1.0
1754677020000,1.0
1754677080000,1.0
1754677140000,1.0
1754677200000,1.0
1754677260000,1.0
1754677320000,1.0
1754677380000,1.0
1754677440000,1.0
1754677500000,1.0
1754677560000,1.0
1754677620000,1.0
1754677680000,1.0
1754677740000,1.0
1754677800000,1.0
1754677860000,1.0
1754677920000,1.0
1754677980000,1.0
1754678040000,1.0
1754678100000,1.0
1754678160000,1.0
1754678220000,1.0
1754678280000,1.0
1754678340000,1.0
1754678400000,1.0
1754678460000,1.0
1754678520000,1.0
1754678580000,1.0
1754678640000,1.0
1754678700000,1.0
1754678760000,1.0
1754678820000,1.0
1754678880000,1.0
1754678940000,1.0
1754679000000,1.0
1754679060000,1.0
1754679120000,1.0
1754679180000,1.0
1754679240000,1.0
1754679300000,1.0
1754679360000,1.0
1754679420000,1.0
1754679480000,1.0
1754679540000,1.0
1754679600000,1.0
1754679660000,1.0
1754679720000,1.0
1754679780000,1.0
1754679840000,1.0
1754679900000,1.0
1754679960000,1.0
1754680020000,1.0
1754680080000,1.0
1754680140000,1.0
1754680200000,1.0
1754680260000,1.0
1754680320000,1.0
1754680380000,1.0
1754680440000,1.0
1754680500000,1.0
1754680560000,1.0
1754680620000,1.0
1754680680000,1.0
1754680740000,1.0
1754680800000,1.0
1754680860000,1.0
1754680920000,1.0
1754680980000,1.0
1754681040000,1.0
1754681100000,1.0
1754681160000,1.0
1754681220000,1.0
1754681280000,1.0
1754681340000,1.0
1754681400000,1.0
1754681460000,1.0
1754681520000,1.0
1754681580000,1.0
1754681640000,1.0
1754681700000,1.0
1754681760000,1.0
1754681820000,1.0
1754681880000,1.0
1754681940000,1.0
1754682000000,1.0
1754682060000,1.0
1754682120000,1.0
1754682180000,1.0
1754682240000,1.0
1754682300000,1.0
1754682360000,1.0
1754682420000,1.0
1754682480000,1.0
1754682540000,1.0
1754682600000,1.0
1754682660000,1.0
1754682720000,1.0
1754682780000,1.0
1754682840000,1.0
1754682900000,1.0
1754682960000,1.0
1754683020000,1.0
1754683080000,1.0
1754683140000,1.0
1754683200000,1.0
1754683260000,1.0
1754683320000,1.0
1754683380000,1.0
1754683440000,1.0
1754683500000,1.0
1754683560000,1.0
1754683620000,1.0
1754683680000,1.0
1754683740000,1.0
1754683800000,1.0
1754683860000,1.0
1754683920000,1.0
1754683980000,1.0
1754684040000,1.0
1754684100000,1.0
1754684160000,1.0
1754684220000,1.0
1754684280000,1.0
1754684340000,1.0
1754684400000,1.0
1754684460000,1.0
1754684520000,1.0
1754684580000,1.0
1754684640000,1.0
1754684700000,1.0
1754684760000,1.0
1754684820000,1.0
1754684880000,1.0
1754684940000,1.0
1754685000000,1.0
1754685060000,1.0
1754685120000,1.0
1754685180000,1.0
1754685240000,1.0
1754685300000,1.0
1754685360000,1.0
1754685420000,1.0
1754685480000,1.0
1754685540000,1.0
1754685600000,1.0
1754685660000,1.0
1754685720000,1.0
1754685780000,1.0
1754685840000,1.0
1754685900000,1.0
1754685960000,1.0
1754686020000,1.0
1754686080000,1.0
1754686140000,1.0
1754686200000,1.0
1754686260000,1.0
1754686320000,1.0
1754686380000,1.0
1754686440000,1.0
1754686500000,1.0
1754686560000,1.0
1754686620000,1.0
1754686680000,1.0
1754686740000,1.0
1754686800000,1.0
1754686860000,1.0
1754686920000,1.0
1754686980000,1.0
1754687040000,1.0
1754687100000,1.0
1754687160000,1.0
1754687220000,1.0
1754687280000,1.0
1754687340000,1.0
1754687400000,1.0
1754687460000,1.0
1754687520000,1.0
1754687580000,1.0
1754687640000,1.0
1754687700000,1.0
1754687760000,1.0
1754687820000,1.0
1754687880000,1.0
1754687940000,1.0
1754688000000,1.0
1754688060000,1.0
1754688120000,1.0
1754688180000,1.0
1754688240000,1.0
1754688300000,1.0
1754688360000,1.0
1754688420000,1.0
1754688480000,1.0
1754688540000,1.0
1754688600000,1.0
1754688660000,1.0
1754688720000,1.0
1754688780000,1.0
1754688840000,1.0
1754688900000,1.0
1754688960000,1.0
1754689020000,1.0
1754689080000,1.0
1754689140000,1.0
1754689200000,1.0
1754689260000,1.0
1754689320000,1.0
1754689380000,1.0
1754689440000,1.0
1754689500000,1.0
1754689560000,1.0
1754689620000,1.0
1754689680000,1.0
1754689740000,1.0
1754689800000,1.0
1754689860000,1.0
1754689920000,1.0
1754689980000,1.0
1754690040000,1.0
1754690100000,1.0
1754690160000,1.0
1754690220000,1.0
1754690280000,1.0
1754690340000,1.0
1754690400000,1.0
1754690460000,1.0
1754690520000,1.0
1754690580000,1.0
1754690640000,1.0
1754690700000,1.0
1754690760000,1.0
1754690820000,1.0
1754690880000,1.0
1754690940000,1.0
1754691000000,1.0
1754691060000,1.0
1754691120000,1.0
1754691180000,1.0
1754691240000,1.0
1754691300000,1.0
1754691360000,1.0
1754691420000,1.0
1754691480000,1.0
1754691540000,1.0
1754691600000,1.0
1754691660000,1.0
1754691720000,1.0
1754691780000,1.0
1754691840000,1.0
1754691900000,1.0
1754691960000,1.0
1754692020000,1.0
1754692080000,1.0
1754692140000,1.0
1754692200000,1.0
1754692260000,1.0
1754692320000,1.0
1754692380000,1.0
1754692440000,1.0
1754692500000,1.0
1754692560000,1.0
1754692620000,1.0
1754692680000,1.0
1754692740000,1.0
1754692800000,1.0
1754692860000,1.0
1754692920000,1.0
1754692980000,1.0
1754693040000,1.0
1754693100000,1.0
1754693160000,1.0
1754693220000,1.0
1754693280000,1.0
1754693340000,1.0
1754693400000,1.0
1754693460000,1.0
1754693520000,1.0
1754693580000,1.0
1754693640000,1.0
1754693700000,1.0
1754693760000,1.0
1754693820000,1.0
1754693880000,1.0
1754693940000,1.0
1754694000000,1.0
1754694060000,1.0
1754694120000,1.0
1754694180000,1.0
1754694240000,1.0
1754694300000,1.0
1754694360000,1.0
1754694420000,1.0
1754694480000,1.0
1754694540000,1.0
1754694600000,1.0
1754694660000,1.0
1754694720000,1.0
1754694780000,1.0
1754694840000,1.0
1754694900000,1.0
1754694960000,1.0
1754695020000,1.0
1754695080000,1.0
1754695140000,1.0
1754695200000,1.0
1754695260000,1.0
1754695320000,1.0
1754695380000,1.0
1754695440000,1.0
1754695500000,1.0
1754695560000,1.0
1754695620000,1.0
1754695680000,1.0
1754695740000,1.0
1754695800000,1.0
1754695860000,1.0
1754695920000,1.0
1754695980000,1.0
1754696040000,1.0
1754696100000,1.0
1754696160000,1.0
1754696220000,1.0
1754696280000,1.0
1754696340000,1.0
1754696400000,1.0
1754696460000,1.0
1754696520000,1.0
1754696580000,1.0
1754696640000,1.0
1754696700000,1.0
1754696760000,1.0
1754696820000,1.0
1754696880000,1.0
1754696940000,1.0
1754697000000,1.0
1754697060000,1.0
1754697120000,1.0
1754697180000,1.0
1754697240000,1.0
1754697300000,1.0
1754697360000,1.0
1754697420000,1.0
1754697480000,1.0
1754697540000,1.0
1754697600000,1.0
1754697660000,1.0
1754697720000,1.0
1754697780000,1.0
1754697840000,1.0
1754697900000,1.0
1754697960000,1.0
1754698020000,1.0
1754698080000,1.0
1754698140000,1.0
1754698200000,1.0
1754698260000,1.0
1754698320000,1.0
1754698380000,1.0
1754698440000,1.0
1754698500000,1.0
1754698560000,1.0
1754698620000,1.0
1754698680000,1.0
1754698740000,1.0
1754698800000,1.0
1754698860000,1.0
1754698920000,1.0
1754698980000,1.0
1754699040000,1.0
1754699100000,1.0
1754699160000,1.0
1754699220000,1.0
1754699280000,1.0
1754699340000,1.0
1754699400000,1.0
1754699460000,1.0
1754699520000,1.0
1754699580000,1.0
1754699640000,1.0
1754699700000,1.0
1754699760000,1.0
1754699820000,1.0
1754699880000,1.0
1754699940000,1.0
1754700000000,1.0
1754700060000,1.0
1754700120000,1.0
1754700180000,1.0
1754700240000,1.0
1754700300000,1.0
1754700360000,1.0
1754700420000,1.0
1754700480000,1.0
1754700540000,1.0
1754700600000,1.0
1754700660000,1.0
1754700720000,1.0
1754700780000,1.0
1754700840000,1.0
1754700900000,1.0
1754700960000,1.0
1754701020000,1.0
1754701080000,1.0
1754701140000,1.0
1754701200000,1.0
1754701260000,1.0
1754701320000,1.0
1754701380000,1.0
1754701440000,1.0
1754701500000,1.0
1754701560000,1.0
1754701620000,1.0
1754701680000,1.0
1754701740000,1.0
1754701800000,1.0
1754701860000,1.0
1754701920000,1.0
1754701980000,1.0
1754702040000,1.0
1754702100000,1.0
1754702160000,1.0
1754702220000,1.0
1754702280000,1.0
1754702340000,1.0
1754702400000,1.0
1754702460000,1.0
1754702520000,1.0
1754702580000,1.0
1754702640000,1.0
1754702700000,1.0
1754702760000,1.0
1754702820000,1.0
1754702880000,1.0
1754702940000,1.0
1754703000000,1.0
1754703060000,1.0
1754703120000,1.0
1754703180000,1.0
1754703240000,1.0
1754703300000,1.0
1754703360000,1.0
1754703420000,1.0
1754703480000,1.0
1754703540000,1.0
1754703600000,1.0
1754703660000,1.0
1754703720000,1.0
1754703780000,1.0
1754703840000,1.0
1754703900000,1.0
1754703960000,1.0
1754704020000,1.0
1754704080000,1.0
1754704140000,1.0
1754704200000,1.0
1754704260000,1.0
1754704320000,1.0
1754704380000,1.0
1754704440000,1.0
1754704500000,1.0
1754704560000,1.0
1754704620000,1.0
1754704680000,1.0
1754704740000,1.0
1754704800000,1.0
1754704860000,1.0
1754704920000,1.0
1754704980000,1.0
1754705040000,1.0
1754705100000,1.0
1754705160000,1.0
1754705220000,1.0
1754705280000,1.0
1754705340000,1.0
1754705400000,1.0
1754705460000,1.0
1754705520000,1.0
1754705580000,1.0
1754705640000,1.0
1754705700000,1.0
1754705760000,1.0
1754705820000,1.0
1754705880000,1.0
1754705940000,1.0
1754706000000,1.0
1754706060000,1.0
1754706120000,1.0
1754706180000,1.0
1754706240000,1.0
1754706300000,1.0
1754706360000,1.0
1754706420000,1.0
1754706480000,1.0
1754706540000,1.0
1754706600000,1.0
1754706660000,1.0
1754706720000,1.0
1754706780000,1.0
1754706840000,1.0
1754706900000,1.0
1754706960000,1.0
1754707020000,1.0
1754707080000,1.0
1754707140000,1.0
1754707200000,1.0
1754707260000,1.0
1754707320000,1.0
1754707380000,1.0
1754707440000,1.0
1754707500000,1.0
1754707560000,1.0
1754707620000,1.0
1754707680000,1.0
1754707740000,1.0
1754707800000,1.0
1754707860000,1.0
1754707920000,1.0
1754707980000,1.0
1754708040000,1.0
1754708100000,1.0
1754708160000,1.0
1754708220000,1.0
1754708280000,1.0
1754708340000,1.0
1754708400000,1.0
1754708460000,1.0
1754708520000,1.0
1754708580000,1.0
1754708640000,1.0
1754708700000,1.0
1754708760000,1.0
1754708820000,1.0
1754708880000,1.0
1754708940000,1.0
1754709000000,1.0
1754709060000,1.0
1754709120000,1.0
1754709180000,1.0
1754709240000,1.0
1754709300000,1.0
1754709360000,1.0
1754709420000,1.0
1754709480000,1.0
1754709540000,1.0
1754709600000,1.0
1754709660000,1.0
1754709720000,1.0
1754709780000,1.0
1754709840000,1.0
1754709900000,1.0
1754709960000,1.0
1754710020000,1.0
1754710080000,1.0
1754710140000,1.0
1754710200000,1.0
1754710260000,1.0
1754710320000,1.0
1754710380000,1.0
1754710440000,1.0
1754710500000,1.0
1754710560000,1.0
1754710620000,1.0
1754710680000,1.0
1754710740000,1.0
1754710800000,1.0
1754710860000,1.0
1754710920000,1.0
1754710980000,1.0
1754711040000,1.0
1754711100000,1.0
1754711160000,1.0
1754711220000,1.0
1754711280000,1.0
1754711340000,1.0
1754711400000,1.0
1754711460000,1.0
1754711520000,1.0
1754711580000,1.0
1754711640000,1.0
1754711700000,1.0
1754711760000,1.0
1754711820000,1.0
1754711880000,1.0
1754711940000,1.0
1754712000000,1.0
1754712060000,1.0
1754712120000,1.0
1754712180000,1.0
1754712240000,1.0
1754712300000,1.0
1754712360000,1.0
1754712420000,1.0
1754712480000,1.0
1754712540000,1.0
1754712600000,1.0
1754712660000,1.0
1754712720000,1.0
1754712780000,1.0
1754712840000,1.0
1754712900000,1.0
1754712960000,1.0
1754713020000,1.0
1754713080000,1.0
1754713140000,1.0
1754713200000,1.0
1754713260000,1.0
1754713320000,1.0
1754713380000,1.0
1754713440000,1.0
1754713500000,1.0
1754713560000,1.0
1754713620000,1.0
1754713680000,1.0
1754713740000,1.0
1754713800000,1.0
1754713860000,1.0
1754713920000,1.0
1754713980000,1.0
1754714040000,1.0
1754714100000,1.0
1754714160000,1.0
1754714220000,1.0
1754714280000,1.0
1754714340000,1.0
1754714400000,1.0
1754714460000,1.0
1754714520000,1.0
1754714580000,1.0
1754714640000,1.0
1754714700000,1.0
1754714760000,1.0
1754714820000,1.0
1754714880000,1.0
1754714940000,1.0
1754715000000,1.0
1754715060000,1.0
1754715120000,1.0
1754715180000,1.0
1754715240000,1.0
1754715300000,1.0
1754715360000,1.0
1754715420000,1.0
1754715480000,1.0
1754715540000,1.0
1754715600000,1.0
1754715660000,1.0
1754715720000,1.0
1754715780000,1.0
1754715840000,1.0
1754715900000,1.0
1754715960000,1.0
1754716020000,1.0
1754716080000,1.0
1754716140000,1.0
1754716200000,1.0
1754716260000,1.0
1754716320000,1.0
1754716380000,1.0
1754716440000,1.0
1754716500000,1.0
1754716560000,1.0
1754716620000,1.0
1754716680000,1.0
1754716740000,1.0
1754716800000,1.0
1754716860000,1.0
1754716920000,1.0
1754716980000,1.0
1754717040000,1.0
1754717100000,1.0
1754717160000,1.0
1754717220000,1.0
1754717280000,1.0
1754717340000,1.0
1754717400000,1.0
1754717460000,1.0
1754717520000,1.0
1754717580000,1.0
1754717640000,1.0
1754717700000,1.0
1754717760000,1.0
1754717820000,1.0
1754717880000,1.0
1754717940000,1.0
1754718000000,1.0
1754718060000,1.0
1754718120000,1.0
1754718180000,1.0
1754718240000,1.0
1754718300000,1.0
1754718360000,1.0
1754718420000,1.0
1754718480000,1.0
1754718540000,1.0
1754718600000,1.0
1754718660000,1.0
1754718720000,1.0
1754718780000,1.0
1754718840000,1.0
1754718900000,1.0
1754718960000,1.0
1754719020000,1.0
1754719080000,1.0
1754719140000,1.0
1754719200000,1.0
1754719260000,1.0
1754719320000,1.0
1754719380000,1.0
1754719440000,1.0
1754719500000,1.0
1754719560000,1.0
1754719620000,1.0
1754719680000,1.0
1754719740000,1.0
1754719800000,1.0
1754719860000,1.0
1754719920000,1.0
1754719980000,1.0
1754720040000,1.0
1754720100000,1.0
1754720160000,1.0
1754720220000,1.0
1754720280000,1.0
1754720340000,1.0
1754720400000,1.0
1754720460000,1.0
1754720520000,1.0
1754720580000,1.0
1754720640000,1.0
1754720700000,1.0
1754720760000,1.0
1754720820000,1.0
1754720880000,1.0
1754720940000,1.0
1754721000000,1.0
1754721060000,1.0
1754721120000,1.0
1754721180000,1.0
1754721240000,1.0
1754721300000,1.0
1754721360000,1.0
1754721420000,1.0
1754721480000,1.0
1754721540000,1.0
1754721600000,1.0
1754721660000,1.0
1754721720000,1.0
1754721780000,1.0
1754721840000,1.0
1754721900000,1.0
1754721960000,1.0
1754722020000,1.0
1754722080000,1.0
1754722140000,1.0
1754722200000,1.0
1754722260000,1.0
1754722320000,1.0
1754722380000,1.0
1754722440000,1.0
1754722500000,1.0
1754722560000,1.0
1754722620000,1.0
1754722680000,1.0
1754722740000,1.0
1754722800000,1.0
1754722860000,1.0
1754722920000,1.0
1754722980000,1.0
1754723040000,1.0
1754723100000,1.0
1754723160000,1.0
1754723220000,1.0
1754723280000,1.0
1754723340000,1.0
1754723400000,1.0
1754723460000,1.0
1754723520000,1.0
1754723580000,1.0
1754723640000,1.0
1754723700000,1.0
1754723760000,1.0
1754723820000,1.0
1754723880000,1.0
1754723940000,1.0
1754724000000,1.0
1754724060000,1.0
1754724120000,1.0
1754724180000,1.0
1754724240000,1.0
1754724300000,1.0
1754724360000,1.0
1754724420000,1.0
1754724480000,1.0
1754724540000,1.0
1754724600000,1.0
1754724660000,1.0
1754724720000,1.0
1754724780000,1.0
1754724840000,1.0
1754724900000,1.0
1754724960000,1.0
1754725020000,1.0
1754725080000,1.0
1754725140000,1.0
1754725200000,1.0
1754725260000,1.0
1754725320000,1.0
1754725380000,1.0
1754725440000,1.0
1754725500000,1.0
1754725560000,1.0
1754725620000,1.0
1754725680000,1.0
1754725740000,1.0
1754725800000,1.0
1754725860000,1.0
1754725920000,1.0
1754725980000,1.0
1754726040000,1.0
1754726100000,1.0
1754726160000,1.0
1754726220000,1.0
1754726280000,1.0
1754726340000,1.0
1754726400000,1.0
1754726460000,1.0
1754726520000,1.0
1754726580000,1.0
1754726640000,1.0
1754726700000,1.0
1754726760000,1.0
1754726820000,1.0
1754726880000,1.0
1754726940000,1.0
1754727000000,1.0
1754727060000,1.0
1754727120000,1.0
1754727180000,1.0
1754727240000,1.0
1754727300000,1.0
1754727360000,1.0
1754727420000,1.0
1754727480000,0.9474
1754727540000,0.9474
1754727600000,0.9474
1754727660000,1.0
1754727720000,1.0
1754727780000,1.0
1754727840000,1.0
1754727900000,1.0
1754727960000,1.0
1754728020000,1.0
1754728080000,1.0
1754728140000,1.0
1754728200000,1.0
1754728260000,1.0
1754728320000,1.0
1754728380000,1.0
1754728440000,1.0
1754728500000,1.0
1754728560000,1.0
1754728620000,1.0
1754728680000,1.0
1754728740000,1.0
1754728800000,1.0
1754728860000,1.0
1754728920000,1.0
1754728980000,1.0
1754729040000,1.0
1754729100000,1.0
1754729160000,1.0
1754729220000,1.0
1754729280000,1.0
1754729340000,1.0
1754729400000,1.0
1754729460000,1.0
1754729520000,1.0
1754729580000,1.0
1754729640000,1.0
1754729700000,1.0
1754729760000,1.0
1754729820000,1.0
1754729880000,1.0
1754729940000,1.0
1754730000000,1.0
1754730060000,1.0
1754730120000,1.0
1754730180000,1.0
1754730240000,1.0
1754730300000,1.0
1754730360000,1.0
1754730420000,1.0
1754730480000,1.0
1754730540000,1.0
1754730600000,1.0
1754730660000,1.0
1754730720000,1.0
1754730780000,1.0
1754730840000,1.0
1754730900000,1.0
1754730960000,1.0
1754731020000,1.0
1754731080000,1.0
1754731140000,1.0
1754731200000,1.0
1754731260000,1.0
1754731320000,1.0
1754731380000,1.0
1754731440000,1.0
1754731500000,1.0
1754731560000,1.0
1754731620000,1.0
1754731680000,1.0
1754731740000,1.0
1754731800000,1.0
1754731860000,1.0
1754731920000,1.0
1754731980000,1.0
1754732040000,1.0
1754732100000,1.0
1754732160000,1.0
1754732220000,1.0
1754732280000,1.0
1754732340000,1.0
1754732400000,1.0
1754732460000,1.0
1754732520000,1.0
1754732580000,1.0
1754732640000,1.0
1754732700000,1.0
1754732760000,1.0
1754732820000,1.0
1754732880000,1.0
1754732940000,1.0
1754733000000,1.0
1754733060000,1.0
1754733120000,1.0
1754733180000,1.0
1754733240000,1.0
1754733300000,1.0
1754733360000,1.0
1754733420000,1.0
1754733480000,1.0
1754733540000,1.0
1754733600000,1.0
1754733660000,1.0
1754733720000,1.0
1754733780000,1.0
1754733840000,1.0
1754733900000,1.0
1754733960000,1.0
1754734020000,1.0
1754734080000,1.0
1754734140000,1.0
1754734200000,1.0
1754734260000,1.0
1754734320000,1.0
1754734380000,1.0
1754734440000,1.0
1754734500000,1.0
1754734560000,1.0
1754734620000,1.0
1754734680000,1.0
1754734740000,1.0
1754734800000,1.0
1754734860000,1.0
1754734920000,1.0
1754734980000,1.0
1754735040000,1.0
1754735100000,1.0
1754735160000,1.0
1754735220000,1.0
1754735280000,1.0
1754735340000,1.0
1754735400000,1.0
1754735460000,1.0
1754735520000,1.0
1754735580000,1.0
1754735640000,1.0
1754735700000,1.0
1754735760000,1.0
1754735820000,1.0
1754735880000,1.0
1754735940000,1.0
1754736000000,1.0
1754736060000,1.0
1754736120000,1.0
1754736180000,1.0
1754736240000,1.0
1754736300000,1.0
1754736360000,1.0
1754736420000,1.0
1754736480000,1.0
1754736540000,1.0
1754736600000,1.0
1754736660000,1.0
1754736720000,1.0
1754736780000,1.0
1754736840000,1.0
1754736900000,1.0
1754736960000,1.0
1754737020000,1.0
1754737080000,1.0
1754737140000,1.0
1754737200000,1.0
1754737260000,1.0
1754737320000,1.0
1754737380000,1.0
1754737440000,1.0
1754737500000,1.0
1754737560000,1.0
1754737620000,1.0
1754737680000,1.0
1754737740000,1.0
1754737800000,1.0
1754737860000,1.0
1754737920000,1.0
1754737980000,1.0
1754738040000,1.0
1754738100000,1.0
1754738160000,1.0
1754738220000,1.0
1754738280000,1.0
1754738340000,1.0
1754738400000,1.0
1754738460000,1.0
1754738520000,1.0
1754738580000,1.0
1754738640000,1.0
1754738700000,1.0
1754738760000,1.0
1754738820000,1.0
1754738880000,1.0
1754738940000,1.0
1754739000000,1.0
1754739060000,1.0
1754739120000,1.0
1754739180000,1.0
1754739240000,1.0
1754739300000,1.0
1754739360000,1.0
1754739420000,1.0
1754739480000,1.0
1754739540000,1.0
1754739600000,1.0
1754739660000,1.0
1754739720000,1.0
1754739780000,1.0
1754739840000,1.0
1754739900000,1.0
1754739960000,1.0
1754740020000,1.0
1754740080000,1.0
1754740140000,1.0
1754740200000,1.0
1754740260000,1.0
1754740320000,1.0
1754740380000,1.0
1754740440000,1.0
1754740500000,1.0
1754740560000,1.0
1754740620000,1.0
1754740680000,1.0
1754740740000,1.0
1754740800000,1.0
1754740860000,1.0
1754740920000,1.0
1754740980000,1.0
1754741040000,1.0
1754741100000,1.0
1754741160000,1.0
1754741220000,1.0
1754741280000,1.0
1754741340000,1.0
1754741400000,1.0
1754741460000,1.0
1754741520000,1.0
1754741580000,1.0
1754741640000,1.0
1754741700000,1.0
1754741760000,1.0
1754741820000,1.0
1754741880000,1.0
1754741940000,1.0
1754742000000,1.0
1754742060000,1.0
1754742120000,1.0
1754742180000,1.0
1754742240000,1.0
1754742300000,1.0
1754742360000,1.0
1754742420000,1.0
1754742480000,1.0
1754742540000,1.0
1754742600000,1.0
1754742660000,1.0
1754742720000,1.0
1754742780000,1.0
1754742840000,1.0
1754742900000,1.0
1754742960000,1.0
1754743020000,1.0
1754743080000,1.0
1754743140000,1.0
1754743200000,1.0
1754743260000,1.0
1754743320000,1.0
1754743380000,1.0
1754743440000,1.0
1754743500000,1.0
1754743560000,1.0
1754743620000,1.0
1754743680000,1.0
1754743740000,1.0
1754743800000,1.0
1754743860000,1.0
1754743920000,1.0
1754743980000,1.0
1754744040000,1.0
1754744100000,1.0
1754744160000,1.0
1754744220000,1.0
1754744280000,1.0
1754744340000,1.0
1754744400000,1.0
1754744460000,1.0
1754744520000,1.0
1754744580000,1.0
1754744640000,1.0
1754744700000,1.0
1754744760000,1.0
1754744820000,1.0
1754744880000,1.0
1754744940000,1.0
1754745000000,1.0
1754745060000,1.0
1754745120000,1.0
1754745180000,1.0
1754745240000,1.0
1754745300000,1.0
1754745360000,1.0
1754745420000,1.0
1754745480000,1.0
1754745540000,1.0
1754745600000,1.0
1754745660000,1.0
1754745720000,1.0
1754745780000,1.0
1754745840000,1.0
1754745900000,1.0
1754745960000,1.0
1754746020000,1.0
1754746080000,1.0
1754746140000,1.0
1754746200000,1.0
1754746260000,1.0
1754746320000,1.0
1754746380000,1.0
1754746440000,1.0
1754746500000,1.0
1754746560000,1.0
1754746620000,1.0
1754746680000,1.0
1754746740000,1.0
1754746800000,1.0
1754746860000,1.0
1754746920000,1.0
1754746980000,1.0
1754747040000,1.0
1754747100000,1.0
1754747160000,1.0
1754747220000,1.0
1754747280000,1.0
1754747340000,1.0
1754747400000,1.0
1754747460000,1.0
1754747520000,1.0
1754747580000,1.0
1754747640000,1.0
1754747700000,1.0
1754747760000,1.0
1754747820000,1.0
1754747880000,1.0
1754747940000,1.0
1754748000000,1.0
1754748060000,1.0
1754748120000,1.0
1754748180000,1.0
1754748240000,1.0
1754748300000,1.0
1754748360000,1.0
1754748420000,1.0
1754748480000,1.0
1754748540000,1.0
1754748600000,1.0
1754748660000,1.0
1754748720000,1.0
1754748780000,1.0
1754748840000,1.0
1754748900000,1.0
1754748960000,1.0
1754749020000,1.0
1754749080000,1.0
1754749140000,1.0
1754749200000,1.0
1754749260000,1.0
1754749320000,1.0
1754749380000,1.0
1754749440000,1.0
1754749500000,1.0
1754749560000,1.0
1754749620000,1.0
1754749680000,1.0
1754749740000,1.0
1754749800000,1.0
1754749860000,1.0
1754749920000,1.0
1754749980000,1.0
1754750040000,1.0
1754750100000,1.0
1754750160000,1.0
1754750220000,1.0
1754750280000,1.0
1754750340000,1.0
1754750400000,1.0
1754750460000,1.0
1754750520000,1.0
1754750580000,1.0
1754750640000,1.0
1754750700000,1.0
1754750760000,1.0
1754750820000,1.0
1754750880000,1.0
1754750940000,1.0
1754751000000,1.0
1754751060000,1.0
1754751120000,1.0
1754751180000,1.0
1754751240000,1.0
1754751300000,1.0
1754751360000,1.0
1754751420000,1.0
1754751480000,1.0
1754751540000,1.0
1754751600000,1.0
1754751660000,1.0
1754751720000,1.0
1754751780000,1.0
1754751840000,1.0
1754751900000,1.0
1754751960000,1.0
1754752020000,1.0
1754752080000,1.0
1754752140000,1.0
1754752200000,1.0
1754752260000,1.0
1754752320000,1.0
1754752380000,1.0
1754752440000,1.0
1754752500000,1.0
1754752560000,1.0
1754752620000,1.0
1754752680000,1.0
1754752740000,1.0
1754752800000,1.0
1754752860000,1.0
1754752920000,1.0
1754752980000,1.0
1754753040000,1.0
1754753100000,1.0
1754753160000,1.0
1754753220000,1.0
1754753280000,1.0
1754753340000,1.0
1754753400000,1.0
1754753460000,1.0
1754753520000,1.0
1754753580000,1.0
1754753640000,1.0
1754753700000,1.0
1754753760000,1.0
1754753820000,1.0
1754753880000,1.0
1754753940000,1.0
1754754000000,1.0
1754754060000,1.0
1754754120000,1.0
1754754180000,1.0
1754754240000,1.0
1754754300000,1.0
1754754360000,1.0
1754754420000,1.0
1754754480000,1.0
1754754540000,1.0
1754754600000,1.0
1754754660000,1.0
1754754720000,1.0
1754754780000,1.0
1754754840000,1.0
1754754900000,1.0
1754754960000,1.0
1754755020000,1.0
1754755080000,1.0
1754755140000,1.0
1754755200000,1.0
1754755260000,1.0
1754755320000,1.0
1754755380000,1.0
1754755440000,1.0
1754755500000,1.0
1754755560000,1.0
1754755620000,1.0
1754755680000,1.0
1754755740000,1.0
1754755800000,1.0
1754755860000,1.0
1754755920000,1.0
1754755980000,1.0
1754756040000,1.0
1754756100000,1.0
1754756160000,1.0
1754756220000,1.0
1754756280000,1.0
1754756340000,1.0
1754756400000,1.0
1754756460000,1.0
1754756520000,1.0
1754756580000,1.0
1754756640000,1.0
1754756700000,1.0
1754756760000,1.0
1754756820000,1.0
1754756880000,1.0
1754756940000,1.0
1754757000000,1.0
1754757060000,1.0
1754757120000,1.0
1754757180000,1.0
1754757240000,1.0
1754757300000,1.0
1754757360000,1.0
1754757420000,1.0
1754757480000,1.0
1754757540000,1.0
1754757600000,1.0
1754757660000,1.0
1754757720000,1.0
1754757780000,1.0
1754757840000,1.0
1754757900000,1.0
1754757960000,1.0
1754758020000,1.0
1754758080000,1.0
1754758140000,1.0
1754758200000,1.0
1754758260000,1.0
1754758320000,1.0
1754758380000,1.0
1754758440000,1.0
1754758500000,1.0
1754758560000,1.0
1754758620000,1.0
1754758680000,1.0
1754758740000,1.0
1754758800000,1.0
1754758860000,1.0
1754758920000,1.0
1754758980000,1.0
1754759040000,1.0
1754759100000,1.0
1754759160000,1.0
1754759220000,1.0
1754759280000,1.0
1754759340000,1.0
1754759400000,1.0
1754759460000,1.0
1754759520000,1.0
1754759580000,1.0
1754759640000,1.0
1754759700000,1.0
1754759760000,1.0
1754759820000,1.0
1754759880000,1.0
1754759940000,1.0
1754760000000,1.0
1754760060000,1.0
1754760120000,1.0
1754760180000,1.0
1754760240000,1.0
1754760300000,1.0
1754760360000,1.0
1754760420000,1.0
1754760480000,1.0
1754760540000,1.0
1754760600000,1.0
1754760660000,1.0
1754760720000,1.0
1754760780000,1.0
1754760840000,1.0
1754760900000,1.0
1754760960000,1.0
1754761020000,1.0
1754761080000,1.0
1754761140000,1.0
1754761200000,1.0
1754761260000,1.0
1754761320000,1.0
1754761380000,1.0
1754761440000,1.0
1754761500000,1.0
1754761560000,1.0
1754761620000,1.0
1754761680000,1.0
1754761740000,1.0
1754761800000,1.0
1754761860000,1.0
1754761920000,1.0
1754761980000,1.0
1754762040000,1.0
1754762100000,1.0
1754762160000,1.0
1754762220000,1.0
1754762280000,1.0
1754762340000,1.0
1754762400000,1.0
1754762460000,1.0
1754762520000,1.0
1754762580000,1.0
1754762640000,1.0
1754762700000,1.0
1754762760000,1.0
1754762820000,1.0
1754762880000,1.0
1754762940000,1.0
1754763000000,1.0
1754763060000,1.0
1754763120000,1.0
1754763180000,1.0
1754763240000,1.0
1754763300000,1.0
1754763360000,1.0
1754763420000,1.0
1754763480000,1.0
1754763540000,1.0
1754763600000,1.0
1754763660000,1.0
1754763720000,1.0
1754763780000,1.0
1754763840000,1.0
1754763900000,1.0
1754763960000,1.0
1754764020000,1.0
1754764080000,1.0
1754764140000,1.0
1754764200000,1.0
1754764260000,1.0
1754764320000,1.0
1754764380000,1.0
1754764440000,1.0
1754764500000,1.0
1754764560000,1.0
1754764620000,1.0
1754764680000,1.0
1754764740000,1.0
1754764800000,1.0
1754764860000,1.0
1754764920000,1.0
1754764980000,1.0
1754765040000,1.0
1754765100000,1.0
1754765160000,1.0
1754765220000,1.0
1754765280000,1.0
1754765340000,1.0
1754765400000,1.0
1754765460000,1.0
1754765520000,1.0
1754765580000,1.0
1754765640000,1.0
1754765700000,1.0
1754765760000,1.0
1754765820000,1.0
1754765880000,1.0
1754765940000,1.0
1754766000000,1.0
1754766060000,1.0
1754766120000,1.0
1754766180000,1.0
1754766240000,1.0
1754766300000,1.0
1754766360000,1.0
1754766420000,1.0
1754766480000,1.0
1754766540000,1.0
1754766600000,1.0
1754766660000,1.0
1754766720000,1.0
1754766780000,1.0
1754766840000,1.0
1754766900000,1.0
1754766960000,1.0
1754767020000,1.0
1754767080000,1.0
1754767140000,1.0
1754767200000,1.0
1754767260000,1.0
1754767320000,1.0
1754767380000,1.0
1754767440000,1.0
1754767500000,1.0
1754767560000,1.0
1754767620000,1.0
1754767680000,1.0
1754767740000,1.0
1754767800000,1.0
1754767860000,1.0
1754767920000,1.0
1754767980000,1.0
1754768040000,1.0
1754768100000,1.0
1754768160000,1.0
1754768220000,1.0
1754768280000,1.0
1754768340000,1.0
1754768400000,1.0
1754768460000,1.0
1754768520000,1.0
1754768580000,1.0
1754768640000,1.0
1754768700000,1.0
1754768760000,1.0
1754768820000,1.0
1754768880000,1.0
1754768940000,1.0
1754769000000,1.0
1754769060000,1.0
1754769120000,1.0
1754769180000,1.0
1754769240000,1.0
1754769300000,1.0
1754769360000,1.0
1754769420000,1.0
1754769480000,1.0
1754769540000,1.0
1754769600000,1.0
1754769660000,1.0
1754769720000,1.0
1754769780000,1.0
1754769840000,1.0
1754769900000,1.0
1754769960000,1.0
1754770020000,1.0
1754770080000,1.0
1754770140000,1.0
1754770200000,1.0
1754770260000,1.0
1754770320000,1.0
1754770380000,1.0
1754770440000,1.0
1754770500000,1.0
1754770560000,1.0
1754770620000,1.0
1754770680000,1.0
1754770740000,1.0
1754770800000,1.0
1754770860000,1.0
1754770920000,1.0
1754770980000,1.0
1754771040000,1.0
1754771100000,1.0
1754771160000,1.0
1754771220000,1.0
1754771280000,1.0
1754771340000,1.0
1754771400000,1.0
1754771460000,1.0
1754771520000,1.0
1754771580000,1.0
1754771640000,1.0
1754771700000,1.0
1754771760000,1.0
1754771820000,1.0
1754771880000,1.0
1754771940000,1.0
1754772000000,1.0
1754772060000,1.0
1754772120000,1.0
1754772180000,1.0
1754772240000,1.0
1754772300000,1.0
1754772360000,1.0
1754772420000,1.0
1754772480000,1.0
1754772540000,1.0
1754772600000,1.0
1754772660000,1.0
1754772720000,1.0
1754772780000,1.0
1754772840000,1.0
1754772900000,1.0
1754772960000,1.0
1754773020000,1.0
1754773080000,1.0
1754773140000,1.0
1754773200000,1.0
1754773260000,1.0
1754773320000,1.0
1754773380000,1.0
1754773440000,1.0
1754773500000,1.0
1754773560000,1.0
1754773620000,1.0
1754773680000,1.0
1754773740000,1.0
1754773800000,1.0
1754773860000,1.0
1754773920000,1.0
1754773980000,1.0
1754774040000,1.0
1754774100000,1.0
1754774160000,1.0
1754774220000,1.0
1754774280000,1.0
1754774340000,1.0
1754774400000,1.0
1754774460000,1.0
1754774520000,1.0
1754774580000,1.0
1754774640000,1.0
1754774700000,1.0
1754774760000,1.0
1754774820000,1.0
1754774880000,1.0
1754774940000,1.0
1754775000000,1.0
1754775060000,1.0
1754775120000,1.0
1754775180000,1.0
1754775240000,1.0
1754775300000,1.0
1754775360000,1.0
1754775420000,1.0
1754775480000,1.0
1754775540000,1.0
1754775600000,1.0
1754775660000,1.0
1754775720000,1.0
1754775780000,1.0
1754775840000,1.0
1754775900000,1.0
1754775960000,1.0
1754776020000,1.0
1754776080000,1.0
1754776140000,1.0
1754776200000,1.0
1754776260000,1.0
1754776320000,1.0
1754776380000,1.0
1754776440000,1.0
1754776500000,1.0
1754776560000,1.0
1754776620000,1.0
1754776680000,1.0
1754776740000,1.0
1754776800000,1.0
1754776860000,1.0
1754776920000,1.0
1754776980000,1.0
1754777040000,1.0
1754777100000,1.0
1754777160000,1.0
1754777220000,1.0
1754777280000,1.0
1754777340000,1.0
1754777400000,1.0
1754777460000,1.0
1754777520000,1.0
1754777580000,1.0
1754777640000,1.0
1754777700000,1.0
1754777760000,1.0
1754777820000,1.0
1754777880000,1.0
1754777940000,1.0
1754778000000,1.0
1754778060000,1.0
1754778120000,1.0
1754778180000,1.0
1754778240000,1.0
1754778300000,1.0
1754778360000,1.0
1754778420000,1.0
1754778480000,1.0
1754778540000,1.0
1754778600000,1.0
1754778660000,1.0
1754778720000,1.0
1754778780000,1.0
1754778840000,1.0
1754778900000,1.0
1754778960000,1.0
1754779020000,1.0
1754779080000,1.0
1754779140000,1.0
1754779200000,1.0
1754779260000,1.0
1754779320000,1.0
1754779380000,1.0
1754779440000,1.0
1754779500000,1.0
1754779560000,1.0
1754779620000,1.0
1754779680000,1.0
1754779740000,1.0
1754779800000,1.0
1754779860000,1.0
1754779920000,1.0
1754779980000,1.0
1754780040000,1.0
1754780100000,1.0
1754780160000,1.0
1754780220000,1.0
1754780280000,1.0
1754780340000,1.0
1754780400000,1.0
1754780460000,1.0
1754780520000,1.0
1754780580000,1.0
1754780640000,1.0
1754780700000,1.0
1754780760000,1.0
1754780820000,1.0
1754780880000,1.0
1754780940000,1.0
1754781000000,1.0
1754781060000,1.0
1754781120000,1.0
1754781180000,1.0
1754781240000,1.0
1754781300000,1.0
1754781360000,1.0
1754781420000,1.0
1754781480000,1.0
1754781540000,1.0
1754781600000,1.0
1754781660000,1.0
1754781720000,1.0
1754781780000,1.0
1754781840000,1.0
1754781900000,1.0
1754781960000,1.0
1754782020000,1.0
1754782080000,1.0
1754782140000,1.0
1754782200000,1.0
1754782260000,1.0
1754782320000,1.0
1754782380000,1.0
1754782440000,1.0
1754782500000,1.0
1754782560000,1.0
1754782620000,1.0
1754782680000,1.0
1754782740000,1.0
1754782800000,1.0
1754782860000,1.0
1754782920000,1.0
1754782980000,1.0
1754783040000,1.0
1754783100000,1.0
1754783160000,1.0
1754783220000,1.0
1754783280000,1.0
1754783340000,1.0
1754783400000,1.0
1754783460000,1.0
1754783520000,1.0
1754783580000,1.0
1754783640000,1.0
1754783700000,1.0
1754783760000,1.0
1754783820000,1.0
1754783880000,1.0
1754783940000,1.0
1754784000000,1.0
1754784060000,1.0
1754784120000,1.0
1754784180000,1.0
1754784240000,1.0
1754784300000,1.0
1754784360000,1.0
1754784420000,1.0
1754784480000,1.0
1754784540000,1.0
1754784600000,1.0
1754784660000,1.0
1754784720000,1.0
1754784780000,1.0
1754784840000,1.0
1754784900000,1.0
1754784960000,1.0
1754785020000,1.0
1754785080000,1.0
1754785140000,1.0
1754785200000,1.0
1754785260000,1.0
1754785320000,1.0
1754785380000,1.0
1754785440000,1.0
1754785500000,1.0
1754785560000,1.0
1754785620000,1.0
1754785680000,1.0
1754785740000,1.0
1754785800000,1.0
1754785860000,1.0
1754785920000,1.0
1754785980000,1.0
1754786040000,1.0
1754786100000,1.0
1754786160000,1.0
1754786220000,1.0
1754786280000,1.0
1754786340000,1.0
1754786400000,1.0
1754786460000,1.0
1754786520000,1.0
1754786580000,1.0
1754786640000,1.0
1754786700000,1.0
1754786760000,1.0
1754786820000,1.0
1754786880000,1.0
1754786940000,1.0
1754787000000,1.0
1754787060000,1.0
1754787120000,1.0
1754787180000,1.0
1754787240000,1.0
1754787300000,1.0
1754787360000,1.0
1754787420000,1.0
1754787480000,1.0
1754787540000,1.0
1754787600000,1.0
1754787660000,1.0
1754787720000,1.0
1754787780000,1.0
1754787840000,1.0
1754787900000,1.0
1754787960000,1.0
1754788020000,1.0
1754788080000,1.0
1754788140000,1.0
1754788200000,1.0
1754788260000,1.0
1754788320000,1.0
1754788380000,1.0
1754788440000,1.0
1754788500000,1.0
1754788560000,1.0
1754788620000,1.0
1754788680000,1.0
1754788740000,1.0
1754788800000,1.0
1754788860000,1.0
1754788920000,1.0
1754788980000,1.0
1754789040000,1.0
1754789100000,1.0
1754789160000,1.0
1754789220000,1.0
1754789280000,1.0
1754789340000,1.0
1754789400000,1.0
1754789460000,1.0
1754789520000,1.0
1754789580000,1.0
1754789640000,1.0
1754789700000,1.0
1754789760000,1.0
1754789820000,1.0
1754789880000,1.0
1754789940000,1.0
1754790000000,1.0
1754790060000,1.0
1754790120000,1.0
1754790180000,1.0
1754790240000,1.0
1754790300000,1.0
1754790360000,1.0
1754790420000,1.0
1754790480000,1.0
1754790540000,1.0
1754790600000,1.0
1754790660000,1.0
1754790720000,1.0
1754790780000,1.0
1754790840000,1.0
1754790900000,1.0
1754790960000,1.0
1754791020000,1.0
1754791080000,1.0
1754791140000,1.0
1754791200000,1.0
1754791260000,1.0
1754791320000,1.0
1754791380000,1.0
1754791440000,1.0
1754791500000,1.0
1754791560000,1.0
1754791620000,1.0
1754791680000,1.0
1754791740000,1.0
1754791800000,1.0
1754791860000,1.0
1754791920000,1.0
1754791980000,1.0
1754792040000,1.0
1754792100000,1.0
1754792160000,1.0
1754792220000,1.0
1754792280000,1.0
1754792340000,1.0
1754792400000,1.0
1754792460000,1.0
1754792520000,1.0
1754792580000,1.0
1754792640000,1.0
1754792700000,1.0
1754792760000,1.0
1754792820000,1.0
1754792880000,1.0
1754792940000,1.0
1754793000000,1.0
1754793060000,1.0
1754793120000,1.0
1754793180000,1.0
1754793240000,1.0
1754793300000,1.0
1754793360000,1.0
1754793420000,1.0
1754793480000,1.0
1754793540000,1.0
1754793600000,1.0
1754793660000,1.0
1754793720000,1.0
1754793780000,1.0
1754793840000,1.0
1754793900000,1.0
1754793960000,1.0
1754794020000,1.0
1754794080000,1.0
1754794140000,1.0
1754794200000,1.0
1754794260000,1.0
1754794320000,1.0
1754794380000,1.0
1754794440000,1.0
1754794500000,1.0
1754794560000,1.0
1754794620000,1.0
1754794680000,1.0
1754794740000,1.0
1754794800000,1.0
1754794860000,1.0
1754794920000,1.0
1754794980000,1.0
1754795040000,1.0
1754795100000,1.0
1754795160000,1.0
1754795220000,1.0
1754795280000,1.0
1754795340000,1.0
1754795400000,1.0
1754795460000,1.0
1754795520000,1.0
1754795580000,1.0
1754795640000,1.0
1754795700000,1.0
1754795760000,1.0
1754795820000,1.0
1754795880000,1.0
1754795940000,1.0
1754796000000,1.0
1754796060000,1.0
1754796120000,1.0
1754796180000,1.0
1754796240000,1.0
1754796300000,1.0
1754796360000,1.0
1754796420000,1.0
1754796480000,1.0
1754796540000,1.0
1754796600000,1.0
1754796660000,1.0
1754796720000,1.0
1754796780000,1.0
1754796840000,1.0
1754796900000,1.0
1754796960000,1.0
1754797020000,1.0
1754797080000,1.0
1754797140000,1.0
1754797200000,1.0
1754797260000,1.0
1754797320000,1.0
1754797380000,0.7778
1754797440000,0.8
1754797500000,0.5385
1754797560000,0.5385
1754797620000,0.6111
1754797680000,0.7222
1754797740000,0.9444
